01.06.2020 00:00;Bel_A51_M2_669;Vwz_A51_M2_669;Bel_A55_M4_673;Vwz_A55_M4_673;Bel_D11;Vwz_D11;Bel_D22;Vwz_D22;Bel_D31;Vwz_D31;Bel_D32;Vwz_D32;Bel_H51_M1_668;Vwz_H51_M1_668;Bel_H55_M3_672;Vwz_H55_M3_672;Bel_ST51;Vwz_ST51;Bel_ST55;Vwz_ST55;Bel_T3/T4;Vwz_T3/T4;Bel_T9/T10;Vwz_T9/T10;Bel_V12;Vwz_V12;Bel_V21;Vwz_V21;Bel_V41;Vwz_V41;Bel_V42;Vwz_V42
01.06.2020 00:00;0;0;1;990;11;95270;75;379849;33;375409;37;439719;0;0;2;1990;0;0;0;0;2;2020;3;3000;10;132730;67;329125;46;141255;20;58830
01.06.2020 01:00;0;0;0;0;2;13370;33;68442;12;267090;7;149850;0;0;0;0;0;0;0;0;0;0;0;0;7;115490;25;98190;21;54190;24;52408
01.06.2020 02:00;0;0;0;0;5;44990;26;71870;8;97970;11;148902;0;0;0;0;0;0;0;0;0;0;0;0;5;128395;23;80310;12;21930;16;31460
01.06.2020 03:00;0;0;0;0;2;2190;14;40670;7;42970;9;138730;0;0;0;0;0;0;0;0;0;0;0;0;5;52220;14;53460;4;13320;3;3280
01.06.2020 04:00;0;0;0;0;2;1790;9;4870;4;36630;6;79540;0;0;0;0;0;0;0;0;0;0;0;0;1;17190;6;14580;7;11920;5;13390
01.06.2020 05:00;1;1000;1;990;3;11760;22;46922;25;330930;29;525903;2;2000;2;2000;0;0;0;0;1;1000;0;0;3;27240;22;78780;10;82990;8;23910
01.06.2020 06:00;3;3000;2;2000;3;4630;23;17100;13;265730;14;387049;2;1990;4;4000;0;0;0;0;0;0;0;0;7;81960;16;42710;13;67500;13;35870
01.06.2020 07:00;2;2000;2;2000;7;60020;41;105540;22;387719;22;407884;2;2000;4;4000;0;0;0;0;1;1000;0;0;10;132590;35;126900;20;61330;14;37760
01.06.2020 08:00;2;2000;2;2000;12;141030;77;218070;61;802719;57;867390;2;2000;4;4000;0;0;0;0;3;3010;1;1010;12;137160;76;341280;41;236130;29;98110
01.06.2020 09:00;2;2000;2;2000;21;155043;126;538513;69;890495;76;1138372;2;2000;4;4000;0;0;0;0;0;0;4;4020;19;306963;98;725357;81;830473;63;269620
01.06.2020 10:00;2;2000;2;2000;34;182010;198;907219;122;1136425;107;1102518;2;2000;4;3990;0;0;0;0;5;6460;6;6050;31;418340;136;1440054;109;837181;93;451197
01.06.2020 11:00;2;2000;2;2000;43;549189;256;955754;177;1196159;151;979264;2;2000;4;4000;0;0;0;0;11;11730;9;9030;42;1038528;150;1560062;115;1236225;103;809625
01.06.2020 12:00;3;3000;3;2990;46;415307;297;984705;180;1417159;167;1626343;3;2990;6;6000;0;0;0;0;20;21640;5;5020;39;723258;180;1763436;140;1367104;96;721277
01.06.2020 13:00;4;4000;4;4000;48;278590;290;1228476;154;1261553;148;1446673;4;4000;8;7990;0;0;0;0;11;11110;7;7040;49;787980;170;1735574;132;1123945;128;764755
01.06.2020 14:00;4;4000;4;4000;55;463696;313;1278446;214;1321741;185;1535855;4;3990;8;7990;0;0;0;0;11;13560;15;15070;51;882767;150;1927873;137;1808574;121;1195346
01.06.2020 15:00;4;3990;4;4000;42;317844;292;1004929;186;1326781;159;1459235;4;4000;8;8000;0;0;0;0;20;20130;6;6040;42;750200;188;1506318;133;1360200;114;828533
01.06.2020 16:00;4;4000;4;3990;44;530729;349;991831;161;1750281;150;1739694;4;4000;8;7980;0;0;0;0;7;7200;3;3000;34;765574;238;1322987;123;1396143;108;761896
01.06.2020 17:00;4;3980;4;3990;56;416043;352;1037472;184;1524336;155;1666841;4;4000;8;7970;0;0;0;0;14;14120;12;12070;40;684323;236;1172514;126;1570489;123;822950
01.06.2020 18:00;4;4000;4;4000;49;374006;363;973466;161;1693173;185;1849604;4;4000;8;7980;0;0;0;0;18;18120;9;9040;49;750615;242;1316938;129;1396996;98;710632
01.06.2020 19:00;2;2000;2;2000;59;549259;307;771653;157;1575867;166;1693602;2;1990;4;4000;0;0;0;0;16;17847;11;11060;45;867431;187;1033388;121;1271491;111;822911
01.06.2020 20:00;2;2000;2;2000;36;418396;225;1065481;152;970113;143;1267094;2;1990;4;3980;0;0;0;0;27;28930;9;9116;40;421338;142;1204524;112;1104341;95;511630
01.06.2020 21:00;2;2000;2;1990;23;166030;200;849109;122;752544;114;916215;2;2000;4;4000;0;0;0;0;15;18290;5;5030;32;327600;115;1025670;105;662767;83;395859
01.06.2020 22:00;2;1990;2;2000;19;77974;151;544348;57;397460;64;703568;2;2053;4;3990;0;0;0;0;12;12270;5;5050;28;332966;104;638717;99;474283;60;163097
01.06.2020 23:00;2;2000;2;2000;11;3170;74;273010;25;291856;25;369917;2;2000;4;4000;0;0;0;0;2;2010;6;6010;19;145340;59;270270;37;139730;27;102796
02.06.2020 00:00;0;0;1;1000;1;160;38;127755;19;267080;15;349489;0;0;2;2000;0;0;0;0;1;1470;2;2000;16;166963;28;102742;11;28450;16;35370
02.06.2020 01:00;0;0;0;0;3;34120;20;27170;14;192510;11;212364;0;0;0;0;0;0;0;0;0;0;1;1010;7;67630;19;57040;10;24100;4;16430
02.06.2020 02:00;0;0;0;0;3;1210;9;67420;10;158292;6;136082;0;0;0;0;0;0;0;0;0;0;0;0;5;59510;8;33410;2;7110;5;7170
02.06.2020 03:00;0;0;0;0;1;1790;13;19115;6;114030;7;147180;0;0;0;0;0;0;0;0;0;0;1;1000;0;0;15;31940;2;3100;5;9580
02.06.2020 04:00;1;990;0;0;8;131070;30;68770;17;228070;21;333020;1;1000;0;0;0;0;0;0;0;0;0;0;7;85950;24;96180;19;93110;12;23610
02.06.2020 05:00;3;3000;2;2000;9;83340;162;547852;68;517630;97;920930;3;3000;6;5980;0;0;0;0;2;2020;0;0;17;312740;126;851342;43;204300;27;79060
02.06.2020 06:00;4;3990;4;4000;26;209843;389;1099381;132;1156386;182;1698239;4;4000;6;6000;0;0;0;0;7;7710;3;3010;30;471363;178;1989871;86;1449228;83;704840
02.06.2020 07:00;4;4000;5;4990;50;595592;510;1618253;256;1745515;262;2111645;4;3980;10;9980;0;0;0;0;18;19410;9;9040;43;756095;143;3207520;97;1864450;107;1279628
02.06.2020 08:00;5;4990;4;4000;66;692704;459;1682956;301;1908779;294;2204470;5;4990;8;7990;0;0;0;0;23;24010;12;12070;64;980528;178;2850455;98;2068592;115;1402962
02.06.2020 09:00;3;3000;3;3000;76;699115;430;1402269;295;2000669;310;2328389;3;3000;6;5990;0;0;0;0;24;24460;19;19070;70;1240167;210;2540010;116;1881446;123;1425594
02.06.2020 10:00;5;5000;4;4000;105;745816;376;1466890;304;1873686;311;2070571;5;4990;8;8000;0;0;0;0;24;25980;8;8040;88;1324430;164;2484457;145;1967724;137;1477763
02.06.2020 11:00;3;3000;4;4000;113;802131;339;1474144;286;1715107;287;1721137;4;4000;9;8990;0;0;0;0;31;33260;16;16080;76;1365227;148;2354153;129;1916930;132;1064122
02.06.2020 12:00;5;5000;6;6000;114;848972;404;1523629;289;2123206;285;2049898;4;3990;11;11000;0;0;0;0;37;39110;17;17080;95;1596202;140;2710721;127;2390296;138;1298489
02.06.2020 13:00;4;4058;4;3980;103;674873;408;1668290;276;2002366;249;1849808;4;3990;9;8980;0;0;0;0;35;38980;10;10060;90;1483312;173;2529053;135;1911893;143;1414946
02.06.2020 14:00;4;4000;4;4000;94;758251;371;1497929;260;1691672;260;1995051;4;3990;8;8000;0;0;0;0;27;28580;19;19110;81;1305831;182;2363438;136;2181821;144;1216280
02.06.2020 15:00;4;4000;5;5000;129;640200;411;1886253;301;2087770;283;1915176;4;4000;8;8000;0;0;0;0;32;37875;16;16070;88;1407630;194;2713623;122;2484976;149;1550279
02.06.2020 16:00;4;4000;4;4000;123;675739;464;1536290;270;2261813;268;2042329;4;4000;8;7970;0;0;0;0;31;35840;24;24110;92;1228207;241;2257321;156;2443482;166;1583446
02.06.2020 17:00;4;3990;4;3980;128;1240543;443;1532316;272;2273133;249;2197064;4;3990;8;7990;0;0;0;0;36;37440;11;11080;90;1535428;221;2401468;165;2354971;178;1448070
02.06.2020 18:00;4;4000;4;3610;107;671094;435;1337937;232;1625686;201;1922231;4;4000;8;8000;0;0;0;0;37;39350;21;21110;83;1361056;244;2087866;151;2270115;162;1429405
02.06.2020 19:00;5;5000;4;4390;82;618395;328;1248822;186;1789575;154;1870370;5;5000;8;8000;0;0;0;0;23;23510;19;19120;77;1042557;217;1552595;133;1444912;120;1102883
02.06.2020 20:00;3;3000;3;3000;54;354390;264;1077488;140;920273;119;1157192;3;2990;6;5980;0;0;0;0;23;26720;9;9050;47;645877;156;1423289;108;983200;96;580883
02.06.2020 21:00;2;2000;3;2990;41;215730;183;824954;128;756596;91;734149;2;2000;6;6000;0;0;0;0;23;24140;10;10040;55;420500;124;1019605;106;853843;97;425080
02.06.2020 22:00;2;2000;2;2000;35;113708;155;727541;79;622475;66;535650;2;1980;4;4000;0;0;0;0;13;14640;10;10040;39;394600;104;802840;87;395998;85;288102
02.06.2020 23:00;2;2000;2;2000;12;44120;104;399760;52;409778;37;464056;2;2000;4;4000;0;0;0;0;7;7040;1;1000;14;129842;86;467472;44;151711;40;118374
03.06.2020 00:00;0;0;1;1000;6;27840;42;142350;12;83300;27;488183;0;0;2;2000;0;0;0;0;1;1010;1;1010;17;147774;32;167190;15;62296;19;57397
03.06.2020 01:00;0;0;0;0;0;0;28;14810;19;266990;14;194399;0;0;0;0;0;0;0;0;0;0;0;0;2;55300;18;78480;8;11156;10;21400
03.06.2020 02:00;0;0;0;0;1;2190;7;4230;9;115020;4;73990;0;0;0;0;0;0;0;0;0;0;1;1010;2;49450;4;18290;7;15060;5;8230
03.06.2020 03:00;0;0;0;0;3;1130;12;25300;11;145570;9;129755;0;0;0;0;0;0;0;0;1;1000;0;0;0;0;11;36540;2;3530;0;0
03.06.2020 04:00;1;1000;0;0;5;49743;36;61710;14;253743;16;218350;1;1000;0;0;0;0;0;0;0;0;0;0;7;68350;32;123683;19;40420;13;43129
03.06.2020 05:00;3;2980;3;2990;12;158555;139;502260;67;528776;87;843576;3;3000;6;6000;0;0;0;0;0;0;1;1000;18;237489;108;850160;52;291290;15;41485
03.06.2020 06:00;4;4000;4;3990;25;210110;351;1126462;154;1333071;192;1638477;4;3990;8;8000;0;0;0;0;3;3010;2;2000;26;372848;162;1917528;78;1059458;77;567068
03.06.2020 07:00;4;4000;4;3990;60;492296;492;1701659;268;1926555;282;2053528;4;4000;10;9990;0;0;0;0;21;33200;9;9070;53;926921;174;2898352;90;1903361;105;1299874
03.06.2020 08:00;4;4000;5;5000;79;804266;445;1442290;284;1968235;276;2221752;4;4000;8;7990;0;0;0;0;17;17150;10;10070;67;1032134;196;2724440;86;2018637;103;1479414
03.06.2020 09:00;5;5000;3;3000;77;615717;387;1555862;284;1804129;270;2013559;5;4990;8;8000;0;0;0;0;20;20920;9;9050;67;971783;163;2584678;110;1706302;122;1313289
03.06.2020 10:00;4;3990;4;3990;77;727792;384;1307335;264;1826629;271;2062580;4;3980;6;6000;0;0;0;0;33;36785;16;16070;74;1177017;166;2373997;122;1683415;132;1279365
03.06.2020 11:00;3;3000;4;4000;76;471291;386;1720609;245;1857972;222;1702034;4;4000;10;9980;0;0;0;0;30;31590;11;11080;78;1381610;161;2628996;106;1889097;148;1251679
03.06.2020 12:00;6;6000;6;6000;80;603849;359;1716624;278;1668961;259;1848567;5;4990;10;9960;0;0;0;0;30;33639;13;13060;86;1361124;144;2457807;117;2008661;122;1268250
03.06.2020 13:00;4;3970;5;5000;94;636947;404;1448728;279;1979192;264;1883771;4;4000;9;8990;0;0;0;0;26;26580;19;19090;102;1323132;166;2533028;129;1943574;158;1247191
03.06.2020 14:00;4;3970;4;3990;95;744488;374;1361926;277;2038231;239;2126189;4;3990;8;8000;0;0;0;0;27;28260;25;25150;80;1283346;193;2366775;120;2084291;153;1516816
03.06.2020 15:00;4;3990;4;4000;95;699943;396;1500821;275;1931368;256;1953757;4;3990;8;8000;0;0;0;0;26;27740;20;20070;84;1271006;195;2163058;116;2613579;148;1527360
03.06.2020 16:00;4;4000;3;3000;116;955883;458;1645397;254;2393312;235;2291256;4;4000;8;7990;0;0;0;0;38;44900;19;19120;93;1805087;233;2351772;135;2694959;154;1682740
03.06.2020 17:00;4;4000;4;3990;108;877185;476;1779323;266;2090078;243;2071819;4;3990;8;8000;0;0;0;0;37;38270;21;21110;73;1191897;214;2536579;135;2458788;124;1957123
03.06.2020 18:00;4;3980;5;5000;119;749796;426;1459945;237;1929203;210;1896363;4;4000;8;7990;0;0;0;0;34;37614;25;25120;102;1516622;222;2069384;131;2091451;143;1373224
03.06.2020 19:00;5;5000;4;3990;71;401215;319;1067085;186;1654166;160;1574204;5;4990;8;8000;0;0;0;0;24;27740;10;10020;72;998118;185;1746929;125;1710200;128;894908
03.06.2020 20:00;3;3000;3;3046;48;279255;222;921921;129;1048823;108;843365;3;2990;6;5990;0;0;0;0;17;18690;11;11030;61;840697;150;1244608;109;1052471;103;524440
03.06.2020 21:00;2;1990;3;2990;25;105440;183;991347;95;792360;88;829547;2;2000;6;6000;0;0;0;0;14;14530;9;9040;38;281598;131;1042872;78;588211;84;451880
03.06.2020 22:00;2;1990;2;2000;10;18440;147;628875;82;618895;54;595633;2;2000;4;4000;0;0;0;0;8;8090;4;4020;38;478634;114;654156;66;271350;77;259468
03.06.2020 23:00;2;2000;2;2000;16;37550;85;229621;42;402520;38;336690;2;1990;4;4000;0;0;0;0;5;5370;4;4020;24;317566;58;265355;42;181722;40;143900
04.06.2020 00:00;0;0;1;1000;3;2020;43;92447;21;282300;17;231890;0;0;2;1990;0;0;0;0;0;0;2;2010;11;157213;38;156200;28;78090;13;30485
04.06.2020 01:00;0;0;0;0;1;2600;20;10490;9;148050;10;195906;0;0;0;0;0;0;0;0;1;1000;0;0;0;0;16;50240;9;14520;4;6560
04.06.2020 02:00;0;0;0;0;1;410;18;8020;3;35280;6;95800;0;0;0;0;0;0;0;0;0;0;0;0;1;18380;12;36738;4;10440;12;23250
04.06.2020 03:00;0;0;0;0;2;41210;15;29597;7;84637;4;111497;0;0;0;0;0;0;0;0;0;0;0;0;6;59190;10;38040;3;8870;4;12400
04.06.2020 04:00;1;990;0;0;5;12730;29;95760;17;204770;18;238398;1;1000;0;0;0;0;0;0;0;0;0;0;7;51430;22;118915;16;38600;11;19940
04.06.2020 05:00;3;3000;3;2980;11;31360;151;431064;60;484010;85;940200;3;3000;6;6000;0;0;0;0;1;1000;0;0;13;208470;98;876469;41;236760;15;43440
04.06.2020 06:00;4;3990;4;3990;26;203150;365;1173367;146;1207970;190;1721780;4;4000;8;8000;0;0;0;0;5;5050;2;2020;30;441790;155;1881103;93;1244598;58;581645
04.06.2020 07:00;3;3000;4;4000;60;820212;498;1565137;279;1730182;291;2344172;4;4000;8;8000;0;0;0;0;16;17260;9;9030;65;897220;148;3054943;81;1935701;95;1198776
04.06.2020 08:00;5;4980;3;3000;72;618689;462;1681340;318;2205447;296;2321209;4;3990;6;6000;0;0;0;0;20;20639;11;11109;67;996083;184;2789781;90;1708966;99;1235567
04.06.2020 09:00;4;4000;4;4000;62;558877;416;1602601;285;1762211;291;2057840;4;4000;10;9980;0;0;0;0;24;27440;9;9020;59;1233217;170;2524993;93;1773595;121;1242699
04.06.2020 10:00;4;4000;4;4000;74;665749;345;1575718;230;1507478;244;1691320;4;3990;8;8000;0;0;0;0;30;31910;7;7040;75;1165755;127;2349351;107;1468917;115;1052210
04.06.2020 11:00;4;3990;4;4061;92;761340;343;1671301;268;1691464;230;1888193;4;4000;6;6000;0;0;0;0;32;32610;15;15080;82;1326458;143;2448714;120;2138038;130;1143120
04.06.2020 12:00;4;3990;6;6000;108;881821;357;1821086;268;2068354;246;1900721;4;4000;12;11980;0;0;0;0;26;27480;8;8030;89;1613106;156;2548287;113;2084001;102;1327085
04.06.2020 13:00;5;5000;5;5000;104;809110;393;1553553;285;1946390;318;2096580;5;5000;9;8980;0;0;0;0;25;26210;13;13530;95;1293432;188;2564370;111;2229480;114;1426838
04.06.2020 14:00;4;3990;3;3000;90;625326;359;1559215;254;1785633;260;1905347;4;4000;8;8000;0;0;0;0;28;30990;16;16050;90;1535581;145;2437827;123;2156884;149;1398396
04.06.2020 15:00;4;3990;4;4000;102;869097;399;1718004;268;2258441;268;2155058;4;3990;8;8000;0;0;0;0;39;42358;18;18060;97;1744067;200;2388423;122;2300930;163;1241737
04.06.2020 16:00;3;3000;4;4000;106;968648;475;1726941;262;2606585;246;2597197;3;2990;6;6000;0;0;1;470;26;27560;21;21100;79;1517115;217;2598609;134;2458042;159;1673801
04.06.2020 17:00;5;5000;5;4990;105;748195;462;1915025;257;2242161;257;2423844;5;4980;10;10000;0;0;1;660;35;36150;16;16040;83;1670394;197;2728909;147;2547300;164;1859255
04.06.2020 18:00;4;4000;4;4000;125;1103937;450;1395879;242;2267200;220;2211950;4;4000;8;7980;0;0;0;0;31;32690;17;17100;107;1685390;234;2069739;113;2417279;158;1835417
04.06.2020 19:00;5;4990;4;3990;67;394515;351;973861;167;1568938;169;1829616;5;4980;8;7990;0;0;0;0;34;39140;10;10030;70;1019419;190;1395392;139;1642594;123;1096185
04.06.2020 20:00;3;3000;3;2990;50;460409;239;1084946;122;979040;119;1031490;3;3000;6;6000;0;0;0;0;11;11330;5;5350;54;804251;124;1376819;105;1243167;96;681827
04.06.2020 21:00;2;2000;3;3000;22;139343;174;882448;96;646215;77;699424;2;1990;6;6000;0;0;0;0;11;11300;6;6010;35;353460;112;988297;90;758729;100;550456
04.06.2020 22:00;2;1990;2;2000;16;148730;160;651089;63;546260;71;654012;2;1990;4;3980;0;0;0;0;12;15720;3;3020;29;403906;124;773056;99;507815;49;227610
04.06.2020 23:00;2;2000;2;2000;7;36565;97;371500;33;283918;37;483909;2;2000;4;4000;0;0;0;0;7;10510;1;1010;22;285406;73;374400;38;140395;31;93224
05.06.2020 00:00;0;0;1;1000;7;88130;38;66274;19;194424;16;241965;0;0;2;1980;0;0;0;0;2;2240;1;1000;6;92924;22;85720;23;55228;16;76414
05.06.2020 01:00;0;0;0;0;6;23250;17;37790;9;151230;11;209770;0;0;0;0;0;0;0;0;0;0;1;1000;5;80180;15;56430;6;11250;3;4519
05.06.2020 02:00;0;0;0;0;1;480;10;33630;7;54840;3;64517;0;0;0;0;0;0;0;0;0;0;0;0;3;48580;8;35230;8;14030;8;18610
05.06.2020 03:00;0;0;0;0;1;39034;8;4220;7;125189;4;109239;0;0;0;0;0;0;0;0;0;0;0;0;0;0;7;17310;5;14550;5;8800
05.06.2020 04:00;1;1000;0;0;4;38790;36;27040;14;212480;21;370890;1;1000;0;0;0;0;0;0;0;0;0;0;7;92396;23;91700;16;36670;16;41680
05.06.2020 05:00;3;2990;3;3000;8;43380;135;441844;63;636105;87;854411;3;3000;6;5990;0;0;0;0;0;0;1;1000;14;129335;87;666804;41;228033;20;69616
05.06.2020 06:00;4;4000;4;4000;24;229740;323;1206433;131;1122818;168;1572388;4;4000;8;8000;0;0;0;0;4;4040;5;5030;30;358174;151;1907031;85;1068087;62;580754
05.06.2020 07:00;4;4000;4;3990;52;567805;471;1367094;265;2017785;295;2180275;4;4000;8;8000;0;0;0;0;11;11910;9;9020;59;1122053;186;2664999;85;1684413;102;1062710
05.06.2020 08:00;5;5054;3;2990;82;836072;393;1498776;271;2039966;273;2107121;5;5000;6;6000;0;0;0;0;23;24000;7;7070;57;972641;183;2584307;83;1851525;117;1465130
05.06.2020 09:00;4;3990;4;4000;63;694734;388;1368857;253;1870279;269;2066168;4;4000;10;10000;0;0;0;0;30;33600;14;14080;67;1221316;173;2424191;103;1744524;110;1274633
05.06.2020 10:00;4;3990;4;3990;68;788457;359;1819184;284;1790141;268;1789463;4;4000;6;6000;0;0;0;0;33;37460;11;11060;75;1258186;135;2661447;133;1908998;145;1498889
05.06.2020 11:00;4;4000;4;4000;91;541820;400;1501906;273;1969149;277;1908793;4;3980;8;7990;0;0;0;0;30;32789;14;14050;77;1185148;180;2427553;134;2103021;141;1373340
05.06.2020 12:00;5;4980;5;5000;91;795295;386;1576837;272;2129377;273;2165017;5;5000;12;12000;0;0;0;0;35;35890;8;8030;96;1589360;196;2443130;143;2112202;141;1508597
05.06.2020 13:00;4;3990;6;6000;106;802812;432;1615373;289;2302863;269;2319962;4;4000;9;8980;0;0;0;0;40;45970;18;18070;89;1466425;191;2596316;130;2645073;141;1574870
05.06.2020 14:00;4;3990;3;2990;115;947849;391;1643777;251;2187113;255;2187540;4;4000;6;6000;0;0;0;0;33;37270;11;11050;89;1384997;206;2296909;152;2420665;175;1340953
05.06.2020 15:00;4;4000;4;3990;113;797025;438;1418359;257;2288028;250;2070958;4;4000;10;10000;0;0;0;0;25;28340;13;13070;117;1505587;216;2358677;148;2507946;158;1607956
05.06.2020 16:00;4;4000;4;4000;94;844558;473;1462562;266;2321379;256;2144247;4;4000;6;6000;0;0;0;0;27;28650;16;16030;92;1558790;204;2270767;143;2486781;152;1830202
05.06.2020 17:00;4;4000;4;3990;98;834866;434;1441453;237;2195351;243;2339368;4;3990;10;9970;0;0;0;0;33;34330;18;18090;90;1221481;213;2398079;116;2535473;143;1641078
05.06.2020 18:00;4;4000;5;4980;87;918186;414;1505774;201;2024376;184;1757880;4;4000;8;8043;0;0;0;0;27;27230;6;6020;82;1394119;163;2256745;122;2254422;154;1382244
05.06.2020 19:00;5;4990;3;3000;69;453343;416;1404168;143;1658725;148;1770067;5;5000;8;7970;0;0;0;0;17;18410;7;7010;67;1142968;202;1661922;121;1803375;127;915458
05.06.2020 20:00;3;2990;4;3990;53;428044;230;1000933;125;912825;117;1174786;3;3000;6;6000;0;0;0;0;14;14370;2;2000;62;809307;137;1291677;107;982031;108;673374
05.06.2020 21:00;2;2000;3;3000;28;191950;210;796125;95;713350;86;671874;2;2000;6;6000;0;0;0;0;26;26960;2;2010;39;500298;135;988080;91;699222;98;638004
05.06.2020 22:00;2;2000;2;2000;21;181130;199;661429;64;609580;72;874225;2;2000;4;3990;0;0;0;0;10;11940;3;3000;22;216405;139;895721;108;513035;80;329569
05.06.2020 23:00;2;2000;2;2000;10;55270;134;582988;44;358320;48;684354;2;2000;4;3980;0;0;0;0;5;5090;2;2010;21;140970;95;624423;47;153258;48;151580
06.06.2020 00:00;0;0;1;1000;7;47106;59;235780;29;298524;32;461139;0;0;2;2000;0;0;0;0;0;0;2;2000;11;135676;42;184680;37;103220;39;102640
06.06.2020 01:00;0;0;0;0;4;39030;51;135580;25;224100;19;297850;0;0;0;0;0;0;0;0;2;2110;1;1010;7;60070;36;163220;25;91565;16;47030
06.06.2020 02:00;0;0;0;0;6;28890;31;42648;6;52710;14;238430;0;0;0;0;0;0;0;0;0;0;1;1000;4;37240;24;76168;13;23810;13;26710
06.06.2020 03:00;0;0;0;0;3;22050;21;32270;6;58020;5;88551;0;0;0;0;0;0;0;0;1;1100;2;2000;1;19570;12;42020;8;22810;7;29200
06.06.2020 04:00;1;1000;0;0;8;70910;27;51150;14;177940;17;319660;1;1000;0;0;0;0;0;0;0;0;0;0;6;56049;21;123316;9;35900;13;66260
06.06.2020 05:00;3;3000;3;3000;10;117380;56;193860;29;356590;26;409410;3;3053;6;6000;0;0;0;0;0;0;0;0;8;130420;39;343329;24;117465;19;90800
06.06.2020 06:00;4;4000;4;4000;9;57060;84;260427;34;414863;43;525555;4;3990;8;7990;0;0;0;0;0;0;0;0;13;184359;58;301649;41;301376;23;129237
06.06.2020 07:00;4;3990;4;4000;8;57040;112;444920;66;495802;66;747543;4;4000;8;8000;0;0;0;0;2;2020;6;6010;16;208370;74;499540;55;366728;46;234393
06.06.2020 08:00;4;4000;4;4000;27;123840;211;958215;103;930747;113;1142961;4;4000;8;8000;0;0;0;0;9;9490;6;6020;34;322710;148;952030;77;617621;77;338170
06.06.2020 09:00;4;3990;4;3990;39;259979;310;1268338;182;1437742;198;1528999;4;4000;8;7990;0;0;0;0;15;16160;6;6010;54;771940;171;1730982;132;1255938;106;806338
06.06.2020 10:00;4;4000;4;4000;54;428328;364;1109032;231;1568853;241;1721455;4;4000;8;7990;0;0;0;0;28;29380;6;6030;51;942470;143;2158269;122;1631305;140;1096393
06.06.2020 11:00;4;3990;4;4000;73;502406;313;1541325;252;1752820;251;1579021;4;3990;8;7990;0;0;0;0;40;43620;14;14060;75;1382361;169;2085539;136;1670746;146;1361686
06.06.2020 12:00;4;3970;4;4000;80;641661;343;1603250;263;1657146;228;1797648;4;4000;8;7990;0;0;0;0;29;31682;27;27130;79;1152290;151;2355216;129;1702645;141;1481580
06.06.2020 13:00;4;3990;4;4045;80;833062;347;1335243;267;1823184;246;1898988;4;3990;8;8000;0;0;0;0;40;41395;12;12060;87;1691036;154;2205928;139;2148227;154;1188652
06.06.2020 14:00;4;3990;4;3990;78;763922;386;1349491;218;1612365;220;1519849;4;3990;8;7990;0;0;0;0;23;23190;13;13050;84;1292057;150;2253397;157;2024327;171;1576128
06.06.2020 15:00;4;4000;4;3990;66;673619;387;1521783;208;1759040;214;1967470;4;4000;8;8000;0;0;0;0;32;35460;11;11040;63;1104404;160;2441035;141;1925080;149;1063603
06.06.2020 16:00;4;3980;4;3990;76;653400;341;1540022;170;1502236;168;1279575;4;3990;8;7990;0;0;0;0;30;32645;17;17090;66;1339030;181;1981358;137;1917685;130;1240528
06.06.2020 17:00;4;4000;4;3990;80;889569;346;1592165;167;1340900;184;1563356;4;4000;8;7980;0;0;0;0;34;36190;20;20130;62;1287051;167;2252576;149;1838454;122;924147
06.06.2020 18:00;4;3990;4;3990;71;549119;328;1437916;164;1494669;162;1367162;4;4000;8;8000;0;0;0;0;35;35390;16;16080;88;1374972;168;1957749;137;1681907;144;890292
06.06.2020 19:00;4;3990;4;4000;58;404266;318;1464274;163;1145551;146;1448516;4;4000;8;8000;0;0;0;0;27;27510;11;11050;66;1180282;168;1914128;126;1418887;121;787969
06.06.2020 20:00;2;2000;2;2000;47;309024;257;970209;129;927503;106;928218;2;2000;4;3990;0;0;0;0;23;26460;16;16030;60;615179;148;1364926;90;794823;109;609856
06.06.2020 21:00;2;2000;2;2000;31;151906;185;644710;98;853777;71;600475;2;2000;4;4000;0;0;0;0;18;18640;7;7020;35;393723;137;1027068;94;579644;79;502943
06.06.2020 22:00;2;2000;2;2000;30;171925;201;923494;84;545724;56;504090;2;2000;4;3990;0;0;0;0;15;16950;12;12030;45;414562;126;952817;93;462146;94;437176
06.06.2020 23:00;2;2000;2;2000;20;235520;172;594716;52;474485;61;546037;2;2000;4;3990;0;0;0;0;10;10570;5;5020;29;360605;129;973057;66;273831;58;182800
07.06.2020 00:00;0;0;1;1000;9;109070;93;309942;36;309599;43;643301;0;0;2;2000;0;0;0;0;3;3670;4;4020;12;139560;71;360290;48;175350;41;120890
07.06.2020 01:00;0;0;0;0;7;48540;59;255530;34;262935;31;411855;0;0;0;0;0;0;0;0;2;2020;2;2020;8;198674;50;224825;31;68400;31;93730
07.06.2020 02:00;0;0;0;0;2;3570;28;81970;15;194560;17;184225;0;0;0;0;0;0;0;0;4;4330;0;0;8;172050;24;74930;25;56910;17;36450
07.06.2020 03:00;0;0;0;0;4;80545;28;72970;12;150015;13;278440;0;0;0;0;0;0;0;0;0;0;0;0;2;34660;23;85670;13;30190;8;20360
07.06.2020 04:00;0;0;0;0;1;16620;19;39490;4;34080;8;123123;0;0;0;0;0;0;0;0;0;0;0;0;4;79670;12;42020;10;51680;6;11800
07.06.2020 05:00;2;2000;1;1000;4;4710;18;58310;23;402552;18;384030;2;2000;2;2000;0;0;0;0;0;0;0;0;5;83980;17;50505;18;71480;14;20650
07.06.2020 06:00;2;2000;2;2000;5;6560;22;84290;18;294087;14;299095;2;2000;4;4000;0;0;0;0;0;0;0;0;11;171910;19;45806;10;37310;9;28520
07.06.2020 07:00;2;2000;2;2000;7;9480;32;86620;24;226647;24;371121;2;2000;4;3990;0;0;0;0;3;4900;0;0;9;137760;33;96030;23;94549;14;33700
07.06.2020 08:00;2;2000;2;2000;12;67360;67;255669;37;417814;32;404546;2;2000;4;4000;0;0;0;0;6;6050;0;0;13;210400;64;287179;37;136790;31;85195
07.06.2020 09:00;2;1990;2;1980;21;120170;141;598348;74;606699;87;772544;2;2000;4;4000;0;0;0;0;9;10430;6;6030;25;371720;99;711523;65;404654;55;299610
07.06.2020 10:00;2;2000;2;2000;29;191856;192;672859;116;739495;116;922312;2;2000;4;4000;0;0;0;0;7;7330;4;4020;36;439405;120;998256;86;710546;68;365162
07.06.2020 11:00;2;2000;2;2000;49;270585;262;802200;146;1100680;143;1231795;2;2000;4;3990;0;0;0;0;9;9150;11;11040;43;564042;159;1246597;122;983590;85;485010
07.06.2020 12:00;3;3000;3;3000;38;217414;283;1229729;151;1083606;137;1241393;3;2990;6;5990;0;0;0;0;9;9160;9;9040;26;428627;173;1636755;121;1138508;94;568480
07.06.2020 13:00;4;3990;4;3990;49;345640;304;1063423;145;1502709;166;1350222;4;3990;8;8000;0;0;0;0;7;8080;3;3030;50;765301;156;1741161;122;1321952;103;751565
07.06.2020 14:00;4;3990;4;4000;49;427469;302;1252727;198;1402726;181;1370281;4;4000;8;7980;0;0;0;0;19;20220;4;4010;42;541094;159;1748058;125;1271199;97;893738
07.06.2020 15:00;4;3990;4;4000;47;263924;325;1207151;173;1189320;158;1178609;4;4000;8;7980;0;0;0;0;20;21230;6;6010;47;710629;158;1886283;116;1257024;109;639175
07.06.2020 16:00;4;4000;4;4000;52;391713;334;1099753;194;1410596;170;1385909;4;4000;8;7970;0;0;0;0;19;19100;7;7020;48;471222;160;1870476;111;1099989;115;678954
07.06.2020 17:00;4;4000;4;4000;57;231737;354;1249560;183;1215023;190;1357687;4;3990;8;7990;0;0;0;0;31;33290;14;14080;52;710719;171;1820496;121;1100240;113;661996
07.06.2020 18:00;4;4000;4;3990;48;357107;323;1116997;166;1094522;168;1252980;4;4000;8;8000;0;0;0;0;14;14490;8;8040;39;491299;168;1752352;130;1380121;118;865121
07.06.2020 19:00;2;2000;2;2000;41;284930;277;1242691;141;841864;134;1199484;2;2000;4;4000;0;0;0;0;10;10200;11;11040;47;621338;150;1517348;112;1127204;106;580027
07.06.2020 20:00;2;1990;2;2000;37;129594;226;812017;115;832860;125;911113;2;2046;4;3980;0;0;0;0;7;7460;13;13090;42;567084;144;1207690;115;890250;87;526142
07.06.2020 21:00;2;2000;2;2000;26;101170;187;727711;74;539527;58;695364;2;2000;4;4000;0;0;0;0;7;7090;5;5000;27;325529;120;913290;81;557060;65;427320
07.06.2020 22:00;2;1990;2;2000;14;67590;102;450375;53;430650;44;466030;2;2000;4;3980;0;0;0;0;5;5030;7;7040;21;259080;71;350674;67;272436;57;157730
07.06.2020 23:00;2;1990;2;2000;11;70190;63;122077;29;174364;29;425929;2;2000;4;4000;0;0;0;0;2;2020;2;2010;12;152631;49;194040;40;165915;46;91739
08.06.2020 00:00;0;0;1;1000;7;57415;36;25720;11;132530;13;162970;0;0;2;2000;0;0;0;0;2;2020;0;0;4;26300;25;71594;24;55160;19;51760
08.06.2020 01:00;0;0;0;0;1;17300;22;96300;16;172640;15;185920;0;0;0;0;0;0;0;0;0;0;1;1010;4;43650;18;51150;8;14150;7;16440
08.06.2020 02:00;0;0;0;0;3;3010;14;6020;4;109440;4;107680;0;0;0;0;0;0;0;0;1;1010;0;0;5;37770;11;36890;9;24460;8;16350
08.06.2020 03:00;0;0;0;0;1;730;12;7550;7;142830;5;97030;0;0;0;0;0;0;0;0;0;0;0;0;1;17420;9;21830;6;10780;3;11708
08.06.2020 04:00;1;1000;0;0;3;3490;26;18915;18;357889;23;436665;1;1000;0;0;0;0;0;0;0;0;0;0;6;69720;24;94890;10;23784;11;25820
08.06.2020 05:00;3;2990;2;2000;14;169720;157;444230;56;585868;83;825650;3;3000;6;5990;0;0;0;0;4;4010;1;1000;15;258700;105;862442;45;246490;20;62400
08.06.2020 06:00;4;4000;4;4000;32;282936;376;1174434;133;955056;184;1800650;4;3990;8;7990;0;0;0;0;6;6830;1;1010;34;430153;169;1878151;92;1304440;74;515410
08.06.2020 07:00;4;4000;4;4047;48;389034;467;1560764;273;1911086;281;2013907;4;4000;8;7980;0;0;0;0;10;11010;12;12040;53;888388;174;2907380;92;1945864;117;1106760
08.06.2020 08:00;5;4990;4;4037;61;534971;446;1446211;264;2042856;249;2032214;5;4970;5;5000;0;0;0;0;27;27960;10;10050;59;960992;203;2617890;81;2033681;105;1377466
08.06.2020 09:00;4;3990;5;4990;71;449670;400;1528728;281;1930410;280;2147362;4;4000;10;9990;0;0;0;0;25;29640;8;8050;80;1248491;160;2781299;107;2008007;102;1372649
08.06.2020 10:00;4;4000;3;2990;73;635786;367;1492904;270;1680838;305;1794877;4;4000;6;6000;0;0;0;0;31;33595;14;14080;69;1169665;152;2439868;112;1778048;134;1140468
08.06.2020 11:00;4;3990;4;4000;85;810362;389;1587421;245;1773916;232;1817313;4;3990;8;7990;0;0;0;0;23;26390;11;11060;84;1235585;166;2396370;124;1852572;150;1065224
08.06.2020 12:00;4;4000;6;6000;85;660989;381;1762363;265;1920920;272;1843351;4;4000;12;12111;0;0;0;0;35;40165;16;16070;88;1581850;164;2600684;137;1915784;136;1097139
08.06.2020 13:00;4;4000;5;5000;99;729725;409;1428921;259;1781778;273;1981226;4;4000;9;8970;0;0;0;0;28;30650;17;17060;94;1603795;154;2678965;127;1950807;138;1464119
08.06.2020 14:00;4;4000;3;2990;108;808803;380;1545208;266;1850858;255;1820841;4;4000;8;7970;0;0;0;0;23;23880;16;16100;99;1414227;137;2474948;131;2056806;145;1345632
08.06.2020 15:00;4;3990;4;4000;109;640140;429;1514008;267;2310161;263;2262036;4;3990;8;8055;0;0;0;0;42;45610;20;20160;73;1413440;196;2560693;121;2469499;143;1348426
08.06.2020 16:00;4;3990;5;5000;113;1051075;439;1632210;252;2478179;270;2281644;4;4000;8;7990;0;0;0;0;40;43500;15;15080;86;1436435;208;2486524;132;2498308;152;1577762
08.06.2020 17:00;4;3990;4;4000;138;859266;436;1651620;234;2248880;198;2283214;4;4000;8;7990;0;0;0;0;32;35700;13;13060;90;1684324;224;2401717;119;2515104;132;1639260
08.06.2020 18:00;4;4000;4;4000;103;748979;436;1175352;208;1840087;181;1987237;4;4000;8;7990;0;0;0;0;37;45800;10;10060;79;1257571;216;2095406;157;2008727;155;1243670
08.06.2020 19:00;4;4000;4;4000;80;574410;357;1052611;180;1686209;148;1522267;4;3980;8;7990;0;0;0;0;28;29630;16;16080;70;1059710;212;1288988;120;1486499;110;900086
08.06.2020 20:00;4;4000;3;3000;51;406030;235;990664;134;903474;109;935705;4;3990;6;6000;0;0;0;0;27;34292;12;12050;45;695490;130;1355870;121;981543;87;619945
08.06.2020 21:00;2;2000;3;3000;34;379709;189;867008;100;727085;94;756191;2;2000;6;6000;0;0;0;0;21;23530;11;11030;41;475505;115;1095200;86;773185;82;543756
08.06.2020 22:00;2;2000;2;2000;24;114600;180;634059;74;547803;57;644291;2;2000;4;3990;0;0;0;0;9;9310;3;3030;40;487928;122;808850;74;358740;63;295855
08.06.2020 23:00;2;2000;2;2000;8;25870;77;354370;31;268569;28;270730;2;2000;4;3990;0;0;0;0;11;12010;6;6030;10;109849;53;266550;32;114740;41;102700
09.06.2020 00:00;0;0;1;1000;3;25860;36;207270;16;117490;21;376592;0;0;2;2000;0;0;0;0;3;3610;1;1010;8;154910;28;92725;21;58863;10;21720
09.06.2020 01:00;0;0;0;0;0;0;18;42490;14;241330;9;186420;0;0;0;0;0;0;0;0;1;1000;0;0;0;0;14;53260;4;9060;13;28060
09.06.2020 02:00;0;0;0;0;2;55200;12;8350;4;94045;5;80965;0;0;0;0;0;0;0;0;0;0;0;0;1;480;10;32850;5;14300;2;7900
09.06.2020 03:00;0;0;0;0;2;4610;7;35953;12;89343;5;41730;0;0;0;0;0;0;0;0;0;0;0;0;0;0;6;23880;7;12556;1;1980
09.06.2020 04:00;1;1000;0;0;5;43474;32;27540;20;422616;19;351085;1;1000;0;0;0;0;0;0;0;0;0;0;5;54950;27;102630;15;45144;8;21010
09.06.2020 05:00;3;3000;3;3000;14;97490;151;395780;70;707043;90;856220;3;2980;6;5970;0;0;0;0;0;0;2;2000;17;113250;107;687670;53;329814;22;66020
09.06.2020 06:00;4;3980;4;4000;29;193955;344;974164;141;1275596;186;1598526;4;4000;8;8000;0;0;0;0;5;5020;1;1000;26;494303;181;1793839;99;1302727;63;370130
09.06.2020 07:00;4;3990;4;4000;52;399326;530;1518873;276;1926290;290;2300607;4;4000;8;8000;0;0;0;0;23;23940;10;10030;56;963527;193;2912084;93;1943138;131;1143743
09.06.2020 08:00;5;4990;4;4000;73;462950;482;1532990;291;1810884;300;2298470;5;4990;8;7980;0;0;0;0;14;14940;13;13104;60;861502;192;2791462;96;1989712;100;1388708
09.06.2020 09:00;4;4000;3;2990;72;569636;411;1620921;300;2062963;253;2055801;4;4000;7;6430;0;0;0;0;19;19870;8;8030;67;1203325;172;2694803;102;1734374;108;1283363
09.06.2020 10:00;4;4000;5;4980;70;605534;316;1360433;260;1592926;240;1684920;4;3980;9;9555;0;0;0;0;33;38086;17;17030;72;1204060;157;2214282;112;1912046;119;1331210
09.06.2020 11:00;3;3000;4;4000;106;971898;395;1776756;276;1938099;264;2052018;4;3990;8;8000;0;0;0;0;35;40310;12;12070;71;1106779;164;2525004;123;2113725;123;1226650
09.06.2020 12:00;4;3980;4;4000;98;844413;349;1594083;278;2178876;272;1757991;3;3000;10;10000;0;0;0;0;26;28820;13;13050;97;1354816;156;2311044;117;2013424;146;1459834
09.06.2020 13:00;6;5990;6;5990;100;752159;372;1607871;285;2058444;254;2024318;6;5990;9;9000;0;0;0;0;22;24020;14;14080;91;1421065;142;2623587;145;2246115;134;1627581
09.06.2020 14:00;4;3990;4;3990;102;985252;368;1626701;269;1685053;262;1797034;4;3990;8;8000;0;0;0;0;30;33100;12;12070;90;1301745;149;2514520;119;2278711;131;1461435
09.06.2020 15:00;4;4000;3;3000;87;826015;369;1509867;262;2172020;262;1975314;4;4000;8;7990;0;0;0;0;35;50480;17;17080;93;1479769;206;2072408;142;2184826;148;1420148
09.06.2020 16:00;4;3990;4;4000;105;842737;467;1659031;271;2401794;257;2309733;4;3980;8;7670;0;0;0;0;44;56367;15;15050;84;1546268;233;2459807;119;2716976;150;1930029
09.06.2020 17:00;4;3990;5;4990;132;894565;488;1760616;239;2189004;232;2229994;4;4000;8;8310;0;0;0;0;42;43987;21;21070;99;1593080;197;2647502;121;2364300;165;1620559
09.06.2020 18:00;4;4000;4;4000;116;927616;398;1530384;239;1972838;222;1931988;4;4000;8;8000;0;0;0;0;24;28960;12;12070;95;1638624;210;2121588;137;2069400;134;1474695
09.06.2020 19:00;5;5000;4;4000;71;612016;333;1319824;173;1725304;158;1850864;5;5000;8;7990;0;0;0;0;21;21260;16;16050;63;1104207;199;1599363;127;1922403;149;1121252
09.06.2020 20:00;3;3000;3;3000;44;371568;238;1013504;148;931220;112;807830;3;3000;6;6000;0;0;0;0;22;24920;6;6050;55;724227;156;1239420;103;1114415;106;771040
09.06.2020 21:00;2;2000;3;3000;30;82110;197;763804;93;784092;73;731778;2;2055;6;5990;0;0;0;0;10;10370;6;6000;43;543349;130;981110;92;628519;69;477970
09.06.2020 22:00;2;2000;2;2000;24;104110;163;695350;62;402590;75;683665;2;2000;4;4000;0;0;0;0;11;12320;6;6030;42;537505;98;854813;82;348230;72;305010
09.06.2020 23:00;2;2000;2;2000;16;82085;78;997065;46;411780;31;474415;2;1990;4;4000;0;0;0;0;5;5370;5;5010;22;255924;79;375521;43;130655;40;138265
10.06.2020 00:00;0;0;1;990;3;20580;42;84110;22;160890;27;456217;0;0;2;2000;0;0;0;0;1;1000;2;2010;4;64570;30;124840;15;59450;17;42970
10.06.2020 01:00;0;0;0;0;3;30760;17;23240;6;54170;4;74880;0;0;0;0;0;0;0;0;0;0;0;0;2;23260;13;50480;10;22170;9;22550
10.06.2020 02:00;0;0;0;0;1;490;9;39890;11;151442;10;193423;0;0;0;0;0;0;0;0;0;0;0;0;4;42590;6;36090;6;14920;13;23800
10.06.2020 03:00;0;0;0;0;2;980;8;5430;6;22710;5;97990;0;0;0;0;0;0;0;0;0;0;0;0;2;21520;7;31000;2;6070;0;0
10.06.2020 04:00;1;1000;0;0;5;62990;25;48460;17;239950;19;337520;1;1000;0;0;0;0;0;0;0;0;0;0;3;38930;21;94940;14;37960;10;22824
10.06.2020 05:00;3;3000;2;2000;14;90820;142;376276;76;608099;85;789441;3;2990;5;4590;0;0;0;0;1;1000;0;0;13;292070;104;773568;48;313865;21;63920
10.06.2020 06:00;4;3980;5;5000;25;497574;330;1229138;152;1203821;193;1711200;4;4000;9;9390;0;0;0;0;2;2210;7;7030;26;328024;146;1837131;91;1384182;56;331415
10.06.2020 07:00;4;4000;4;4000;65;569797;488;1597989;280;2215046;297;2347483;4;4000;8;8000;0;0;0;0;12;12410;10;10070;58;1092405;170;2860515;84;2072703;122;1229334
10.06.2020 08:00;5;5000;3;3000;88;848040;492;1860457;306;2139134;290;2364957;5;4980;8;7970;0;0;0;0;23;25160;15;15050;66;1074866;143;3149932;70;1998947;99;1529863
10.06.2020 09:00;4;4000;3;3000;73;707400;391;1646560;283;2187441;302;2120717;4;4000;8;7990;0;0;0;0;25;26870;16;16060;67;1304319;149;2585536;96;2000695;115;1264985
10.06.2020 10:00;4;3990;4;3990;83;714164;398;1632411;260;1953661;280;1939127;4;4000;8;8000;0;0;0;0;28;28980;10;10030;82;1408908;153;2659169;127;2074664;134;1146422
10.06.2020 11:00;5;4980;6;6000;94;829808;390;1672664;261;1881851;275;1966949;5;4990;9;8990;0;0;0;0;25;26030;9;9040;87;1309846;164;2680365;121;2138083;124;1269852
10.06.2020 12:00;4;4000;4;4000;109;824706;432;1792527;271;2104697;249;2006097;4;3990;8;8000;0;0;0;0;29;29800;12;12030;89;1586454;131;2738925;132;2170682;158;1391844
10.06.2020 13:00;5;4990;4;3990;95;846274;419;1717018;285;2100575;286;2205114;5;4990;8;7980;0;0;0;0;48;50900;20;20100;87;1769848;171;2718727;120;2441595;155;1526244
10.06.2020 14:00;4;3980;6;5990;86;920678;426;1564501;250;2052451;250;2226396;4;4000;10;9970;0;0;1;1690;47;70470;20;20090;72;1461921;179;2491933;139;2307498;161;1398314
10.06.2020 15:00;4;4000;3;3000;110;1056542;413;1702958;289;2325613;269;2137133;4;3990;6;6000;0;0;0;0;34;36550;21;21100;69;1294805;209;2363423;151;2404979;144;1414166
10.06.2020 16:00;4;3990;5;5000;124;960006;458;1638610;272;2392987;268;2320692;4;4000;10;9960;0;0;0;0;26;30405;25;25110;91;1508540;235;2287732;130;2677408;142;1934772
10.06.2020 17:00;4;3990;4;4000;129;803932;473;1745923;237;2442229;262;2185194;4;4000;8;7990;0;0;0;0;39;41550;16;16130;94;1617082;229;2382351;109;2546815;151;1913863
10.06.2020 18:00;4;4000;4;3990;129;881400;459;1556718;243;2115854;199;2241676;4;4000;8;8000;0;0;0;0;41;44550;18;18132;101;1644879;213;2435742;124;2089198;141;1430881
10.06.2020 19:00;5;5000;4;3990;88;694372;415;1396037;202;1769286;187;1704856;5;4990;8;8000;0;0;0;0;45;51170;12;12050;72;1404601;198;2081952;140;2063159;142;1588093
10.06.2020 20:00;3;3000;3;3000;61;380616;303;1384042;161;1217670;124;1325787;3;3000;6;6000;0;0;0;0;34;35920;16;16030;61;909420;162;1642031;109;1182148;121;747615
10.06.2020 21:00;2;2000;3;3000;33;75930;234;1038550;94;694234;83;773454;2;2000;6;6000;0;0;0;0;14;14810;21;21080;42;577550;157;1373522;121;911755;101;554661
10.06.2020 22:00;2;1990;2;2000;22;158850;223;795965;96;588240;76;671070;2;2000;4;4000;0;0;0;0;25;26540;10;10050;47;415965;136;1046690;106;431975;77;440566
10.06.2020 23:00;2;2000;2;1990;18;113000;175;680635;65;533555;52;536717;2;1990;4;4000;0;0;0;0;9;10050;7;7010;21;296106;125;814814;64;235963;66;228940
11.06.2020 00:00;0;0;1;1000;9;62800;81;357336;39;301667;37;470604;0;0;2;2000;0;0;0;0;9;10222;6;6030;9;75414;61;310160;38;139705;32;133560
11.06.2020 01:00;0;0;0;0;5;13310;62;216730;16;147584;24;399524;0;0;0;0;0;0;0;0;2;2020;1;1000;3;58570;45;329993;24;114180;25;112960
11.06.2020 02:00;0;0;0;0;4;49308;37;164090;14;195741;15;374294;0;0;0;0;0;0;0;0;1;1010;1;1010;7;96840;34;159170;16;54114;12;68500
11.06.2020 03:00;0;0;0;0;2;19150;12;5700;8;131620;9;235234;0;0;0;0;0;0;0;0;0;0;1;1000;2;32450;13;46930;18;45055;19;66900
11.06.2020 04:00;0;0;0;0;3;1210;11;5850;4;39110;6;58569;0;0;0;0;0;0;0;0;0;0;0;0;3;78020;8;35770;7;22300;5;15000
11.06.2020 05:00;1;990;1;1000;5;7010;35;95923;25;399844;25;422049;2;2000;2;2000;0;0;0;0;1;1010;0;0;4;68890;30;165303;15;102660;14;40725
11.06.2020 06:00;3;2990;2;2000;9;15470;35;159326;25;331966;22;545117;2;2000;4;3980;0;0;0;0;0;0;2;2020;7;143590;32;122660;27;166370;15;45550
11.06.2020 07:00;2;2000;2;2000;8;72590;54;111420;32;484964;29;601639;2;2000;4;4000;0;0;0;0;1;1010;2;2010;10;256990;46;157573;30;174523;17;72020
11.06.2020 08:00;2;1980;2;2000;17;204571;88;349571;47;488650;42;636020;2;2000;4;3980;0;0;0;0;3;3640;2;2010;17;161980;66;393044;46;361239;27;136740
11.06.2020 09:00;2;2000;2;2000;15;229463;169;688523;92;768824;86;974916;2;1990;4;3990;0;0;0;0;3;4020;5;5020;24;466531;122;901843;76;425440;65;420000
11.06.2020 10:00;2;2000;2;2000;33;306018;201;955544;123;943484;117;1021466;2;2000;4;3990;0;0;0;0;10;10360;9;9050;35;552451;122;1423352;110;967712;77;473259
11.06.2020 11:00;2;2000;2;2000;37;334659;236;1005586;150;1206883;122;1168816;2;2000;4;3990;0;0;0;0;9;9510;5;5040;42;695426;138;1355675;131;876047;113;575520
11.06.2020 12:00;3;3000;3;3000;27;221590;251;1087274;162;1290044;127;1341804;3;2990;6;6000;0;0;0;0;10;13030;9;9020;38;608359;130;1474640;111;1214568;122;834281
11.06.2020 13:00;4;4000;4;3990;51;581725;266;1319364;149;1135411;159;1332081;4;3990;8;8000;0;0;0;0;12;12850;1;1000;32;731013;157;1851727;107;1452606;100;588670
11.06.2020 14:00;4;4000;4;3990;55;472216;309;1258734;188;1146651;180;1573640;4;3990;8;8000;0;0;0;0;12;12130;7;7020;49;858783;133;1988863;121;1667342;119;1119004
11.06.2020 15:00;4;4000;4;4000;28;323974;296;1044429;151;1579863;155;1693826;4;3980;8;7990;0;0;0;0;13;13100;8;8030;49;841857;159;1515102;128;1367839;100;775947
11.06.2020 16:00;4;4000;4;4000;50;361615;317;565490;149;1572576;148;1578922;4;4000;8;7990;0;0;0;0;17;18640;9;9040;43;763617;208;1084518;102;1253214;102;822594
11.06.2020 17:00;4;3990;4;4000;52;431887;341;686197;152;1447868;135;1657512;4;4000;8;8000;0;0;0;0;15;16550;13;13100;44;891951;212;1177669;133;1479408;100;553966
11.06.2020 18:00;4;4000;4;4055;42;287378;333;1005414;174;1381194;157;1751396;4;3980;8;7980;0;0;0;0;12;13220;12;12060;37;738871;202;1510905;121;1381387;98;636175
11.06.2020 19:00;2;2000;2;1990;52;373849;270;695570;132;1492652;123;1380631;2;2000;4;3990;0;0;0;0;29;35070;4;4020;52;704113;168;938883;101;1004264;108;528908
11.06.2020 20:00;2;2000;2;2000;37;284819;185;827922;118;900301;105;977104;2;1990;4;3990;0;0;0;0;10;13470;9;9040;40;647983;122;981309;84;819345;77;510629
11.06.2020 21:00;2;2000;2;2000;26;116003;177;712828;112;596405;109;933105;2;1990;4;4000;0;0;0;0;8;8300;8;8060;36;344375;111;884890;85;672541;74;397301
11.06.2020 22:00;2;2000;2;2000;21;102625;146;636676;59;507932;65;676859;2;2000;4;3990;0;0;0;0;10;11120;5;5030;19;270365;104;583280;81;362498;59;181100
11.06.2020 23:00;2;2000;2;2000;19;41720;87;293639;40;408455;39;532117;2;2000;4;4000;0;0;0;0;7;7030;4;4010;21;215340;65;325922;34;100610;30;64990
12.06.2020 00:00;0;0;1;1000;10;60190;37;44015;21;321464;29;516535;0;0;2;2000;0;0;0;0;2;2010;0;0;7;87660;34;115650;37;114760;21;53250
12.06.2020 01:00;0;0;0;0;2;1220;34;63110;14;183659;16;207632;0;0;0;0;0;0;0;0;1;1020;1;1000;2;21020;24;88800;19;44220;18;39870
12.06.2020 02:00;0;0;0;0;2;46570;7;2750;11;95690;10;157770;0;0;0;0;0;0;0;0;0;0;1;1000;6;112735;6;20000;6;20470;11;26220
12.06.2020 03:00;0;0;0;0;1;570;6;16370;6;78540;4;102660;0;0;0;0;0;0;0;0;0;0;0;0;2;32050;5;16330;9;18610;6;9580
12.06.2020 04:00;1;990;0;0;7;9710;24;28120;19;269330;23;446675;1;1000;0;0;0;0;0;0;0;0;0;0;7;78167;20;83280;9;18810;8;36570
12.06.2020 05:00;3;2990;3;3000;8;69740;104;383810;54;564190;67;752360;3;3000;6;6000;0;0;0;0;0;0;0;0;9;114360;82;463000;31;128470;18;95950
12.06.2020 06:00;4;3990;4;4000;11;209600;210;839812;92;729292;115;1174727;4;4000;8;7960;0;0;0;0;7;10810;3;3020;12;188725;134;1219724;82;691172;51;196755
12.06.2020 07:00;4;4000;4;4000;24;258480;337;1007977;129;1393284;130;1656843;4;3990;8;7980;0;0;0;0;13;13440;8;8040;31;531902;157;1859629;94;1209420;86;677701
12.06.2020 08:00;4;4000;4;4000;52;351536;335;1211620;213;1833133;220;2002144;5;5000;8;8000;0;0;0;0;21;24290;9;9040;56;1044095;200;1950569;87;1469700;106;1050420
12.06.2020 09:00;5;4990;3;3000;61;425293;380;1270088;263;2073706;283;1885312;4;3990;8;8000;0;0;0;0;28;28480;9;9040;61;989215;223;2160535;109;1429970;120;1047380
12.06.2020 10:00;4;4000;4;3990;88;627249;406;1579290;280;1830557;285;2028827;4;3990;6;6000;0;0;0;0;37;38960;17;17100;71;1228043;154;2537333;139;1970716;148;1232358
12.06.2020 11:00;4;4000;5;4980;116;671633;371;1440285;287;1876211;266;2034393;4;4000;10;10000;0;0;0;0;31;33030;16;16090;88;1301414;156;2640413;142;1744168;141;1236993
12.06.2020 12:00;4;4000;4;4000;114;710280;402;1564438;288;1909428;265;1914671;4;3990;8;7990;0;0;0;0;31;36300;16;16130;85;1621039;200;2501903;147;1884656;173;1464911
12.06.2020 13:00;4;3990;5;4990;102;1079027;445;1477906;258;2169432;262;2376044;4;3990;10;9990;0;0;0;0;31;38790;16;16140;81;1421954;231;2445978;146;2072189;154;1526604
12.06.2020 14:00;4;4000;3;3056;96;803814;450;1352661;248;2202144;251;2349792;4;3990;8;7970;0;0;0;0;33;36483;17;17110;72;1609396;259;2205507;126;2312214;157;1471704
12.06.2020 15:00;4;3990;5;5000;96;867945;441;1652061;275;2064421;261;2201826;4;4000;8;7990;0;0;0;0;29;32580;21;21140;89;1300156;254;2244151;142;2057923;152;1423090
12.06.2020 16:00;4;3990;4;4000;96;709785;398;1498394;218;2231936;213;1979643;4;4000;8;7990;0;0;0;0;36;38310;16;16110;70;1137615;232;1919985;140;1877733;136;1177433
12.06.2020 17:00;4;4000;4;3990;107;1016214;427;1392658;227;1875444;239;1907864;4;3990;8;8000;0;0;0;0;29;29730;16;16070;82;1186826;246;2051118;146;1953363;145;1075721
12.06.2020 18:00;4;3990;3;3000;75;483837;409;1358585;223;1774681;207;2010617;4;4000;8;7980;0;0;0;0;32;38380;21;21100;71;1142704;261;1839138;157;1976230;153;1218053
12.06.2020 19:00;5;5000;5;4770;68;587224;355;1027937;184;1668187;161;1788804;5;4990;8;8000;0;0;0;0;28;30510;14;14060;73;982208;194;1361965;127;1360669;119;1095587
12.06.2020 20:00;3;3000;3;3220;52;431874;245;1181191;161;1002913;134;1176125;3;3000;6;5990;0;0;0;0;38;40130;9;9040;58;670634;145;1386668;114;1146106;112;828565
12.06.2020 21:00;2;2000;3;3000;39;186610;223;922962;135;846301;114;755804;2;2000;6;5970;0;0;0;0;24;24230;8;8040;47;483517;161;1091498;102;627521;88;619102
12.06.2020 22:00;2;2000;2;1990;22;63670;224;857211;112;735926;98;973604;2;1990;4;4000;0;0;0;0;14;16720;10;10040;43;406391;135;1276943;86;478018;98;481519
12.06.2020 23:00;2;1990;2;2000;26;50990;157;646729;74;416960;58;500175;2;1990;4;4000;0;0;0;0;12;15350;8;8010;30;310191;115;933964;78;244880;60;275060
13.06.2020 00:00;0;0;1;1000;19;104040;80;391610;58;401905;56;538225;0;0;2;2000;0;0;0;0;2;2020;3;3020;20;296576;66;381730;43;177960;32;107980
13.06.2020 01:00;0;0;0;0;16;142320;53;180580;42;289930;38;376260;0;0;0;0;0;0;0;0;3;3020;1;1010;11;141934;49;285440;20;56410;25;68460
13.06.2020 02:00;0;0;0;0;3;3100;34;64470;16;228345;18;249715;0;0;0;0;0;0;0;0;0;0;0;0;2;83347;27;100340;17;38385;19;44870
13.06.2020 03:00;0;0;0;0;2;1630;23;43170;12;58840;14;198530;0;0;0;0;0;0;0;0;1;1010;1;1000;6;142940;18;63740;8;22540;4;7990
13.06.2020 04:00;1;1000;0;0;11;138120;24;18130;19;290727;17;379112;1;1000;0;0;0;0;0;0;0;0;0;0;9;129970;12;40967;10;27810;11;18650
13.06.2020 05:00;3;3000;3;2990;10;103307;49;163967;25;265890;25;350900;3;2990;6;6000;0;0;0;0;0;0;0;0;12;213247;41;250228;11;72418;11;32870
13.06.2020 06:00;4;3990;4;4000;8;72420;84;301730;28;251780;36;496827;4;4000;8;7980;0;0;0;0;0;0;5;5020;9;137750;55;411684;53;203840;25;75930
13.06.2020 07:00;4;4000;4;3990;15;156510;113;494089;57;560099;63;813774;4;4000;8;7980;0;0;0;0;3;3010;1;1000;17;191313;82;622699;55;435380;42;187410
13.06.2020 08:00;4;3990;4;4000;30;66070;176;763636;117;723188;104;854470;4;3990;8;7990;0;0;0;0;8;9420;7;7030;32;343410;132;1194303;72;785280;61;367603
13.06.2020 09:00;4;3990;4;4000;58;270955;285;1131993;195;1388204;202;1707040;4;4000;8;7990;0;0;0;0;21;21336;5;5010;48;773010;136;1777796;109;1247915;113;830726
13.06.2020 10:00;4;3990;4;4000;66;396840;318;1254637;248;1820221;236;1715942;4;4000;8;8000;0;0;0;0;32;33900;6;6040;58;1152158;157;2088544;115;1575860;122;1260383
13.06.2020 11:00;4;3980;4;3990;70;266476;340;1421737;259;1493059;230;1588001;4;3990;8;7980;0;0;0;0;27;32450;14;14050;69;1022569;163;2137122;143;1802599;134;1023894
13.06.2020 12:00;4;3990;4;3990;83;761085;322;1467416;237;1504503;223;1686477;4;4000;8;8000;0;0;0;0;27;28250;20;20100;77;1255335;158;2113824;130;2083850;166;1232825
13.06.2020 13:00;4;3990;4;4000;89;549375;366;1274968;233;1515799;210;1793087;4;4000;8;7980;0;0;0;0;29;30021;11;11060;80;1238756;178;2310572;124;2115023;147;1422345
13.06.2020 14:00;4;4000;4;4000;81;727243;380;1424952;206;1540522;190;1380191;4;4000;8;8000;0;0;0;0;42;47650;16;17120;71;1357448;159;2245803;145;1876262;168;1373711
13.06.2020 15:00;4;4000;4;4000;84;530982;328;1447279;226;1653318;201;1806999;4;3990;8;8000;0;0;0;0;34;34590;14;14060;82;1391179;160;2065173;135;1686049;129;1364279
13.06.2020 16:00;4;3990;4;4000;76;601666;342;1247098;185;1462462;175;1657624;4;4000;8;8000;0;0;0;0;29;31110;14;14100;67;962158;136;2001346;133;1755241;130;961388
13.06.2020 17:00;4;4000;4;4000;80;718719;330;1443761;185;1323801;186;1596229;4;3990;8;8000;0;0;0;0;36;38390;23;23170;79;1225364;170;1908094;125;1664763;132;1154575
13.06.2020 18:00;4;3990;4;4000;69;562982;308;1533892;178;1435247;173;1514508;4;3990;8;7990;0;0;0;0;18;19530;20;20090;82;1153137;140;2097960;119;1691264;131;1220007
13.06.2020 19:00;4;3990;4;4000;52;480695;301;1097529;158;937900;161;1376627;4;3990;8;8034;0;0;0;0;34;38914;22;22150;43;695313;146;1704387;151;1303443;124;827940
13.06.2020 20:00;2;2000;2;2000;39;253117;281;786189;156;1045215;130;1026197;2;2000;4;4000;0;0;0;0;20;20110;12;12050;52;734814;160;1432208;100;782485;83;658534
13.06.2020 21:00;2;2000;2;1990;36;168470;247;776547;105;801907;85;700756;2;2000;4;3990;0;0;0;0;18;27760;8;8020;48;503835;151;1163527;108;769496;92;543801
13.06.2020 22:00;1;1000;2;2000;34;132934;236;901474;97;795674;78;665064;1;1000;4;3990;0;0;0;0;21;22850;5;5010;45;515840;153;1353067;97;479716;102;519496
13.06.2020 23:00;2;2000;2;2000;19;104210;187;762762;67;608650;61;720493;2;2000;4;3990;0;0;0;0;9;10080;6;6040;34;425283;130;1120370;79;263320;64;265530
14.06.2020 00:00;0;0;1;1000;4;46730;85;269375;46;418981;45;567897;0;0;2;2000;0;0;0;0;2;2070;0;0;17;229137;68;355521;45;115628;33;92580
14.06.2020 01:00;0;0;0;0;7;59761;67;186085;35;444271;28;311681;0;0;0;0;0;0;0;0;6;6390;2;2000;8;139273;52;289970;26;119500;22;53850
14.06.2020 02:00;0;0;0;0;6;13580;44;126870;19;257285;16;223990;0;0;0;0;0;0;0;0;0;0;0;0;6;63260;43;161360;21;57680;22;54339
14.06.2020 03:00;0;0;0;0;6;23950;20;35820;7;120625;8;163100;0;0;0;0;0;0;0;0;3;3930;1;1000;5;90520;20;71330;9;18690;5;11170
14.06.2020 04:00;0;0;0;0;2;2520;18;53800;7;121511;9;166551;0;0;0;0;0;0;0;0;1;1630;0;0;3;67230;12;43550;8;23120;8;25340
14.06.2020 05:00;2;1990;1;1000;7;44450;27;56860;18;307940;22;436320;2;2000;2;2000;0;0;0;0;0;0;0;0;4;81080;20;61190;14;40350;18;46530
14.06.2020 06:00;2;2000;2;2000;7;53050;32;76760;13;157401;21;271981;2;2000;4;3980;0;0;0;0;2;2020;0;0;11;131390;26;120240;16;47613;11;25100
14.06.2020 07:00;2;2000;2;2000;7;72330;33;106924;24;278190;21;375380;2;2000;4;3990;0;0;0;0;2;2020;1;1000;6;54010;27;101044;23;82970;12;25690
14.06.2020 08:00;2;1980;2;2000;11;249834;70;220435;41;320940;42;499550;2;2000;4;4000;0;0;0;0;4;4030;0;0;7;111220;57;278645;31;209110;19;83308
14.06.2020 09:00;2;2000;2;2000;21;99570;107;457580;83;582709;84;810749;2;2000;4;3990;0;0;0;0;10;10960;3;3000;22;227350;83;481039;62;463071;48;207259
14.06.2020 10:00;2;2000;2;2000;39;169210;170;798147;115;910196;110;970859;2;2000;4;4000;0;0;0;0;13;17790;6;6030;32;338201;130;1078426;86;595884;74;396500
14.06.2020 11:00;2;1990;2;2000;41;249330;220;934068;141;1183799;134;1101560;2;1990;4;4000;0;0;0;0;10;10520;6;6010;44;540833;153;1093832;102;1037493;67;365464
14.06.2020 12:00;3;2990;3;3000;52;437936;271;999941;158;1122491;148;1188825;3;3000;6;6000;0;0;0;0;14;15350;6;6040;41;345528;163;1506370;121;1087217;94;662192
14.06.2020 13:00;4;3990;4;4000;49;231683;301;927874;157;1307107;151;1222049;4;4000;8;7990;0;0;0;0;12;13210;10;10040;54;685480;172;1512697;122;1009261;117;635596
14.06.2020 14:00;4;3990;4;3990;54;405725;284;1112566;125;1149708;153;1267861;4;3990;8;8000;0;0;0;0;14;15140;8;8040;55;649975;156;1458292;114;1127316;91;693530
14.06.2020 15:00;4;4000;4;3990;47;169399;290;943082;167;1129550;171;1305690;4;3990;8;7990;0;0;0;0;14;14380;8;8030;51;414479;164;1491274;123;1150671;100;617548
14.06.2020 16:00;4;3990;4;3990;47;223947;295;1023362;156;1187214;161;1330506;4;4000;8;7980;0;0;0;0;29;31640;9;9060;52;652787;169;1633499;119;1215176;107;731511
14.06.2020 17:00;4;4000;4;4000;52;298128;314;1333434;165;1330119;151;1214166;4;3990;8;7960;0;0;0;0;16;17420;14;14050;52;654331;172;1849606;121;915307;98;581911
14.06.2020 18:00;4;4000;4;4000;52;251620;327;1272719;152;1114296;151;1208809;4;4000;8;8000;0;0;0;0;12;12920;9;9050;45;468898;161;1871446;140;1191041;97;492270
14.06.2020 19:00;2;2000;2;2000;38;148600;303;1079675;154;1241253;124;1096909;2;2000;4;3990;0;0;0;0;9;10810;11;11040;41;519650;150;1501623;126;700594;105;563810
14.06.2020 20:00;2;2000;2;2000;48;257110;222;798481;110;659468;128;942789;2;2000;4;4000;0;0;0;0;16;17780;8;8030;48;534334;159;1189217;80;631401;78;388315
14.06.2020 21:00;2;2000;2;2000;21;117810;154;498829;72;562620;76;735883;2;2000;4;3990;0;0;0;0;10;11230;6;6030;25;442133;120;820429;87;635470;81;348043
14.06.2020 22:00;2;2000;2;1990;17;65070;115;503464;42;457707;57;757897;2;2000;4;4000;0;0;0;0;8;9350;4;4000;15;154932;93;482420;63;297420;32;144280
14.06.2020 23:00;2;2000;2;2000;9;10660;54;249310;38;347389;38;530894;2;2000;4;3990;0;0;0;0;5;5130;1;1000;13;119370;52;266460;38;103740;28;77870
15.06.2020 00:00;0;0;1;1000;4;46990;40;133523;17;152190;14;263145;0;0;2;2000;0;0;0;0;3;3320;0;0;13;165000;32;138490;18;78390;13;46610
15.06.2020 01:00;0;0;0;0;0;0;13;6255;6;49935;7;119480;0;0;0;0;0;0;0;0;0;0;0;0;0;0;6;25980;5;10410;9;28280
15.06.2020 02:00;0;0;0;0;2;18280;11;16100;4;113555;9;183280;0;0;0;0;0;0;0;0;0;0;0;0;2;49140;11;34290;11;23686;7;14216
15.06.2020 03:00;0;0;0;0;1;410;18;26630;5;104152;4;81472;0;0;0;0;0;0;0;0;0;0;0;0;1;940;16;65854;7;22330;11;21879
15.06.2020 04:00;1;1000;0;0;3;17430;28;74199;21;241840;20;338149;1;1000;0;0;0;0;0;0;0;0;1;1010;5;53700;29;151579;18;48404;16;32190
15.06.2020 05:00;3;3000;3;3000;12;79570;152;432764;59;578474;78;762260;3;2990;6;5970;0;0;0;0;4;4580;0;0;14;99470;105;789033;37;252166;30;93350
15.06.2020 06:00;4;3980;4;4000;26;207195;391;1089451;124;1405525;176;1683295;4;3990;8;8000;0;0;0;0;8;8210;4;4030;26;476710;198;2053680;109;1253140;81;506131
15.06.2020 07:00;4;3980;3;3000;68;734653;522;1666208;263;1829354;277;2110672;4;4000;8;7990;0;0;0;0;16;16350;12;12070;56;960140;203;2829507;86;1930851;99;1200050
15.06.2020 08:00;4;4000;5;5000;70;566823;457;1566920;279;2117603;320;2267585;5;5000;8;7980;0;0;0;0;25;27510;7;7020;59;839584;199;2767741;86;1927635;114;1206126
15.06.2020 09:00;5;4980;3;3000;80;626278;402;1466308;268;1625108;254;1915653;4;4000;6;6000;0;0;0;0;35;40240;11;11060;74;1102217;166;2625098;112;1740196;129;1166013
15.06.2020 10:00;4;4000;4;3990;84;539829;385;1729167;260;1803724;254;1762986;4;4000;8;7980;0;0;0;0;21;24560;15;15765;71;1291832;187;2407330;121;1810849;126;1061082
15.06.2020 11:00;4;4000;4;4000;96;723552;347;1672677;242;1653037;217;1586019;4;4000;8;8000;0;0;0;0;27;29730;12;12080;91;1532299;150;2409819;132;1987893;137;1330734
15.06.2020 12:00;4;4000;6;6000;103;704021;355;1719584;258;1903921;262;1982694;4;3980;12;11990;0;0;0;0;31;33660;18;18050;79;1419063;138;2538518;107;1889095;141;1247050
15.06.2020 13:00;4;4000;4;3990;93;782630;372;1575688;250;1853691;279;1884135;4;4000;8;8000;0;0;0;0;29;31530;17;17060;80;1130701;159;2553967;138;2073693;168;1165488
15.06.2020 14:00;4;4000;3;3000;106;815724;371;1605830;284;2048938;263;2056174;4;4000;8;7980;0;0;0;0;30;31000;23;23120;77;1181113;165;2329208;115;2377849;143;1309938
15.06.2020 15:00;4;4000;5;5000;115;769326;441;1638797;279;2099708;266;2085903;4;4000;8;7990;0;0;0;0;31;36950;15;15100;95;1404683;190;2551346;137;2439677;142;1690564
15.06.2020 16:00;4;4000;3;3000;114;722341;469;1787521;270;2372019;252;2195784;4;4000;8;8000;0;0;0;0;36;40170;22;22090;99;1388811;218;2513496;120;2568172;161;1804471
15.06.2020 17:00;4;4000;4;3990;126;920770;489;1639027;243;2512647;230;2199860;4;4000;8;8000;0;0;0;0;33;39326;21;20946;102;1761566;252;2575937;134;2473991;142;1715125
15.06.2020 18:00;4;3990;5;5000;102;524940;426;1645616;211;2046319;188;1749479;4;4048;8;7980;0;0;0;0;34;37730;10;10050;99;1193829;190;2294444;143;2041155;164;1290589
15.06.2020 19:00;5;5000;4;3990;80;711015;337;1262235;175;1713275;154;1552936;5;4990;8;7990;0;0;0;0;28;28330;6;6040;73;1127262;198;1559972;135;1295918;114;764929
15.06.2020 20:00;3;3000;3;3000;52;347283;244;1162186;130;1088164;116;932126;3;2990;6;5990;0;0;0;0;21;22200;6;6020;48;711640;132;1269473;111;1097681;101;598525
15.06.2020 21:00;2;2000;3;3000;23;61120;171;559050;80;600211;71;662493;2;2054;6;6000;0;0;0;0;7;7210;9;9040;42;441360;115;857142;93;607904;83;413435
15.06.2020 22:00;2;1990;2;2000;17;92210;156;618287;72;679441;60;706210;2;2000;4;4000;0;0;0;0;6;6560;3;3020;20;289296;111;855911;65;775796;62;453297
15.06.2020 23:00;2;2000;2;2000;12;70480;92;450136;38;403825;30;317710;2;2000;4;4000;0;0;0;0;8;8050;1;1010;20;298995;80;552873;42;205130;29;156930
16.06.2020 00:00;0;0;1;1000;4;71840;44;55470;14;247405;9;196365;0;0;2;2000;0;0;0;0;3;3200;0;0;3;27810;34;150490;15;40340;18;85470
16.06.2020 01:00;0;0;0;0;2;48690;14;14380;8;158634;9;167020;0;0;0;0;0;0;0;0;0;0;0;0;5;94154;13;60516;9;23320;8;28440
16.06.2020 02:00;0;0;0;0;4;6750;9;5110;4;20120;5;144380;0;0;0;0;0;0;0;0;0;0;0;0;4;33110;8;36120;4;15580;7;25190
16.06.2020 03:00;0;0;0;0;0;0;12;6810;9;71035;5;84120;0;0;0;0;0;0;0;0;0;0;0;0;2;4880;7;33410;5;14670;3;12300
16.06.2020 04:00;1;1000;0;0;5;5430;36;82198;16;323224;20;358450;1;1000;0;0;0;0;0;0;0;0;0;0;5;57890;30;147014;12;37860;15;60830
16.06.2020 05:00;3;2990;3;3000;13;56870;153;622324;72;552104;91;921529;3;2990;6;5990;0;0;0;0;2;2020;0;0;14;236770;84;1018885;49;271108;24;99760
16.06.2020 06:00;4;4000;3;3000;29;236325;412;1271230;152;1320046;185;1804671;4;3990;8;8000;0;0;0;0;5;5040;2;2010;29;520141;168;2111440;91;1242579;76;733105
16.06.2020 07:00;4;3990;5;5000;62;619047;521;1925083;293;2014207;314;2164342;4;4000;8;8000;0;0;0;0;17;17110;11;11060;64;907065;165;3083897;95;1872008;103;1069743
16.06.2020 08:00;5;5000;3;3000;91;789046;465;1718639;333;2177935;314;2379198;5;5000;8;8000;0;0;0;0;16;16176;11;11070;65;1299877;167;2895975;87;2164651;116;1322495
16.06.2020 09:00;4;4000;4;4000;70;464961;446;1502985;285;2106676;291;2171069;4;4000;8;8000;0;0;0;0;27;28540;11;11070;72;1195301;170;2420958;101;1993972;110;1294321
16.06.2020 10:00;3;3000;4;4040;69;642993;367;1490584;273;1809709;285;1990432;3;2990;8;8000;0;0;0;0;30;32145;22;22168;66;1154501;148;2226522;126;1766481;127;954826
16.06.2020 11:00;4;3990;5;5000;82;614125;347;1737442;267;1695857;278;1872482;4;4000;8;7990;0;0;0;0;29;32830;11;11020;75;1026153;137;2420585;122;1794143;130;1163132
16.06.2020 12:00;6;5980;5;5000;81;528325;379;1589116;235;1906155;234;1810858;6;6000;11;10980;0;0;0;0;23;25120;14;14040;87;1524795;189;2518450;132;2065154;128;1327973
16.06.2020 13:00;3;3000;4;4000;88;681489;393;1478271;267;1900413;251;1947550;3;2990;6;6000;0;0;0;0;30;36460;13;13070;83;1208723;142;2700452;119;2303668;146;1345051
16.06.2020 14:00;4;4000;3;3000;107;777468;415;1600457;257;1901766;232;1965251;4;3990;6;5990;0;0;0;0;26;35790;14;14070;75;1310105;162;2574817;127;2447981;145;1608668
16.06.2020 15:00;4;4030;5;4990;82;711090;442;1619839;244;2026889;235;1946892;4;3990;10;9990;0;0;0;0;17;18640;14;14060;92;1600505;188;2378708;127;2479790;133;1825575
16.06.2020 16:00;4;3990;4;4000;128;916385;456;1743525;269;2400524;239;2345729;4;4000;8;7990;0;0;0;0;29;33450;16;16100;87;1579410;230;2512286;135;2572571;158;1748577
16.06.2020 17:00;4;4000;3;3000;114;852029;416;2076608;251;2162736;240;2230691;4;4000;6;5990;0;0;0;0;24;26700;24;24090;96;1474771;181;2634856;141;2681203;149;1726905
16.06.2020 18:00;4;4000;5;5000;98;506845;441;1641990;221;2135902;227;2036865;4;4000;10;9960;0;0;0;0;27;27920;17;17090;91;1247289;215;2066642;137;2177626;135;1393772
16.06.2020 19:00;5;5000;3;2980;81;545530;326;1141583;157;1580797;140;1483191;5;5000;8;7990;0;0;0;0;22;24136;12;12070;82;1443796;184;1406391;128;1407793;120;945992
16.06.2020 20:00;3;2990;4;4000;62;308410;270;1160273;136;853118;107;985080;3;3000;6;6000;0;0;0;0;16;17750;7;7040;49;675427;161;1388119;91;971073;90;627905
16.06.2020 21:00;2;2000;3;3000;33;260455;184;811319;109;773944;109;814519;2;2000;6;6000;0;0;0;0;20;20820;4;4020;34;411374;121;913733;113;776101;73;297541
16.06.2020 22:00;2;2000;2;2000;28;199255;190;831464;92;626851;80;851481;2;2000;4;3990;0;0;0;0;13;13670;3;3000;30;376050;132;1008046;84;422715;84;288210
16.06.2020 23:00;2;2000;2;1990;13;9310;114;631094;37;312780;35;498460;2;1990;4;4000;0;0;0;0;1;1120;7;7000;20;304235;91;590638;31;69870;28;84410
17.06.2020 00:00;0;0;1;1000;5;63264;35;80410;20;87070;16;215094;0;0;2;2000;0;0;0;0;0;0;2;2000;3;29423;25;120073;26;63340;21;41410
17.06.2020 01:00;0;0;0;0;6;35140;22;45230;5;93490;6;144560;0;0;0;0;0;0;0;0;0;0;0;0;2;4490;19;55982;14;29620;23;32270
17.06.2020 02:00;0;0;0;0;5;2610;9;4140;6;76810;5;67118;0;0;0;0;0;0;0;0;0;0;0;0;0;24420;5;13640;7;8160;4;4790
17.06.2020 03:00;0;0;0;0;2;27390;12;66950;3;52450;2;50130;0;0;0;0;0;0;0;0;1;1500;1;1000;2;18400;9;54620;2;5350;4;9730
17.06.2020 04:00;1;1000;0;0;2;660;22;379240;22;347355;23;433755;1;1000;0;0;0;0;0;0;1;1000;0;0;4;60222;20;107407;18;41470;13;29770
17.06.2020 05:00;3;2980;2;2000;8;56780;165;536985;59;452963;88;718013;3;3000;6;6000;0;0;0;0;0;0;1;1000;19;266874;116;815599;44;279973;29;93380
17.06.2020 06:00;4;4000;5;5000;21;206010;367;1031276;164;1070241;176;1603754;4;4000;8;8000;0;0;0;0;2;2010;2;2010;23;378670;176;1951568;94;1325265;67;487873
17.06.2020 07:00;4;4000;4;3990;65;597513;512;1785265;274;1874621;311;2122533;4;3980;8;7980;0;0;0;0;14;14390;16;16090;54;1179773;185;2929766;90;1880966;92;1357794
17.06.2020 08:00;5;5000;3;3000;71;699168;499;1462383;273;1910265;287;2120909;5;5000;6;5990;0;0;0;0;25;30250;8;8075;60;1136575;191;2722895;86;1927211;109;1302964
17.06.2020 09:00;4;3990;5;5000;67;570686;412;1578212;289;1735243;291;1978134;4;3990;10;10000;0;0;0;0;26;28270;14;14060;61;907549;186;2546213;109;1631083;97;1226483
17.06.2020 10:00;4;3990;3;2990;104;892742;363;1479720;260;1625612;270;2000768;4;4000;8;7990;0;0;0;0;31;34760;14;14090;58;1013910;154;2281432;141;1805254;143;952865
17.06.2020 11:00;4;4000;5;4990;83;526301;373;1698875;262;1893794;274;1972738;4;4000;8;8000;0;0;0;0;39;43090;24;24130;92;1224893;145;2537983;138;1841363;126;1502885
17.06.2020 12:00;4;4000;4;4000;96;777600;367;1652893;252;1650824;241;1711927;4;4000;8;7990;0;0;0;0;33;33670;13;13060;81;1320370;153;2476832;128;2011440;164;1226801
17.06.2020 13:00;4;4000;4;3990;111;866068;344;1683583;280;1828979;282;1747813;4;4000;7;7000;0;0;0;0;33;38100;13;13080;84;1551173;172;2372060;124;1947719;137;1243480
17.06.2020 14:00;4;4000;4;3990;79;630094;386;1580704;265;1890488;253;1828203;4;4000;8;8000;0;0;0;0;26;28420;19;19090;77;1314253;184;2366520;134;2198387;149;1455225
17.06.2020 15:00;4;4000;5;5000;98;842548;397;1490068;259;1943618;245;1981023;4;4000;10;9990;0;0;0;0;38;42215;16;16130;99;1483034;214;2366920;116;2515423;124;1629251
17.06.2020 16:00;4;4000;4;3980;109;887757;453;1543486;248;2111252;256;2255910;4;3990;8;8000;0;0;0;0;40;42140;15;15060;109;1532784;205;2676606;124;2550306;151;1639901
17.06.2020 17:00;4;3990;3;3000;121;1022228;458;1645411;236;2310807;235;2350012;4;4000;8;7980;0;0;0;0;27;28319;28;28150;82;1709907;194;2512300;122;2538618;163;1690053
17.06.2020 18:00;4;4000;5;5000;92;714428;406;1497491;220;1976470;204;2022377;4;4000;8;8000;0;0;0;0;28;29620;13;13040;109;1381008;197;2064383;129;2506078;128;1546075
17.06.2020 19:00;5;4990;4;4000;78;465160;358;1095481;157;1708472;161;1774818;5;5000;8;8000;0;0;0;0;29;30850;14;14090;80;1044044;216;1528061;133;1564954;114;822897
17.06.2020 20:00;3;3000;3;2980;56;618299;254;959436;116;973058;107;988329;3;3000;6;5990;0;0;0;0;14;14480;2;2010;59;950313;136;1287078;101;939274;90;540642
17.06.2020 21:00;2;2000;3;2990;31;198480;189;738930;88;749044;77;680420;2;2000;6;6000;0;0;0;0;16;16990;6;6040;28;307330;113;1002609;83;660165;78;400682
17.06.2020 22:00;2;2000;2;2000;16;128520;180;764010;66;548871;66;545650;2;1980;4;3990;0;0;0;0;11;12810;5;5040;35;354075;115;916672;81;470812;63;365255
17.06.2020 23:00;2;1990;2;1990;17;64052;101;407386;29;301180;29;391870;2;2000;4;4000;0;0;0;0;9;10320;3;3020;16;210782;67;427651;58;174865;41;181262
18.06.2020 00:00;0;0;1;1000;6;30730;37;107880;19;176950;22;381807;0;0;2;2000;0;0;0;0;1;1080;5;5010;5;69570;31;150320;20;100395;15;72156
18.06.2020 01:00;0;0;0;0;2;19310;17;46010;8;146640;7;134520;0;0;0;0;0;0;0;0;2;2950;0;0;1;27330;12;51400;10;31930;10;39310
18.06.2020 02:00;0;0;0;0;1;27340;8;3670;1;16280;3;50110;0;0;0;0;0;0;0;0;0;0;1;1010;2;23080;8;27160;7;24450;6;18850
18.06.2020 03:00;0;0;0;0;1;400;7;16460;9;111810;5;100765;0;0;0;0;0;0;0;0;0;0;0;0;3;8390;5;20460;4;8810;4;8460
18.06.2020 04:00;1;1000;0;0;3;42900;34;66625;18;216980;21;272470;1;1000;0;0;0;0;0;0;0;0;0;0;5;96050;27;138970;23;45530;10;68140
18.06.2020 05:00;3;2990;3;3000;11;104910;154;522099;73;666295;84;806274;3;3000;6;5990;0;0;0;0;1;1010;1;1000;17;281789;104;687228;40;247982;22;93235
18.06.2020 06:00;4;3990;3;3000;24;249370;377;1123439;147;1204261;170;1606897;4;4000;8;7990;0;0;0;0;2;2160;3;3010;25;417860;164;1857535;92;1313111;83;609309
18.06.2020 07:00;4;4000;4;3990;64;559538;513;1745217;249;2031654;279;2238974;4;4000;8;7990;0;0;0;0;14;14950;11;11070;58;1060574;171;2882252;106;1737813;112;1268545
18.06.2020 08:00;5;5000;5;5000;77;743730;484;1618380;300;1941634;305;2272771;5;4990;8;7990;0;0;0;0;17;18567;18;18110;52;900215;168;2889028;84;1794403;99;1386492
18.06.2020 09:00;4;3980;3;2990;79;514141;408;1627645;266;1985329;275;1982937;4;4000;8;8000;0;0;0;0;26;27630;13;13090;83;1207018;177;2518055;103;1855218;112;1380460
18.06.2020 10:00;4;4000;4;4000;87;615737;362;1422123;259;1703574;276;1896952;4;4000;8;8000;0;0;0;0;17;17630;10;10090;67;1056465;144;2477888;114;1743169;126;1418914
18.06.2020 11:00;5;5000;5;4980;103;750990;356;1665561;273;1939234;281;1928575;5;4990;9;8980;0;0;0;0;22;22900;17;17090;79;1218076;135;2500138;126;2198346;119;1251849
18.06.2020 12:00;4;3990;5;5000;97;767996;355;1591130;246;1727547;223;1674815;4;4000;10;10000;0;0;0;0;26;26360;10;10070;93;1477479;161;2529399;141;2201560;154;1619775
18.06.2020 13:00;5;4990;6;5990;94;828530;364;1775679;278;1861891;273;2014805;5;4990;9;9055;0;0;0;0;34;40980;9;9200;87;1498893;141;2704691;118;2429575;125;1548234
18.06.2020 14:00;4;4000;3;3000;97;807522;390;1708857;271;1886318;265;1954648;4;4000;6;6000;0;0;0;0;18;19210;17;17060;88;1474631;166;2577154;126;2406546;140;1522441
18.06.2020 15:00;4;4000;4;4000;128;692883;479;1679439;326;2215347;299;2190958;4;4000;8;8000;0;0;0;0;34;51519;17;17090;85;1551180;205;2615659;163;2397039;159;1829976
18.06.2020 16:00;4;4000;4;4000;119;757486;454;1616829;277;2382095;244;2486983;4;3990;9;8260;0;0;0;0;41;44890;28;28110;101;1573401;244;2342964;148;2655759;146;1821085
18.06.2020 17:00;4;4000;4;4000;136;991310;497;1579540;287;2312996;248;2364803;4;4000;9;9700;0;0;0;0;26;28540;29;29180;95;1488718;234;2487031;128;2630963;141;1969232
18.06.2020 18:00;4;3990;5;5000;101;1009577;437;1701058;251;2165182;230;2042900;4;3990;8;8000;0;0;0;0;33;37420;11;11060;90;1606828;198;2444793;161;2311123;156;1762607
18.06.2020 19:00;5;5000;3;3000;81;591508;367;892694;179;1479954;160;1634750;5;4990;8;7990;0;0;0;0;32;35370;20;20060;87;1284396;237;1428054;125;1760659;137;953609
18.06.2020 20:00;3;2990;4;4000;58;418167;262;1007865;153;960426;132;1100505;3;2990;6;5990;0;0;0;0;21;22260;8;8050;55;696889;156;1564804;124;1078369;107;592481
18.06.2020 21:00;2;2000;3;3000;34;301059;199;704836;126;844815;94;733554;2;2000;6;6000;0;0;0;0;12;12360;13;13050;37;360900;138;1126994;93;729344;80;572834
18.06.2020 22:00;2;2000;2;2000;27;112920;207;801894;113;690884;93;795717;2;1990;4;4000;0;0;0;0;23;26670;10;10030;36;303205;150;1053382;81;485800;89;415040
18.06.2020 23:00;2;2000;2;2000;29;112013;131;489526;71;425110;54;554741;2;1990;4;3990;0;0;0;0;5;5040;5;5030;31;369920;103;518315;52;277050;48;176050
19.06.2020 00:00;0;0;1;1000;6;21420;56;190130;37;183374;36;406060;0;0;2;2000;0;0;0;0;2;2020;3;3010;20;190900;47;240165;25;66570;21;65730
19.06.2020 01:00;0;0;0;0;5;41230;30;68760;15;209858;10;241200;0;0;0;0;0;0;0;0;0;0;3;3020;5;24380;26;106730;11;26550;9;26710
19.06.2020 02:00;0;0;0;0;1;21870;20;55320;7;50015;9;32530;0;0;0;0;0;0;0;0;0;0;0;0;2;60836;14;50030;10;31710;8;26970
19.06.2020 03:00;0;0;0;0;5;61130;16;9110;9;79959;12;190535;0;0;0;0;0;0;0;0;1;1000;1;1010;3;27020;9;30530;8;22310;3;5840
19.06.2020 04:00;1;1000;0;0;6;31750;33;86224;22;363552;20;334428;1;1000;0;0;0;0;0;0;1;1010;1;1010;6;79540;31;145500;18;43050;16;41130
19.06.2020 05:00;3;3000;3;3000;12;83550;131;370290;55;607258;79;869745;3;3000;6;5980;0;0;0;0;1;1010;2;2000;12;171123;105;714997;49;296720;25;85960
19.06.2020 06:00;4;3980;4;3980;23;157470;373;1265953;124;1128476;155;1656516;4;3990;8;7980;0;0;0;0;6;7340;3;3010;27;405732;201;1903319;98;1073790;109;649230
19.06.2020 07:00;4;3980;4;4000;59;718982;492;1645814;261;2037355;288;2396694;4;3990;8;8000;0;0;0;0;20;23810;20;20100;50;1120777;142;3073288;96;1782532;87;1190754
19.06.2020 08:00;5;4980;4;3990;83;694973;387;1387422;274;1880294;303;2109065;5;5000;8;7980;0;0;0;0;28;28490;4;4010;65;1106273;175;2546026;87;1745934;108;1288495
19.06.2020 09:00;4;4000;4;3380;71;565950;395;1401640;273;1973208;282;2085098;3;3000;8;8000;0;0;0;0;26;30090;13;13090;69;1077800;178;2513892;106;1943198;136;1337755
19.06.2020 10:00;4;4000;3;3590;97;673108;376;1643505;280;1762612;266;2078442;4;4000;6;5990;0;0;0;0;25;25860;16;16130;71;1155634;168;2588287;143;2033655;147;1168463
19.06.2020 11:00;4;4000;4;3990;97;883612;370;1363914;272;1792905;254;1935439;4;4000;10;9990;0;0;0;0;28;34250;18;18090;98;1243477;141;2490148;127;1915461;138;1539012
19.06.2020 12:00;4;4000;5;4990;111;736532;463;1688533;241;2120419;236;1892454;4;3980;10;9990;0;0;0;0;32;35350;20;20100;83;1684650;188;2642491;129;2767922;140;1704063
19.06.2020 13:00;4;3980;4;4000;100;789379;402;1730255;288;2469758;271;2486716;4;4000;8;7980;0;0;0;0;27;28610;22;22140;91;1859876;207;2498510;130;2510661;163;1769192
19.06.2020 14:00;4;3980;4;3990;115;1104096;443;1582562;271;2340073;265;2327818;4;4000;8;7990;0;0;0;0;27;28100;19;19070;77;1636797;244;2115469;129;2696401;148;1567512
19.06.2020 15:00;4;4000;4;4000;97;648693;442;1537185;255;1972954;248;1982687;4;4000;8;8000;0;0;0;0;24;25840;15;15040;76;1292872;201;2300848;136;2704000;145;1691025
19.06.2020 16:00;4;3990;4;4000;79;397941;444;1867906;243;2131780;240;2132031;4;3990;8;8000;0;0;0;0;29;30150;24;24090;82;1444578;240;2322358;143;2414130;140;1760472
19.06.2020 17:00;4;4000;3;2990;96;568282;469;1566208;249;1979509;214;2030636;4;4000;8;8000;0;0;0;0;42;47090;27;27225;91;1430407;248;2338154;141;2232679;155;1557804
19.06.2020 18:00;4;4000;3;2990;95;575848;435;1622147;230;1774264;213;2010409;4;4000;8;7980;0;0;0;0;42;47140;19;19110;90;1182377;212;2458458;123;2164013;134;1687351
19.06.2020 19:00;5;4980;4;3990;80;551385;396;1218251;200;1643912;193;1621927;5;5000;8;7990;0;0;0;0;28;30740;18;18100;66;1118347;207;1909096;128;1987742;154;1322151
19.06.2020 20:00;3;3000;4;4000;60;412728;256;1222095;154;1190571;149;1268342;3;3000;6;6000;0;0;0;0;36;38235;9;9060;72;995841;159;1556418;112;997158;100;686090
19.06.2020 21:00;2;1990;3;3000;39;274803;210;861464;131;965421;111;716893;2;2000;6;5990;0;0;0;0;18;18590;15;15110;45;596830;130;1000499;97;849583;89;517908
19.06.2020 22:00;2;2000;2;2000;44;204230;225;906486;93;619953;80;818056;2;2000;4;3980;0;0;0;0;22;27668;11;11040;37;470774;140;1218107;96;696900;94;436410
19.06.2020 23:00;2;2000;2;2000;33;150745;150;675196;96;526681;81;626859;2;2000;4;3980;0;0;0;0;11;11600;9;9050;24;285765;108;886818;86;453605;59;262035
20.06.2020 00:00;0;0;1;1000;19;167340;87;441355;62;363302;60;747908;0;0;2;2000;0;0;0;0;9;11392;4;4010;13;72730;68;510993;52;169452;24;68990
20.06.2020 01:00;0;0;0;0;13;141763;75;367798;38;401211;38;387949;0;0;0;0;0;0;0;0;6;6680;11;11097;12;178780;66;296843;32;121796;17;48900
20.06.2020 02:00;0;0;0;0;9;7380;33;193090;40;169320;44;450053;0;0;0;0;0;0;0;0;9;9980;5;5020;10;152460;37;148330;18;51460;15;44200
20.06.2020 03:00;0;0;0;0;8;81050;28;137070;19;167654;16;227285;0;0;0;0;0;0;0;0;1;1010;4;4010;6;76480;17;74520;16;38335;15;27790
20.06.2020 04:00;1;1000;1;1000;7;51740;17;24285;26;351442;20;331162;1;990;2;2000;0;0;0;0;1;1850;0;0;5;44070;16;60130;12;27740;6;17200
20.06.2020 05:00;2;2000;2;1990;14;100930;46;162500;26;294644;38;467534;2;2000;4;3990;0;0;0;0;1;1010;1;1010;13;199627;36;188276;15;96800;17;89960
20.06.2020 06:00;2;2000;2;2000;13;107210;97;410563;28;229720;36;547918;2;2000;4;4000;0;0;0;0;2;2710;2;2000;13;310560;75;420065;44;239770;19;87260
20.06.2020 07:00;3;3000;2;2000;12;23690;150;575496;78;644228;66;679830;3;3000;4;3990;0;0;0;0;3;3110;5;5040;19;183391;105;701446;65;348350;56;206204
20.06.2020 08:00;4;4104;4;4000;27;188736;219;843421;120;994106;106;926883;4;4000;8;7980;0;0;0;0;14;14310;7;7020;31;511391;137;1381559;95;639025;74;587250
20.06.2020 09:00;4;4000;4;3990;57;231240;286;1140293;206;1403333;214;1497051;4;3990;8;8000;0;0;0;0;19;22100;16;16090;52;706012;151;1610359;131;1112330;127;618005
20.06.2020 10:00;4;4000;4;3990;65;421245;321;1475316;265;1819530;263;1850772;4;3990;8;7970;0;0;0;0;31;33860;11;11070;71;1073944;159;2209777;115;1983411;143;1341630
20.06.2020 11:00;4;4000;4;3980;66;578923;331;1371570;254;1581362;234;1649132;4;4000;8;8000;0;0;0;0;29;31020;16;16100;59;1038949;161;2389787;126;1736361;141;1023429
20.06.2020 12:00;4;3990;4;4046;80;508816;375;1505746;266;1694186;246;1745047;4;4000;8;7990;0;0;0;0;24;27770;21;21100;72;992957;159;2261588;130;1913021;153;1247172
20.06.2020 13:00;4;3990;4;4000;84;659855;438;1466747;253;1691457;219;1674112;4;3990;8;7970;0;0;0;0;31;34400;16;16110;63;1263193;188;2522944;129;1781147;127;1046077
20.06.2020 14:00;4;4000;4;3990;75;656391;405;1307166;230;1604802;212;1864879;4;3990;8;8000;0;0;0;0;38;45130;17;17100;68;1230461;182;2385593;157;1851069;181;1280968
20.06.2020 15:00;4;4000;4;4000;82;541035;347;1509929;229;1533276;213;1610566;3;3000;8;8000;0;0;0;0;42;47650;17;17120;77;1377386;160;2121605;154;1879899;163;1315954
20.06.2020 16:00;4;4000;4;4000;84;657784;326;1456310;184;1405615;196;1494005;4;4000;8;8000;0;0;0;0;23;24500;17;17130;77;1252875;179;2002853;147;1608565;144;1089590
20.06.2020 17:00;4;4000;4;4000;68;678532;340;1341849;165;1929795;192;1635039;4;3990;8;8000;0;0;0;0;49;53330;18;18100;72;1075770;189;1895715;130;1837729;149;1012196
20.06.2020 18:00;3;2990;3;3000;71;317972;386;1468641;192;1565583;199;1585175;3;3000;6;5990;0;0;0;0;25;26040;12;12080;67;1127065;181;2390834;144;1770678;144;1126726
20.06.2020 19:00;2;2000;2;2000;53;406399;296;1312894;170;1339521;165;1364329;2;2000;4;4000;0;0;0;0;32;34040;20;20164;63;878160;150;1897687;119;1094808;123;798643
20.06.2020 20:00;2;2000;2;2000;45;266870;266;1049719;132;957441;112;1100712;2;2000;4;4000;0;0;0;0;34;38210;8;8050;52;651038;161;1540888;108;1010021;95;643415
20.06.2020 21:00;2;2064;2;2000;32;223410;238;916959;113;749514;105;899447;2;1990;4;3990;0;0;0;0;17;18020;8;8030;54;638985;148;1304079;116;882282;108;758529
20.06.2020 22:00;2;2000;2;2000;33;128448;278;1010209;84;697432;81;752913;2;2000;4;4000;0;0;0;0;21;23530;7;7020;57;463291;157;1394060;98;553826;109;481051
20.06.2020 23:00;2;2000;2;2000;25;151690;209;754399;80;836280;85;701413;2;2000;4;4000;0;0;0;0;14;14640;6;6020;22;219440;129;1116446;83;361725;65;392170
21.06.2020 00:00;0;0;1;990;18;160645;117;493747;44;296780;56;709165;0;0;2;2000;0;0;0;0;7;8740;7;7075;18;186600;89;584589;56;137790;38;110080
21.06.2020 01:00;0;0;0;0;14;83630;55;254052;40;458423;40;531593;0;0;0;0;0;0;0;0;6;6950;4;4010;8;101450;42;234059;43;161950;41;85100
21.06.2020 02:00;0;0;0;0;4;41740;40;133990;17;62010;23;309630;0;0;0;0;0;0;0;0;7;7620;3;3010;9;163800;37;133070;19;46760;22;73790
21.06.2020 03:00;0;0;0;0;5;31400;16;8940;16;197019;12;169204;0;0;0;0;0;0;0;0;1;1010;3;3000;6;124036;12;44310;16;62460;8;26570
21.06.2020 04:00;0;0;0;0;4;64267;14;56750;10;115940;13;284620;0;0;0;0;0;0;0;0;0;0;4;4000;4;63747;12;40830;11;22290;7;15130
21.06.2020 05:00;2;2000;1;1000;5;48415;28;72020;25;260035;27;367010;2;2000;2;2000;0;0;0;0;0;0;0;0;8;112685;27;87150;9;24140;7;21340
21.06.2020 06:00;2;2000;2;2000;5;41320;38;101080;13;171110;12;253438;2;2000;4;4000;0;0;0;0;3;3150;0;0;5;78680;26;124007;18;50850;12;31020
21.06.2020 07:00;2;1990;2;2000;6;59090;50;139695;29;369426;18;362860;2;1990;4;4000;0;0;0;0;2;2130;1;1000;7;132160;42;180172;55;151480;33;142296
21.06.2020 08:00;2;2000;2;2000;12;107180;67;309770;44;400133;44;549916;2;2000;4;4000;0;0;0;0;4;4210;2;2010;12;161060;68;235220;48;252910;49;220650
21.06.2020 09:00;2;2000;2;1990;27;178235;151;715961;104;739126;105;933407;2;2000;4;4000;0;0;0;0;6;6060;6;6030;17;230865;104;772070;80;476140;83;386932
21.06.2020 10:00;2;2000;2;2000;31;136990;233;764780;145;876859;141;807011;2;1990;4;4000;0;0;0;0;12;13090;3;3030;32;303073;150;1353099;90;873165;99;609226
21.06.2020 11:00;2;2000;2;2000;25;87920;258;1163953;150;1073670;131;1098714;2;2000;4;3990;0;0;0;0;14;18170;7;7020;40;338050;162;1650454;113;989989;97;589929
21.06.2020 12:00;3;3000;3;3000;51;298125;299;907417;179;1078516;160;1177603;3;3000;6;6000;0;0;0;0;13;13540;5;5030;34;415270;163;1712268;125;1234882;107;877474
21.06.2020 13:00;4;4000;4;4000;47;287688;283;958750;201;1325822;162;1142149;4;4000;8;8000;0;0;0;0;10;9949;12;12070;45;364510;148;1493206;137;1115987;103;790280
21.06.2020 14:00;4;3990;4;4000;61;428677;331;1288759;207;1301764;166;1205444;4;4000;8;8000;0;0;0;0;16;21010;9;9070;50;1044486;178;1890335;128;1128815;119;908887
21.06.2020 15:00;4;3990;4;3990;45;277333;312;1208017;218;1035601;185;1339537;4;4000;8;7990;0;0;0;0;21;23590;10;10060;46;598882;162;1770267;97;1358597;107;758537
21.06.2020 16:00;4;3990;4;3990;49;353266;285;1068056;202;1039700;161;1170785;4;4000;8;7990;0;0;0;0;15;17250;27;27190;37;488586;171;1715757;129;1157277;97;625966
21.06.2020 17:00;4;4000;4;3990;54;334611;337;1095970;162;1074988;169;1330863;4;4000;8;8000;0;0;0;0;23;26618;13;13060;51;601437;180;1637789;131;1276601;117;1029718
21.06.2020 18:00;4;3990;4;4000;53;414267;393;1221426;188;1197677;177;1307274;4;3990;8;8000;0;0;0;0;19;24610;18;18100;49;491151;190;2042415;121;1305260;136;955738
21.06.2020 19:00;3;3000;3;3000;41;348583;307;1003516;170;1143875;154;1031456;3;3000;6;6000;0;0;0;0;22;24130;11;11060;54;680659;158;1722030;114;1123813;108;782664
21.06.2020 20:00;2;2000;2;2000;37;264958;241;1027733;151;771192;123;874260;2;2000;4;4000;0;0;0;0;19;29030;9;9060;42;597941;155;1373050;103;836171;96;563320
21.06.2020 21:00;2;2000;2;2000;33;174565;215;840862;102;691526;101;835347;2;2000;4;4000;0;0;0;0;10;10110;8;8040;38;505046;132;1051925;91;885319;77;425644
21.06.2020 22:00;2;2000;2;2000;28;134276;140;556940;72;540650;73;616688;2;2000;4;3990;0;0;0;0;14;15190;11;11080;23;225009;101;579723;80;375836;61;195570
21.06.2020 23:00;2;1980;2;2000;8;20860;75;416688;49;634507;38;643863;2;1990;4;4000;0;0;0;0;1;1010;1;1000;8;38010;64;291486;48;130190;31;76710
22.06.2020 00:00;1;1000;2;2000;11;130580;33;479495;18;193690;25;580015;1;1000;4;4000;0;0;0;0;1;1010;2;2010;11;257012;32;118215;22;55240;19;69140
22.06.2020 01:00;0;0;0;0;1;2360;14;30310;9;141513;8;219393;0;0;0;0;0;0;0;0;0;0;0;0;4;61585;10;38310;8;22660;12;36160
22.06.2020 02:00;0;0;0;0;0;0;13;6440;4;8790;8;123576;0;0;0;0;0;0;0;0;0;0;0;0;2;61290;9;29077;4;11760;10;21840
22.06.2020 03:00;0;0;0;0;3;40730;13;8460;5;114280;8;133464;0;0;0;0;0;0;0;0;0;0;0;0;0;0;9;36680;9;18730;6;13430
22.06.2020 04:00;1;1000;0;0;7;20940;45;80710;22;358274;24;387884;1;1000;0;0;0;0;0;0;1;1010;0;0;7;92890;37;143470;22;105210;10;26220
22.06.2020 05:00;3;3000;3;3000;24;119000;161;403260;48;467599;79;849558;3;3000;6;6000;0;0;0;0;2;2170;2;2010;12;119750;86;700628;68;218337;30;107100
22.06.2020 06:00;4;3990;4;3980;31;162080;383;1063906;147;1077033;183;1343365;4;3990;8;8000;0;0;0;0;5;5550;3;3030;29;453089;160;1916754;86;1166417;65;656946
22.06.2020 07:00;4;3990;3;2990;74;618320;491;1424649;248;1708095;284;2167889;4;4000;6;6000;0;0;0;0;14;14500;16;16040;62;1147521;167;2851867;85;1981460;107;1337515
22.06.2020 08:00;5;4990;4;4000;104;644162;493;1292086;304;2083154;310;2220146;5;4990;10;9980;0;0;0;0;27;31010;13;13070;83;1262419;205;2887966;91;1933820;98;1455159
22.06.2020 09:00;4;4000;4;3990;65;678921;389;1206899;243;1782479;234;2097721;4;4000;8;8000;0;0;0;0;28;29650;13;13030;70;1185540;178;2435420;103;1899582;116;1036369
22.06.2020 10:00;4;3990;4;4000;70;709343;382;1458050;270;1757953;253;1678470;4;3990;6;5980;0;0;0;0;24;29510;23;23100;74;1360212;154;2380563;140;1639853;125;1003564
22.06.2020 11:00;4;4000;4;4000;87;780715;361;1593032;257;1710741;251;1949523;4;4000;10;9980;0;0;0;0;43;46180;18;18155;76;1424488;168;2481224;139;2134263;125;1131676
22.06.2020 12:00;4;4000;6;5990;85;671608;333;1427572;242;1776263;233;1812065;4;3990;10;9980;0;0;0;0;25;27640;12;12100;84;1269118;146;2437945;139;2106675;115;1330801
22.06.2020 13:00;5;5000;4;4000;95;790726;399;1735051;272;1697083;266;1773860;5;5000;7;6990;0;0;0;0;42;47760;24;24110;85;1584111;168;2565598;137;2109420;148;1320362
22.06.2020 14:00;4;3990;4;4000;77;563835;404;1615142;261;1825876;239;1870322;4;4000;8;7980;0;0;0;0;28;35140;21;21145;71;1128572;143;2280116;140;1790526;135;1287920
22.06.2020 15:00;4;3990;4;3990;109;814891;432;1643117;289;2250369;250;2232954;4;3990;10;10000;0;0;0;0;31;42070;18;18060;75;1329888;221;2366110;103;2396685;129;1625873
22.06.2020 16:00;4;4000;4;4000;96;784744;478;1525995;266;2338195;243;2268844;4;4000;6;5980;0;0;0;0;38;43500;12;12126;94;1530381;255;2402249;144;2504579;139;1613685
22.06.2020 17:00;4;4000;4;4000;135;825798;427;1670994;247;2201721;220;2093261;4;4000;10;10045;0;0;0;0;24;26370;25;25100;93;1616220;241;2475952;161;2380956;166;1507342
22.06.2020 18:00;4;4000;5;4990;100;801291;401;1367747;194;1775938;205;1804146;4;3990;8;7970;0;0;0;0;49;57730;19;19070;94;1396728;220;2060222;156;2124292;164;1467488
22.06.2020 19:00;4;4000;4;3810;93;469035;333;1030495;179;1642317;167;1542040;5;4990;8;7990;0;0;0;0;43;46710;16;16080;74;1180890;217;1373930;122;1439770;111;959284
22.06.2020 20:00;4;4000;3;3190;53;294766;220;1144817;153;1007382;131;1011393;3;2990;6;6000;0;0;0;0;20;38806;11;11070;53;697337;128;1290553;98;876532;91;570377
22.06.2020 21:00;2;1980;3;3000;39;132760;187;714568;137;739963;78;588118;2;2000;6;5990;0;0;0;0;21;23610;12;12050;42;461473;132;957230;83;673367;90;606229
22.06.2020 22:00;2;1990;2;2000;32;134620;177;786616;103;710107;78;689100;2;2000;4;3980;0;0;0;0;11;11890;8;8060;37;323207;124;890898;78;294257;84;343503
22.06.2020 23:00;2;2000;2;2000;19;48920;116;535403;40;486746;33;413731;2;2000;4;3990;0;0;0;0;7;7080;0;0;25;227755;88;460873;54;194916;31;98860
23.06.2020 00:00;0;0;1;1000;10;23300;41;171179;41;280700;28;405885;0;0;2;2000;0;0;0;0;0;0;1;1010;5;92860;37;199119;25;66370;18;50720
23.06.2020 01:00;0;0;0;0;2;42110;21;11900;10;194960;6;84670;0;0;0;0;0;0;0;0;0;0;0;0;1;1040;13;48272;9;16680;12;30110
23.06.2020 02:00;0;0;0;0;2;26020;18;9100;5;75810;6;81690;0;0;0;0;0;0;0;0;0;0;0;0;2;47093;17;58910;5;11070;6;13920
23.06.2020 03:00;0;0;0;0;0;0;15;7620;7;152510;5;128950;0;0;0;0;0;0;0;0;0;0;0;0;1;20360;12;45480;5;10845;4;10360
23.06.2020 04:00;1;1000;0;0;3;2600;32;96057;24;208790;20;258510;1;990;0;0;0;0;0;0;2;2010;0;0;5;86290;28;111230;17;43240;10;18170
23.06.2020 05:00;3;3000;3;2980;13;64350;163;305520;56;570627;85;826158;3;3000;6;6000;0;0;0;0;2;2010;0;0;14;238130;102;821186;36;215970;24;90130
23.06.2020 06:00;4;3990;3;3000;31;313344;361;1172633;142;1180845;185;1611375;4;4000;8;7980;0;0;0;0;5;6055;6;6040;33;530764;185;1988522;88;963123;75;547337
23.06.2020 07:00;4;3990;4;3990;70;647150;540;1733226;269;2284855;288;2387264;4;3990;8;8000;0;0;0;0;13;13240;11;11050;67;1124860;141;2885534;94;2112263;102;1415634
23.06.2020 08:00;5;4970;4;3980;88;445704;493;1599096;308;1853573;317;2150780;5;5000;6;6000;0;0;0;0;26;30590;11;11040;59;808925;189;3034721;87;2098275;103;1299673
23.06.2020 09:00;3;3000;4;4000;75;603110;395;1602309;302;1675251;301;2035636;4;3980;10;10000;0;0;0;0;24;25530;8;8050;63;1046109;170;2639981;111;1955106;123;1244705
23.06.2020 10:00;5;4990;4;3990;84;622697;387;1443242;259;1859094;271;1989256;4;4000;8;8000;0;0;0;0;21;23454;16;16090;77;883915;171;2562701;132;1733800;131;1207375
23.06.2020 11:00;4;3990;5;5000;82;734171;346;1370281;267;1816727;246;1788650;4;4000;8;7990;0;0;0;0;30;32940;11;11060;83;1228058;165;2370646;119;1854362;126;1171604
23.06.2020 12:00;4;4000;4;4000;97;605875;387;1622921;251;1961587;239;1810786;4;3990;10;9960;0;0;0;0;33;34430;13;13070;78;1494104;153;2566384;137;1948574;141;1265936
23.06.2020 13:00;4;4000;5;5000;95;717330;380;1665930;269;1755179;259;1759031;4;4000;8;8000;0;0;0;0;43;46850;22;22203;100;1411092;164;2501820;118;2164790;155;1324857
23.06.2020 14:00;4;4000;3;2990;100;811102;405;1499094;274;1756483;262;1975211;4;4000;8;8000;0;0;0;0;30;32890;14;14123;91;1383553;171;2444201;158;2130308;157;1430945
23.06.2020 15:00;4;4000;5;4990;107;557163;464;1809123;299;2165816;264;2220262;4;3990;8;7990;0;0;0;0;28;32370;15;15080;101;1482292;219;2620843;147;2057723;152;1590369
23.06.2020 16:00;4;3990;3;2990;102;823527;476;1356585;275;2147642;244;2183375;4;4000;6;6000;0;0;0;0;30;31470;27;27710;90;1386126;251;2230626;171;2415401;181;1575210
23.06.2020 17:00;4;3990;4;4000;110;957952;462;1519026;250;2283065;247;2182415;4;4000;8;7970;0;0;0;0;34;36350;26;26140;95;1330443;242;2385318;168;2507577;174;1745003
23.06.2020 18:00;4;3980;4;3990;126;1064651;426;1547413;269;2128993;242;2123827;4;4000;10;10000;0;0;0;0;40;44090;15;15090;102;1405163;230;2383039;160;2302754;143;1229026
23.06.2020 19:00;5;4990;4;4000;66;431830;362;1340095;184;1463277;161;1692394;5;5000;8;7980;0;0;0;0;35;36300;15;15100;61;995325;201;1563755;131;1596580;138;1064176
23.06.2020 20:00;3;2980;4;3990;55;460078;258;1216382;166;1024751;132;1042290;3;3000;6;6000;0;0;0;0;17;17420;14;14110;55;862128;142;1533596;108;784792;91;529170
23.06.2020 21:00;2;2000;3;3000;37;202276;208;848201;134;711284;114;977780;2;1990;6;6000;0;0;0;0;14;14630;8;8050;37;473581;125;1009616;84;729414;86;546066
23.06.2020 22:00;2;1990;2;2000;28;60790;204;791517;89;702710;70;773951;2;2000;4;4000;0;0;0;0;16;17160;14;14060;35;390004;142;915780;85;451208;85;433353
23.06.2020 23:00;2;2000;2;2000;16;118890;106;522266;67;557581;51;464413;2;2000;4;4000;0;0;0;0;10;10430;5;5010;21;229320;85;521513;45;177826;50;151376
24.06.2020 00:00;0;0;1;990;5;23180;37;67400;24;299980;20;265140;0;0;2;1990;0;0;0;0;0;0;1;1010;3;28290;28;96747;20;125240;24;53275
24.06.2020 01:00;0;0;0;0;7;13010;19;10180;15;135520;15;247974;0;0;0;0;0;0;0;0;0;0;1;990;3;56690;13;46040;16;37218;2;4528
24.06.2020 02:00;0;0;0;0;1;570;12;7870;9;97567;6;142220;0;0;0;0;0;0;0;0;0;0;0;0;2;43430;6;24880;4;9910;6;18800
24.06.2020 03:00;0;0;0;0;4;26120;14;25090;10;177680;9;228365;0;0;0;0;0;0;0;0;0;0;0;0;1;4160;14;56205;5;16020;5;15870
24.06.2020 04:00;1;990;0;0;4;3900;25;80630;17;337941;15;320270;1;1000;0;0;0;0;0;0;2;2020;0;0;4;14620;32;111460;12;30580;10;19610
24.06.2020 05:00;3;2990;3;3000;20;123190;144;523508;51;475733;85;772026;3;2990;6;5990;0;0;0;0;2;2000;1;1010;15;182630;102;791350;43;255660;22;91500
24.06.2020 06:00;4;4000;4;3980;37;152690;376;893943;139;1222109;182;1611501;4;3990;8;8000;0;0;0;0;2;2060;2;2010;33;594640;201;1841449;92;1080301;73;383307
24.06.2020 07:00;4;3990;3;3000;73;710949;476;1580254;270;2075434;290;2199462;4;4000;8;7990;0;0;0;0;14;14680;11;11050;52;985783;212;2714927;95;1784753;113;1127119
24.06.2020 08:00;5;5000;4;4000;80;552270;516;1479607;318;2239285;317;2182330;5;5043;8;7990;0;0;0;0;31;37010;13;13100;55;1084532;180;3021177;81;1983923;84;1541820
24.06.2020 09:00;4;3990;3;3000;75;409430;391;1474827;301;1899002;280;2114981;4;3990;8;7980;0;0;0;0;20;20930;9;9040;53;918343;203;2534564;104;1908658;104;1464999
24.06.2020 10:00;4;4000;4;3990;71;668020;384;1556539;263;1596983;248;1677471;4;4000;6;6000;0;0;0;0;44;48820;13;13100;69;963826;149;2438846;137;1717078;137;1166526
24.06.2020 11:00;4;3990;4;4000;94;547860;383;1573580;248;1784129;248;1665448;4;4000;10;9960;0;0;0;0;43;44920;10;10930;79;1055881;169;2558240;150;1658734;128;1230248
24.06.2020 12:00;4;3990;6;6000;83;700944;393;1742787;260;2126710;253;2112100;4;3980;10;9990;0;0;0;0;37;41980;12;12090;78;1427124;154;2391508;114;1983373;120;1079105
24.06.2020 13:00;5;4990;4;4000;99;684424;410;1670721;283;1819245;258;1871045;5;5000;7;7000;0;0;0;0;47;49250;10;10050;95;1483431;166;2605472;140;2042121;144;1127671
24.06.2020 14:00;4;3990;4;4000;88;708752;413;1488936;245;1725877;242;1856038;4;4000;10;9990;0;0;0;0;28;29800;25;25170;82;1358541;190;2454986;141;1948897;133;1059128
24.06.2020 15:00;4;3990;4;4000;87;642172;427;1665338;268;1883260;248;1905110;4;4000;8;8000;0;0;0;0;24;27000;14;14060;71;1044357;212;2465064;151;2393596;155;1485779
24.06.2020 16:00;4;4000;4;4000;100;720528;482;1227971;256;2171979;236;2163157;4;4000;8;7970;0;0;0;0;36;40070;13;13040;75;1220951;257;2101165;157;2286649;154;1620241
24.06.2020 17:00;4;3990;4;3990;109;868328;444;1640157;274;2242997;249;2073854;4;3980;8;7990;0;0;0;0;31;32760;19;19200;97;1286025;243;2234648;161;2338962;155;1486803
24.06.2020 18:00;4;3990;5;4990;92;716334;420;1269281;205;1884754;209;1821167;4;4000;8;8044;0;0;0;0;40;43910;21;21110;87;1384853;275;1909331;153;1995761;153;1440639
24.06.2020 19:00;5;5000;4;3990;85;456251;348;1033209;178;1648624;184;1769188;5;5000;8;8000;0;0;0;0;33;36880;20;20130;71;948785;213;1612766;125;1696859;182;1240274
24.06.2020 20:00;3;3000;3;2990;46;351342;243;1159311;148;1086146;133;998116;3;3000;6;5980;0;0;0;0;26;28320;7;7030;49;806080;143;1319669;122;1127265;106;490080
24.06.2020 21:00;2;2000;3;3000;38;194800;209;792282;134;762970;108;764130;2;2000;6;6000;0;0;0;0;11;12480;11;11050;43;650118;121;1011910;101;747641;79;505264
24.06.2020 22:00;2;2000;2;2000;28;94310;188;927251;104;562998;84;697286;2;2000;4;4000;0;0;0;0;18;19410;11;11040;40;291640;131;974304;102;525076;103;404914
24.06.2020 23:00;2;2000;2;2000;24;103043;134;715895;52;638434;37;558234;2;2000;4;4000;0;0;0;0;5;5660;11;11050;20;224280;110;581869;53;157390;53;149934
25.06.2020 00:00;0;0;1;1000;8;49340;46;152510;25;219000;26;392448;0;0;2;2000;0;0;0;0;3;3340;4;4010;7;97860;39;160805;34;100810;25;103360
25.06.2020 01:00;0;0;0;0;6;106966;29;21160;11;94540;11;236941;0;0;0;0;0;0;0;0;1;1010;1;1010;1;38990;20;74100;15;23930;14;25530
25.06.2020 02:00;0;0;0;0;4;39390;17;8440;8;185374;6;85234;0;0;0;0;0;0;0;0;1;1010;0;0;2;26380;12;40280;12;18760;10;29010
25.06.2020 03:00;0;0;0;0;4;49000;7;4880;9;170716;5;139396;0;0;0;0;0;0;0;0;0;0;1;1000;4;52240;5;19180;4;9120;3;11480
25.06.2020 04:00;1;1000;0;0;9;67000;35;117160;20;240315;18;302970;1;1000;0;0;0;0;0;0;0;0;2;2000;8;108796;29;126470;13;36205;10;29080
25.06.2020 05:00;3;2990;3;3000;23;118843;147;445845;45;494363;75;808123;3;3000;6;5980;0;0;0;0;1;1000;0;0;11;184550;95;759143;36;212855;26;110220
25.06.2020 06:00;4;3990;3;3000;29;36020;381;1128998;136;1016909;181;1693367;4;4000;8;7980;0;0;0;0;4;4760;3;3000;34;491295;195;2101885;88;1138020;66;432703
25.06.2020 07:00;3;2990;5;5000;58;713493;500;1499687;262;1985869;308;2327940;3;3000;8;7990;0;0;0;0;17;17240;10;10040;48;811750;120;3189226;102;1905319;104;1141223
25.06.2020 08:00;6;5980;4;4000;87;850064;470;1404201;316;2048599;312;2256958;6;6000;8;8000;0;0;0;0;28;33200;6;6040;60;1000282;193;2844512;98;2183404;104;1451071
25.06.2020 09:00;4;3990;5;5000;78;723225;400;1666433;283;2029147;286;2083462;4;4000;9;8990;0;0;0;0;19;19846;9;9060;73;1066294;166;2583437;109;1780487;115;1211088
25.06.2020 10:00;4;4000;3;3000;96;603985;339;1559597;297;1753934;257;1780346;5;4990;8;7990;0;0;1;550;33;37510;9;9060;78;1185996;143;2475990;130;1888242;129;1426387
25.06.2020 11:00;4;4065;4;4000;102;882909;377;1663703;258;2083264;254;2031039;3;3000;8;7980;0;0;1;800;21;23250;16;16130;81;1433801;182;2580993;127;1933198;128;1200342
25.06.2020 12:00;5;5000;5;5000;102;788919;351;1587061;293;1874333;280;1866244;5;4990;10;10000;0;0;0;0;47;54150;13;13060;98;1320454;166;2389674;125;2164129;157;1312415
25.06.2020 13:00;4;4000;5;4980;90;526263;378;1570327;294;1989180;267;2129679;4;3980;8;8000;0;0;0;0;32;37489;12;12070;81;1488671;161;2394166;119;2317176;133;1232351
25.06.2020 14:00;4;4000;3;3000;89;647960;395;1537825;271;1907010;270;1834121;4;4000;6;5990;0;0;0;0;34;40280;19;19170;88;1491958;152;2491906;131;2141577;139;1119508
25.06.2020 15:00;4;3990;4;4000;105;674671;415;1550064;299;2050092;279;2072955;4;3990;9;9000;0;0;0;0;33;35330;19;19140;102;1381616;199;2505892;132;2448565;161;1607785
25.06.2020 16:00;4;4000;4;4000;108;830595;443;1555076;269;2226507;243;2233644;4;4000;7;6970;0;0;0;0;43;55840;15;15110;91;1422522;246;2411105;140;2587499;144;1721349
25.06.2020 17:00;4;4000;4;4000;109;814956;472;1611131;268;2165909;232;2272473;4;3980;8;7990;0;0;0;0;36;38630;17;17120;93;1703884;255;2250199;164;2523311;159;1659731
25.06.2020 18:00;4;4000;5;4980;111;991209;428;1501834;252;2279827;226;2167333;4;4000;10;9990;0;0;0;0;40;41164;18;18060;94;1438369;227;2138631;122;2042196;128;1460092
25.06.2020 19:00;5;4990;4;3990;87;686595;363;1203223;194;1602298;179;1733641;5;5000;8;8000;0;0;0;0;28;30180;13;13040;85;1357763;204;1590257;121;1576027;116;1197339
25.06.2020 20:00;3;3000;3;2990;46;335291;252;1268967;169;1036203;145;907974;3;3000;6;5990;0;0;0;0;24;25255;14;14070;55;638681;161;1451961;105;973915;106;600414
25.06.2020 21:00;2;2000;3;2990;50;362511;251;928977;138;934860;107;787110;2;2000;6;6000;0;0;0;0;10;10130;10;10040;55;504509;154;1380651;101;1103156;87;626806
25.06.2020 22:00;2;2000;2;1990;34;259960;224;995317;125;764488;100;890550;2;1990;4;4000;0;0;0;0;15;17010;5;5010;47;461621;119;1004719;93;493140;77;326080
25.06.2020 23:00;2;2000;2;2000;24;118672;138;494657;54;344316;39;350302;2;2000;4;4000;0;0;0;0;6;6040;2;2010;30;202975;98;642570;65;216560;52;163090
26.06.2020 00:00;0;0;1;1000;7;42074;60;312110;25;272685;23;323792;0;0;2;1980;0;0;0;0;1;1010;3;3030;5;35930;59;213160;31;73450;13;35000
26.06.2020 01:00;0;0;0;0;6;27120;29;166118;13;215600;11;186770;0;0;0;0;0;0;0;0;0;0;0;0;2;9530;21;84200;13;30035;19;51516
26.06.2020 02:00;0;0;0;0;2;890;24;66006;6;67090;11;182910;0;0;0;0;0;0;0;0;0;0;0;0;2;42542;18;75844;10;19310;9;23770
26.06.2020 03:00;0;0;0;0;2;3010;12;30460;9;118100;7;123690;0;0;0;0;0;0;0;0;0;0;0;0;2;47170;13;34970;3;5430;1;2870
26.06.2020 04:00;1;1000;0;0;9;40850;22;54554;20;288119;17;244979;1;1000;0;0;0;0;0;0;0;0;0;0;7;89350;17;128314;21;76224;12;40570
26.06.2020 05:00;3;3046;2;1990;11;75693;142;350971;54;597965;75;896573;3;3000;6;5990;0;0;0;0;3;3000;0;0;10;170967;94;745276;48;259870;32;135273
26.06.2020 06:00;4;4000;5;4730;27;157990;340;1212798;128;1103178;158;1686915;4;4000;8;8000;0;0;0;0;1;1650;8;8020;30;484026;151;1825822;76;1049659;67;491160
26.06.2020 07:00;4;3980;3;3260;55;416660;503;1472005;238;1856589;264;2237358;4;4000;8;7990;0;0;0;0;12;12450;11;11030;38;717730;172;2894578;91;1758023;123;1095932
26.06.2020 08:00;4;3980;4;3980;87;771335;453;1504840;310;2212019;297;2509758;5;5000;6;5990;0;0;0;0;16;18110;5;5000;70;1296038;213;2641591;85;2220266;118;1452809
26.06.2020 09:00;5;4360;5;4980;75;554620;486;1583868;259;1708044;300;2171107;4;3990;9;9000;0;0;0;0;22;22430;11;12340;66;1214673;203;2781892;121;1915605;139;1350456
26.06.2020 10:00;4;4620;3;3000;93;667895;348;1619935;319;1904803;318;2017388;4;3990;4;4000;0;0;0;0;36;39090;18;18100;81;1106752;176;2486486;221;1949412;155;1574264
26.06.2020 11:00;3;3000;5;5000;100;693008;375;1804055;266;2127195;268;2183119;4;4000;4;3990;0;0;0;0;35;36070;11;11060;92;1167933;155;2472487;157;2084317;156;1189199
26.06.2020 12:00;5;5000;4;4000;103;990205;426;1682908;294;1966652;272;2294259;4;4000;4;3980;0;0;0;0;34;36300;14;14070;90;1562581;204;2447022;138;2340440;166;1443379
26.06.2020 13:00;5;4990;5;5000;117;763842;428;1694262;289;2283103;282;2365875;5;4990;5;5000;0;0;0;0;27;29710;16;16110;85;1277177;234;2553880;121;2510059;179;1761362
26.06.2020 14:00;4;4000;5;5055;118;790454;432;1505612;260;2173457;253;2129874;4;4000;5;4990;0;0;0;0;24;26470;15;15060;82;1569391;238;2137879;114;2645408;176;1751142
26.06.2020 15:00;4;4000;3;3000;98;828000;454;1607693;299;2297550;252;2412763;4;3990;4;4000;0;0;0;0;34;37650;15;15070;82;1432219;268;2170098;190;2734149;207;1954387
26.06.2020 16:00;4;4000;5;5000;97;609944;431;1476644;245;1913639;247;2263366;4;4000;4;4000;0;0;0;0;43;45010;21;21170;65;1093424;264;2224100;146;2256507;150;1954733
26.06.2020 17:00;4;4000;4;4000;103;785361;463;1584910;266;2031035;240;2009117;4;4000;4;3990;0;0;0;0;34;35940;16;16090;91;1563385;230;2480057;163;2268933;154;1685412
26.06.2020 18:00;4;3990;3;2990;98;493404;449;1520121;262;2130218;237;1964393;4;4000;4;4000;0;0;0;0;34;38480;17;17390;89;1348456;225;2386468;164;2136377;153;1834028
26.06.2020 19:00;5;5000;5;4990;80;785948;393;1353744;202;1775262;178;1866304;5;5000;4;4000;0;0;0;0;27;28080;9;9030;80;1098802;225;1756923;135;1742551;134;1137979
26.06.2020 20:00;3;2980;3;3000;56;423605;251;1098815;161;1015084;142;966435;3;3000;3;3000;0;0;0;0;19;19710;15;15070;63;983261;139;1472788;114;1120960;91;587557
26.06.2020 21:00;2;2000;3;3000;32;196530;216;970397;124;1006425;103;1071148;2;1990;3;2990;0;0;0;0;23;24120;7;7093;48;552943;134;1307485;100;710826;104;511545
26.06.2020 22:00;2;2000;2;1990;28;97861;200;970534;120;663615;104;902005;2;1990;2;2000;0;0;0;0;21;24570;11;11040;41;268976;132;1214734;103;441021;84;420152
26.06.2020 23:00;2;2000;2;2000;22;75670;178;518537;86;472433;84;755370;2;2000;2;2000;0;0;0;0;7;7130;3;3000;27;223350;119;776093;89;336444;58;177220
27.06.2020 00:00;0;0;1;1000;18;149425;102;429246;62;285130;67;739642;0;0;1;1000;0;0;0;0;7;7860;8;8010;13;120530;85;519352;57;244255;39;111205
27.06.2020 01:00;0;0;0;0;16;97635;53;260563;36;413905;39;598120;0;0;0;0;0;0;0;0;4;4140;6;6040;6;74615;33;130670;23;84570;21;62101
27.06.2020 02:00;0;0;0;0;6;62555;35;69305;33;256980;33;458120;0;0;0;0;0;0;0;0;2;2010;1;1010;6;90105;33;125700;14;30790;7;19240
27.06.2020 03:00;0;0;0;0;5;36176;24;108060;21;184815;15;234780;0;0;0;0;0;0;0;0;0;0;1;1010;5;87086;14;62590;10;25710;6;20480
27.06.2020 04:00;1;1000;0;0;8;109615;20;42590;24;292534;20;286124;1;1000;0;0;0;0;0;0;2;2054;3;3020;2;27150;11;47850;11;47550;8;21200
27.06.2020 05:00;3;2990;3;3000;20;146680;60;99820;31;307819;24;349523;3;3000;3;3000;0;0;0;0;1;1000;2;2010;6;119810;53;141810;19;59858;16;57000
27.06.2020 06:00;4;4000;4;3980;22;29710;80;252325;31;358700;30;458607;4;4000;4;4000;0;0;0;0;3;5250;0;0;13;191780;68;415772;50;288310;19;66820
27.06.2020 07:00;4;3990;4;4000;30;158950;125;616669;86;609475;90;781646;4;3980;4;4000;0;0;0;0;4;4050;4;4020;19;199890;86;692500;61;366114;47;277290
27.06.2020 08:00;4;3990;4;4000;36;90210;243;999796;131;1066469;143;1168143;4;4000;4;3990;0;0;0;0;15;15360;9;9040;32;388969;155;1314415;88;725885;84;478649
27.06.2020 09:00;4;3990;4;4000;52;408250;309;1264190;199;1545414;192;1714019;4;4000;4;4000;0;0;0;0;11;11770;12;12080;49;739720;168;1823889;118;1062680;138;1008717
27.06.2020 10:00;4;4000;4;4000;63;500658;353;1425616;239;1654585;253;1845882;4;3990;4;4000;0;0;0;0;23;23960;16;16090;57;903325;163;2247718;159;1584422;166;1272635
27.06.2020 11:00;4;3990;4;3990;86;685812;345;1535078;267;1809258;262;1934044;4;4000;4;4000;0;0;0;0;29;31280;13;13590;79;960827;159;2230018;140;1717353;148;1299121
27.06.2020 12:00;4;3990;4;4000;92;727453;389;1412741;248;2084316;235;1869224;4;4000;4;4037;0;0;1;520;30;32720;15;15100;77;1274565;173;2330059;137;2106010;137;1151419
27.06.2020 13:00;4;3990;4;4000;85;562230;381;1594400;256;1763898;234;1983040;4;3990;4;4000;0;0;0;0;32;34977;11;11080;94;1493864;149;2275382;134;2096597;143;1143539
27.06.2020 14:00;4;4000;4;3990;103;606132;373;1517369;234;1983828;230;1987875;4;4000;4;4000;0;0;0;0;40;43474;20;20160;83;1456591;178;2283283;137;1885832;138;1900936
27.06.2020 15:00;4;4000;4;4000;69;338216;365;1541694;218;1590299;212;1515887;4;3990;4;4000;0;0;0;0;29;30523;11;11149;74;1290377;154;2177879;130;1754669;151;1345437
27.06.2020 16:00;4;3990;4;4000;69;916711;358;1342919;180;1356278;174;1443934;4;3990;4;3990;0;0;0;0;35;41590;18;18153;59;821128;175;1831901;155;1612073;141;1002627
27.06.2020 17:00;4;3990;4;4000;71;585403;353;1394144;185;1322049;183;1450614;4;3990;4;4000;0;0;0;0;29;31710;18;18100;64;1192348;154;2169684;135;1388403;147;1126224
27.06.2020 18:00;4;3990;4;4000;71;526452;346;1404327;191;1415824;175;1613690;4;4000;4;4000;0;0;0;0;27;29320;17;17090;72;1289146;182;1937375;146;1519700;161;1113388
27.06.2020 19:00;4;3990;4;3990;66;634290;303;1505071;178;1324422;156;1419592;4;4000;4;3990;0;0;0;0;37;43670;13;13040;61;1119892;159;1956622;117;1338437;135;1169532
27.06.2020 20:00;2;2000;2;2000;40;256080;305;1038988;149;1089160;122;1011018;2;2000;2;2000;0;0;0;0;29;29690;14;14090;47;553010;166;1368626;106;841102;115;627125
27.06.2020 21:00;2;2056;2;2000;35;288130;236;975349;129;748971;110;961167;2;2000;2;2000;0;0;0;0;19;21360;13;13060;53;690401;129;1239385;92;647369;91;555864
27.06.2020 22:00;2;2000;2;2000;31;107486;286;1038547;98;631115;88;931004;2;2000;2;2000;0;0;0;0;22;26186;12;12040;50;441173;146;1505385;100;524560;128;704157
27.06.2020 23:00;1;1000;2;2000;29;253884;237;871555;100;746903;98;971955;1;1000;2;2000;0;0;0;0;9;9850;12;12280;21;243880;152;1162473;79;296127;59;228606
28.06.2020 00:00;0;0;1;1000;12;53060;117;647715;78;442366;73;783566;0;0;1;1000;0;0;0;0;8;8150;8;8030;20;266990;81;543686;83;229650;38;115247
28.06.2020 01:00;0;0;0;0;16;91020;69;161569;33;325803;34;457126;0;0;0;0;0;0;0;0;4;4250;4;4010;18;245495;57;267827;42;166318;34;116100
28.06.2020 02:00;0;0;0;0;13;67125;50;96170;31;221180;24;225680;0;0;0;0;0;0;0;0;2;2100;4;4030;5;82720;35;165000;32;100460;30;88280
28.06.2020 03:00;0;0;0;0;4;31830;32;51750;8;87794;11;214884;0;0;0;0;0;0;0;0;1;1040;2;2010;3;79730;23;94220;10;26050;12;37460
28.06.2020 04:00;0;0;0;0;3;41260;23;20840;10;105490;9;145770;0;0;0;0;0;0;0;0;0;0;1;1000;2;45740;21;95800;9;26070;13;76360
28.06.2020 05:00;2;2000;1;1000;7;11610;33;74215;23;271179;21;406818;2;2000;1;1000;0;0;0;0;1;1010;1;1000;4;79705;28;118000;13;46990;12;23744
28.06.2020 06:00;2;2000;2;1990;16;113810;30;211650;17;249090;16;350660;2;2000;2;2000;0;0;0;0;4;4270;1;1010;4;109000;26;105320;13;52906;17;49400
28.06.2020 07:00;2;2000;2;1990;12;44010;44;66920;21;243477;11;215345;2;1990;2;2000;0;0;0;0;1;1010;1;1000;17;297667;38;78300;19;57060;17;77990
28.06.2020 08:00;2;2000;2;2000;14;87563;84;308075;60;542032;51;576740;2;2000;2;2000;0;0;0;0;6;7010;4;4020;9;105290;73;380182;45;278220;28;108770
28.06.2020 09:00;2;2000;2;2000;30;179333;164;760839;99;629031;92;753543;2;2000;2;2000;0;0;0;0;7;7570;4;4010;24;340190;116;842318;74;732685;63;310289
28.06.2020 10:00;2;2000;2;2000;36;141360;205;722370;134;930611;132;983264;2;2000;2;2000;0;0;0;0;15;15610;10;10050;40;475462;120;1054226;86;967485;77;531468
28.06.2020 11:00;2;1990;2;2000;41;269874;234;1252406;185;1098648;155;987904;2;2000;2;2000;0;0;0;0;6;6080;8;8040;40;562866;149;1308182;124;1133051;92;498047
28.06.2020 12:00;3;2990;3;2990;38;161580;261;1080599;171;1197304;157;1392015;3;3000;3;3000;0;0;0;0;16;17420;10;10060;45;509046;162;1430920;113;1053892;113;693066
28.06.2020 13:00;4;3990;4;3980;42;243390;336;988698;177;1410491;159;1262257;4;3990;4;4000;0;0;0;0;21;22400;6;5820;57;751813;183;1766700;131;1312472;96;638077
28.06.2020 14:00;4;3990;4;4000;67;475658;334;1396957;185;1431658;172;1362678;4;3990;4;4000;0;0;0;0;12;12210;7;7260;52;473969;159;2155204;125;1267521;117;941999
28.06.2020 15:00;4;4000;4;4000;56;302540;317;1314244;212;1402926;203;1399409;4;3990;4;4000;0;0;0;0;14;14420;6;6020;41;505240;160;1866900;122;1063564;118;865660
28.06.2020 16:00;4;3990;4;4000;51;435494;348;1352390;186;1367303;190;1578394;4;3980;4;3990;0;0;0;0;16;16290;9;9050;43;778913;185;1804119;124;1208709;111;581801
28.06.2020 17:00;4;4000;4;4000;57;364465;377;1446776;174;1257130;186;1468396;4;4000;4;4000;0;0;0;0;9;9134;2;2000;53;783164;142;2138014;119;1365326;114;806996
28.06.2020 18:00;4;4000;4;3990;49;266640;351;1173063;188;1308706;162;1338410;4;4000;4;4000;0;0;0;0;12;12640;9;9030;54;739055;159;2002658;112;1068406;102;682267
28.06.2020 19:00;2;2000;2;2000;37;250110;282;1286022;144;866319;154;1131872;2;2000;2;1990;0;0;0;0;14;15400;4;4010;53;591170;155;1566532;127;1144163;118;796408
28.06.2020 20:00;2;2000;2;2000;28;133630;270;877534;111;700796;118;1007690;2;1990;2;2000;0;0;0;0;10;10510;11;11040;33;414304;147;1324344;105;819274;96;476974
28.06.2020 21:00;2;2057;2;2000;24;78760;170;808042;83;613448;93;946224;2;1990;2;2000;0;0;0;0;7;7390;6;6030;38;483948;127;864330;104;621588;100;408837
28.06.2020 22:00;2;1990;2;2000;18;104630;131;497591;55;374824;65;568754;2;2000;2;1990;0;0;0;0;6;6160;5;5000;22;215345;100;608909;78;296160;58;216086
28.06.2020 23:00;2;1980;2;2000;10;75270;72;279010;28;213366;29;401328;2;2000;2;2000;0;0;0;0;3;3020;3;3020;7;84810;63;309465;35;107320;29;67550
29.06.2020 00:00;0;0;1;1000;5;57840;33;56550;17;281320;20;383250;0;0;1;1000;0;0;0;0;0;0;1;1010;6;39380;26;127250;19;36730;22;62540
29.06.2020 01:00;0;0;0;0;1;16780;13;20260;9;158110;5;110240;0;0;0;0;0;0;0;0;0;0;0;0;0;0;8;32810;8;24060;11;25040
29.06.2020 02:00;0;0;0;0;0;0;11;16640;8;144944;6;142464;0;0;0;0;0;0;0;0;0;0;0;0;0;0;8;25800;6;11500;9;20650
29.06.2020 03:00;0;0;0;0;2;18250;11;8610;7;88930;4;64770;0;0;0;0;0;0;0;0;0;0;0;0;2;35400;6;19610;4;10540;4;8630
29.06.2020 04:00;1;1000;0;0;2;4940;36;73130;23;335848;22;375554;1;1000;0;0;0;0;0;0;0;0;0;0;6;56660;26;133930;14;34795;12;20290
29.06.2020 05:00;3;2980;2;1990;7;16870;166;541475;57;415972;94;989819;3;3000;3;3000;0;0;0;0;2;3010;1;1000;17;249528;109;895298;54;271640;20;82260
29.06.2020 06:00;4;3990;4;4000;22;242980;394;1200429;132;1229998;182;1788889;4;3990;4;4000;0;0;0;0;5;5500;5;5010;34;659156;166;2086911;91;1184033;79;581254
29.06.2020 07:00;4;4000;5;5000;59;498540;516;1432519;276;1860308;292;2199744;4;3990;4;3990;0;0;0;0;14;14685;11;12750;53;998500;194;2919995;92;1849414;93;1051367
29.06.2020 08:00;5;4990;3;2990;68;663494;486;1502375;292;2117130;294;2220960;5;5000;4;3990;0;0;0;0;22;22810;14;14060;67;1204172;206;2734896;95;2013722;110;1389666
29.06.2020 09:00;3;3000;5;5000;63;586841;410;1591047;250;1772442;275;2056026;4;4000;4;4000;0;0;0;0;15;15190;6;6030;68;1103702;177;2495653;125;1911750;128;1253949
29.06.2020 10:00;4;4000;5;4990;99;736395;365;1409454;283;1918994;266;2037679;3;3000;5;5000;0;0;0;0;34;36230;7;7040;82;1421955;164;2373442;131;2199979;150;1413670
29.06.2020 11:00;4;4000;4;3990;83;781809;371;1923375;246;2072442;252;2114577;4;4000;4;4000;0;0;0;0;15;17200;15;15040;76;1270257;151;2664481;116;2336601;132;1543330
29.06.2020 12:00;6;5990;6;5990;105;820144;367;1512404;275;2122973;278;2103201;6;5990;6;6000;0;0;0;0;30;33920;17;17070;88;1467426;151;2294700;118;2257197;138;1648839
29.06.2020 13:00;4;3990;3;3000;104;703096;417;1301894;241;1881758;250;2168913;4;4000;4;3980;0;0;0;0;35;39910;15;15070;85;1325718;171;2624112;132;2243332;151;1543383
29.06.2020 14:00;4;3990;4;4000;91;639000;404;1560004;254;1882715;268;2057671;4;4000;4;4000;0;0;0;0;40;41144;16;16070;84;1398000;149;2482207;141;2394971;180;1571153
29.06.2020 15:00;4;4000;5;4990;110;929194;458;1650752;279;2171298;275;2204237;4;3980;4;3990;0;0;0;0;43;45820;13;13070;128;1485731;217;2572009;148;2569580;174;1738067
29.06.2020 16:00;4;3990;4;4000;106;919971;446;1767814;253;2503355;265;2204335;4;3990;4;3990;0;0;0;0;34;40220;19;19120;108;1523425;243;2401910;139;2668270;186;1724424
29.06.2020 17:00;4;4000;4;4000;114;833081;460;1636307;267;2081244;241;2117925;4;4000;4;3990;0;0;0;0;28;29045;24;24130;105;1772501;244;2401350;141;2681840;173;1752530
29.06.2020 18:00;4;3990;4;3990;108;571667;438;1331268;236;1996087;218;2090744;4;3990;4;4000;0;0;0;0;50;54984;16;16090;98;1579615;261;1970944;157;2306338;170;1519446
29.06.2020 19:00;5;4990;4;4000;77;557752;355;1116221;180;1438463;173;1808614;5;5000;4;4000;0;0;0;0;35;38650;17;17070;65;1134549;208;1524088;133;1515320;131;1071208
29.06.2020 20:00;3;3000;3;3000;54;257355;231;1101588;139;813310;122;821832;3;2980;3;3000;0;0;0;0;25;26520;7;7040;46;539215;141;1336877;114;1010082;98;709110
29.06.2020 21:00;2;2000;3;2990;44;180708;205;880186;114;760743;91;862713;2;1990;3;3000;0;0;0;0;23;23670;9;9040;44;511314;149;999010;91;741810;92;526728
29.06.2020 22:00;2;2000;2;2000;34;104070;221;1007029;92;650155;91;931722;2;2000;2;2000;0;0;0;0;14;14650;6;6020;27;238400;142;1253425;78;353804;74;263499
29.06.2020 23:00;2;2000;2;2000;14;106090;118;455376;55;654933;38;449814;2;1990;2;2000;0;0;0;0;2;2010;7;7030;17;134670;82;514857;41;199910;43;119118
30.06.2020 00:00;0;0;1;1000;5;66000;60;163780;30;289810;23;312150;0;0;1;1000;0;0;0;0;1;1010;1;1000;9;125650;45;261660;26;58160;16;66250
30.06.2020 01:00;0;0;0;0;2;28610;35;65110;10;196116;8;195799;0;0;0;0;0;0;0;0;1;1010;1;1000;0;0;23;125381;8;17150;17;37040
30.06.2020 02:00;0;0;0;0;3;38850;11;5700;3;38020;1;19230;0;0;0;0;0;0;0;0;0;0;0;0;3;30750;14;37590;8;15860;7;20690
30.06.2020 03:00;0;0;0;0;1;6420;21;9980;9;148410;4;89800;0;0;0;0;0;0;0;0;0;0;0;0;0;0;15;58440;7;15020;6;15000
30.06.2020 04:00;1;990;0;0;5;44910;30;59560;19;284030;18;367448;1;1000;0;0;0;0;0;0;0;0;0;0;6;39340;28;116890;17;41680;8;14630
30.06.2020 05:00;3;3000;3;3000;11;18190;145;432103;64;533728;88;846160;3;3000;3;3000;0;0;0;0;1;1010;2;2010;17;269616;118;593562;43;285610;18;64230
30.06.2020 06:00;4;4000;4;4000;25;259155;392;1282711;154;1088716;198;1764954;4;4000;4;3990;0;0;0;0;9;10840;7;7040;33;604310;176;2122993;106;1183804;75;490384
30.06.2020 07:00;4;4000;3;3000;53;629148;553;1658914;295;2150430;305;2280897;4;4000;4;4000;0;0;0;0;24;24160;15;15030;60;1064380;160;3057096;85;1968355;98;1311747
30.06.2020 08:00;5;5000;5;4990;79;714678;503;1170502;319;2033610;323;2304855;5;4990;4;4000;0;0;0;0;26;27910;17;17100;65;1222017;171;3029468;98;2198991;116;1603508
30.06.2020 09:00;3;3000;3;3000;69;501948;449;1637094;298;1933233;288;2091017;3;3000;4;3990;0;0;0;0;25;27180;14;14070;62;1281275;185;2777467;117;1811476;145;1182799
30.06.2020 10:00;4;3990;5;4990;85;674737;397;1701241;271;1839532;266;2112831;4;3990;4;3970;0;0;0;0;30;32750;15;15060;77;1368522;145;2827332;115;2140776;144;1338643
30.06.2020 11:00;5;5000;3;3000;105;760337;370;1680237;265;1957548;267;1956968;5;4990;3;2990;0;0;0;0;32;36910;23;23170;82;1387915;143;2593028;120;1696096;122;1252671
30.06.2020 12:00;4;3990;6;6000;103;671985;422;1709250;295;1837174;288;1747378;4;4000;6;5990;0;0;0;0;32;35038;24;23820;82;1468178;148;2818697;132;1821192;127;1318101
30.06.2020 13:00;5;4990;5;5000;103;641524;392;1957493;292;1883945;267;1940386;5;4990;5;4970;0;0;0;0;25;26540;24;24390;82;1374580;169;2611459;132;2125248;146;1210421
30.06.2020 14:00;4;3990;3;2990;119;653200;373;1559116;262;1802298;249;2042451;4;4000;3;3000;0;0;0;0;40;42240;24;24140;88;1708283;165;2474361;144;2162097;147;1310636
30.06.2020 15:00;4;3990;4;4000;110;1002322;422;1772778;297;2331328;280;2310946;4;4000;5;4990;0;0;0;0;29;29500;21;21130;82;1443859;227;2482789;125;2528169;158;1840910
30.06.2020 16:00;4;4000;5;5000;114;839240;479;1798418;268;2609882;268;2414494;4;4000;4;4000;0;0;0;0;48;52760;21;21120;95;1399127;260;2542811;146;2739523;168;1558693
30.06.2020 17:00;4;3990;3;3000;147;1029064;454;1749809;266;2532901;249;2348160;4;4000;3;3000;0;0;0;0;43;46440;19;19110;93;1695113;264;2654693;155;2516179;163;2054963
30.06.2020 18:00;4;3990;5;5000;120;543594;449;1372355;244;2180516;241;2116862;4;3990;5;5000;0;0;0;0;39;41310;16;16610;96;1340665;236;2154016;125;2506110;172;1725053
30.06.2020 19:00;5;5000;4;4000;98;766658;351;939090;201;1541026;172;1861959;5;4980;4;3990;0;0;0;0;27;29000;17;17090;82;952910;200;1641178;143;1604543;137;972341
30.06.2020 20:00;3;2990;3;2990;50;272640;248;1012787;157;907846;147;1061112;3;3000;3;3000;0;0;0;0;21;21680;19;19100;60;734649;162;1451144;110;1125687;104;644180
30.06.2020 21:00;2;2000;3;3000;41;128400;235;1102092;137;937508;118;889412;2;2000;3;2990;0;0;0;0;15;15570;10;10050;37;536296;146;1207110;102;890482;104;605986
30.06.2020 22:00;2;1990;2;2000;34;128544;206;860456;101;677937;85;669806;2;2000;2;1990;0;0;0;0;34;40700;9;9030;46;388786;116;927520;89;420146;101;496837
30.06.2020 23:00;2;1990;2;2000;24;103640;130;676148;69;490243;59;613608;2;2000;2;2000;0;0;0;0;10;13170;5;5020;29;301025;111;662577;64;336090;50;182040
01.07.2020 00:00;0;0;1;1000;12;72167;42;84487;28;233870;28;443739;0;0;1;1000;0;0;0;0;2;2200;2;2020;6;70470;37;140720;29;71180;16;30310
01.07.2020 01:00;0;0;0;0;4;40760;14;9020;10;126825;15;301605;0;0;0;0;0;0;0;0;0;0;1;1010;5;27970;11;41740;12;22550;7;17701
01.07.2020 02:00;0;0;0;0;0;0;15;13750;6;150340;3;55330;0;0;0;0;0;0;0;0;0;0;2;2020;1;17020;11;42440;3;7590;7;15640
01.07.2020 03:00;0;0;0;0;2;31230;14;34350;8;143470;7;198180;0;0;0;0;0;0;0;0;0;0;0;0;0;0;15;59050;4;10730;1;720
01.07.2020 04:00;1;990;0;0;4;36520;33;74293;22;305665;23;465825;1;1000;0;0;0;0;0;0;0;0;0;0;4;55883;25;94360;17;36650;13;25234
01.07.2020 05:00;3;3049;2;1990;13;62360;153;429311;65;512211;95;856472;3;3000;3;3000;0;0;0;0;1;1000;2;2000;11;85889;108;818221;43;245650;19;55570
01.07.2020 06:00;4;3990;5;4990;28;203310;402;1154174;156;1110866;191;1675619;4;4000;4;4000;0;0;0;0;6;8010;2;2020;30;594605;164;2051582;93;1051629;69;512898
01.07.2020 07:00;4;4000;3;3000;61;450910;530;1583754;286;2190832;301;2388768;4;4000;3;3000;0;0;0;0;16;16100;14;14050;55;1018440;178;3011179;95;1954840;99;1401441
01.07.2020 08:00;5;5000;5;5000;85;594283;488;1698725;316;2079491;325;2219312;5;5000;5;5000;0;0;0;0;19;21989;11;11040;67;1119011;161;3106393;111;2080835;119;1504616
01.07.2020 09:00;4;3990;3;3000;87;632596;428;1598770;292;1892975;285;2141356;4;3990;4;3990;0;0;0;0;30;31434;21;21130;58;910713;174;2633903;111;2051170;119;1627085
01.07.2020 10:00;4;3990;4;4000;77;705320;410;1519408;267;1651797;270;2105441;4;4000;4;3990;0;0;0;0;35;36330;21;21100;69;1101723;155;2496284;123;1788083;135;1548621
01.07.2020 11:00;4;4000;4;3990;75;620500;381;1707615;279;1994308;264;2200098;4;3990;3;3000;0;0;0;0;31;33850;12;12080;99;1568273;153;2540053;148;2007379;144;1064450
01.07.2020 12:00;4;3990;5;5000;106;887408;387;1438686;283;2038349;246;2003280;4;3990;6;5980;0;0;0;0;34;37631;15;15120;91;1579084;159;2597965;156;2058320;167;1462618
01.07.2020 13:00;4;3980;5;5000;101;793088;444;1763207;302;1775535;287;2029210;4;3990;4;3990;0;0;0;0;35;37820;18;18090;86;1594400;167;2732188;125;2246154;142;1461840
01.07.2020 14:00;4;4000;4;3990;88;755787;435;1273425;271;1768242;248;1906277;4;3980;4;3990;0;0;0;0;35;37340;12;12080;83;1522202;207;2410312;156;1907345;147;1386584
01.07.2020 15:00;4;3990;4;3980;113;745905;446;1809052;268;1890746;247;1803390;4;4000;4;4000;0;0;0;0;26;27980;18;18090;90;1187503;206;2567140;137;2370534;157;1534412
01.07.2020 16:00;4;4000;3;3000;120;1048653;501;1472965;281;2283650;243;2184274;4;3990;4;3990;0;0;0;0;38;44245;21;21160;80;1406878;211;2564596;144;2382570;161;1788990
01.07.2020 17:00;0;0;1;1000;16;60280;72;176796;36;353850;33;269736;0;0;0;0;0;0;0;0;3;3330;6;6030;12;54400;46;315103;24;3455034;26;3341170
01.07.2020 18:00;0;0;0;0;0;0;0;0;0;0;0;0;0;0;0;0;0;0;0;0;0;0;0;0;0;0;0;0;0;3600000;0;3600000
01.07.2020 19:00;0;0;0;0;0;0;0;0;0;0;0;0;0;0;0;0;0;0;0;0;0;0;0;0;0;0;0;0;0;3600000;0;3600000
01.07.2020 20:00;0;0;0;0;0;0;0;0;0;0;0;0;0;0;0;0;0;0;0;0;0;0;0;0;0;0;0;0;0;3600000;0;3600000
01.07.2020 21:00;0;0;0;0;0;0;0;0;0;0;0;0;0;0;0;0;0;0;0;0;0;0;0;0;0;0;0;0;0;3600000;0;3600000
01.07.2020 22:00;0;0;0;0;0;0;0;0;0;0;0;0;0;0;0;0;0;0;0;0;0;0;0;0;0;0;0;0;0;3600000;0;3600000
01.07.2020 23:00;0;0;0;0;0;0;0;0;0;0;0;0;0;0;0;0;0;0;0;0;0;0;0;0;0;0;0;0;0;3600000;0;3600000
02.07.2020 00:00;0;0;0;0;0;0;0;0;0;0;0;0;0;0;0;0;0;0;0;0;0;0;0;0;0;0;0;0;0;3600000;0;3600000
02.07.2020 01:00;0;0;0;0;0;0;0;0;0;0;0;0;0;0;0;0;0;0;0;0;0;0;0;0;0;0;0;0;0;3600000;0;3600000
02.07.2020 02:00;0;0;0;0;0;0;0;0;0;0;0;0;0;0;0;0;0;0;0;0;0;0;0;0;0;0;0;0;0;3600000;0;3600000
02.07.2020 03:00;0;0;0;0;0;0;0;0;0;0;0;0;0;0;0;0;0;0;0;0;0;0;0;0;0;0;0;0;0;3600000;0;3600000
02.07.2020 04:00;0;0;0;0;0;0;0;0;0;0;0;0;0;0;0;0;0;0;0;0;0;0;0;0;0;0;0;0;0;3600000;0;3600000
02.07.2020 05:00;0;0;0;0;0;0;0;0;0;0;0;0;0;0;0;0;0;0;0;0;0;0;0;0;0;0;0;0;0;3600000;0;3600000
02.07.2020 06:00;0;0;0;0;0;0;0;0;0;0;0;0;0;0;0;0;0;0;0;0;0;0;0;0;0;0;0;0;0;3600000;0;3600000
02.07.2020 07:00;0;0;0;0;0;0;0;0;0;0;0;0;0;0;0;0;0;0;0;0;0;0;0;0;0;0;0;0;0;3600000;0;3600000
02.07.2020 08:00;0;0;0;0;0;0;0;0;0;0;0;0;0;0;0;0;0;0;0;0;0;0;0;0;0;0;0;0;0;3600000;0;3600000
02.07.2020 09:00;0;0;0;0;0;0;0;0;0;0;0;0;0;0;0;0;0;0;0;0;0;0;0;0;0;0;0;0;0;3600000;0;3600000
02.07.2020 10:00;0;0;0;0;0;0;0;0;0;0;0;0;0;0;0;0;0;0;0;0;0;0;0;0;0;0;0;0;0;3600000;0;3600000
02.07.2020 11:00;0;0;0;0;0;0;0;0;0;0;0;0;0;0;0;0;0;0;0;0;0;0;0;0;0;0;0;0;0;3600000;0;3600000
02.07.2020 12:00;0;0;0;0;0;0;0;0;0;0;0;0;0;0;0;0;0;0;0;0;0;0;0;0;0;0;0;0;0;3600000;0;3600000
02.07.2020 13:00;0;0;0;0;0;0;0;0;0;0;0;0;0;0;0;0;0;0;0;0;0;0;0;0;0;0;0;0;0;3600000;0;3600000
02.07.2020 14:00;0;0;0;0;0;0;0;0;0;0;0;0;0;0;0;0;0;0;0;0;0;0;0;0;0;0;0;0;0;3600000;0;3600000
02.07.2020 15:00;0;0;0;0;0;0;0;0;0;0;0;0;0;0;0;0;0;0;0;0;0;0;0;0;0;0;0;0;0;3600000;0;3600000
02.07.2020 16:00;0;0;0;0;0;0;0;0;0;0;0;0;0;0;0;0;0;0;0;0;0;0;0;0;0;0;0;0;0;3600000;0;3600000
02.07.2020 17:00;0;0;0;0;0;0;0;0;0;0;0;0;0;0;0;0;0;0;0;0;0;0;0;0;0;0;0;0;0;3600000;0;3600000
02.07.2020 18:00;0;0;0;0;0;0;0;0;0;0;0;0;0;0;0;0;0;0;0;0;0;0;0;0;0;0;0;0;0;3600000;0;3600000
02.07.2020 19:00;0;0;0;0;0;0;0;0;0;0;0;0;0;0;0;0;0;0;0;0;0;0;0;0;0;0;0;0;0;3600000;0;3600000
02.07.2020 20:00;0;0;0;0;0;0;0;0;0;0;0;0;0;0;0;0;0;0;0;0;0;0;0;0;0;0;0;0;0;3600000;0;3600000
02.07.2020 21:00;0;0;0;0;0;0;0;0;0;0;0;0;0;0;0;0;0;0;0;0;0;0;0;0;0;0;0;0;0;3600000;0;3600000
02.07.2020 22:00;0;0;0;0;0;0;0;0;0;0;0;0;0;0;0;0;0;0;0;0;0;0;0;0;0;0;0;0;0;3600000;0;3600000
02.07.2020 23:00;0;0;0;0;0;0;0;0;0;0;0;0;0;0;0;0;0;0;0;0;0;0;0;0;0;0;0;0;0;3600000;0;3600000
03.07.2020 00:00;0;0;0;0;0;0;0;0;0;0;0;0;0;0;0;0;0;0;0;0;0;0;0;0;0;0;0;0;0;3600000;0;3600000
03.07.2020 01:00;0;0;0;0;0;0;0;0;0;0;0;0;0;0;0;0;0;0;0;0;0;0;0;0;0;0;0;0;0;3600000;0;3600000
03.07.2020 02:00;0;0;0;0;0;0;0;0;0;0;0;0;0;0;0;0;0;0;0;0;0;0;0;0;0;0;0;0;0;3600000;0;3600000
03.07.2020 03:00;0;0;0;0;0;0;0;0;0;0;0;0;0;0;0;0;0;0;0;0;0;0;0;0;0;0;0;0;0;3600000;0;3600000
03.07.2020 04:00;0;0;0;0;0;0;0;0;0;0;0;0;0;0;0;0;0;0;0;0;0;0;0;0;0;0;0;0;0;3600000;0;3600000
03.07.2020 05:00;0;0;0;0;0;0;0;0;0;0;0;0;0;0;0;0;0;0;0;0;0;0;0;0;0;0;0;0;0;3600000;0;3600000
03.07.2020 06:00;0;0;0;0;0;0;0;0;0;0;0;0;0;0;0;0;0;0;0;0;0;0;0;0;0;0;0;0;0;3600000;0;3600000
03.07.2020 07:00;0;0;0;0;0;0;0;0;0;0;0;0;0;0;0;0;0;0;0;0;0;0;0;0;0;0;0;0;0;3600000;0;3600000
03.07.2020 08:00;0;0;0;0;0;0;0;0;0;0;0;0;0;0;0;0;0;0;0;0;0;0;0;0;0;0;0;0;0;3600000;0;3600000
03.07.2020 09:00;0;0;0;0;0;0;0;0;0;0;0;0;0;0;0;0;0;0;0;0;0;0;0;0;0;0;0;0;0;3600000;0;3600000
03.07.2020 10:00;0;0;0;0;0;0;0;0;0;0;0;0;0;0;0;0;0;0;0;0;0;0;0;0;0;0;0;0;0;3600000;0;3600000
03.07.2020 11:00;0;0;0;0;0;0;0;0;0;0;0;0;0;0;0;0;0;0;0;0;0;0;0;0;0;0;0;0;0;3600000;0;3600000
03.07.2020 12:00;0;0;0;0;0;0;0;0;0;0;0;0;0;0;0;0;0;0;0;0;0;0;0;0;0;0;0;0;0;3600000;0;3600000
03.07.2020 13:00;0;0;0;0;0;0;0;0;0;0;0;0;0;0;0;0;0;0;0;0;0;0;0;0;0;0;0;0;0;3600000;0;3600000
03.07.2020 14:00;0;0;0;0;0;0;0;0;0;0;0;0;0;0;0;0;0;0;0;0;0;0;0;0;0;0;0;0;0;3600000;0;3600000
03.07.2020 15:00;0;0;0;0;0;0;0;0;0;0;0;0;0;0;0;0;0;0;0;0;0;0;0;0;0;0;0;0;0;3600000;0;3600000
03.07.2020 16:00;0;0;0;0;0;0;0;0;0;0;0;0;0;0;0;0;0;0;0;0;0;0;0;0;0;0;0;0;0;3600000;0;3600000
03.07.2020 17:00;0;0;0;0;0;0;0;0;0;0;0;0;0;0;0;0;0;0;0;0;0;0;0;0;0;0;0;0;0;3600000;0;3600000
03.07.2020 18:00;0;0;0;0;0;0;0;0;0;0;0;0;0;0;0;0;0;0;0;0;0;0;0;0;0;0;0;0;0;3600000;0;3600000
03.07.2020 19:00;0;0;0;0;0;0;0;0;0;0;0;0;0;0;0;0;0;0;0;0;0;0;0;0;0;0;0;0;0;3600000;0;3600000
03.07.2020 20:00;0;0;0;0;0;0;0;0;0;0;0;0;0;0;0;0;0;0;0;0;0;0;0;0;0;0;0;0;0;3600000;0;3600000
03.07.2020 21:00;0;0;0;0;0;0;0;0;0;0;0;0;0;0;0;0;0;0;0;0;0;0;0;0;0;0;0;0;0;3600000;0;3600000
03.07.2020 22:00;0;0;0;0;0;0;0;0;0;0;0;0;0;0;0;0;0;0;0;0;0;0;0;0;0;0;0;0;0;3600000;0;3600000
03.07.2020 23:00;0;0;0;0;0;0;0;0;0;0;0;0;0;0;0;0;0;0;0;0;0;0;0;0;0;0;0;0;0;3600000;0;3600000
04.07.2020 00:00;0;0;0;0;0;0;0;0;0;0;0;0;0;0;0;0;0;0;0;0;0;0;0;0;0;0;0;0;0;3600000;0;3600000
04.07.2020 01:00;0;0;0;0;0;0;0;0;0;0;0;0;0;0;0;0;0;0;0;0;0;0;0;0;0;0;0;0;0;3600000;0;3600000
04.07.2020 02:00;0;0;0;0;0;0;0;0;0;0;0;0;0;0;0;0;0;0;0;0;0;0;0;0;0;0;0;0;0;3600000;0;3600000
04.07.2020 03:00;0;0;0;0;0;0;0;0;0;0;0;0;0;0;0;0;0;0;0;0;0;0;0;0;0;0;0;0;0;3600000;0;3600000
04.07.2020 04:00;0;0;0;0;0;0;0;0;0;0;0;0;0;0;0;0;0;0;0;0;0;0;0;0;0;0;0;0;0;3600000;0;3600000
04.07.2020 05:00;0;0;0;0;0;0;0;0;0;0;0;0;0;0;0;0;0;0;0;0;0;0;0;0;0;0;0;0;0;3600000;0;3600000
04.07.2020 06:00;0;0;0;0;0;0;0;0;0;0;0;0;0;0;0;0;0;0;0;0;0;0;0;0;0;0;0;0;0;3600000;0;3600000
04.07.2020 07:00;0;0;0;0;0;0;0;0;0;0;0;0;0;0;0;0;0;0;0;0;0;0;0;0;0;0;0;0;0;3600000;0;3600000
04.07.2020 08:00;0;0;0;0;0;0;0;0;0;0;0;0;0;0;0;0;0;0;0;0;0;0;0;0;0;0;0;0;0;3600000;0;3600000
04.07.2020 09:00;0;0;0;0;0;0;0;0;0;0;0;0;0;0;0;0;0;0;0;0;0;0;0;0;0;0;0;0;0;3600000;0;3600000
04.07.2020 10:00;0;0;0;0;0;0;0;0;0;0;0;0;0;0;0;0;0;0;0;0;0;0;0;0;0;0;0;0;0;3600000;0;3600000
04.07.2020 11:00;0;0;0;0;0;0;0;0;0;0;0;0;0;0;0;0;0;0;0;0;0;0;0;0;0;0;0;0;0;3600000;0;3600000
04.07.2020 12:00;0;0;0;0;0;0;0;0;0;0;0;0;0;0;0;0;0;0;0;0;0;0;0;0;0;0;0;0;0;3600000;0;3600000
04.07.2020 13:00;0;0;0;0;0;0;0;0;0;0;0;0;0;0;0;0;0;0;0;0;0;0;0;0;0;0;0;0;0;3600000;0;3600000
04.07.2020 14:00;0;0;0;0;0;0;0;0;0;0;0;0;0;0;0;0;0;0;0;0;0;0;0;0;0;0;0;0;0;3600000;0;3600000
04.07.2020 15:00;0;0;0;0;0;0;0;0;0;0;0;0;0;0;0;0;0;0;0;0;0;0;0;0;0;0;0;0;0;3600000;0;3600000
04.07.2020 16:00;0;0;0;0;0;0;0;0;0;0;0;0;0;0;0;0;0;0;0;0;0;0;0;0;0;0;0;0;0;3600000;0;3600000
04.07.2020 17:00;0;0;0;0;0;0;0;0;0;0;0;0;0;0;0;0;0;0;0;0;0;0;0;0;0;0;0;0;0;3600000;0;3600000
04.07.2020 18:00;0;0;0;0;0;0;0;0;0;0;0;0;0;0;0;0;0;0;0;0;0;0;0;0;0;0;0;0;0;3600000;0;3600000
04.07.2020 19:00;0;0;0;0;0;0;0;0;0;0;0;0;0;0;0;0;0;0;0;0;0;0;0;0;0;0;0;0;0;3600000;0;3600000
04.07.2020 20:00;0;0;0;0;0;0;0;0;0;0;0;0;0;0;0;0;0;0;0;0;0;0;0;0;0;0;0;0;0;3600000;0;3600000
04.07.2020 21:00;0;0;0;0;0;0;0;0;0;0;0;0;0;0;0;0;0;0;0;0;0;0;0;0;0;0;0;0;0;3600000;0;3600000
04.07.2020 22:00;0;0;0;0;0;0;0;0;0;0;0;0;0;0;0;0;0;0;0;0;0;0;0;0;0;0;0;0;0;3600000;0;3600000
04.07.2020 23:00;0;0;0;0;0;0;0;0;0;0;0;0;0;0;0;0;0;0;0;0;0;0;0;0;0;0;0;0;0;3600000;0;3600000
05.07.2020 00:00;0;0;0;0;0;0;0;0;0;0;0;0;0;0;0;0;0;0;0;0;0;0;0;0;0;0;0;0;0;3600000;0;3600000
05.07.2020 01:00;0;0;0;0;0;0;0;0;0;0;0;0;0;0;0;0;0;0;0;0;0;0;0;0;0;0;0;0;0;3600000;0;3600000
05.07.2020 02:00;0;0;0;0;0;0;0;0;0;0;0;0;0;0;0;0;0;0;0;0;0;0;0;0;0;0;0;0;0;3600000;0;3600000
05.07.2020 03:00;0;0;0;0;0;0;0;0;0;0;0;0;0;0;0;0;0;0;0;0;0;0;0;0;0;0;0;0;0;3600000;0;3600000
05.07.2020 04:00;0;0;0;0;0;0;0;0;0;0;0;0;0;0;0;0;0;0;0;0;0;0;0;0;0;0;0;0;0;3600000;0;3600000
05.07.2020 05:00;0;0;0;0;0;0;0;0;0;0;0;0;0;0;0;0;0;0;0;0;0;0;0;0;0;0;0;0;0;3600000;0;3600000
05.07.2020 06:00;0;0;0;0;0;0;0;0;0;0;0;0;0;0;0;0;0;0;0;0;0;0;0;0;0;0;0;0;0;3600000;0;3600000
05.07.2020 07:00;0;0;0;0;0;0;0;0;0;0;0;0;0;0;0;0;0;0;0;0;0;0;0;0;0;0;0;0;0;3600000;0;3600000
05.07.2020 08:00;0;0;0;0;0;0;0;0;0;0;0;0;0;0;0;0;0;0;0;0;0;0;0;0;0;0;0;0;0;3600000;0;3600000
05.07.2020 09:00;0;0;0;0;0;0;0;0;0;0;0;0;0;0;0;0;0;0;0;0;0;0;0;0;0;0;0;0;0;3600000;0;3600000
05.07.2020 10:00;0;0;0;0;0;0;0;0;0;0;0;0;0;0;0;0;0;0;0;0;0;0;0;0;0;0;0;0;0;3600000;0;3600000
05.07.2020 11:00;0;0;0;0;0;0;0;0;0;0;0;0;0;0;0;0;0;0;0;0;0;0;0;0;0;0;0;0;0;3600000;0;3600000
05.07.2020 12:00;0;0;0;0;0;0;0;0;0;0;0;0;0;0;0;0;0;0;0;0;0;0;0;0;0;0;0;0;0;3600000;0;3600000
05.07.2020 13:00;0;0;0;0;0;0;0;0;0;0;0;0;0;0;0;0;0;0;0;0;0;0;0;0;0;0;0;0;0;3600000;0;3600000
05.07.2020 14:00;0;0;0;0;0;0;0;0;0;0;0;0;0;0;0;0;0;0;0;0;0;0;0;0;0;0;0;0;0;3600000;0;3600000
05.07.2020 15:00;0;0;0;0;0;0;0;0;0;0;0;0;0;0;0;0;0;0;0;0;0;0;0;0;0;0;0;0;0;3600000;0;3600000
05.07.2020 16:00;0;0;0;0;0;0;0;0;0;0;0;0;0;0;0;0;0;0;0;0;0;0;0;0;0;0;0;0;0;3600000;0;3600000
05.07.2020 17:00;0;0;0;0;0;0;0;0;0;0;0;0;0;0;0;0;0;0;0;0;0;0;0;0;0;0;0;0;0;3600000;0;3600000
05.07.2020 18:00;0;0;0;0;0;0;0;0;0;0;0;0;0;0;0;0;0;0;0;0;0;0;0;0;0;0;0;0;0;3600000;0;3600000
05.07.2020 19:00;0;0;0;0;0;0;0;0;0;0;0;0;0;0;0;0;0;0;0;0;0;0;0;0;0;0;0;0;0;3600000;0;3600000
05.07.2020 20:00;0;0;0;0;0;0;0;0;0;0;0;0;0;0;0;0;0;0;0;0;0;0;0;0;0;0;0;0;0;3600000;0;3600000
05.07.2020 21:00;0;0;0;0;0;0;0;0;0;0;0;0;0;0;0;0;0;0;0;0;0;0;0;0;0;0;0;0;0;3600000;0;3600000
05.07.2020 22:00;0;0;0;0;0;0;0;0;0;0;0;0;0;0;0;0;0;0;0;0;0;0;0;0;0;0;0;0;0;3600000;0;3600000
05.07.2020 23:00;0;0;0;0;0;0;0;0;0;0;0;0;0;0;0;0;0;0;0;0;0;0;0;0;0;0;0;0;0;3600000;0;3600000
06.07.2020 00:00;0;0;0;0;0;0;0;0;0;0;0;0;0;0;0;0;0;0;0;0;0;0;0;0;0;0;0;0;0;3600000;0;3600000
06.07.2020 01:00;0;0;0;0;0;0;0;0;0;0;0;0;0;0;0;0;0;0;0;0;0;0;0;0;0;0;0;0;0;3600000;0;3600000
06.07.2020 02:00;0;0;0;0;0;0;0;0;0;0;0;0;0;0;0;0;0;0;0;0;0;0;0;0;0;0;0;0;0;3600000;0;3600000
06.07.2020 03:00;0;0;0;0;0;0;0;0;0;0;0;0;0;0;0;0;0;0;0;0;0;0;0;0;0;0;0;0;0;3600000;0;3600000
06.07.2020 04:00;0;0;0;0;0;0;0;0;0;0;0;0;0;0;0;0;0;0;0;0;0;0;0;0;0;0;0;0;0;3600000;0;3600000
06.07.2020 05:00;0;0;0;0;0;0;0;0;0;0;0;0;0;0;0;0;0;0;0;0;0;0;0;0;0;0;0;0;0;3600000;0;3600000
06.07.2020 06:00;0;0;0;0;0;0;0;0;0;0;0;0;0;0;0;0;0;0;0;0;0;0;0;0;0;0;0;0;0;3600000;0;3600000
06.07.2020 07:00;0;0;0;0;0;0;0;0;0;0;0;0;0;0;0;0;0;0;0;0;0;0;0;0;0;0;0;0;0;3600000;0;3600000
06.07.2020 08:00;0;0;0;0;0;0;0;0;0;0;0;0;0;0;0;0;0;0;0;0;0;0;0;0;0;0;0;0;0;3600000;0;3600000
06.07.2020 09:00;0;0;0;0;0;0;0;0;0;0;0;0;0;0;0;0;0;0;0;0;0;0;0;0;0;0;0;0;0;3600000;0;3600000
06.07.2020 10:00;0;0;0;0;0;0;0;0;0;0;0;0;0;0;0;0;0;0;0;0;0;0;0;0;0;0;0;0;0;3600000;0;3600000
06.07.2020 11:00;0;0;0;0;0;0;0;0;0;0;0;0;0;0;0;0;0;0;0;0;0;0;0;0;0;0;0;0;0;3600000;0;3600000
06.07.2020 12:00;0;0;0;0;0;0;0;0;0;0;0;0;0;0;0;0;0;0;0;0;0;0;0;0;0;0;0;0;0;3600000;0;3600000
06.07.2020 13:00;0;0;0;0;0;0;0;0;0;0;0;0;0;0;0;0;0;0;0;0;0;0;0;0;0;0;0;0;0;3600000;0;3600000
06.07.2020 14:00;0;0;0;0;0;0;0;0;0;0;0;0;0;0;0;0;0;0;0;0;0;0;0;0;0;0;0;0;0;3600000;0;3600000
06.07.2020 15:00;0;0;0;0;0;0;0;0;0;0;0;0;0;0;0;0;0;0;0;0;0;0;0;0;0;0;0;0;0;3600000;0;3600000
06.07.2020 16:00;0;0;0;0;0;0;0;0;0;0;0;0;0;0;0;0;0;0;0;0;0;0;0;0;0;0;0;0;0;3600000;0;3600000
06.07.2020 17:00;0;0;0;0;0;0;0;0;0;0;0;0;0;0;0;0;0;0;0;0;0;0;0;0;0;0;0;0;0;3600000;0;3600000
06.07.2020 18:00;0;0;0;0;0;0;0;0;0;0;0;0;0;0;0;0;0;0;0;0;0;0;0;0;0;0;0;0;0;3600000;0;3600000
06.07.2020 19:00;0;0;0;0;0;0;0;0;0;0;0;0;0;0;0;0;0;0;0;0;0;0;0;0;0;0;0;0;0;3600000;0;3600000
06.07.2020 20:00;0;0;0;0;0;0;0;0;0;0;0;0;0;0;0;0;0;0;0;0;0;0;0;0;0;0;0;0;0;3600000;0;3600000
06.07.2020 21:00;0;0;0;0;0;0;0;0;0;0;0;0;0;0;0;0;0;0;0;0;0;0;0;0;0;0;0;0;0;3600000;0;3600000
06.07.2020 22:00;0;0;0;0;0;0;0;0;0;0;0;0;0;0;0;0;0;0;0;0;0;0;0;0;0;0;0;0;0;3600000;0;3600000
06.07.2020 23:00;0;0;0;0;0;0;0;0;0;0;0;0;0;0;0;0;0;0;0;0;0;0;0;0;0;0;0;0;0;3600000;0;3600000
07.07.2020 00:00;0;0;0;0;0;0;0;0;0;0;0;0;0;0;0;0;0;0;0;0;0;0;0;0;0;0;0;0;0;3600000;0;3600000
07.07.2020 01:00;0;0;0;0;0;0;0;0;0;0;0;0;0;0;0;0;0;0;0;0;0;0;0;0;0;0;0;0;0;3600000;0;3600000
07.07.2020 02:00;0;0;0;0;0;0;0;0;0;0;0;0;0;0;0;0;0;0;0;0;0;0;0;0;0;0;0;0;0;3600000;0;3600000
07.07.2020 03:00;0;0;0;0;0;0;0;0;0;0;0;0;0;0;0;0;0;0;0;0;0;0;0;0;0;0;0;0;0;3600000;0;3600000
07.07.2020 04:00;0;0;0;0;0;0;0;0;0;0;0;0;0;0;0;0;0;0;0;0;0;0;0;0;0;0;0;0;0;3600000;0;3600000
07.07.2020 05:00;0;0;0;0;0;0;0;0;0;0;0;0;0;0;0;0;0;0;0;0;0;0;0;0;0;0;0;0;0;3600000;0;3600000
07.07.2020 06:00;0;0;0;0;0;0;0;0;0;0;0;0;0;0;0;0;0;0;0;0;0;0;0;0;0;0;0;0;0;3600000;0;3600000
07.07.2020 07:00;0;0;0;0;0;0;0;0;0;0;0;0;0;0;0;0;0;0;0;0;0;0;0;0;0;0;0;0;0;3600000;0;3600000
07.07.2020 08:00;0;0;0;0;0;0;0;0;0;0;0;0;0;0;0;0;0;0;0;0;0;0;0;0;0;0;0;0;0;3600000;0;3600000
07.07.2020 09:00;0;0;0;0;0;0;0;0;0;0;0;0;0;0;0;0;0;0;0;0;0;0;0;0;0;0;0;0;0;3600000;0;3600000
07.07.2020 10:00;0;0;0;0;0;0;0;0;0;0;0;0;0;0;0;0;0;0;0;0;0;0;0;0;0;0;0;0;0;3600000;0;3600000
07.07.2020 11:00;0;0;0;0;0;0;0;0;0;0;0;0;0;0;0;0;0;0;0;0;0;0;0;0;0;0;0;0;0;3600000;0;3600000
07.07.2020 12:00;0;0;0;0;0;0;0;0;0;0;0;0;0;0;0;0;0;0;0;0;0;0;0;0;0;0;0;0;0;3600000;0;3600000
07.07.2020 13:00;0;0;0;0;0;0;0;0;0;0;0;0;0;0;0;0;0;0;0;0;0;0;0;0;0;0;0;0;0;3600000;0;3600000
07.07.2020 14:00;0;0;0;0;0;0;0;0;0;0;0;0;0;0;0;0;0;0;0;0;0;0;0;0;0;0;0;0;0;3600000;0;3600000
07.07.2020 15:00;0;0;0;0;0;0;0;0;0;0;0;0;0;0;0;0;0;0;0;0;0;0;0;0;0;0;0;0;0;3600000;0;3600000
07.07.2020 16:00;0;0;0;0;0;0;0;0;0;0;0;0;0;0;0;0;0;0;0;0;0;0;0;0;0;0;0;0;0;3600000;0;3600000
07.07.2020 17:00;0;0;0;0;0;0;0;0;0;0;0;0;0;0;0;0;0;0;0;0;0;0;0;0;0;0;0;0;0;3600000;0;3600000
07.07.2020 18:00;0;0;0;0;0;0;0;0;0;0;0;0;0;0;0;0;0;0;0;0;0;0;0;0;0;0;0;0;0;3600000;0;3600000
07.07.2020 19:00;0;0;0;0;0;0;0;0;0;0;0;0;0;0;0;0;0;0;0;0;0;0;0;0;0;0;0;0;0;3600000;0;3600000
07.07.2020 20:00;0;0;0;0;0;0;0;0;0;0;0;0;0;0;0;0;0;0;0;0;0;0;0;0;0;0;0;0;0;3600000;0;3600000
07.07.2020 21:00;0;0;0;0;0;0;0;0;0;0;0;0;0;0;0;0;0;0;0;0;0;0;0;0;0;0;0;0;0;3600000;0;3600000
07.07.2020 22:00;0;0;0;0;0;0;0;0;0;0;0;0;0;0;0;0;0;0;0;0;0;0;0;0;0;0;0;0;0;3600000;0;3600000
07.07.2020 23:00;0;0;0;0;0;0;0;0;0;0;0;0;0;0;0;0;0;0;0;0;0;0;0;0;0;0;0;0;0;3600000;0;3600000
08.07.2020 00:00;0;0;0;0;0;0;0;0;0;0;0;0;0;0;0;0;0;0;0;0;0;0;0;0;0;0;0;0;0;3600000;0;3600000
08.07.2020 01:00;0;0;0;0;0;0;0;0;0;0;0;0;0;0;0;0;0;0;0;0;0;0;0;0;0;0;0;0;0;3600000;0;3600000
08.07.2020 02:00;0;0;0;0;0;0;0;0;0;0;0;0;0;0;0;0;0;0;0;0;0;0;0;0;0;0;0;0;0;3600000;0;3600000
08.07.2020 03:00;0;0;0;0;0;0;0;0;0;0;0;0;0;0;0;0;0;0;0;0;0;0;0;0;0;0;0;0;0;3600000;0;3600000
08.07.2020 04:00;0;0;0;0;0;0;0;0;0;0;0;0;0;0;0;0;0;0;0;0;0;0;0;0;0;0;0;0;0;3600000;0;3600000
08.07.2020 05:00;0;0;0;0;0;0;0;0;0;0;0;0;0;0;0;0;0;0;0;0;0;0;0;0;0;0;0;0;0;3600000;0;3600000
08.07.2020 06:00;0;0;0;0;0;0;0;0;0;0;0;0;0;0;0;0;0;0;0;0;0;0;0;0;0;0;0;0;0;3600000;0;3600000
08.07.2020 07:00;0;0;0;0;0;0;0;0;0;0;0;0;0;0;0;0;0;0;0;0;0;0;0;0;0;0;0;0;0;3600000;0;3600000
08.07.2020 08:00;0;0;0;0;0;0;0;0;0;0;0;0;0;0;0;0;0;0;0;0;0;0;0;0;0;0;0;0;0;3600000;0;3600000
08.07.2020 09:00;0;0;0;0;0;0;0;0;0;0;0;0;0;0;0;0;0;0;0;0;0;0;0;0;0;0;0;0;0;3600000;0;3600000
08.07.2020 10:00;0;0;0;0;0;0;0;0;0;0;0;0;0;0;0;0;0;0;0;0;0;0;0;0;0;0;0;0;0;3600000;0;3600000
08.07.2020 11:00;0;0;0;0;0;0;0;0;0;0;0;0;0;0;0;0;0;0;0;0;0;0;0;0;0;0;0;0;0;3600000;0;3600000
08.07.2020 12:00;0;0;0;0;0;0;0;0;0;0;0;0;0;0;0;0;0;0;0;0;0;0;0;0;0;0;0;0;0;3600000;0;3600000
08.07.2020 13:00;0;0;0;0;0;0;0;0;0;0;0;0;0;0;0;0;0;0;0;0;0;0;0;0;0;0;0;0;0;3600000;0;3600000
08.07.2020 14:00;0;0;0;0;0;0;0;0;0;0;0;0;0;0;0;0;0;0;0;0;0;0;0;0;0;0;0;0;0;3600000;0;3600000
08.07.2020 15:00;0;0;0;0;0;0;0;0;0;0;0;0;0;0;0;0;0;0;0;0;0;0;0;0;0;0;0;0;0;3600000;0;3600000
08.07.2020 16:00;0;0;0;0;0;0;0;0;0;0;0;0;0;0;0;0;0;0;0;0;0;0;0;0;0;0;0;0;0;3600000;0;3600000
08.07.2020 17:00;0;0;0;0;0;0;0;0;0;0;0;0;0;0;0;0;0;0;0;0;0;0;0;0;0;0;0;0;0;3600000;0;3600000
08.07.2020 18:00;0;0;0;0;0;0;0;0;0;0;0;0;0;0;0;0;0;0;0;0;0;0;0;0;0;0;0;0;0;3600000;0;3600000
08.07.2020 19:00;0;0;0;0;0;0;0;0;0;0;0;0;0;0;0;0;0;0;0;0;0;0;0;0;0;0;0;0;0;3600000;0;3600000
08.07.2020 20:00;0;0;0;0;0;0;0;0;0;0;0;0;0;0;0;0;0;0;0;0;0;0;0;0;0;0;0;0;0;3600000;0;3600000
08.07.2020 21:00;0;0;0;0;0;0;0;0;0;0;0;0;0;0;0;0;0;0;0;0;0;0;0;0;0;0;0;0;0;3600000;0;3600000
08.07.2020 22:00;0;0;0;0;0;0;0;0;0;0;0;0;0;0;0;0;0;0;0;0;0;0;0;0;0;0;0;0;0;3600000;0;3600000
08.07.2020 23:00;0;0;0;0;0;0;0;0;0;0;0;0;0;0;0;0;0;0;0;0;0;0;0;0;0;0;0;0;0;3600000;0;3600000
09.07.2020 00:00;0;0;0;0;0;0;0;0;0;0;0;0;0;0;0;0;0;0;0;0;0;0;0;0;0;0;0;0;0;3600000;0;3600000
09.07.2020 01:00;0;0;0;0;0;0;0;0;0;0;0;0;0;0;0;0;0;0;0;0;0;0;0;0;0;0;0;0;0;3600000;0;3600000
09.07.2020 02:00;0;0;0;0;0;0;0;0;0;0;0;0;0;0;0;0;0;0;0;0;0;0;0;0;0;0;0;0;0;3600000;0;3600000
09.07.2020 03:00;0;0;0;0;0;0;0;0;0;0;0;0;0;0;0;0;0;0;0;0;0;0;0;0;0;0;0;0;0;3600000;0;3600000
09.07.2020 04:00;0;0;0;0;0;0;0;0;0;0;0;0;0;0;0;0;0;0;0;0;0;0;0;0;0;0;0;0;0;3600000;0;3600000
09.07.2020 05:00;0;0;0;0;0;0;0;0;0;0;0;0;0;0;0;0;0;0;0;0;0;0;0;0;0;0;0;0;0;3600000;0;3600000
09.07.2020 06:00;0;0;0;0;0;0;0;0;0;0;0;0;0;0;0;0;0;0;0;0;0;0;0;0;0;0;0;0;0;3600000;0;3600000
09.07.2020 07:00;0;0;0;0;0;0;0;0;0;0;0;0;0;0;0;0;0;0;0;0;0;0;0;0;0;0;0;0;0;3600000;0;3600000
09.07.2020 08:00;0;0;0;0;0;0;0;0;0;0;0;0;0;0;0;0;0;0;0;0;0;0;0;0;0;0;0;0;0;3600000;0;3600000
09.07.2020 09:00;0;0;0;0;0;0;0;0;0;0;0;0;0;0;0;0;0;0;0;0;0;0;0;0;0;0;0;0;0;3600000;0;3600000
09.07.2020 10:00;0;0;0;0;0;0;0;0;0;0;0;0;0;0;0;0;0;0;0;0;0;0;0;0;0;0;0;0;0;3600000;0;3600000
09.07.2020 11:00;0;0;0;0;0;0;0;0;0;0;0;0;0;0;0;0;0;0;0;0;0;0;0;0;0;0;0;0;0;3600000;0;3600000
09.07.2020 12:00;0;0;0;0;0;0;0;0;0;0;0;0;0;0;0;0;0;0;0;0;0;0;0;0;0;0;0;0;0;3600000;0;3600000
09.07.2020 13:00;0;0;0;0;0;0;0;0;0;0;0;0;0;0;0;0;0;0;0;0;0;0;0;0;0;0;0;0;0;3600000;0;3600000
09.07.2020 14:00;0;0;0;0;0;0;0;0;0;0;0;0;0;0;0;0;0;0;0;0;0;0;0;0;0;0;0;0;0;3600000;0;3600000
09.07.2020 15:00;0;0;0;0;0;0;0;0;0;0;0;0;0;0;0;0;0;0;0;0;0;0;0;0;0;0;0;0;0;3600000;0;3600000
09.07.2020 16:00;0;0;0;0;0;0;0;0;0;0;0;0;0;0;0;0;0;0;0;0;0;0;0;0;0;0;0;0;0;3600000;0;3600000
09.07.2020 17:00;0;0;0;0;0;0;0;0;0;0;0;0;0;0;0;0;0;0;0;0;0;0;0;0;0;0;0;0;0;3600000;0;3600000
09.07.2020 18:00;0;0;0;0;9;67418;23;36220;21;89780;16;105298;0;0;0;0;0;0;0;0;1;1000;2;2010;2;127818;13;102799;6;3205790;8;3208170
09.07.2020 19:00;4;3990;8;7980;98;768873;391;1176040;179;1695397;177;1661067;4;4000;8;8000;0;0;0;0;29;30696;15;15090;71;1275533;226;1645284;114;1786330;120;1170827
09.07.2020 20:00;4;4000;9;8990;62;407570;249;1124245;172;1041944;150;1120789;4;4000;9;8990;0;0;0;0;23;26790;16;16110;66;991235;148;1720386;120;1026938;107;721368
09.07.2020 21:00;2;2000;5;5000;40;156078;218;1070466;134;827674;133;909706;2;2000;5;5000;0;0;0;0;26;30480;13;13126;63;606752;152;1282308;101;903790;78;455659
09.07.2020 22:00;2;1990;4;4000;32;45230;224;896147;129;851037;117;750131;2;1990;4;4000;0;0;0;0;24;24870;5;5030;48;342346;139;1082186;117;462816;74;308635
09.07.2020 23:00;2;2000;4;4000;17;69700;127;604734;72;464764;71;612264;2;2000;4;4000;0;0;0;0;5;5730;5;5040;31;246650;91;659855;61;239419;48;166080
10.07.2020 00:00;0;0;4;4000;8;42480;59;347170;44;289996;39;438248;0;0;4;3970;0;0;0;0;2;3470;4;4040;12;161055;48;202371;37;113490;34;107780
10.07.2020 01:00;0;0;0;0;6;102406;24;214982;27;272942;18;203720;0;0;0;0;0;0;0;0;1;1000;0;0;5;105546;20;67770;14;130600;10;31530
10.07.2020 02:00;0;0;0;0;2;32570;16;60230;7;127204;13;291974;0;0;0;0;0;0;0;0;0;0;1;1010;1;16870;12;274970;9;48810;5;9250
10.07.2020 03:00;0;0;2;2000;1;640;20;42910;14;265284;8;174314;0;0;2;2000;0;0;0;0;2;2290;0;0;0;0;16;52920;6;26150;10;28059
10.07.2020 04:00;1;1000;2;2000;3;5840;34;114984;23;360286;26;415416;1;1000;2;2000;0;0;0;0;0;0;1;1000;4;25010;36;148610;13;30930;13;33520
10.07.2020 05:00;3;3000;9;9000;11;144620;140;474090;70;721665;105;1044113;3;3000;10;10000;0;0;0;0;6;6030;2;2000;14;131516;94;843477;49;214092;9;17840
10.07.2020 06:00;4;4000;12;12000;17;100340;371;1049769;128;1151308;176;1662143;4;3990;12;11970;0;0;0;0;3;3540;1;1000;27;491138;168;1856948;82;1121534;70;583328
10.07.2020 07:00;5;4990;12;11990;48;455617;465;1290073;219;1668999;253;2108911;5;4980;12;11970;0;0;0;0;13;13820;8;8030;34;719885;195;2752566;90;1718720;80;815850
10.07.2020 08:00;4;3990;11;10990;67;653313;459;1491676;281;1861179;279;1942277;4;3990;11;11000;0;0;0;0;16;19310;9;9116;49;1262069;187;2755766;89;2079755;92;1290067
10.07.2020 09:00;4;4000;9;8990;83;581729;422;1653438;267;1589985;282;2169407;4;4000;9;9000;0;0;0;0;16;16810;14;14920;90;1272670;156;2737006;101;1947063;116;1061770
10.07.2020 10:00;4;3990;8;8000;92;825077;425;1850511;282;2043385;288;2158731;4;4000;8;8000;0;0;0;0;32;33960;21;21110;79;1258080;149;2723028;111;1857636;109;1306921
10.07.2020 11:00;4;3990;8;7980;94;490463;393;1857399;256;1737668;257;1890008;4;4000;8;8000;0;0;0;0;35;38740;11;11060;82;1129673;131;2719823;119;1981928;139;1415095
10.07.2020 12:00;4;3990;10;9980;108;1060331;436;1718392;240;2043557;270;1962538;4;4000;11;10980;0;0;0;0;29;32309;9;9060;88;1432354;164;2680268;125;2380699;157;1498648
10.07.2020 13:00;4;3990;13;12240;113;891756;418;1726759;278;2006761;270;1963845;4;4000;12;12000;0;0;0;0;28;29069;14;14080;90;1572852;177;2710773;143;2251225;167;1933820
10.07.2020 14:00;4;4000;11;11740;93;866449;464;1748626;277;2087792;280;2265023;4;4000;11;10990;0;0;0;0;24;25430;8;8050;86;1480545;201;2516614;143;2438277;144;1558454
10.07.2020 15:00;4;4000;12;12000;114;825882;508;1598304;262;2457970;277;2407246;4;3990;13;12980;0;0;0;0;36;37920;11;11040;89;1840571;216;2704068;130;2402838;137;1728625
10.07.2020 16:00;4;4000;13;13000;96;760735;457;1608237;236;2381672;234;2152302;4;3990;12;11970;0;0;0;0;32;36211;20;20110;88;1234062;225;2655470;132;2345589;151;1770533
10.07.2020 17:00;4;4000;12;12000;112;934569;460;1769758;251;2386219;229;2452847;4;4000;11;11059;0;0;0;0;28;31030;18;18240;83;1471757;227;2696232;112;2470745;159;1760692
10.07.2020 18:00;4;3990;10;9990;93;633112;418;1545193;236;1814569;207;1910940;4;4000;10;10000;0;0;0;0;22;23460;17;17050;96;1280154;218;2071273;123;2054700;130;1658505
10.07.2020 19:00;4;3990;8;7990;75;741842;395;1083120;178;1908280;192;1846431;4;3990;8;7990;0;0;0;0;34;39610;10;10070;66;914134;229;1711733;124;1699549;110;967581
10.07.2020 20:00;4;4000;9;9000;53;429496;260;1299994;143;1157164;148;1027190;4;4000;9;9000;0;0;0;0;19;20030;6;6030;62;901725;140;1653843;108;1206738;103;794683
10.07.2020 21:00;2;2000;5;5000;36;201096;197;957940;125;923186;125;936439;2;2000;5;4990;0;0;1;1200;26;30300;9;9520;42;675939;128;1248630;111;982440;119;578710
10.07.2020 22:00;2;2000;4;3990;22;117294;216;884678;109;764591;89;692585;2;2000;4;3990;0;0;0;0;12;12110;8;8040;39;371250;141;1232077;105;547830;72;329342
10.07.2020 23:00;2;1990;4;4000;29;63830;153;663703;52;428482;63;699773;2;2000;4;3990;0;0;0;0;6;6950;10;10020;21;269590;120;884563;56;280950;43;157324
11.07.2020 00:00;0;0;4;4000;17;101620;76;343420;60;439719;57;532830;0;0;4;3990;0;0;0;0;5;5020;9;9020;21;175240;75;404068;57;195302;42;115500
11.07.2020 01:00;0;0;0;0;16;55810;52;238828;25;253680;27;285800;0;0;0;0;0;0;0;0;3;3030;3;3010;12;100750;40;223460;30;98108;21;80220
11.07.2020 02:00;0;0;0;0;8;67900;32;32450;16;196090;17;256180;0;0;0;0;0;0;0;0;2;2050;0;0;6;58334;30;149590;26;101125;20;85595
11.07.2020 03:00;0;0;2;2000;1;9570;22;80520;12;214845;7;156550;0;0;2;2000;0;0;0;0;0;0;2;2010;2;63909;14;104275;9;33576;10;43510
11.07.2020 04:00;1;1000;3;2990;13;114975;22;96090;22;237710;19;332470;1;1000;3;3000;0;0;0;0;1;1250;1;1000;9;217255;19;87590;14;46160;10;34524
11.07.2020 05:00;3;3000;7;6970;12;57250;53;172435;43;461304;44;606164;3;3000;7;6990;0;0;0;0;0;0;1;1000;10;117166;43;274610;32;116106;17;92410
11.07.2020 06:00;4;3980;8;8000;10;83650;96;360282;29;438760;35;428083;4;4000;8;7990;0;0;0;0;0;0;1;1010;12;163260;71;391980;46;173244;31;70280
11.07.2020 07:00;4;3990;8;7990;12;38500;100;465388;55;437462;75;840386;4;3980;8;8000;0;0;0;0;9;9420;2;2010;15;195579;79;525520;57;348860;39;132300
11.07.2020 08:00;5;4970;8;8000;35;237735;219;766169;105;817847;109;923224;5;5000;8;7990;0;0;0;0;13;13060;7;7040;37;438349;151;1341325;75;493055;57;303390
11.07.2020 09:00;4;4000;8;7990;48;438689;325;1164303;186;1381522;208;1786310;4;4000;8;8000;0;0;0;0;15;15440;7;7040;49;677069;141;1925484;112;1093201;109;1126659
11.07.2020 10:00;4;4000;8;8000;77;466150;359;1417314;250;1545470;242;1660350;4;4000;8;8000;0;0;0;0;32;34450;10;10840;67;1078084;149;2245195;132;1678778;120;1280251
11.07.2020 11:00;4;4000;8;8054;78;436140;389;1291538;240;1597246;238;1807804;4;3990;8;8000;0;0;0;0;30;31740;22;22110;65;1069705;154;2302614;121;1977736;111;1158038
11.07.2020 12:00;4;3990;8;7990;71;693666;398;1610916;233;1523680;239;1797437;4;4000;9;8990;0;0;0;0;43;45097;14;14080;69;1318227;145;2510829;148;1916178;144;1087485
11.07.2020 13:00;4;3990;8;7980;97;717664;398;1410995;216;1606134;228;1913034;4;4000;8;7990;0;0;0;0;40;42510;14;14070;74;1268966;147;2401884;119;2065426;154;1401026
11.07.2020 14:00;4;3990;8;7990;81;630255;356;1470450;234;1577289;242;1627865;4;3990;8;7990;0;0;0;0;27;30540;13;13060;75;1351735;150;2154168;147;2155177;149;1510147
11.07.2020 15:00;4;4000;8;7980;70;412300;395;1404236;194;1384382;196;1679445;4;4000;8;8000;0;0;0;0;34;36635;13;13060;59;895083;150;2405783;130;2019505;120;1388845
11.07.2020 16:00;4;3990;8;7980;71;554628;382;1461373;184;1353601;182;1525957;4;4000;8;7980;0;0;0;0;27;29800;13;13070;59;1170458;161;2331953;112;1792054;123;1260059
11.07.2020 17:00;4;4000;9;9000;81;635651;416;1603395;185;1422163;206;1707113;4;4000;9;8980;0;0;0;0;45;48190;12;12070;77;1185329;159;2401311;142;1786935;124;1160804
11.07.2020 18:00;4;4000;8;7990;67;575179;360;1528381;181;1246450;170;1316639;4;3990;8;8000;0;0;0;0;34;40610;9;9040;89;1328789;170;2231309;131;1622239;135;1108143
11.07.2020 19:00;4;3980;7;6990;52;549554;307;1475164;168;1291927;171;1403204;4;4000;7;7043;0;0;0;0;21;22670;16;16060;50;869020;157;1795764;131;1436056;102;964209
11.07.2020 20:00;2;1990;4;4000;42;316306;299;1094308;139;1168947;118;1151247;2;2000;4;3990;0;0;0;0;33;37819;15;15060;56;787433;174;1565676;101;995824;92;816465
11.07.2020 21:00;2;2000;4;4000;36;175446;220;1103845;131;983957;102;848041;2;2000;4;3990;0;0;0;0;30;32850;15;15070;48;445448;138;1326896;105;689416;101;540585
11.07.2020 22:00;2;2000;4;4000;35;171270;276;938480;104;791349;90;849653;2;1990;4;4000;0;0;0;0;16;19660;11;11060;45;364676;174;1307057;111;579104;84;387177
11.07.2020 23:00;2;1990;4;4000;29;185733;205;777150;100;617115;97;793646;2;1990;4;3990;0;0;0;0;11;11400;6;6020;38;436960;130;1090013;85;438510;66;319370
12.07.2020 00:00;0;0;4;3990;12;100230;110;569212;52;368165;59;775615;0;0;4;4000;0;0;0;0;2;2660;6;6020;13;197860;85;586505;77;252234;36;145170
12.07.2020 01:00;0;0;0;0;9;39410;70;234720;32;253150;40;537290;0;0;0;0;0;0;0;0;4;4970;3;3010;14;88280;46;249729;56;172670;28;65300
12.07.2020 02:00;0;0;0;0;5;10840;39;70756;21;259236;19;291310;0;0;0;0;0;0;0;0;0;0;1;1000;6;64818;30;116570;20;61240;16;47184
12.07.2020 03:00;0;0;0;0;4;17100;25;61605;11;145530;14;215950;0;0;0;0;0;0;0;0;0;0;2;2010;2;62212;19;74464;6;17570;11;26220
12.07.2020 04:00;0;0;2;1990;5;32550;20;14420;11;148430;15;257724;0;0;2;2000;0;0;0;0;0;0;0;0;1;4960;14;42970;11;33070;15;28720
12.07.2020 05:00;2;1990;3;3000;3;23340;32;139820;28;329204;30;443139;2;2000;3;3000;0;0;0;0;1;2280;1;1000;4;29700;21;68570;14;65700;10;22340
12.07.2020 06:00;2;1990;4;4000;5;21670;39;161193;17;244830;18;377162;2;2000;4;3990;0;0;0;0;0;0;1;1000;11;270895;32;139410;29;116402;16;43684
12.07.2020 07:00;2;2000;4;3990;5;19110;31;139540;25;317670;26;394762;2;2000;4;3980;0;0;0;0;1;1000;1;1000;9;140930;38;114460;18;99090;14;35640
12.07.2020 08:00;2;2000;4;3990;13;82020;57;249402;46;351922;58;723467;2;1990;4;3990;0;0;0;0;7;6320;5;5030;17;226003;58;230650;44;233620;35;162480
12.07.2020 09:00;2;2000;4;3990;20;131460;148;584949;103;734660;95;848644;2;2000;4;4000;0;0;0;0;9;9980;9;9050;18;163610;116;666838;96;643919;56;283735
12.07.2020 10:00;2;2000;4;4000;32;171537;217;819640;114;976359;108;1010652;2;2000;4;3990;0;0;0;0;10;10144;3;3073;28;385172;164;1102104;106;879240;77;384030
12.07.2020 11:00;2;2000;4;4000;27;89965;251;1213004;172;924064;132;885649;2;2000;4;4000;0;0;0;0;7;7060;7;7030;46;503450;154;1532592;121;1210286;103;588588
12.07.2020 12:00;3;3000;7;7000;52;270100;295;1030114;175;1291643;176;1284154;3;2990;7;7000;0;0;0;0;14;15850;7;7040;54;573330;159;1592673;123;1270211;98;597636
12.07.2020 13:00;4;4000;8;8000;37;287511;290;1233853;162;1247845;157;1301368;4;3990;8;7970;0;0;0;0;11;13940;5;5030;39;478178;161;1878572;131;1301703;107;701492
12.07.2020 14:00;4;4000;8;8000;48;279305;356;1241464;204;1515781;178;1281265;4;3990;8;7990;0;0;0;0;11;11210;14;14070;43;694613;194;1910820;133;1201611;111;664600
12.07.2020 15:00;4;4000;8;8000;36;276694;322;976263;186;1277167;178;1334223;4;4000;8;7990;0;0;0;0;15;15110;14;14070;46;508022;176;1606110;128;1284951;115;845677
12.07.2020 16:00;4;4000;8;7990;50;274203;311;1065320;153;1022620;150;1236184;4;4000;8;7990;0;0;0;0;16;16750;10;10080;39;567250;175;1624507;125;1244586;105;689962
12.07.2020 17:00;4;4000;8;8000;37;239010;371;1210364;200;1255800;184;1388016;4;4000;8;8000;0;0;0;0;12;13958;10;10050;40;595628;215;1966070;133;1234339;119;639169
12.07.2020 18:00;4;4000;8;8047;57;286102;342;1258428;185;871349;187;1399920;4;4000;8;7970;0;0;0;0;13;13600;13;13100;47;525250;146;2052828;128;1496790;117;909983
12.07.2020 19:00;2;2000;5;5000;36;290920;345;1166651;168;1260550;157;1292357;2;2000;5;5000;0;0;0;0;17;17450;7;7030;46;492900;182;1739039;119;1042535;103;583334
12.07.2020 20:00;2;2000;4;3990;45;180670;269;998882;143;1070185;144;993796;2;2000;4;4000;0;0;0;0;9;9080;5;5010;52;614127;148;1458592;100;837651;81;543178
12.07.2020 21:00;2;1990;4;4000;28;82700;212;865353;121;895274;103;930599;2;2000;4;3990;0;0;0;0;9;11030;7;7030;36;444714;145;1048892;97;704648;85;428583
12.07.2020 22:00;2;2000;4;3990;20;168450;148;669870;74;491325;79;688908;2;2000;4;3990;0;0;0;0;8;8660;5;5010;28;415711;96;793466;90;540515;69;254487
12.07.2020 23:00;2;1990;4;4000;13;38235;82;300913;42;455925;41;459717;2;2000;4;4000;0;0;0;0;4;4020;2;2000;11;97749;66;363525;54;149441;40;101100
13.07.2020 00:00;0;0;4;3990;6;81190;45;178753;19;151210;29;381781;0;0;4;3990;0;0;0;0;0;0;0;0;3;49200;35;198126;17;50210;18;38880
13.07.2020 01:00;0;0;0;0;6;39360;24;65504;10;91878;11;191089;0;0;0;0;0;0;0;0;0;0;0;0;12;120430;17;62630;12;23220;14;33410
13.07.2020 02:00;0;0;0;0;2;19060;12;6710;5;113356;4;94970;0;0;0;0;0;0;0;0;0;0;0;0;3;33970;11;37770;13;23180;0;0
13.07.2020 03:00;0;0;2;2000;4;80850;13;9750;7;81670;5;90580;0;0;2;2000;0;0;0;0;1;1500;0;0;1;2240;8;21560;5;7430;4;11710
13.07.2020 04:00;1;990;2;2000;3;24440;29;138380;26;311163;27;361564;1;1000;2;2000;0;0;0;0;0;0;0;0;4;26790;27;110335;11;53110;13;29510
13.07.2020 05:00;3;2990;10;10000;17;138630;154;564100;75;820640;93;959237;3;3000;10;9970;0;0;0;0;1;1000;0;0;15;153463;90;842543;48;215311;20;61026
13.07.2020 06:00;4;4000;12;11990;28;215694;400;1268304;133;1063222;176;1546450;4;4000;12;11980;0;0;0;0;2;2160;2;2000;30;515941;163;2189142;91;1462071;75;657442
13.07.2020 07:00;5;5000;12;11990;47;415625;497;1597869;234;1694326;262;2075460;5;5000;12;11980;0;0;0;0;13;13980;8;8040;44;785990;120;3056795;92;1763648;98;991857
13.07.2020 08:00;4;4000;12;11990;66;724139;492;1500485;250;2120837;260;2181955;4;3990;12;11990;0;0;0;0;21;21890;16;16070;50;940270;185;2759324;110;1833137;81;1097622
13.07.2020 09:00;4;4000;8;7990;68;624497;439;1595978;267;2013183;269;2087478;4;3980;8;7990;0;0;0;0;30;33730;22;22100;64;1069089;163;2825388;108;1666959;111;1451631
13.07.2020 10:00;4;4000;8;7980;83;697159;404;1596434;255;1825995;267;2039046;4;4000;8;7980;0;0;0;0;20;21330;15;15120;71;1153983;161;2432072;143;1870496;127;1239476
13.07.2020 11:00;4;4000;8;8000;90;621608;384;1929109;228;1965594;270;1903628;4;4000;8;8000;0;0;0;0;24;26200;13;13090;72;1288297;147;2704129;135;1780920;129;1117515
13.07.2020 12:00;3;2990;10;9990;85;801473;339;1582724;227;1759686;230;1773340;3;3000;9;8990;0;0;1;1440;36;37710;15;15090;71;1694208;146;2396081;127;1836780;134;1074122
13.07.2020 13:00;4;4000;12;11990;69;606220;409;1633575;236;1682546;236;1689252;4;4000;11;10980;0;0;0;0;33;36960;13;13080;67;1425742;183;2536550;138;2015021;150;1257411
13.07.2020 14:00;4;3990;12;12000;75;659331;418;1590156;232;1513864;235;1956450;4;3990;12;11980;0;0;0;0;22;23640;17;17110;76;1192040;162;2681424;129;2195609;135;1383530
13.07.2020 15:00;4;4000;12;11990;95;948422;490;1810056;264;1964297;255;2170772;4;4000;12;12000;0;0;0;0;78;83145;17;17110;88;1433379;219;2687885;135;2424938;154;1612540
13.07.2020 16:00;4;3990;12;12000;108;673911;443;2045069;249;2199565;248;1987310;4;4000;12;12000;0;0;0;0;45;58640;16;16120;88;1390924;190;2756292;130;2562062;133;1768206
13.07.2020 17:00;4;4000;12;12000;124;961722;502;1533877;230;2156316;225;2202444;4;4000;11;10980;0;0;0;0;32;37013;37;37230;98;1526338;246;2774259;119;2454955;128;1778840
13.07.2020 18:00;4;3990;10;10000;81;622870;421;1262666;222;1843957;210;1799296;4;4000;10;9990;0;0;0;0;22;23300;15;15080;82;1499302;244;2055587;140;2069517;141;1361837
13.07.2020 19:00;4;4000;8;7990;62;433140;345;896621;163;1433650;172;1757780;4;4000;8;7990;0;0;0;0;27;29400;16;16070;68;1059082;213;1328269;130;1593715;122;1002148
13.07.2020 20:00;4;3990;9;8990;39;309285;229;1011990;154;900517;125;1060328;4;4000;9;9000;0;0;0;0;25;25810;14;14070;46;831819;133;1603773;103;858256;104;759339
13.07.2020 21:00;2;2000;5;5000;34;125790;215;897571;146;976481;114;946892;2;1990;5;5000;0;0;0;0;15;15990;8;8040;39;495059;121;1400402;74;656293;85;517161
13.07.2020 22:00;2;2000;4;4000;29;68930;198;890587;99;712503;101;805255;2;2000;4;4000;0;0;0;0;10;13510;6;6030;37;414551;126;1086756;102;459447;91;319748
13.07.2020 23:00;2;2000;4;3990;19;151049;131;539415;44;308506;48;360356;2;1990;4;4000;0;0;0;0;12;16079;6;6020;14;122210;116;619357;50;254260;51;183495
14.07.2020 00:00;0;0;4;4000;8;78660;44;165357;40;292393;34;353553;0;0;4;3990;0;0;0;0;3;3160;2;2000;7;131820;34;164890;32;92670;25;55200
14.07.2020 01:00;0;0;0;0;1;16420;23;22310;11;169760;15;312118;0;0;0;0;0;0;0;0;0;0;0;0;3;18840;21;78750;11;83720;7;13390
14.07.2020 02:00;0;0;0;0;5;2290;15;17740;9;104850;7;133170;0;0;0;0;0;0;0;0;0;0;0;0;6;122830;13;60998;11;15540;6;8950
14.07.2020 03:00;0;0;2;1990;0;0;12;29150;13;197140;9;132506;0;0;2;2000;0;0;0;0;0;0;0;0;1;1920;7;32313;5;10840;3;5600
14.07.2020 04:00;1;990;2;2000;7;44780;28;24500;21;333317;22;365354;1;1000;2;1990;0;0;0;0;0;0;0;0;3;27490;24;98290;16;26850;16;40260
14.07.2020 05:00;3;3000;10;9980;9;60400;153;442939;61;651616;101;818251;3;2990;10;9980;0;0;0;0;0;0;1;1000;11;113391;107;723910;41;245527;21;68760
14.07.2020 06:00;4;4000;12;11980;26;200394;422;1448061;152;1382337;192;1905050;4;3980;12;11970;0;0;0;0;1;1010;3;3010;35;555780;184;2346018;92;1189635;67;663608
14.07.2020 07:00;5;4990;11;10980;47;698067;514;1525856;219;1768594;250;1879621;5;5000;11;10980;0;0;0;0;16;16950;11;11820;35;810189;120;3098255;84;1736338;86;1186198
14.07.2020 08:00;4;3990;13;12990;71;671837;499;1563740;262;2134880;278;2351797;4;4000;13;12990;0;0;0;0;33;34810;10;10040;55;1117482;162;3113685;101;1916218;104;1689631
14.07.2020 09:00;4;4000;8;8000;79;637802;452;1903155;288;1715129;305;1967699;4;4000;8;8000;0;0;0;0;24;26050;15;15070;65;1394525;179;2919235;104;2252159;132;1467946
14.07.2020 10:00;4;4000;8;7980;70;546091;398;1501464;282;1966311;278;2064791;3;3000;8;7980;0;0;0;0;22;22460;18;18920;87;1414282;173;2464121;119;1809361;127;1247185
14.07.2020 11:00;4;4000;8;7990;92;551426;379;1672962;264;1730769;249;1855429;4;4000;8;8000;0;0;0;0;42;44180;10;10050;96;1589452;161;2570069;121;1787462;138;1402698
14.07.2020 12:00;4;4000;11;10980;84;751221;417;1571859;253;1846847;226;1835434;4;4000;11;11000;0;0;0;0;34;37060;9;9050;75;1570733;182;2537866;141;2072355;136;1308434
14.07.2020 13:00;4;3990;12;12000;86;549371;393;1518548;237;1736641;244;1881450;4;4000;12;11990;0;0;0;0;36;37780;5;5040;75;1231870;153;2646033;118;1988545;140;1079411
14.07.2020 14:00;4;4000;12;11990;77;616344;416;1466614;257;1612603;235;1649159;4;4000;12;11990;0;0;0;0;26;31060;14;14090;86;1263556;152;2626996;121;2122140;143;1532239
14.07.2020 15:00;4;4000;12;12000;94;710769;433;1713202;270;2287721;273;2254198;4;3990;12;11990;0;0;0;0;26;28040;20;20120;82;1447409;198;2601794;128;2373152;155;1817838
14.07.2020 16:00;4;4000;11;10990;98;808864;490;1668418;263;2678896;258;2463619;4;4000;11;10980;0;0;0;0;52;58027;17;17060;78;1627626;226;2706345;135;2595872;143;1754813
14.07.2020 17:00;4;4000;13;12980;119;929304;513;1496524;246;2232371;222;2265004;4;3990;13;12980;0;0;0;0;33;35850;19;19080;87;1596487;196;2858003;131;2419824;146;1729850
14.07.2020 18:00;4;3980;10;9990;117;801877;443;1659234;255;2285526;230;2351236;4;4000;10;9960;0;0;0;0;40;45320;19;19080;85;1617839;224;2363050;141;2327893;143;1577568
14.07.2020 19:00;4;4000;8;7980;79;366443;345;827748;185;1771163;160;1577629;4;4000;8;7990;0;0;0;0;27;32070;11;11060;70;1010180;212;1423448;115;1632044;118;837809
14.07.2020 20:00;4;3980;9;8980;36;191260;256;946379;149;1133149;121;886089;4;3990;9;8990;0;0;0;0;20;22020;11;11030;47;581804;127;1425247;105;979704;94;596250
14.07.2020 21:00;2;2000;5;4980;29;218460;214;893049;123;840080;110;945632;2;2000;5;5000;0;0;0;0;14;14950;11;11080;39;436803;134;1083660;103;837863;70;508719
14.07.2020 22:00;2;2000;4;3980;38;201030;184;894164;86;520620;83;694746;2;2000;4;4000;0;0;0;0;13;14760;6;6040;39;488800;117;1031801;92;462770;79;281870
14.07.2020 23:00;2;2000;4;4000;32;101727;104;437611;38;406787;41;503022;2;2000;4;4000;0;0;0;0;10;10970;1;1000;27;270423;89;533740;48;218671;31;151980
15.07.2020 00:00;0;0;4;4000;4;128404;43;136480;16;366050;23;352829;0;0;4;4000;0;0;0;0;1;1010;1;1000;2;2240;37;190091;15;58090;24;126640
15.07.2020 01:00;0;0;0;0;2;16720;15;65630;8;103417;11;235590;0;0;0;0;0;0;0;0;1;1910;1;1000;1;17430;13;64450;12;34300;9;51060
15.07.2020 02:00;0;0;0;0;2;33190;17;12200;5;104360;4;65660;0;0;0;0;0;0;0;0;0;0;0;0;1;7190;13;41640;6;18280;7;35130
15.07.2020 03:00;0;0;1;1000;2;2600;10;5610;14;204280;8;116140;0;0;1;1000;0;0;0;0;1;1000;0;0;0;0;6;26380;7;19090;7;32050
15.07.2020 04:00;1;1000;4;3980;7;48894;33;89620;23;269735;27;393768;1;1000;3;3000;0;0;0;0;0;0;0;0;7;78320;35;164690;13;79360;13;61603
15.07.2020 05:00;3;2990;10;9980;12;43330;142;434992;65;514595;94;953678;3;3000;10;9980;0;0;0;0;1;1010;1;1000;15;162864;67;882162;36;257010;32;145350
15.07.2020 06:00;4;4000;12;11990;21;100290;449;1311642;133;1282923;186;1786175;4;4000;12;11990;0;0;0;0;5;5750;3;3020;25;541477;123;2206570;82;1128811;52;476900
15.07.2020 07:00;5;4990;12;11990;52;515427;494;1655281;219;1757569;271;2127689;5;5000;12;11980;0;0;0;0;8;8230;9;9050;41;758350;134;3001290;78;1895856;94;1100140
15.07.2020 08:00;4;4000;11;10980;64;707595;552;1745001;271;2091828;288;2272234;4;3990;11;10970;0;0;0;0;14;14170;6;6040;57;1122982;145;3230329;73;2037026;93;1366707
15.07.2020 09:00;4;3990;9;9000;80;582358;481;1648611;274;1847897;276;2261312;4;3990;8;7990;0;0;0;0;18;18110;10;10030;73;1174374;164;2743547;102;1966455;90;1467558
15.07.2020 10:00;4;4000;9;9000;74;729627;379;1435119;254;1841808;271;1922223;4;3990;9;9000;0;0;0;0;31;34940;10;10050;63;1107245;141;2470750;137;1504802;132;1246490
15.07.2020 11:00;4;3990;8;8000;74;563395;376;1852981;235;1729795;250;1931896;4;3990;8;8033;0;0;0;0;25;25350;18;18120;72;1438981;128;2684423;118;1880426;116;1396631
15.07.2020 12:00;4;4000;12;11980;80;771292;412;1592443;244;1829252;227;1939361;4;3990;12;11990;0;0;0;0;17;17354;14;14070;71;1472919;162;2709805;112;2083868;131;1395297
15.07.2020 13:00;4;4000;12;12000;84;758161;427;1608364;237;1851103;229;1900719;4;4055;13;12980;0;0;0;0;23;24130;11;11085;71;1360039;155;2653664;125;1896205;134;1353085
15.07.2020 14:00;4;3990;12;11990;99;851894;396;1558257;245;1888851;237;2000698;4;3990;12;11980;0;0;0;0;22;24230;14;14070;82;1552903;159;2531589;129;2455317;141;1484539
15.07.2020 15:00;4;4000;12;11980;112;963105;505;1568264;267;1921701;262;1966260;4;4000;12;12000;0;0;0;0;36;37050;12;12050;76;1476083;188;2944313;116;2562396;153;1720409
15.07.2020 16:00;4;4000;11;10990;123;1101474;506;1394900;269;2469114;251;2383723;4;3990;11;10990;0;0;0;0;31;32390;14;14080;81;1735481;220;2544240;133;2472352;145;1759194
15.07.2020 17:00;4;3990;12;11960;97;732267;530;1722979;250;2322456;241;2348196;4;4000;12;11990;0;0;0;0;48;53420;21;21110;82;1434190;218;2836560;127;2405980;130;1724059
15.07.2020 18:00;4;4000;10;9990;98;733995;451;1569787;202;1869797;213;1931928;4;4000;10;10019;0;0;0;0;34;36044;21;21060;84;1394704;250;2361976;135;2278495;159;1573957
15.07.2020 19:00;4;4000;8;7990;73;884702;400;1160924;176;1326777;163;1621534;4;4000;8;7980;0;0;0;0;31;31990;23;23110;70;1111252;225;1602892;116;1590905;119;1167654
15.07.2020 20:00;4;4000;9;9000;59;410620;230;936602;141;1469912;134;1408220;4;3990;9;9000;0;0;0;0;17;18210;12;12050;48;917341;137;1331250;100;1424757;92;954889
15.07.2020 21:00;2;1990;5;4990;34;162772;202;872003;106;715937;101;786211;2;2000;4;3990;0;0;0;0;13;13636;4;4020;47;533261;131;1018610;101;758861;110;575994
15.07.2020 22:00;2;2000;4;3980;23;89194;184;775137;74;499481;74;718419;2;2000;4;4000;0;0;0;0;15;15130;4;4030;34;380679;128;998391;90;403140;76;364590
15.07.2020 23:00;2;2000;4;4000;22;47110;106;476885;60;536139;50;457570;2;2000;4;3980;0;0;0;0;12;15620;3;3010;23;226830;87;457045;71;209960;41;158860
16.07.2020 00:00;0;0;4;4000;7;36820;45;222250;25;377062;33;386207;0;0;4;4000;0;0;0;0;0;0;1;1000;6;83180;48;181305;28;119335;33;108270
16.07.2020 01:00;0;0;0;0;6;26780;24;35620;16;177310;14;219040;0;0;0;0;0;0;0;0;0;0;2;2000;2;34030;22;95270;11;35280;13;43200
16.07.2020 02:00;0;0;0;0;4;20400;19;28350;7;121300;6;75920;0;0;0;0;0;0;0;0;0;0;0;0;1;15900;17;77130;6;22000;8;37290
16.07.2020 03:00;0;0;2;2000;3;3970;15;26260;8;123900;6;122550;0;0;2;1990;0;0;0;0;0;0;0;0;0;0;13;101991;8;13510;6;12040
16.07.2020 04:00;1;1000;2;2000;7;100370;38;62970;19;250310;19;249420;1;1000;2;2000;0;0;0;0;0;0;0;0;5;64094;22;135230;20;42630;19;37400
16.07.2020 05:00;3;3000;10;10000;12;71233;158;538717;60;704142;97;983176;3;3000;10;9980;0;0;0;0;2;2020;2;2000;10;155630;101;893304;47;272138;26;67680
16.07.2020 06:00;4;4000;12;11990;25;176800;417;1275871;138;1079401;155;1542156;4;4000;12;11980;0;0;0;0;5;5150;1;1000;30;441464;166;2164666;107;990411;65;407310
16.07.2020 07:00;5;4990;12;11080;47;401100;504;1554110;203;1897088;230;2233306;5;5000;12;11970;0;0;0;0;15;15110;5;5020;47;856306;205;2777901;84;1635602;94;1116862
16.07.2020 08:00;4;4000;11;11920;57;715261;502;1450695;277;1948056;293;2104466;4;3990;11;10990;0;0;0;0;14;15070;10;10080;51;1163356;172;2985646;84;1966764;99;1365105
16.07.2020 09:00;4;4000;9;9000;73;687190;452;1710673;251;2006763;248;2167057;4;4000;9;8980;0;0;0;0;14;15070;11;11060;61;873388;158;2730760;107;2032899;107;1237893
16.07.2020 10:00;4;3990;9;9000;79;650017;374;1817208;276;1843416;268;1905957;4;4000;9;9000;0;0;0;0;21;21850;6;6040;69;1146669;152;2550060;136;1903409;129;1054749
16.07.2020 11:00;4;3980;8;7990;74;885113;378;1646211;267;1620143;264;1800730;4;4000;8;7990;0;0;0;0;25;25540;13;13080;73;1388073;145;2656039;122;2175050;137;1183392
16.07.2020 12:00;4;3990;12;11980;90;590488;372;1617182;237;1744962;243;2081357;4;3990;12;11980;0;0;0;0;32;33830;15;15050;89;1454389;165;2424550;118;2005237;137;1172051
16.07.2020 13:00;4;4000;11;11000;83;822140;389;1465939;238;1710932;237;1810964;4;4000;11;10980;0;0;0;0;26;27330;10;10113;73;1222255;138;2568894;132;1943117;127;1047505
16.07.2020 14:00;4;3990;13;12990;93;677937;424;1429532;255;1828176;248;1973839;4;3990;13;12990;0;0;0;0;20;20670;12;12010;89;1592271;144;2686042;121;2160141;141;1418225
16.07.2020 15:00;4;3990;12;11990;116;1156352;457;2145180;273;2191795;244;2165522;4;3980;12;11990;0;0;0;0;32;36606;11;11070;93;1908589;163;2893881;118;2433462;130;1749313
16.07.2020 16:00;4;4000;12;11980;126;1053204;480;1884194;249;2338393;243;2386120;4;4000;12;12000;0;0;0;0;27;28360;14;14050;79;1628820;204;2904474;135;2663576;140;1947362
16.07.2020 17:00;4;4000;12;12000;120;759109;467;1960014;267;2201018;244;2158033;4;3980;12;11990;0;0;0;0;31;33230;14;14080;118;1758660;201;2860438;112;2660871;155;1847933
16.07.2020 18:00;4;4000;10;9990;104;817780;448;1599150;223;2013211;220;1992915;4;4056;10;10000;0;0;0;0;22;24050;16;16060;92;1485134;220;2471028;134;2243936;131;1759060
16.07.2020 19:00;3;3000;8;7990;74;777806;343;1173924;174;1601796;177;1688918;3;3000;8;7990;0;0;0;0;21;21800;5;5010;71;1142126;206;1626602;142;1829057;135;1010756
16.07.2020 20:00;5;5000;9;9000;43;197271;255;1091800;116;943254;113;1185805;5;5000;9;8990;0;0;0;0;22;22520;11;11020;46;827957;141;1615731;104;1184518;104;704597
16.07.2020 21:00;2;2000;5;4990;33;152080;217;858725;123;711796;112;857781;2;1990;5;5000;0;0;0;0;8;8390;6;6050;41;320050;122;1424330;96;734886;98;644867
16.07.2020 22:00;2;2000;4;4000;23;92540;160;696373;88;719840;78;672165;2;2000;4;4000;0;0;0;0;9;9080;5;5020;45;326935;107;1056242;101;625400;67;507879
16.07.2020 23:00;2;2000;4;4000;19;116060;124;466976;50;370124;46;439530;2;2000;4;4000;0;0;0;0;5;5030;8;8040;29;399690;94;617079;51;243805;39;153567
17.07.2020 00:00;0;0;4;4000;7;63650;54;242960;23;210910;29;518003;0;0;4;4000;0;0;0;0;2;2510;1;1010;14;215944;42;224459;24;74840;15;65490
17.07.2020 01:00;0;0;0;0;1;330;32;80020;12;191100;9;174000;0;0;0;0;0;0;0;0;1;1000;2;2010;3;53150;25;103430;13;37530;14;33840
17.07.2020 02:00;0;0;0;0;5;31530;17;16990;8;71840;7;121770;0;0;0;0;0;0;0;0;0;0;2;2010;5;108990;17;62860;4;30920;8;28450
17.07.2020 03:00;0;0;2;2000;2;1960;15;60220;7;88140;10;178630;0;0;2;2000;0;0;0;0;0;0;1;1000;1;390;12;42070;6;19190;6;18790
17.07.2020 04:00;1;1000;2;2000;3;16460;29;61110;22;328460;21;370484;1;1000;2;2000;0;0;0;0;0;0;0;0;3;13850;27;95860;10;27750;13;48490
17.07.2020 05:00;3;2980;10;9990;15;34570;139;508075;64;620595;97;1011253;3;3000;10;10000;0;0;0;0;2;2000;1;1000;12;125430;91;797338;43;207282;22;77700
17.07.2020 06:00;4;4000;12;12000;23;210110;357;980039;129;1062965;170;1563019;4;4000;12;11960;0;0;0;0;3;4210;1;1010;27;510540;161;1881912;90;931849;56;414853
17.07.2020 07:00;5;5000;12;11990;40;465933;467;1683256;210;1760082;228;2000931;5;5000;12;11970;0;0;0;0;8;9950;6;6030;39;809088;177;2707705;91;1739378;89;990422
17.07.2020 08:00;4;4000;12;11990;59;623179;456;1523956;249;1726314;260;1958421;4;4000;12;11990;0;0;0;0;15;15100;6;6040;48;971925;187;2745307;81;1816538;96;1280941
17.07.2020 09:00;4;3990;8;7990;72;641119;403;1606080;276;2139418;276;2001181;4;4000;8;7990;0;0;0;0;24;24420;11;11070;66;1253885;162;2613671;96;1835045;111;1148477
17.07.2020 10:00;4;4000;8;7990;73;745090;387;1542607;247;1816203;262;1784819;4;4000;8;7990;0;0;0;0;26;29140;11;11050;78;1324734;155;2497537;121;1800991;130;1048776
17.07.2020 11:00;4;3990;8;8000;104;862253;402;1912509;274;1868770;270;1911046;4;4000;8;8000;0;0;0;0;27;30010;11;11060;77;1413239;157;2740711;128;1821001;137;1362549
17.07.2020 12:00;4;4000;11;10980;100;764298;430;1557580;270;1823933;270;1938074;4;4000;11;11000;0;0;0;0;27;27180;18;18100;69;1040233;184;2727951;125;2252694;147;1387442
17.07.2020 13:00;4;3990;12;11990;107;936186;432;1678245;273;2001322;252;2046265;4;3990;11;10970;0;0;0;0;24;26016;19;19210;95;1344525;224;2328363;127;2284134;127;1717670
17.07.2020 14:00;4;4000;12;11990;96;903475;446;1730585;268;2184351;274;2167074;4;4000;12;11990;0;0;0;0;37;41550;4;4010;73;1502662;198;2578216;155;2400365;139;1662604
17.07.2020 15:00;4;3990;12;11980;90;736453;460;1711779;247;2175472;266;2040035;4;4000;11;11000;0;0;0;0;32;36490;17;17100;81;1080116;189;2797120;121;2426642;152;1563072
17.07.2020 16:00;4;4000;12;11980;100;1116958;473;1504715;262;2122249;244;2149996;4;3990;12;11980;0;0;0;0;42;44400;9;9080;80;1643396;211;2528207;127;2378549;136;1702479
17.07.2020 17:00;4;4000;12;11980;107;680621;461;1431778;233;1963639;245;2219592;4;4000;12;12000;0;0;0;0;45;49590;17;17134;68;1447861;215;2516458;137;2114329;137;1546526
17.07.2020 18:00;4;4000;10;9990;70;461532;425;1516923;212;2036592;213;2070219;4;4000;10;9970;0;0;0;0;33;37460;12;12070;71;1293247;224;2306229;121;2162240;126;1314495
17.07.2020 19:00;4;3990;8;8000;76;848255;372;1397862;188;1763115;153;1729621;4;4000;8;7980;0;0;0;0;26;28710;13;13060;67;1163779;221;1779934;120;1568495;120;1135913
17.07.2020 20:00;4;4000;9;8990;53;436850;258;1127952;156;1175290;138;1213273;4;3980;9;8990;0;0;0;0;26;29516;11;11040;58;867250;139;1492696;125;1351000;111;876688
17.07.2020 21:00;2;1990;5;5000;33;326208;209;880226;110;876604;103;748407;2;2000;5;4990;0;0;0;0;17;18120;13;13020;39;520365;145;1273969;103;602880;85;461480
17.07.2020 22:00;2;2000;4;4000;26;188810;213;1000159;105;815725;110;984455;2;1990;4;4000;0;0;0;0;15;16058;5;5030;39;335102;118;1346932;114;608882;92;372481
17.07.2020 23:00;2;2000;4;4000;33;182990;149;796465;81;536453;80;679581;2;2000;4;3990;0;0;0;0;2;2340;8;8020;37;371760;114;1052876;71;412644;44;165370
18.07.2020 00:00;0;0;4;4000;18;113720;97;346070;48;486642;56;570762;0;0;4;3990;0;0;0;0;7;7600;6;6020;8;86120;67;448060;61;298713;33;142390
18.07.2020 01:00;0;0;0;0;12;11140;54;116180;35;358392;34;428364;0;0;0;0;0;0;0;0;4;4030;3;3020;8;74750;42;167390;31;64880;23;54275
18.07.2020 02:00;0;0;0;0;9;70594;26;18260;21;216102;21;295855;0;0;0;0;0;0;0;0;4;5640;4;4020;10;120904;20;64970;9;24460;11;28460
18.07.2020 03:00;0;0;2;2000;10;50550;31;105200;16;110870;11;151728;0;0;1;1000;0;0;0;0;0;0;1;1010;2;27010;21;105310;4;11570;20;35040
18.07.2020 04:00;1;1000;3;3000;5;57270;30;86840;20;166270;22;283433;1;1000;3;3000;0;0;0;0;2;3400;2;2010;5;72811;26;101220;11;22150;13;19940
18.07.2020 05:00;3;3000;7;7000;8;40095;47;170110;26;520180;30;563264;3;2990;7;6980;0;0;0;0;1;1010;0;0;7;80540;45;301028;28;103299;14;36539
18.07.2020 06:00;4;4000;8;7990;14;76016;102;347765;32;414150;42;608348;4;3990;8;8000;0;0;0;0;2;2086;2;2020;16;177605;73;424325;34;184896;32;115321
18.07.2020 07:00;4;4000;8;8000;13;103730;134;342199;53;425500;70;842121;4;4000;8;8000;0;0;0;0;1;1010;3;3010;15;268140;104;658078;52;350435;30;134140
18.07.2020 08:00;4;3980;8;7990;51;189210;217;953979;100;815720;114;1099626;4;3990;8;7990;0;0;0;0;11;11470;8;8060;33;447370;134;1402066;80;675643;64;303480
18.07.2020 09:00;4;3980;8;7960;59;291040;336;1127259;194;1295144;196;1601490;4;4000;8;8000;0;0;0;0;25;25890;8;8020;35;396962;153;2081013;110;1177076;111;745500
18.07.2020 10:00;4;3990;8;8000;55;491891;406;1280853;222;1749344;214;1909288;4;4000;8;7990;0;0;0;0;21;23150;8;8060;56;931459;159;2331911;108;1879597;107;734313
18.07.2020 11:00;4;3990;8;7990;65;551615;354;1271759;231;1513850;224;1492410;4;3990;8;7990;0;0;0;0;38;47080;20;20160;69;1255847;142;2237016;143;1856298;138;1262497
18.07.2020 12:00;4;4000;8;7980;62;517968;365;1421782;244;1735826;237;1811637;4;4036;8;8000;0;0;0;0;28;32290;15;15070;62;1026258;143;2341942;136;1931836;133;1166960
18.07.2020 13:00;4;3980;8;7990;78;688395;417;1377633;199;1512285;195;1950791;4;4000;8;8000;0;0;0;0;38;42010;12;12106;70;1166927;167;2508401;134;2187531;155;1327947
18.07.2020 14:00;4;3990;8;8000;72;423128;388;1413857;232;1513584;209;1368512;4;4000;8;7990;0;0;0;0;27;29150;18;18090;62;1255400;154;2339614;148;2132352;156;1658847
18.07.2020 15:00;4;4000;8;7970;67;670021;407;1367226;208;1371465;191;1585618;4;4000;8;8000;0;0;0;0;25;30450;18;18100;66;1300685;172;2455133;123;1971871;127;1457312
18.07.2020 16:00;4;4000;8;8000;81;718975;401;1387171;201;1411305;206;1575969;4;4000;8;7990;0;0;0;0;25;29642;18;18070;67;1089352;159;2243209;137;1864660;116;1178392
18.07.2020 17:00;4;3990;9;9000;55;390931;358;1333558;183;1255209;178;1553940;4;4000;9;8980;0;0;0;0;27;29400;20;20140;58;880711;160;2260175;125;1675225;129;1367437
18.07.2020 18:00;4;4000;8;7990;59;749649;353;1436906;171;1327481;163;1430448;4;3990;8;8000;0;0;0;0;27;28770;18;18120;60;1073454;158;2188320;125;1602955;125;1222032
18.07.2020 19:00;4;3990;7;7000;55;409480;347;1195258;150;1137713;154;1405883;4;4000;7;6990;0;0;0;0;40;43920;14;14070;57;1116243;171;1863636;122;1398468;126;781570
18.07.2020 20:00;2;2000;4;4000;35;282828;274;1063340;115;883275;115;1021289;2;2000;4;3990;0;0;0;0;34;41650;12;12040;48;534298;152;1595009;107;859560;105;613897
18.07.2020 21:00;2;2000;4;4000;34;238840;228;772304;105;743929;101;935175;2;2000;4;3990;0;0;0;0;17;19400;7;7050;37;461220;144;1402399;89;669224;97;544849
18.07.2020 22:00;2;2000;4;4000;32;116010;291;1034198;115;844429;116;944002;2;2000;4;4000;0;0;0;0;18;22740;9;9040;39;425891;127;1529524;110;629477;116;606031
18.07.2020 23:00;2;2000;4;4000;13;43960;190;772232;77;602476;63;689969;2;2000;4;4000;0;0;0;0;18;20220;11;11060;28;339423;125;938262;72;318300;65;276700
19.07.2020 00:00;0;0;4;4000;20;191860;102;513552;59;425563;54;699843;0;0;4;3990;0;0;0;0;4;4070;4;4030;21;160354;84;556575;61;292070;39;156722
19.07.2020 01:00;0;0;0;0;8;37580;71;229260;38;454170;38;413775;0;0;0;0;0;0;0;0;4;4540;0;0;8;92980;52;234820;44;168130;26;70550
19.07.2020 02:00;0;0;0;0;8;38420;46;135643;19;184893;20;255193;0;0;0;0;0;0;0;0;6;6760;6;6040;7;146276;39;214750;33;105900;20;72050
19.07.2020 03:00;0;0;0;0;3;21330;33;69219;15;268750;21;318274;0;0;0;0;0;0;0;0;0;0;0;0;0;0;29;95370;13;29730;8;13500
19.07.2020 04:00;0;0;2;2000;2;16660;24;124140;11;89260;14;306909;0;0;2;2000;0;0;0;0;1;1010;0;0;5;117709;20;75320;13;87670;13;36620
19.07.2020 05:00;2;2000;3;3000;9;42020;21;114120;17;295211;24;456017;2;2000;3;3000;0;0;0;0;2;2020;0;0;10;106490;17;72990;11;46480;8;19580
19.07.2020 06:00;2;2000;4;4000;10;30160;28;117640;21;350940;20;388120;2;1980;4;4000;0;0;0;0;0;0;1;1000;8;102240;24;67580;15;53590;14;35020
19.07.2020 07:00;2;1990;4;4000;9;50460;50;118320;31;318108;23;302313;2;2000;4;4000;0;0;0;0;13;15590;1;1000;8;127790;43;154703;27;110670;15;38790
19.07.2020 08:00;2;2000;4;3980;19;85700;67;361386;56;512101;48;539576;2;2000;4;4000;0;0;0;0;4;4195;4;4030;11;123330;63;281295;32;196665;34;122540
19.07.2020 09:00;2;2000;4;3990;24;77010;176;543248;95;615570;105;913622;2;1990;4;4000;0;0;0;0;3;3010;3;3010;29;273460;122;731480;84;544429;84;424138
19.07.2020 10:00;2;2000;4;4000;37;283920;216;720391;145;1076516;120;979785;2;1990;4;3990;0;0;0;0;11;13890;2;2020;25;187180;142;1126647;119;921827;94;585846
19.07.2020 11:00;2;2000;4;4000;37;281658;295;854057;165;1148260;163;1182423;2;2000;4;4000;0;0;0;0;5;5520;6;6040;43;701189;215;1588248;121;1217898;111;617599
19.07.2020 12:00;3;2990;6;6000;56;320478;290;1166745;162;1164081;151;990186;3;3000;6;6000;0;0;0;0;7;7040;8;8050;46;562628;163;1584082;127;1106658;108;704955
19.07.2020 13:00;4;4000;8;7990;38;353545;326;1186971;157;1062370;147;1106882;4;3990;8;8000;0;0;0;0;7;7410;6;6020;44;607880;180;1947113;121;919400;95;700139
19.07.2020 14:00;4;3990;8;8000;42;246411;365;1122874;184;1351672;174;1396797;4;4000;8;7980;0;0;0;0;9;10790;6;6050;33;653078;186;1866115;151;1286813;109;769377
19.07.2020 15:00;4;3990;8;8000;52;282399;320;1119966;206;1271533;172;1205765;4;4000;8;8000;0;0;0;0;13;14060;4;4030;40;523330;168;1789397;128;957363;112;661547
19.07.2020 16:00;4;4000;8;8000;43;165170;320;1099304;161;1171626;151;1340203;4;4000;8;7990;0;0;0;0;13;13990;9;9060;34;315770;173;1674992;117;1109079;114;711964
19.07.2020 17:00;4;3990;8;8000;38;210951;315;1179458;174;1250309;174;1316175;4;3990;9;8990;0;0;0;0;20;21070;11;11090;59;828396;171;1940031;116;1083317;107;803532
19.07.2020 18:00;4;4000;8;7980;48;318490;363;1273472;192;1198774;173;1283422;4;4000;8;8000;0;0;0;0;9;10140;15;15070;38;534666;197;1873947;126;1457827;120;820913
19.07.2020 19:00;2;2000;5;4990;48;354780;339;975556;163;1090072;157;1370453;2;1990;5;5000;0;0;0;0;15;16530;7;7030;52;809235;164;1828927;111;1143480;92;547210
19.07.2020 20:00;2;2000;4;4000;46;269096;285;1113320;147;914074;137;1070809;2;2000;4;3980;0;0;0;0;12;13020;5;5020;49;583088;148;1622501;102;803093;93;674647
19.07.2020 21:00;2;1980;4;4000;22;108520;203;967349;128;911633;127;966219;2;2000;4;4000;0;0;0;0;7;7520;4;4020;37;326030;133;1057731;96;784496;101;503480
19.07.2020 22:00;2;2000;4;4000;22;167500;133;606948;80;569233;80;730630;2;2000;4;4000;0;0;0;0;7;7050;6;6030;23;405989;98;811159;87;428816;68;232020
19.07.2020 23:00;2;2000;4;4000;9;94923;100;350720;49;426280;53;464350;2;2000;4;4000;0;0;0;0;4;4630;2;2010;27;282819;72;388890;50;153083;50;140560
20.07.2020 00:00;0;0;4;4000;6;57775;41;168760;26;232501;27;423970;0;0;4;4000;0;0;0;0;1;1040;1;1000;7;120970;30;119920;20;88330;20;52520
20.07.2020 01:00;0;0;0;0;3;1540;18;44080;18;181450;16;345823;0;0;0;0;0;0;0;0;1;1010;0;0;4;97860;12;52070;14;51620;11;18640
20.07.2020 02:00;0;0;0;0;2;22680;11;22120;9;184680;12;332400;0;0;0;0;0;0;0;0;0;0;0;0;0;0;12;43940;8;17160;4;9030
20.07.2020 03:00;0;0;2;2000;0;0;14;41087;11;203860;9;181990;0;0;2;2000;0;0;0;0;0;0;0;0;0;0;11;39400;3;5750;4;15010
20.07.2020 04:00;1;1000;2;2000;3;32320;35;115425;25;308515;26;522665;1;1000;2;1990;0;0;0;0;0;0;0;0;5;77670;31;162061;14;40540;12;29046
20.07.2020 05:00;3;2980;10;10000;18;71535;154;430120;63;602937;86;969055;3;3000;10;9990;0;0;0;0;1;1010;1;1010;10;158603;98;757564;50;228787;27;82060
20.07.2020 06:00;4;3980;12;11980;22;196250;383;1273584;122;1227316;182;1514971;4;4000;12;12000;0;0;0;0;2;2010;1;1000;29;525673;162;2238042;88;1129250;66;598589
20.07.2020 07:00;5;5000;12;11990;53;680163;492;1270590;203;1641775;234;1963244;5;5000;12;12046;0;0;0;0;15;16350;9;9060;42;658364;156;2883912;108;1728090;105;1104365
20.07.2020 08:00;4;3990;12;11970;83;853889;466;1623374;244;2070066;270;2061601;4;4000;12;11990;0;0;0;0;27;31516;13;13070;63;1181822;188;2845652;85;1833735;119;1322426
20.07.2020 09:00;4;4000;8;8000;83;790634;459;1526668;269;1958416;300;2197570;4;3990;8;7990;0;0;0;0;25;26826;9;9020;73;1200319;189;2749730;102;1792944;116;1218049
20.07.2020 10:00;4;3990;8;7990;69;625998;397;1598549;233;1722756;261;1831703;4;4000;8;8000;0;0;0;0;31;32843;20;20160;73;1012849;195;2706137;135;1631878;141;1209539
20.07.2020 11:00;5;4990;9;9000;85;690100;357;1540647;231;1621253;248;1589295;5;5000;9;9000;0;0;0;0;43;47530;13;13100;80;1266366;142;2381235;130;1919460;127;907897
20.07.2020 12:00;4;4000;11;11000;82;510684;380;1544301;249;1423017;246;1725447;4;4000;11;10970;0;0;0;0;33;39510;11;11118;79;1116590;160;2529376;136;1937227;138;1242410
20.07.2020 13:00;4;3990;12;12000;71;592960;365;1591455;217;1505132;206;1502947;4;4000;12;12000;0;0;0;0;33;35290;12;12070;76;1141933;151;2494411;135;1867359;123;1231389
20.07.2020 14:00;4;4000;12;12000;73;837309;395;1513036;236;2022192;237;2025076;4;4000;12;11980;0;0;0;0;24;27070;21;21090;79;1162503;166;2566610;107;2166531;134;1944188
20.07.2020 15:00;4;3990;11;10980;93;572727;461;1726942;247;2142774;251;2221023;4;3980;12;11980;0;0;0;0;39;42160;18;18050;81;1499283;190;2832791;131;2305263;140;1310368
20.07.2020 16:00;4;4000;13;13030;105;775714;493;1658984;241;2131362;237;2034294;4;4000;12;12000;0;0;0;0;42;50937;12;12070;87;1370545;200;2682367;131;2491064;144;1788876
20.07.2020 17:00;4;3990;11;11000;101;836699;478;1878431;240;2293710;254;2294263;4;4000;11;10980;0;0;0;0;42;48810;25;25130;93;1606513;248;2494959;137;2543769;133;1869313
20.07.2020 18:00;4;3980;11;10990;108;935351;423;1428478;202;2044645;195;2026741;4;4000;11;11000;0;0;0;0;47;72859;16;16090;87;1626046;203;2226480;119;2017086;142;1418104
20.07.2020 19:00;4;4000;8;8000;74;521599;390;1093441;177;1595516;173;1864997;4;3990;8;7990;0;0;0;0;33;34370;10;10050;71;1240533;210;1746563;116;1705093;120;1224925
20.07.2020 20:00;4;4000;9;8990;63;438051;256;960422;143;872458;134;1063491;4;3990;9;8960;0;0;0;0;36;37740;15;15050;64;824886;149;1594159;109;1104992;105;621859
20.07.2020 21:00;2;2000;5;4990;36;246278;216;906920;134;975981;95;699503;2;2000;5;5000;0;0;0;0;16;18240;7;7050;49;447616;127;1159757;89;709932;104;480740
20.07.2020 22:00;2;2000;4;4000;35;211750;160;669484;78;772917;63;620581;2;2000;4;3990;0;0;0;0;8;8790;3;3020;36;453481;106;745383;79;457571;79;377074
20.07.2020 23:00;2;2000;4;4000;18;105870;95;695401;54;514800;47;439820;2;2000;4;3990;0;0;0;0;5;6200;5;5030;21;245230;78;569834;44;121320;41;168475
21.07.2020 00:00;0;0;4;3990;3;3560;37;120150;20;132084;26;377360;0;0;4;4000;0;0;0;0;2;2110;0;0;6;72570;30;134020;29;79916;18;46660
21.07.2020 01:00;0;0;0;0;1;15850;26;28280;11;239745;16;296932;0;0;0;0;0;0;0;0;1;1000;1;1000;3;20780;30;100670;10;23810;15;38610
21.07.2020 02:00;0;0;0;0;2;29670;17;57400;6;74060;8;185321;0;0;0;0;0;0;0;0;0;0;0;0;1;16050;11;46950;7;18920;2;2260
21.07.2020 03:00;0;0;2;2000;3;22970;5;3160;6;54350;8;129520;0;0;2;2000;0;0;0;0;0;0;0;0;2;44110;2;5670;7;21310;2;1740
21.07.2020 04:00;1;990;2;2000;6;25390;40;107000;18;247414;14;266984;1;1000;2;2000;0;0;0;0;0;0;0;0;4;60960;34;171440;10;17360;16;31299
21.07.2020 05:00;3;3000;10;10000;17;80870;145;607962;64;675880;89;947953;3;3000;10;9990;0;0;0;0;4;4120;1;1010;12;250870;99;747342;34;238550;17;86080
21.07.2020 06:00;4;3990;12;12000;22;202550;396;1227882;140;1291867;193;1758283;4;4000;11;10970;0;0;0;0;3;3010;4;4030;26;427410;172;2168295;96;1282868;63;605630
21.07.2020 07:00;5;4990;12;11980;46;393080;505;1495550;206;1722695;224;2036107;5;5000;12;11970;0;0;3;740;14;15770;6;6020;44;848962;147;2953205;98;1744786;89;1233776
21.07.2020 08:00;4;4000;12;12000;64;550196;503;1331159;244;1971828;250;2064207;4;3990;12;12000;0;0;0;0;17;18740;13;13040;60;981978;207;2862150;85;1989988;86;1347212
21.07.2020 09:00;4;4000;8;8000;63;528320;418;1681430;247;1820178;301;1933215;4;4000;8;7990;0;0;0;0;37;39620;13;13080;47;776107;179;2679024;103;1868702;110;1176998
21.07.2020 10:00;4;4000;8;7990;70;784583;377;1708741;250;1712448;256;1804197;4;4000;8;7990;0;0;0;0;25;25520;6;6030;86;1244524;161;2570077;128;1974708;139;1304970
21.07.2020 11:00;4;4000;8;8000;70;522120;358;1433697;263;1592210;263;1750123;4;3990;8;7990;0;0;0;0;31;34590;13;13100;75;1070625;159;2475376;122;1633544;136;964274
21.07.2020 12:00;4;4000;10;10000;74;597563;385;1472305;242;1789086;245;1823978;4;3990;11;10990;0;0;0;0;28;30370;16;16080;83;1276997;174;2563048;135;1481140;124;875349
21.07.2020 13:00;4;3990;12;11990;83;651837;393;1794952;245;1570771;259;1787751;4;4000;13;12980;0;0;0;0;23;24040;14;14100;66;1177952;134;2773844;134;2105371;122;1360487
21.07.2020 14:00;4;3990;13;12960;89;782759;380;1685029;244;2045949;215;1796789;4;3990;12;11980;0;0;0;0;22;26470;15;15110;76;1631401;181;2513258;123;2458053;138;1289840
21.07.2020 15:00;4;4000;11;10970;78;505765;482;1702160;267;1957992;244;1833859;4;3990;12;11980;0;0;0;0;56;62940;15;15100;82;1343213;199;2692839;146;2373858;150;1644568
21.07.2020 16:00;4;4000;13;12990;94;716147;495;1729530;221;2191730;244;2135546;4;3980;12;12000;0;0;0;0;37;40375;19;19110;92;1484011;241;2642931;155;2611929;139;1848798
21.07.2020 17:00;4;4000;11;10990;104;695387;537;1495173;267;2163117;225;2095035;4;4000;11;11054;0;0;0;0;40;43250;16;16080;106;1514770;260;2853642;156;2478755;163;1727053
21.07.2020 18:00;4;4000;11;10980;92;557100;463;1598564;244;2158435;240;2200924;4;4000;11;10970;0;0;0;0;43;48399;13;13040;87;1412993;248;2294327;127;2529788;126;1850191
21.07.2020 19:00;4;4000;8;7990;85;710090;332;1410788;182;1235114;204;1895468;4;4000;8;8000;0;0;0;0;28;34300;16;16110;80;942062;190;1716617;127;1426349;135;875233
21.07.2020 20:00;4;4000;9;8990;63;523919;253;1173227;169;1074124;153;1150595;4;3990;9;8990;0;0;0;0;20;22540;9;9040;58;847116;157;1650968;107;1172197;111;978888
21.07.2020 21:00;2;1990;5;4990;35;254127;231;1082379;136;921902;125;959267;2;2000;6;6000;0;0;0;0;13;13580;14;14020;44;327519;167;1283251;103;884377;72;568494
21.07.2020 22:00;2;2000;4;4000;33;183630;222;906288;97;698388;69;621687;2;2000;4;3980;0;0;0;0;15;15470;2;2000;44;558759;126;1176619;108;535326;87;324060
21.07.2020 23:00;2;1990;4;3990;10;26630;124;574759;58;565995;46;650260;2;1990;4;4000;0;0;0;0;3;3020;3;3010;16;284570;88;512250;47;182390;51;182650
22.07.2020 00:00;0;0;4;4000;4;81850;48;229604;28;243120;26;294760;0;0;4;4000;0;0;0;0;2;2020;2;2010;8;79650;45;189650;32;100440;16;42940
22.07.2020 01:00;0;0;0;0;6;110340;34;57004;9;107050;16;374092;0;0;0;0;0;0;0;0;0;0;1;1000;1;43860;24;93961;12;25900;15;43990
22.07.2020 02:00;0;0;0;0;1;410;14;9090;7;41490;13;285220;0;0;0;0;0;0;0;0;1;1810;0;0;2;3020;11;42900;9;22790;8;20460
22.07.2020 03:00;0;0;2;2000;2;1060;5;2450;7;128820;7;157760;0;0;2;1990;0;0;0;0;0;0;0;0;1;23540;3;11250;2;6450;1;3360
22.07.2020 04:00;1;1000;2;1990;6;71260;26;269900;18;211833;24;355390;1;1000;2;2000;0;0;0;0;0;0;0;0;4;66550;25;148683;14;32180;9;24480
22.07.2020 05:00;3;3000;10;9970;14;48120;148;649995;59;569590;93;1014122;3;3000;10;10000;0;0;0;0;1;1010;3;3000;13;196952;90;864731;39;189953;21;109496
22.07.2020 06:00;4;4000;12;11990;22;133058;373;1156747;150;1120685;184;1302717;4;3990;12;11990;0;0;0;0;2;2000;5;5010;33;682008;178;2138551;96;1236675;69;436768
22.07.2020 07:00;5;4980;12;11990;37;299960;521;1752108;227;1884848;237;1970952;5;5000;12;11980;0;0;0;0;14;16380;8;8020;38;640131;148;3038784;88;1617838;112;1106542
22.07.2020 08:00;4;4000;11;11000;60;603203;495;1607212;244;1905462;250;1950960;4;3980;12;11970;0;0;0;0;28;31260;17;17090;50;930464;212;2860547;93;1980104;108;1461094
22.07.2020 09:00;4;3990;9;9000;56;561616;474;1569848;261;1778964;271;1853621;4;3990;8;7990;0;0;0;0;35;39890;9;9030;59;832844;172;2690849;105;1686318;114;1258989
22.07.2020 10:00;4;3990;8;8000;79;637337;350;1584941;270;1630016;262;1848206;4;3990;8;7980;0;0;0;0;33;36640;10;10030;67;1022888;128;2629044;114;1859962;113;1014260
22.07.2020 11:00;4;4000;8;8000;71;519852;392;1658573;271;1695915;270;1703577;4;4000;8;7980;0;0;0;0;20;21720;13;13132;86;1110199;164;2524322;139;1783721;144;1174287
22.07.2020 12:00;4;4000;10;9980;84;956518;360;1536357;243;1710041;245;1835845;4;4000;10;10000;0;0;0;0;27;28540;7;7050;80;1418321;160;2424163;117;1779307;132;1271749
22.07.2020 13:00;4;4000;13;12980;63;571396;404;1802067;254;1700868;247;1750071;4;3980;13;12990;0;0;0;0;28;28930;13;13060;77;1420191;158;2715527;153;1854535;125;1423896
22.07.2020 14:00;4;4000;12;11990;97;778863;418;1562466;222;1739457;228;1730128;4;4000;12;11970;0;0;0;0;35;39440;10;10040;83;1629731;167;2618339;125;2257991;164;1338947
22.07.2020 15:00;4;3990;11;10990;90;847496;466;1624810;247;2083826;234;1924583;4;3990;12;11990;0;0;0;0;25;26210;14;14090;92;1345464;182;2581819;118;2295566;131;1856285
22.07.2020 16:00;3;3000;13;12970;89;808326;506;1694427;245;2240914;249;2226597;4;4057;12;12000;0;0;0;0;37;43390;21;21120;92;1144500;264;2411577;142;2509221;133;1616816
22.07.2020 17:00;4;4000;11;10990;109;942596;490;1674466;250;2282347;233;2158178;4;4000;12;11980;0;0;0;0;42;43488;16;16070;84;1697141;268;2295409;154;2406977;145;1530031
22.07.2020 18:00;4;4000;11;10990;107;716345;448;1410447;210;1541796;221;1932687;4;4000;10;9990;0;0;0;0;31;33220;16;16080;87;1256080;213;2264850;148;2196295;147;1618558
22.07.2020 19:00;4;4000;8;7990;83;486141;352;1088335;187;1561269;162;1580138;4;4000;8;7990;0;0;0;0;25;25460;13;13060;69;1024779;213;1577626;114;1498293;115;1025214
22.07.2020 20:00;4;4000;9;8990;51;291900;259;1119920;169;1275935;142;995638;4;3980;9;8980;0;0;0;0;26;28460;9;9040;63;814516;145;1440164;104;1308187;90;724178
22.07.2020 21:00;2;2000;5;4990;46;344459;249;1006559;135;891309;117;793358;2;2000;5;5000;0;0;0;0;30;38618;4;4030;51;681593;165;1379460;106;704910;90;623847
22.07.2020 22:00;2;1990;4;3990;27;222940;216;1063224;101;617162;89;721316;2;1990;4;4000;0;0;0;0;19;20200;12;12050;34;490480;153;1221653;92;516369;79;336995
22.07.2020 23:00;2;2000;4;4000;17;134360;123;564635;68;553033;71;644582;2;2000;4;4000;0;0;0;0;15;18820;7;7040;25;323830;93;664717;56;264046;50;160350
23.07.2020 00:00;0;0;4;4000;12;204120;69;260832;27;298251;35;558189;0;0;4;4000;0;0;0;0;4;4500;3;3010;12;237702;57;274651;32;112040;25;68700
23.07.2020 01:00;0;0;0;0;6;48310;28;125880;15;129300;13;228240;0;0;0;0;0;0;0;0;2;2010;3;3010;5;60550;23;100900;15;31470;14;27650
23.07.2020 02:00;0;0;0;0;2;16830;20;11240;9;112590;7;103320;0;0;0;0;0;0;0;0;0;0;0;0;1;35745;19;69350;4;21740;7;18920
23.07.2020 03:00;0;0;2;1990;3;810;18;11310;4;98205;12;235655;0;0;2;2000;0;0;0;0;1;1010;1;1000;1;15980;11;46320;7;17440;5;9420
23.07.2020 04:00;1;1000;2;2000;7;32380;32;137250;27;371732;25;426827;1;1000;2;2000;0;0;0;0;0;0;0;0;4;54538;33;152750;12;49684;13;32220
23.07.2020 05:00;3;2990;10;9980;14;104100;138;375309;62;687330;86;1015435;3;3000;10;9980;0;0;0;0;4;4030;1;1000;13;114339;97;624135;43;272220;24;95490
23.07.2020 06:00;4;3990;12;11980;26;193320;358;1332137;116;897457;178;1458490;4;3990;12;11980;0;0;0;0;1;1000;4;4010;27;395280;163;2005793;93;1111862;68;470150
23.07.2020 07:00;5;4990;11;10990;42;549090;462;1526210;213;1668757;259;1936927;5;4990;12;11980;0;0;0;0;12;17020;5;5030;45;880671;114;2903261;107;1750532;94;1145386
23.07.2020 08:00;4;4000;13;13000;61;488287;482;1457324;237;1677068;269;1912241;4;4000;12;12000;0;0;0;0;20;21250;14;14080;58;985543;177;2897513;98;1945299;93;1489258
23.07.2020 09:00;4;4000;8;7990;87;594857;419;1759072;254;1695129;272;2133446;4;4000;8;8000;0;0;0;0;23;24170;12;12080;56;1069406;183;2625001;111;1934157;115;1200086
23.07.2020 10:00;4;3990;8;7980;81;559437;429;1619626;248;1960040;252;1957982;4;4000;8;7990;0;0;0;0;25;29810;20;20120;73;1038455;163;2768612;113;1941373;131;1347030
23.07.2020 11:00;4;4000;8;7990;94;813223;396;1468486;269;1847853;236;1939876;4;3990;8;8000;0;0;0;0;39;40909;16;16130;93;1494245;166;2518467;124;1937506;130;1213945
23.07.2020 12:00;4;3990;11;10970;85;770584;434;1755105;234;1817477;236;1895070;4;3990;11;10990;0;0;0;0;32;32940;25;25150;80;1552474;142;2710991;112;2200754;128;1386753
23.07.2020 13:00;4;4000;12;11990;100;861361;404;1763094;245;1765518;238;1801298;4;4000;12;12000;0;0;0;0;31;34690;9;9060;84;1540805;161;2813274;123;1937430;135;1182499
23.07.2020 14:00;4;4000;12;11990;84;746304;406;1814099;238;1765677;230;1841843;4;3990;12;11980;0;0;0;0;35;37720;8;8020;76;1347605;164;2674889;171;2126240;152;1220190
23.07.2020 15:00;4;3990;12;11990;90;727420;492;1835972;248;2121177;243;2234964;4;3990;12;11990;0;0;0;0;37;39730;17;17050;69;1395891;216;2681764;140;2214031;163;1702395
23.07.2020 16:00;4;4000;12;11970;107;883137;491;1744119;259;2126911;232;2226693;4;4000;12;12000;0;0;0;0;28;33440;17;17090;79;1805607;225;2714459;140;2738632;142;1841109
23.07.2020 17:00;4;3990;12;12000;123;868710;495;1692827;268;2302258;234;2182421;4;4000;12;11990;0;0;0;0;32;32470;20;20196;85;1542831;287;2536016;138;2576641;164;1663872
23.07.2020 18:00;4;3990;10;9990;104;740990;481;1750676;242;1971252;218;2121846;4;4000;10;10000;0;0;0;0;39;41160;12;12100;95;1954682;239;2455552;136;2346240;165;1455795
23.07.2020 19:00;4;4000;8;7980;78;515372;367;1040354;206;1733374;169;2023104;4;3990;8;7990;0;0;0;0;32;32550;21;21120;75;922766;214;1686248;125;1283929;120;1117825
23.07.2020 20:00;4;4000;9;8990;55;287376;262;1271954;154;965559;150;1347323;4;3980;9;8980;0;0;0;0;28;29800;8;8060;50;838206;174;1433272;115;1042721;114;778254
23.07.2020 21:00;2;1990;5;4990;40;169940;256;1170027;131;1151937;121;1085951;2;2000;5;5043;0;0;0;0;20;22050;6;6030;40;481366;145;1516380;98;742549;97;533168
23.07.2020 22:00;2;1990;4;3990;33;204042;231;928382;98;708800;99;773251;2;2000;4;3990;0;0;0;0;10;10650;8;8030;44;520873;143;1258537;102;466796;100;480370
23.07.2020 23:00;2;2000;4;4059;24;79483;131;654399;67;587010;64;627428;2;1990;4;4000;0;0;0;0;10;10550;3;3030;36;274599;105;668916;49;216593;44;143970
24.07.2020 00:00;0;0;4;4000;3;33450;51;414726;32;219990;41;500366;0;0;4;3990;0;0;0;0;1;1010;1;1000;7;88170;42;178460;21;114590;14;26840
24.07.2020 01:00;0;0;0;0;2;1285;32;112680;19;224878;22;372399;0;0;0;0;0;0;0;0;0;0;2;2010;4;50372;24;94640;13;39795;13;29087
24.07.2020 02:00;0;0;0;0;4;1880;17;9340;4;40960;10;231486;0;0;0;0;0;0;0;0;0;0;0;0;6;67100;16;56380;7;40610;4;8140
24.07.2020 03:00;0;0;2;2000;2;1470;12;25750;8;114360;13;229307;0;0;0;0;0;0;0;0;0;0;0;0;2;32220;11;45980;4;5680;2;5120
24.07.2020 04:00;1;1000;2;1990;11;66840;43;66887;21;239471;27;343867;1;1000;2;2000;0;0;1;1010;0;0;0;0;4;60630;36;147472;7;16560;20;53300
24.07.2020 05:00;3;2980;10;10000;15;42350;118;507022;59;600009;85;866827;3;2990;10;10000;0;0;0;0;1;1100;2;2010;15;113030;85;817832;49;283685;25;74270
24.07.2020 06:00;4;4000;12;11980;32;145029;355;1215583;122;729915;168;1602296;4;3990;12;11970;0;0;0;0;4;4840;4;4020;28;529409;160;1834287;101;1211504;71;654651
24.07.2020 07:00;5;4990;12;11990;47;467302;427;1520667;183;1726222;219;1903342;5;4990;12;11980;0;0;0;0;14;14730;9;9040;39;961906;186;2600727;88;1568426;81;994361
24.07.2020 08:00;4;3990;13;13000;75;707018;465;1420137;224;1908295;236;2032231;4;3990;12;11960;0;0;1;340;31;38730;9;9030;44;921523;191;2730701;82;1817932;89;1366319
24.07.2020 09:00;4;4045;8;8000;52;434210;405;1668194;280;1757486;279;2075639;4;4000;8;8000;0;0;0;0;28;29140;12;12040;47;998463;178;2472703;128;1807854;101;1319252
24.07.2020 10:00;4;3980;8;8000;75;482499;403;1596675;250;1718361;268;1897017;4;4000;8;7990;0;0;0;0;23;25500;7;7050;75;1009972;162;2539335;121;1753963;138;1204114
24.07.2020 11:00;4;3990;9;9000;97;857875;414;1737146;286;1899296;284;1959215;4;3990;10;10000;0;0;0;0;31;35680;12;12070;86;1337614;159;2835500;142;1961281;134;1197359
24.07.2020 12:00;4;4000;11;10960;71;742913;456;1586834;254;2071203;242;2120703;4;3990;11;10990;0;0;0;0;30;33410;12;12070;70;1097040;195;2561050;131;2267445;129;1448675
24.07.2020 13:00;4;3990;13;12970;85;833103;457;1538485;234;2140923;223;2150285;4;4000;13;13000;0;0;0;0;39;42910;13;13040;79;1238846;215;2636693;128;1993312;143;1418560
24.07.2020 14:00;4;4000;11;10990;76;658391;518;1461651;230;2276299;245;2442005;4;3990;11;10990;0;0;0;0;26;32210;14;14112;77;1672338;243;2433592;145;2275196;141;1500910
24.07.2020 15:00;4;3990;13;12980;98;865812;464;1483977;244;2199120;225;2158026;4;4000;13;13000;0;0;0;0;22;25590;10;10060;72;1411760;254;2310122;173;2056183;153;1404402
24.07.2020 16:00;4;4000;12;11990;84;724454;465;1713997;248;2370691;239;1998509;4;4000;12;11990;0;0;0;0;27;27660;18;18090;76;1461288;217;2726680;114;2319383;125;1649167
24.07.2020 17:00;4;4000;11;11000;97;794211;486;1679565;240;2133882;223;2229282;4;4000;11;10980;0;0;0;0;27;29550;10;10070;88;1299285;220;2574362;134;1946335;131;1463587
24.07.2020 18:00;4;4000;11;10970;81;719507;431;1601538;234;1988969;213;2061050;4;4035;11;10990;0;0;0;0;32;32820;13;13080;70;1016092;246;2220049;130;2121963;120;1575242
24.07.2020 19:00;4;4000;8;7990;68;526717;361;1199799;176;1415381;173;1743871;4;3990;8;8034;0;0;0;0;45;47882;12;12060;68;1006264;214;1658034;129;1615574;120;1076334
24.07.2020 20:00;4;4000;9;9000;50;407350;274;1281149;147;1353212;146;1311056;4;3990;9;9000;0;0;0;0;26;29880;6;6020;56;730413;137;1714837;111;902671;95;941972
24.07.2020 21:00;2;2000;5;5000;30;102980;226;1051424;114;657960;109;834527;2;2000;5;5000;0;0;0;0;22;26110;12;12060;48;513302;132;1078012;103;972444;92;505328
24.07.2020 22:00;2;2000;4;4000;38;167766;258;1114237;115;724083;105;741113;2;2000;4;3980;0;0;0;0;16;17600;12;12090;49;386342;137;1275849;113;550760;71;282771
24.07.2020 23:00;2;1990;4;4055;32;175760;171;782036;77;478240;71;683865;2;2000;4;4000;0;0;0;0;13;14510;3;3020;29;209665;132;983820;98;467035;53;213099
25.07.2020 00:00;0;0;4;4000;15;58940;104;409533;59;435580;56;516258;0;0;4;3990;0;0;0;0;2;2020;3;3020;21;181150;78;559500;55;148581;39;96962
25.07.2020 01:00;0;0;0;0;7;10000;71;205450;35;310470;38;508966;0;0;0;0;0;0;0;0;1;1010;4;4010;7;102370;64;305014;31;86800;23;93420
25.07.2020 02:00;0;0;0;0;6;5130;36;148650;14;216744;23;340135;0;0;0;0;0;0;0;0;4;4030;2;2020;4;61020;26;108190;21;44778;18;65410
25.07.2020 03:00;0;0;2;2000;11;67490;29;132480;22;385780;24;417638;0;0;2;2000;0;0;0;0;3;3190;0;0;9;64310;18;68440;8;48940;10;24740
25.07.2020 04:00;1;990;3;3000;7;36720;29;89171;21;271557;20;331070;1;1000;3;3000;0;0;0;0;0;0;0;0;10;151990;18;101120;16;45060;7;13340
25.07.2020 05:00;3;2990;7;7000;11;30530;55;177470;28;369359;33;479513;3;3000;7;6990;0;0;0;0;0;0;1;1000;8;98350;44;234770;29;116499;17;45400
25.07.2020 06:00;4;3990;8;7980;22;142555;99;228134;34;417430;39;469615;4;4000;8;8000;0;0;0;0;1;1000;1;1000;11;148720;75;369051;45;237929;23;114180
25.07.2020 07:00;4;3990;8;7990;20;61270;121;508315;74;671943;74;791481;4;3990;8;8049;0;0;0;0;3;3010;5;5030;18;181400;92;576009;61;274920;32;104468
25.07.2020 08:00;5;4980;8;8000;51;197235;206;1005649;110;879850;124;1081792;5;5000;8;7990;0;0;0;0;18;19860;3;3030;30;351250;127;1192482;71;519532;69;442883
25.07.2020 09:00;4;3970;8;8000;41;308513;316;1260221;200;1326729;215;1486152;4;3990;8;7990;0;0;0;0;21;23630;8;8050;51;622103;163;1882451;111;1421267;90;708784
25.07.2020 10:00;4;3990;8;8000;72;563932;342;1319676;231;1612645;238;1856203;4;4000;8;7990;0;0;0;0;25;26840;6;6040;60;1081737;166;2119662;156;1411622;124;1181629
25.07.2020 11:00;4;4000;8;7990;70;610529;337;1638615;233;1663813;214;1733714;4;4000;7;7000;0;0;1;1200;32;34180;17;17120;70;1232149;168;2203248;134;1738507;115;885047
25.07.2020 12:00;4;4000;8;7990;75;482910;373;1415678;227;1765446;223;1838490;4;3980;8;7990;0;0;0;0;33;39130;9;9070;76;1226545;144;2339270;127;1754508;132;1228546
25.07.2020 13:00;4;3990;8;7990;93;512354;414;1367999;208;1346139;190;1392686;4;4000;8;7990;0;0;0;0;26;29670;10;10030;68;1049978;152;2419970;132;1871478;132;1178997
25.07.2020 14:00;4;3990;8;7980;74;476454;392;1361052;196;1585131;202;1634621;4;4000;8;8000;0;0;0;0;35;36190;14;14090;63;1040207;173;2220503;143;1806030;148;1266516
25.07.2020 15:00;4;3980;8;8057;56;443436;394;1471313;189;1467964;206;1564822;4;3990;8;7980;0;0;0;0;23;23770;12;12040;62;976246;162;2358608;139;1681995;127;1306192
25.07.2020 16:00;4;4000;8;8000;62;563265;379;1412934;182;1461472;174;1555437;4;4000;8;7980;0;0;0;0;19;20356;13;13070;67;1143460;175;2418053;129;1718700;117;1214119
25.07.2020 17:00;4;4000;9;9000;65;432217;368;1424998;208;1381459;197;1468762;4;3990;9;8970;0;0;0;0;28;29691;10;10080;64;1102774;207;2175417;122;1920629;156;1247954
25.07.2020 18:00;4;3980;8;7990;69;619728;350;1547460;211;1306335;190;1474861;4;4000;8;7990;0;0;0;0;33;37390;8;8020;63;1017603;159;2268461;129;1528006;125;1134831
25.07.2020 19:00;4;3990;7;6990;51;275370;308;1267112;197;980104;166;1387040;4;3990;7;6980;0;0;0;0;13;15420;9;9030;52;1000817;154;1956834;112;1243666;123;852782
25.07.2020 20:00;2;2000;4;4000;40;153709;281;1112092;142;738707;129;983866;2;2000;4;4000;0;0;0;0;23;25110;8;8250;56;692651;155;1497439;92;874084;83;575789
25.07.2020 21:00;2;2000;4;3990;27;198212;225;941115;129;723795;125;928764;2;1990;4;3980;0;0;0;0;24;24610;7;7020;38;566800;155;1210399;110;708466;91;476161
25.07.2020 22:00;2;2000;4;4000;38;181457;266;867541;107;782568;101;871083;2;2000;4;3990;0;0;0;0;19;21380;10;10050;44;482298;138;1332326;97;622053;95;513289
25.07.2020 23:00;2;2000;4;4000;32;249110;206;1097453;87;608207;74;472964;2;2000;4;4000;0;0;0;0;11;13670;7;7030;33;357227;129;1230941;81;373660;62;277768
26.07.2020 00:00;0;0;4;3990;14;71020;94;366689;52;536905;69;617708;0;0;4;4000;0;0;0;0;4;4330;4;4010;19;194063;74;394166;66;293170;36;122060
26.07.2020 01:00;0;0;0;0;12;87645;66;192600;33;261959;39;415380;0;0;0;0;0;0;0;0;6;6150;0;0;6;104376;50;277153;53;170961;25;67790
26.07.2020 02:00;0;0;0;0;10;47430;43;252796;20;193345;23;412490;0;0;0;0;0;0;0;0;1;1000;1;1010;9;103150;35;152364;35;122620;12;47830
26.07.2020 03:00;0;0;0;0;2;2440;30;40830;9;101320;15;156486;0;0;0;0;0;0;0;0;3;3210;0;0;1;17180;27;114620;15;37300;8;38630
26.07.2020 04:00;0;0;2;2000;4;31630;28;142024;13;167000;13;266068;0;0;2;2000;0;0;0;0;1;1010;0;0;3;37160;21;76340;4;22690;11;54630
26.07.2020 05:00;2;2000;3;3000;10;36010;33;65600;30;286089;19;287369;2;2000;3;2990;0;0;0;0;0;0;0;0;8;144375;20;101970;14;57420;15;70030
26.07.2020 06:00;2;1990;4;3990;8;38062;39;75250;22;225960;21;282746;2;1990;4;4000;0;0;0;0;2;2110;4;4020;7;137772;33;122255;25;186409;18;41290
26.07.2020 07:00;2;2000;4;4000;10;132050;34;191890;28;308717;19;320531;2;2000;4;3990;0;0;0;0;1;1010;2;2010;4;66860;36;198804;23;77833;15;56770
26.07.2020 08:00;2;1990;4;4000;13;55980;75;215337;51;419240;49;448081;2;1990;4;3990;0;0;0;0;1;1010;0;0;15;288430;63;321048;24;103733;26;124980
26.07.2020 09:00;2;2000;4;3990;19;124653;170;485968;93;585812;87;895988;2;2000;4;4000;0;0;0;0;11;11520;6;6050;15;249590;119;730582;78;497620;66;368801
26.07.2020 10:00;2;2000;4;4000;29;152109;209;729882;120;1088279;112;1065479;2;2000;4;4000;0;0;0;0;12;13150;2;2000;24;414766;134;1134736;82;883911;87;531675
26.07.2020 11:00;2;2000;4;3990;39;275280;260;1051314;148;1086798;139;1058758;2;2000;4;4000;0;0;0;0;9;10000;7;7040;39;546480;160;1457876;123;1036260;99;670158
26.07.2020 12:00;3;2980;7;7000;40;340970;259;1205321;149;1156877;139;1129616;3;3000;7;6970;0;0;0;0;8;8030;4;4020;51;633865;169;1535199;120;912883;98;701188
26.07.2020 13:00;4;4000;8;8000;50;295849;318;1115054;156;1159772;162;1332465;4;4000;8;7980;0;0;0;0;15;17110;1;1010;48;548963;153;1903616;121;928419;115;612621
26.07.2020 14:00;4;3980;8;7980;40;315450;340;1282460;164;1290183;157;1248930;4;4000;8;7990;0;0;0;0;15;19240;5;5104;47;760995;165;1787281;130;1061922;113;889791
26.07.2020 15:00;4;3980;8;8000;53;329292;294;1321991;164;1220422;169;1406332;4;4000;8;8053;0;0;0;0;13;13950;6;6020;45;733060;154;1745596;103;1023952;101;781533
26.07.2020 16:00;4;4000;8;8000;37;185910;317;1190729;157;1052263;175;1393071;4;4000;8;8000;0;0;0;0;12;12950;5;5010;42;597038;164;1820690;136;1119989;108;803089
26.07.2020 17:00;4;4000;8;7980;53;339847;334;1427118;171;1117594;168;1195557;4;4000;8;8041;0;0;0;0;9;10000;13;13060;54;619210;200;1914381;109;1003919;116;760947
26.07.2020 18:00;4;4000;8;7990;36;241307;333;1194105;154;990887;156;1343721;4;4000;8;7970;0;0;0;0;16;18080;14;14050;37;383040;180;1936225;121;1201109;102;741613
26.07.2020 19:00;2;1990;5;5000;53;186816;303;963848;143;925161;157;1270154;2;2000;5;4990;0;0;0;0;10;11500;8;8070;44;605609;153;1515472;114;1150868;105;550906
26.07.2020 20:00;2;1990;4;4000;32;228505;219;1090674;149;1207169;153;1198487;2;2000;4;4000;0;0;0;0;7;7060;9;9040;30;372392;142;1296805;121;1024078;100;532854
26.07.2020 21:00;2;1990;4;4000;27;232580;190;846444;116;781765;110;1038475;2;2000;4;4000;0;0;0;0;10;10210;11;11030;38;512925;130;1061543;102;643277;86;376086
26.07.2020 22:00;2;2000;4;4000;15;41010;143;639284;54;499958;65;829310;2;1980;4;3990;0;0;0;0;9;9990;6;6020;24;253370;103;795892;90;490170;51;199264
26.07.2020 23:00;2;2046;4;4000;13;42050;64;360276;35;372955;38;502349;2;2000;4;3990;0;0;0;0;3;3440;3;3010;18;224814;47;326546;48;131770;31;83060
27.07.2020 00:00;0;0;4;3990;4;5380;44;129260;15;193069;20;318529;0;0;4;3980;0;0;0;0;6;6860;1;1000;6;29550;42;164190;23;51800;28;71574
27.07.2020 01:00;0;0;0;0;1;580;24;12590;5;124037;8;197217;0;0;0;0;0;0;0;0;2;2010;0;0;3;35690;17;71160;7;39230;6;11510
27.07.2020 02:00;0;0;0;0;1;810;16;8150;7;84580;9;138785;0;0;0;0;0;0;0;0;0;0;1;1000;3;41060;15;63390;11;22650;5;14460
27.07.2020 03:00;0;0;2;1990;1;160;18;10010;9;212045;7;238430;0;0;1;1000;0;0;1;1040;0;0;0;0;0;0;14;66326;6;12680;5;14450
27.07.2020 04:00;1;1000;2;2000;5;58885;36;124890;22;278540;24;464685;1;1000;2;2000;0;0;0;0;0;0;0;0;9;91344;34;123830;4;11030;11;25540
27.07.2020 05:00;3;3000;10;10000;11;53360;157;433535;63;578970;85;916801;3;3000;10;9990;0;0;0;0;2;2010;1;1000;10;113735;92;881937;49;232480;27;98315
27.07.2020 06:00;4;3990;12;12047;26;211697;363;1044710;109;1259831;166;1679801;4;4000;12;12000;0;0;0;0;3;3020;5;5030;25;473772;157;1904439;91;1312923;78;579789
27.07.2020 07:00;5;4990;12;11980;49;690470;488;1463852;209;1764953;235;1978647;5;4990;12;12000;0;0;3;820;11;11070;12;12060;43;798844;178;2921651;89;1619959;101;1111412
27.07.2020 08:00;4;4000;11;10980;63;354233;483;1645367;252;1789562;250;2037989;4;3990;12;11990;0;0;0;0;15;15700;10;10070;55;863001;172;2999702;88;1874516;105;1289925
27.07.2020 09:00;4;4000;9;9000;85;647749;449;1432158;251;2036322;247;2088038;4;4000;8;7990;0;0;0;0;21;23580;12;12060;62;1053893;175;2566970;103;1742072;118;1352442
27.07.2020 10:00;4;4000;8;8000;74;667485;384;1678715;234;1867829;256;1985238;4;3990;8;7990;0;0;0;0;30;32700;15;15070;77;1237680;149;2621175;127;1751023;131;1158944
27.07.2020 11:00;4;3990;8;7990;82;874436;420;1721701;260;1684715;241;1881274;4;3990;8;8000;0;0;0;0;28;30640;16;16100;78;1435159;146;2606827;131;2001089;123;1143527
27.07.2020 12:00;4;3990;10;9980;85;744638;373;1573655;220;1724059;226;1565183;4;4000;11;10970;0;0;0;0;28;29744;15;15080;82;1260334;155;2405276;118;1963724;121;917217
27.07.2020 13:00;4;3990;12;11980;72;571660;354;1693875;238;1699157;230;1588868;4;4000;12;11990;0;0;0;0;27;28270;12;12110;65;1104544;137;2435665;119;1860732;129;1366476
27.07.2020 14:00;4;4000;13;12990;91;837538;389;1712387;240;1299785;242;1567452;4;4000;11;11000;0;0;0;0;22;25390;9;9050;83;1265208;134;2615998;124;2254904;154;1595819
27.07.2020 15:00;4;4000;12;11990;92;697571;494;1628973;262;2273030;257;2108498;4;4000;12;11990;0;0;0;0;38;41890;14;14100;78;1360974;232;2561689;115;2550007;132;1743935
27.07.2020 16:00;4;4000;12;12000;107;691085;459;1474721;236;2100787;216;1927640;4;4000;12;11990;0;0;0;0;31;34800;20;20110;92;1656949;212;2314167;131;2678417;136;1698003
27.07.2020 17:00;4;4035;12;12000;105;870513;461;1771192;240;2056908;218;2005918;4;3990;12;11980;0;0;0;0;50;56940;20;20120;94;1495652;195;2669408;150;2510240;150;1681628
27.07.2020 18:00;4;4000;10;10000;106;565390;461;1451340;218;2159604;184;1970315;4;4000;10;10000;0;0;0;0;40;42380;16;16080;82;1525329;238;2298211;136;1983972;132;1513296
27.07.2020 19:00;4;4000;8;7990;79;627417;348;1103936;145;1540670;128;1547543;4;3990;8;7990;0;0;0;0;37;47880;11;11070;76;1259854;186;1471592;137;1674642;106;1100370
27.07.2020 20:00;3;2990;8;8000;48;299713;231;965336;131;1076752;122;1005870;3;3000;8;7990;0;0;0;0;31;34690;10;10050;59;748061;131;1517846;104;923720;79;616457
27.07.2020 21:00;2;1990;5;5000;44;268176;230;910278;116;641020;100;828002;2;2000;5;4980;0;0;0;0;22;24600;7;7040;42;435845;149;1189213;77;570201;75;422899
27.07.2020 22:00;2;2000;4;3990;33;145340;195;887780;102;829321;96;868322;2;1990;4;3990;0;0;0;0;15;15470;10;10040;53;338390;133;1015696;80;401863;80;336430
27.07.2020 23:00;2;2000;4;4000;18;165189;104;507805;50;356500;42;537318;2;2000;4;4000;0;0;0;0;9;10650;2;2000;23;309749;80;546294;56;126660;36;106343
28.07.2020 00:00;0;0;4;4000;10;69860;53;106306;21;154320;22;350809;0;0;4;4000;0;0;0;0;4;4030;1;1010;6;101430;45;203800;25;59244;16;47380
28.07.2020 01:00;0;0;0;0;6;36060;23;61120;15;108855;15;128750;0;0;0;0;0;0;0;0;3;3131;1;1000;6;116490;19;79570;11;29480;11;22570
28.07.2020 02:00;0;0;0;0;3;22300;16;13040;5;89080;10;164160;0;0;0;0;0;0;0;0;0;0;0;0;3;36290;13;38560;12;34730;3;8400
28.07.2020 03:00;0;0;2;1990;2;24390;19;64900;13;95350;14;303280;0;0;1;1000;0;0;0;0;1;1010;0;0;2;18830;16;64455;3;7190;7;15250
28.07.2020 04:00;1;1000;2;2000;5;18085;43;143610;24;278900;28;400850;1;1000;2;1990;0;0;0;0;0;0;0;0;13;131790;37;197160;15;36500;11;19190
28.07.2020 05:00;3;3000;10;9970;16;26340;144;452526;51;396174;89;802161;3;2990;10;9990;0;0;0;0;0;0;1;1000;13;198890;87;733820;41;276230;21;58550
28.07.2020 06:00;4;4000;12;11990;24;125650;391;1086358;129;1070394;167;1606378;4;4000;11;10990;0;0;0;0;5;5440;6;6030;31;429427;179;1793182;76;1419690;60;602880
28.07.2020 07:00;5;4990;12;11980;49;438091;496;1421064;207;1693778;245;2185720;5;5000;12;12000;0;0;0;0;16;17530;5;5030;44;891900;212;2840613;86;1772494;102;1100404
28.07.2020 08:00;4;4000;11;10990;69;562996;474;1338131;251;1861123;268;2154401;4;4000;12;12000;0;0;0;0;23;23140;9;9030;64;1268487;206;2476432;82;2041603;97;1581405
28.07.2020 09:00;4;4000;9;9000;60;239959;445;1612179;271;2000428;272;2177496;4;3990;8;8000;0;0;0;0;27;31650;11;11070;65;1174865;171;2692954;113;1758002;160;1167592
28.07.2020 10:00;4;4000;8;7990;87;633000;430;1517273;275;2031721;265;2014568;4;4000;8;8000;0;0;0;0;21;23080;14;14080;81;1251892;161;2519058;131;1909248;132;1311922
28.07.2020 11:00;4;3990;8;7990;72;683074;379;1721716;239;1687740;267;1956983;4;4000;7;7000;0;0;0;0;26;27492;10;10050;61;1038338;137;2583992;105;1806705;133;1215044
28.07.2020 12:00;4;4000;11;10980;98;577887;387;1656949;230;1751694;242;2038864;4;3980;11;10980;0;0;0;0;28;31470;16;16120;93;1457347;156;2521073;109;1766642;107;1163591
28.07.2020 13:00;4;4000;11;10990;85;667448;374;1493830;224;1634593;225;1721229;4;3980;11;10970;0;0;0;0;40;49980;19;19100;74;1442394;148;2399580;137;1868755;120;1166651
28.07.2020 14:00;5;5000;14;13980;94;667548;415;1716536;252;1859081;250;1800907;5;5000;14;13990;0;0;0;0;29;30678;9;9040;90;1659024;159;2640417;136;1999528;147;1198505
28.07.2020 15:00;4;3980;12;11970;93;840051;463;1467811;269;2165681;259;2076617;4;4000;12;11980;0;0;0;0;23;23840;17;17090;101;1599641;202;2561518;129;2530162;160;1688726
28.07.2020 16:00;4;3990;12;11990;113;916865;498;1529548;231;2260348;251;2309850;4;4000;12;11990;0;0;0;0;38;41800;18;18100;92;1320107;216;2567409;105;2497437;151;1917353
28.07.2020 17:00;4;3990;11;10980;106;868571;491;1848533;256;2120419;236;1869398;4;3990;11;11000;0;0;0;0;35;42830;14;14070;91;1534447;168;2943228;119;2576424;158;1710620
28.07.2020 18:00;4;4000;11;11000;115;774786;435;1714459;245;1902321;215;1663769;4;3990;11;10990;0;0;0;0;32;36130;16;16080;104;1863834;228;2441500;126;2121865;135;1888659
28.07.2020 19:00;4;3990;8;7990;68;525110;358;1184138;179;1497285;166;1663608;4;4000;8;7990;0;0;0;0;41;46048;9;9040;55;1318811;198;1403676;110;1706675;129;1101580
28.07.2020 20:00;4;4000;9;8980;53;301727;240;945412;144;1042099;128;1084503;4;3990;9;9000;0;0;0;0;23;23970;5;5000;46;843663;128;1230688;119;977551;88;671543
28.07.2020 21:00;2;2000;5;5000;40;251230;218;687920;129;721716;123;867359;2;2000;5;5000;0;0;0;0;19;20109;10;10020;48;593831;135;1324132;105;822912;82;545164
28.07.2020 22:00;2;2000;4;3990;23;64330;205;1273535;94;712956;81;805692;2;2000;4;3980;0;0;0;0;15;16140;5;5010;40;453507;129;1273907;78;480285;90;358187
28.07.2020 23:00;2;2000;4;3990;14;8800;93;412720;58;407516;55;557335;2;1990;4;3990;0;0;0;0;9;9940;4;4020;27;258204;91;533676;61;220470;36;115220
29.07.2020 00:00;0;0;4;3990;6;23860;57;147050;25;170810;25;529175;0;0;4;4000;0;0;0;0;3;3020;3;2990;5;42830;48;282100;39;138091;20;75306
29.07.2020 01:00;0;0;0;0;4;2280;23;85110;14;164349;14;266499;0;0;0;0;0;0;0;0;3;3230;0;0;3;33320;21;105920;12;26160;12;32710
29.07.2020 02:00;0;0;0;0;4;2190;19;36150;8;96401;10;172230;0;0;0;0;0;0;0;0;1;1000;0;0;1;23810;17;63830;5;11820;3;8310
29.07.2020 03:00;0;0;2;2000;7;77590;20;46410;8;111481;12;251691;0;0;2;1990;0;0;0;0;0;0;0;0;5;104770;19;76300;5;9320;2;2770
29.07.2020 04:00;1;1000;2;2000;5;22990;27;73280;17;183430;24;434010;1;1000;2;2000;0;0;0;0;0;0;0;0;5;81782;27;140258;11;71420;13;31680
29.07.2020 05:00;3;3000;10;10000;10;73710;140;557704;57;496160;85;962389;3;2990;10;10000;0;0;0;0;0;0;1;1000;16;168050;94;933220;36;253470;19;74830
29.07.2020 06:00;4;3990;12;12000;27;187240;385;1259153;110;869598;160;1670222;4;4000;12;11980;0;0;0;0;4;4158;5;5020;23;388500;165;1998573;93;1168545;67;440481
29.07.2020 07:00;5;5000;11;10980;56;519304;516;1462145;202;1803266;243;2076974;5;4990;12;11990;0;0;0;0;7;7040;6;6020;53;959956;133;3101514;88;1953232;95;1349805
29.07.2020 08:00;4;4000;13;12990;75;609699;482;1629080;256;2219240;257;2075502;4;4000;12;11990;0;0;1;900;12;12070;16;16100;51;1194116;184;2853433;94;1820984;118;1212128
29.07.2020 09:00;4;4000;8;8000;66;808535;439;1636668;261;1897131;260;1981640;4;3980;8;7990;0;0;1;530;20;21000;10;10070;65;1242218;175;2686379;108;2047011;113;1494095
29.07.2020 10:00;4;3990;8;7990;80;762729;413;1560718;248;1911849;246;2000084;4;3990;8;7990;0;0;0;0;26;27170;6;6020;59;1098554;139;2494595;122;1802165;128;1030911
29.07.2020 11:00;4;4000;8;7980;76;750465;386;1595728;247;1698649;247;1835637;4;4000;8;8000;0;0;1;500;36;41280;6;6040;72;1252228;139;2609566;127;1612740;145;1145647
29.07.2020 12:00;4;3990;10;10000;82;810649;349;1757555;236;2128104;231;1984460;4;4000;10;9990;0;0;4;1850;35;37790;16;16100;79;1553850;170;2364500;101;1663773;131;1782311
29.07.2020 13:00;4;4000;13;12980;81;702754;449;1698725;234;1676797;228;1860172;4;3980;13;13000;0;0;1;580;38;40890;5;5030;78;1376193;155;2680804;130;1979394;146;1210398
29.07.2020 14:00;4;4000;12;11990;78;732902;451;1608146;230;1564179;237;1904062;4;4047;12;11970;0;0;0;0;32;37680;12;12050;90;1213221;172;2494645;192;2065352;144;1287830
29.07.2020 15:00;4;4000;12;12000;86;910861;486;1614317;230;1750688;208;1799567;4;4000;12;11990;0;0;0;0;26;28360;12;12060;82;1291681;217;2626840;153;2392032;160;1489472
29.07.2020 16:00;4;3990;12;11990;106;802540;492;1445503;216;2103422;220;2271455;4;4000;12;12036;0;0;0;0;44;47080;11;11070;95;1456833;258;2471621;138;2466289;178;1697703
29.07.2020 17:00;4;3990;11;10980;107;716160;469;1668920;232;2136964;214;2099057;4;3990;11;11000;0;0;0;0;28;33380;20;20140;93;1323572;238;2416723;157;2293345;180;1630378
29.07.2020 18:00;4;4000;11;10990;112;879381;446;1440739;218;2046198;199;2138180;4;4000;11;11035;0;0;0;0;31;33382;11;11050;98;1391768;243;2147025;158;2135659;148;1572209
29.07.2020 19:00;4;3990;8;7990;79;574505;411;1212772;173;1581121;174;1647027;4;4000;8;8000;0;0;0;0;32;38010;30;30110;70;1184870;210;1919543;137;1947090;132;1119553
29.07.2020 20:00;4;4000;9;9000;54;428402;271;1384281;160;1064413;148;1098531;4;3980;9;8980;0;0;0;0;27;32840;10;10070;65;732759;163;1662088;115;1211970;106;839922
29.07.2020 21:00;2;2000;5;4990;48;302255;248;1097438;159;1029376;126;831660;2;2000;5;5000;0;0;0;0;25;27620;11;11050;62;583051;135;1449113;109;801699;88;458804
29.07.2020 22:00;2;2000;4;4000;36;111356;228;1076050;121;822190;116;862326;2;2000;4;3990;0;0;0;0;18;19380;3;3010;35;281244;130;1201197;101;413590;97;373744
29.07.2020 23:00;2;2000;4;4000;16;34290;112;556830;59;487458;48;507320;2;2000;4;4000;0;0;0;0;6;6120;1;1010;30;294320;102;537124;49;173375;53;174361
30.07.2020 00:00;0;0;4;4000;13;55490;58;236954;33;314995;26;471325;0;0;4;4000;0;0;0;0;5;5440;4;4010;11;140510;51;241914;29;93860;21;66100
30.07.2020 01:00;0;0;0;0;3;21320;25;84280;12;135647;14;183927;0;0;0;0;0;0;0;0;1;1000;1;1010;4;63070;19;81081;14;25875;14;41110
30.07.2020 02:00;0;0;0;0;5;29960;27;49640;10;81000;8;94826;0;0;0;0;0;0;0;0;0;0;1;1000;4;90575;21;79110;9;18840;10;20100
30.07.2020 03:00;0;0;2;2000;3;1300;17;10200;6;136800;5;68537;0;0;2;1990;0;0;0;0;3;4290;0;0;4;78607;13;40002;6;19240;6;10230
30.07.2020 04:00;1;1000;2;2000;5;51824;35;112580;24;281640;23;411118;1;1000;2;2000;0;0;0;0;1;1050;0;0;12;189202;38;181330;11;40670;14;32730
30.07.2020 05:00;3;3000;10;9990;11;21690;129;662024;52;631493;81;905592;3;3000;9;8990;0;0;0;0;2;2000;2;2020;10;75164;100;839301;41;185890;28;105316
30.07.2020 06:00;4;4000;12;12000;21;198465;395;966414;113;1004886;162;1473098;4;4000;12;12000;0;0;0;0;3;3740;0;0;26;517248;193;1842115;82;1114473;64;432943
30.07.2020 07:00;5;4980;12;12000;46;574938;511;1385142;203;1432365;226;1852211;5;4980;12;11990;0;0;0;0;7;7630;6;6030;39;1054832;121;3125989;83;1721220;88;1030168
30.07.2020 08:00;4;4000;11;11000;66;876761;516;1465053;238;2091852;256;2203894;4;3990;10;9990;0;0;0;0;17;17900;5;5030;59;1126481;210;2665771;91;2046737;101;1243919
30.07.2020 09:00;4;3990;9;8980;53;465663;439;1720469;259;1810195;245;1863820;4;4000;9;8990;0;0;0;0;24;26828;8;8040;59;1150605;176;2772174;107;1788704;119;1441871
30.07.2020 10:00;4;4000;9;8990;81;513188;411;1500391;254;1525356;272;1977028;4;4000;9;8990;0;0;0;0;28;29500;10;10080;84;1122687;151;2686901;118;1641280;141;1267610
30.07.2020 11:00;4;4000;8;7990;93;769368;379;1698095;267;1705289;299;1756838;4;4000;8;7990;0;0;0;0;36;37060;16;16080;87;1434189;149;2651170;123;1694851;122;1067494
30.07.2020 12:00;4;4000;11;10990;95;754290;418;1630840;247;1822222;234;1875855;4;4000;11;10990;0;0;0;0;23;23620;18;18090;94;1400144;174;2666025;129;1761027;153;1283966
30.07.2020 13:00;4;4000;12;11990;71;513683;399;1753903;228;1451586;250;1881076;4;3990;13;13000;0;0;0;0;38;44230;12;12060;80;1527842;149;2775089;131;2194016;129;1116859
30.07.2020 14:00;4;3990;13;12990;100;713818;423;1456513;228;1714775;230;1799895;4;3990;13;12980;0;0;0;0;21;23700;12;12070;80;1285278;181;2693290;124;2138463;141;1353650
30.07.2020 15:00;4;4000;12;12000;87;728035;439;1631956;239;1835519;223;2004781;4;4000;12;11970;0;0;0;0;29;29950;13;13110;81;1649227;208;2751346;132;2797683;132;1880454
30.07.2020 16:00;4;3990;12;11990;108;949343;489;1756338;271;2517053;252;2347540;4;4000;12;12000;0;0;0;0;33;36180;12;12070;81;1672167;223;2647451;123;2442878;143;1920352
30.07.2020 17:00;4;4000;12;11990;106;757794;479;1728493;271;2466040;237;2314365;4;3990;12;11990;0;0;0;0;37;42820;15;15162;101;1644348;243;2625413;150;2598429;146;2001550
30.07.2020 18:00;4;3980;10;9980;98;761760;497;1683562;216;2231984;202;2146076;4;4000;10;9980;0;0;2;1990;56;59700;10;10070;90;1915112;236;2550649;126;2472176;139;1728164
30.07.2020 19:00;4;3990;8;8000;77;427299;372;1328510;170;1541733;163;1795003;4;4000;8;7990;0;0;0;0;29;39450;8;8040;82;1235576;208;1601282;124;1680243;158;1247721
30.07.2020 20:00;4;4000;9;8990;53;240732;261;1282740;164;1208839;136;1271064;4;4000;9;9053;0;0;0;0;17;19050;13;13100;68;801788;164;1717922;100;954232;95;627743
30.07.2020 21:00;2;2000;5;4980;35;266010;260;1167035;135;861970;116;945346;2;2000;4;4000;0;0;0;0;15;15950;9;9050;47;512300;141;1449060;113;938486;92;613733
30.07.2020 22:00;2;2000;4;4000;38;176410;242;1021745;115;891543;98;928965;2;2000;4;4000;0;0;0;0;23;26900;10;10030;41;461146;142;996818;112;619892;106;515942
30.07.2020 23:00;2;2000;4;4057;18;76680;139;563024;69;412791;62;551319;2;2000;4;4000;0;0;0;0;9;9710;7;7040;32;335462;117;806456;63;209220;56;189520
31.07.2020 00:00;0;0;4;4000;4;21080;65;363579;32;261240;33;444908;0;0;4;3990;0;0;0;0;5;5050;3;3010;13;131590;54;260064;27;79020;33;98450
31.07.2020 01:00;0;0;0;0;3;2290;32;61370;19;197180;17;267180;0;0;0;0;0;0;0;0;0;0;1;1000;12;184110;24;95480;10;19440;18;44770
31.07.2020 02:00;0;0;0;0;4;18740;21;49030;17;177407;12;240435;0;0;0;0;0;0;0;0;0;0;0;0;4;19730;18;69200;8;16480;14;36170
31.07.2020 03:00;0;0;2;2000;4;63676;11;11110;9;129686;9;219715;0;0;2;2000;0;0;0;0;0;0;0;0;1;16700;9;32200;1;1690;5;16760
31.07.2020 04:00;1;1000;2;2000;5;30900;41;101663;23;337280;23;346550;1;990;2;2000;0;0;0;0;0;0;0;0;6;76570;37;175283;16;42070;12;31960
31.07.2020 05:00;3;3000;10;9980;13;102470;144;468336;65;572797;93;964217;3;3000;8;8000;0;0;1;670;0;0;2;2000;17;228640;103;912658;43;198885;20;61660
31.07.2020 06:00;4;4000;12;12000;29;338091;387;889611;117;1132369;158;1670902;4;3990;12;11980;0;0;0;0;7;7030;2;2010;25;450646;205;1676226;94;994958;67;411905
31.07.2020 07:00;5;4990;12;11970;51;255672;466;1316766;199;1709331;220;1918235;5;4990;12;11980;0;0;0;0;9;9960;5;5040;44;799927;140;2712426;89;1716808;94;1063334
31.07.2020 08:00;4;4000;11;10980;69;656364;430;1298392;243;1628926;251;2026520;4;4000;11;10970;0;0;0;0;15;15450;14;14100;53;926007;210;2246223;82;1776877;90;1143873
31.07.2020 09:00;4;4000;9;8990;77;681684;434;1593249;253;1967637;271;2096819;4;3990;8;8000;0;0;2;1880;31;34710;9;9040;70;1155793;181;2635256;101;2031140;129;1596667
31.07.2020 10:00;4;3990;8;7990;75;568296;394;1690569;254;1855994;280;1985351;4;4000;7;6990;0;0;0;0;28;29912;10;10060;88;1489209;150;2786103;140;2124282;133;1335913
31.07.2020 11:00;4;3990;8;8000;85;787574;405;1769132;265;1983217;276;1906659;4;3990;8;8000;0;0;0;0;22;27350;13;13080;85;1387361;132;2724269;115;2066227;155;1543484
31.07.2020 12:00;4;4000;11;10820;104;835198;470;1762194;262;2064966;251;2083598;4;4000;11;11000;0;0;0;0;23;27540;12;12060;89;1374595;183;2671737;140;1917617;149;1474752
31.07.2020 13:00;4;4000;12;12160;101;794104;444;1712344;215;1831579;214;2143654;4;3990;12;11990;0;0;0;0;40;50135;9;9070;96;1430104;197;2634410;143;2316849;158;1537312
31.07.2020 14:00;4;4000;12;12000;100;1064696;489;1368847;219;2090391;237;2263934;4;4000;11;10990;0;0;1;590;29;32350;13;13040;85;1530489;225;2365024;164;2464002;146;1598551
31.07.2020 15:00;4;4000;12;11990;85;824281;483;1470171;217;2029089;207;2211193;4;3990;11;10970;0;0;1;1320;26;28230;19;19140;75;1797259;261;2487738;154;1968639;138;1539486
31.07.2020 16:00;4;4000;12;11980;80;701694;469;1315914;215;1668412;220;2049641;4;3990;12;11990;0;0;0;0;37;45430;18;18100;82;1484913;248;2233764;172;1881962;144;1123666
31.07.2020 17:00;4;3980;11;10990;87;667353;471;1632864;217;1925719;208;1851010;4;3990;11;10990;0;0;1;460;24;27930;14;14100;88;1519645;265;2415200;144;2103479;151;1403419
31.07.2020 18:00;4;4000;11;11036;77;784708;452;1226967;232;1832478;220;2024515;4;4000;10;9990;0;0;0;0;34;40620;9;9135;73;1357549;246;2125574;140;2131964;141;1479709
31.07.2020 19:00;4;3980;8;7990;63;413559;435;1357238;190;1732959;186;1751069;4;4000;8;7990;0;0;0;0;32;36490;6;6020;68;1037215;218;2131856;133;1913849;142;1319791
31.07.2020 20:00;4;3990;9;9000;57;503940;331;1496130;166;1140955;152;1150773;4;3990;9;9032;0;0;0;0;27;28345;11;11070;64;873727;162;1851522;96;1250585;113;955634
31.07.2020 21:00;2;2000;5;5000;28;202680;249;1039518;136;952925;123;1016563;2;2000;5;5000;0;0;0;0;28;40080;11;11050;36;498995;151;1566812;114;932578;108;624998
31.07.2020 22:00;2;2000;4;4000;50;295470;261;1128300;129;1122844;132;1094372;2;2000;4;4000;0;0;0;0;20;23350;15;15060;44;483370;157;1406722;118;650236;126;664688
31.07.2020 23:00;2;1980;4;3990;22;128185;201;904197;75;668131;74;794813;2;2000;4;3990;0;0;0;0;21;23002;1;1000;46;410378;138;1215390;86;338710;77;309320
01.08.2020 00:00;0;0;4;4000;18;73490;100;549446;72;549796;84;834548;0;0;4;3990;0;0;0;0;3;3020;2;2000;17;153700;82;554850;49;203310;26;94090
01.08.2020 01:00;0;0;0;0;13;60580;78;280929;33;233693;39;367740;0;0;0;0;0;0;0;0;6;7730;3;3000;14;98120;64;303834;25;232701;33;128935
01.08.2020 02:00;0;0;0;0;17;65580;40;188966;17;120955;20;297329;0;0;0;0;0;0;0;0;0;0;1;1000;9;156541;34;134887;19;54330;10;26760
01.08.2020 03:00;0;0;2;1990;10;70370;29;156605;20;212840;14;289290;0;0;2;2000;0;0;0;0;2;3240;1;1010;12;130390;20;88430;11;31270;13;33260
01.08.2020 04:00;1;1000;3;3000;5;22440;25;115190;19;175416;24;382338;1;1000;3;2990;0;0;0;0;0;0;0;0;7;63140;20;97610;8;21410;10;23789
01.08.2020 05:00;3;2990;7;6990;9;43620;57;220800;34;499209;39;688313;3;2990;7;6970;0;0;0;0;0;0;1;1000;8;114873;44;209744;17;102710;16;49850
01.08.2020 06:00;4;3990;8;7990;24;169830;101;510006;33;368503;38;724690;4;4000;8;7990;0;0;0;0;3;3170;1;1010;17;206190;72;472333;40;285480;19;95727
01.08.2020 07:00;4;3980;8;8000;19;38630;156;634601;67;664360;67;702927;4;4000;8;8000;0;0;0;0;8;8770;4;4020;16;301826;114;954992;45;495484;46;174092
01.08.2020 08:00;5;4980;8;8000;45;301823;236;1094627;135;986892;130;1144410;5;5000;8;7990;0;0;0;0;17;18480;9;9060;35;367188;158;1465866;83;738911;70;449780
01.08.2020 09:00;4;4000;8;8000;45;362734;326;1231824;193;1320330;203;1587592;4;4000;8;8000;0;0;0;0;20;21755;4;4030;46;714984;152;1927990;120;1362973;103;793165
01.08.2020 10:00;4;4000;8;7990;70;633357;383;1355660;250;1605721;276;1781282;4;4000;8;8000;0;0;0;0;34;40150;4;4000;68;968106;162;2260317;111;1495051;113;1186734
01.08.2020 11:00;4;4000;8;7990;69;802945;351;1692755;209;1702912;205;1647793;4;3990;8;7970;0;0;0;0;26;27690;11;11070;63;1250022;151;2346797;122;1683173;123;1420206
01.08.2020 12:00;4;3990;8;7990;60;418050;384;1404929;227;1504036;233;1688395;4;4000;8;8000;0;0;0;0;23;24342;8;8060;65;1000660;169;2244354;121;1780411;141;1244931
01.08.2020 13:00;4;3990;8;8000;59;602360;347;1542505;194;1562085;198;1410084;4;4000;8;8000;0;0;0;0;51;59770;18;18140;71;881174;138;2203252;140;1360177;154;1230780
01.08.2020 14:00;4;3990;8;7990;73;490525;410;1013313;184;1283908;185;1480406;4;4000;8;7970;0;0;0;0;37;41090;13;13090;65;1295758;160;2071737;115;1786944;132;1421025
01.08.2020 15:00;4;4000;8;8000;66;486205;394;1468160;188;1487128;193;1816605;4;3990;8;7980;0;0;0;0;16;16350;10;10100;68;1129055;156;2267457;126;1539474;115;1043028
01.08.2020 16:00;4;3980;8;7990;60;584650;343;1229431;166;1285787;155;1422295;4;4000;8;8000;0;0;0;0;34;40438;8;8050;74;1225826;157;2134705;132;1437770;141;1217034
01.08.2020 17:00;4;3990;9;8990;61;445890;320;1390739;170;1403328;176;1409625;4;3980;9;8990;0;0;0;0;26;30030;7;7040;59;1116624;155;1955120;114;1534035;129;1298625
01.08.2020 18:00;4;4000;8;7990;67;362627;317;1450486;165;1374876;179;1351543;4;4000;8;8000;0;0;0;0;22;23710;7;7060;75;994346;156;2069178;114;1353534;117;1005430
01.08.2020 19:00;4;4000;7;7000;65;495727;283;1216702;154;827554;144;1247079;4;3980;7;7000;0;0;0;0;30;30690;12;12070;58;972429;139;1583233;98;1077302;126;916480
01.08.2020 20:00;2;1990;4;4000;32;172300;261;1235277;150;838569;123;892144;2;1990;4;4000;0;0;0;0;34;36490;12;12070;51;762521;153;1435282;84;949031;103;650565
01.08.2020 21:00;2;2000;4;4000;32;227290;257;1271463;136;867787;112;983090;2;2000;4;4000;0;0;0;0;21;23000;8;8050;57;620530;149;1569146;102;747200;99;552790
01.08.2020 22:00;2;2000;4;4000;26;172834;248;1150211;103;607564;105;858287;2;2000;4;3980;0;0;0;0;24;26110;14;14060;44;461764;151;1432548;102;634000;90;473215
01.08.2020 23:00;2;2000;4;4000;23;182830;194;769467;66;416877;83;666500;2;2000;4;3990;0;0;0;0;20;22380;8;8060;30;421580;130;1096967;87;440915;83;387121
02.08.2020 00:00;0;0;4;4000;13;104810;133;682620;52;429602;58;610625;0;0;4;3990;0;0;0;0;7;8700;14;14090;17;136724;88;661952;65;268960;43;183063
02.08.2020 01:00;0;0;0;0;15;121350;89;372210;52;274728;64;553745;0;0;0;0;0;0;0;0;2;2310;7;7030;20;296630;63;359585;40;127223;24;60763
02.08.2020 02:00;0;0;0;0;7;48070;52;160495;29;239031;35;388431;0;0;0;0;0;0;0;0;4;6120;3;3010;10;138746;44;198940;28;108630;18;51743
02.08.2020 03:00;0;0;0;0;7;31080;40;114710;16;174919;17;267465;0;0;0;0;0;0;0;0;5;6100;0;0;11;215477;35;130224;23;54040;24;74520
02.08.2020 04:00;0;0;2;2000;4;36555;31;41560;14;71150;22;313008;0;0;1;1000;0;0;3;820;0;0;1;1000;3;74720;22;90380;20;70590;10;22720
02.08.2020 05:00;2;1990;3;3000;7;73680;38;224470;23;356040;32;594271;2;2000;3;3000;0;0;0;0;3;3860;0;0;7;113670;36;165240;20;53520;13;31580
02.08.2020 06:00;2;2000;4;4000;10;107290;41;111682;14;191590;20;390947;2;1980;4;4000;0;0;0;0;1;1010;0;0;8;184190;32;113959;15;69340;17;40240
02.08.2020 07:00;2;2000;4;3990;13;66660;43;160190;30;349660;24;391950;2;2000;4;4000;0;0;0;0;1;1010;0;0;10;118041;42;186110;28;116016;14;30810
02.08.2020 08:00;2;1990;4;3990;17;49188;86;391545;61;449400;58;587285;2;2000;4;3990;0;0;0;0;2;2020;4;4010;21;276592;67;352669;35;272511;35;164497
02.08.2020 09:00;2;2000;4;4000;35;167184;159;778680;92;639582;100;1028066;2;1990;4;4000;0;0;0;0;5;5280;7;7030;22;250740;110;829850;61;574255;67;306000
02.08.2020 10:00;2;2000;4;3990;22;132770;201;754026;106;877933;110;982856;2;2000;4;3990;0;0;0;0;14;14770;3;3020;39;449691;145;990050;89;798283;80;387620
02.08.2020 11:00;2;1990;4;3990;35;221375;304;1237011;139;1082835;135;1117995;2;2000;4;4000;0;0;0;0;4;4580;8;8020;39;395425;163;1584237;92;855611;81;482979
02.08.2020 12:00;3;2990;7;7000;30;104920;289;850392;144;1141171;112;1080136;3;3000;7;7000;0;0;0;0;8;8170;5;5030;55;635350;151;1414387;106;1036354;91;633648
02.08.2020 13:00;4;4000;8;8000;46;365583;300;977437;135;1050854;145;1158751;4;4000;8;7980;0;0;0;0;13;14170;6;6040;47;768275;157;1730291;112;961912;96;697996
02.08.2020 14:00;4;3990;8;8000;44;368938;335;1353359;175;1229534;164;1245515;4;4000;8;7990;0;0;0;0;17;17750;7;7050;66;535515;179;1891432;129;1211988;108;687916
02.08.2020 15:00;4;4000;8;8000;46;423310;325;1347615;176;1218892;177;1420103;4;3990;8;7980;0;0;0;0;12;14260;6;6980;36;574915;181;1768473;111;1174074;117;871473
02.08.2020 16:00;4;4000;8;7990;41;132540;305;1094840;167;1160869;160;1321511;4;4000;8;7990;0;0;0;0;19;21850;5;5040;42;484639;175;1667421;103;1223709;108;850706
02.08.2020 17:00;4;3990;8;8046;47;307200;325;1282222;175;1204380;170;1315322;4;4000;8;8000;0;0;0;0;14;14800;12;12040;53;677633;177;1713046;112;1116688;101;977259
02.08.2020 18:00;4;3990;7;7000;45;332053;368;1355405;163;982514;176;1258750;4;4000;8;7980;0;0;0;0;19;21090;12;12090;58;892203;173;2124518;109;1183212;112;831198
02.08.2020 19:00;2;2000;5;4990;49;402610;327;1307554;155;1064232;173;1263527;2;2000;5;4990;0;0;0;0;11;12590;13;13060;47;641684;173;1618494;117;1005276;94;612980
02.08.2020 20:00;2;2000;4;4000;37;257720;275;1023703;141;809422;137;1122712;2;2000;4;4000;0;0;0;0;16;19830;7;7050;50;704520;148;1469809;99;960494;109;696464
02.08.2020 21:00;2;2000;4;3990;38;321000;223;956426;125;875097;125;1031041;2;2000;4;4000;0;0;0;0;5;5320;15;15040;44;512696;144;1256189;116;761415;74;345776
02.08.2020 22:00;1;1000;3;3000;17;227990;154;636820;91;589615;85;711425;1;1032;3;2990;0;0;0;0;5;5160;9;9040;20;225985;114;788927;82;471727;52;180786
02.08.2020 23:00;2;2000;4;4000;12;84840;72;321441;43;393100;40;349463;2;2000;4;4000;0;0;0;0;10;10150;1;1000;14;226853;66;321844;50;206002;27;113068
03.08.2020 00:00;0;0;4;4000;1;240;61;187432;11;70130;16;283350;0;0;4;4000;0;0;0;0;1;1010;4;4030;6;110610;55;203864;32;76776;21;65180
03.08.2020 01:00;0;0;0;0;2;40190;28;13430;16;206453;11;180643;0;0;0;0;0;0;0;0;3;3020;0;0;5;67280;20;76530;16;33400;8;20060
03.08.2020 02:00;0;0;0;0;4;17950;22;34860;6;68500;4;130850;0;0;0;0;0;0;0;0;1;1010;0;0;3;47144;21;69950;10;23920;7;19460
03.08.2020 03:00;0;0;1;990;2;15900;18;77870;17;272574;13;253000;0;0;1;990;0;0;0;0;1;1010;0;0;0;0;13;58840;5;10276;6;20125
03.08.2020 04:00;1;1000;2;2000;7;46470;43;131450;24;232420;30;351790;1;990;2;1990;0;0;0;0;0;0;0;0;7;45690;36;188670;17;50400;18;48170
03.08.2020 05:00;3;3000;10;10000;16;118990;152;632809;57;644697;78;915361;3;3000;9;9000;0;0;0;0;1;1010;2;2010;9;98350;106;967266;55;308988;28;83910
03.08.2020 06:00;4;3990;12;11990;29;164310;388;862448;144;1035960;178;1472332;4;4035;12;12000;0;0;0;0;5;6010;3;3020;32;587390;166;1950630;78;1093685;78;557959
03.08.2020 07:00;5;4990;12;11990;52;668137;471;1241020;202;1945147;222;2214403;5;5000;12;11990;0;0;0;0;11;11090;7;7010;44;883974;211;2478102;99;1626101;79;1155933
03.08.2020 08:00;4;4000;11;10980;66;559030;494;1453285;222;1957503;249;2176348;4;4000;11;11000;0;0;1;1080;22;22580;11;11030;62;1214218;177;2715772;81;1810700;89;1227980
03.08.2020 09:00;4;4000;9;8990;72;631280;413;1524287;268;2014850;280;2134350;4;4000;8;8027;0;0;0;0;22;26150;12;12240;62;1006555;200;2351781;110;1910881;128;1203134
03.08.2020 10:00;4;3990;8;7990;104;1112880;378;1640105;236;1782146;258;1973098;4;4000;8;7960;0;0;0;0;32;34339;17;17080;58;1068807;151;2584019;116;1764004;106;1275993
03.08.2020 11:00;4;4000;8;7990;99;791573;393;1705339;239;1765762;242;1776386;4;3990;8;7990;0;0;0;0;27;30190;14;14100;86;1346866;135;2710555;111;2093280;107;1184618
03.08.2020 12:00;4;4000;11;10980;78;689325;401;1795145;241;1761313;203;1639834;4;3990;9;8990;0;0;5;2069;32;33459;6;6030;90;1704641;141;2769586;104;2123037;122;1217763
03.08.2020 13:00;4;4000;12;11980;107;907536;401;1745913;242;1699864;238;1801921;4;4000;12;11990;0;0;0;0;34;42640;14;14040;87;1489531;144;2896602;119;2059055;182;1369380
03.08.2020 14:00;4;4000;12;11980;100;596485;412;1783671;237;1668002;243;1742289;4;3970;12;11990;0;0;0;0;25;28170;10;10070;83;1341349;175;2415535;142;1906475;132;1221784
03.08.2020 15:00;4;4000;12;12000;93;716765;492;1402017;252;2157480;230;2014720;4;4000;12;11980;0;0;0;0;35;36870;24;24140;79;1449343;206;2528266;123;2522978;151;1741887
03.08.2020 16:00;4;4000;12;11980;106;722480;482;1652035;234;1967690;234;1940632;4;4000;12;11980;0;0;0;0;41;45010;12;12070;108;1651067;207;2902887;124;2323045;140;1467678
03.08.2020 17:00;4;3990;11;10980;114;871792;475;1912812;236;2057337;220;2265273;4;3990;12;12000;0;0;0;0;42;44760;17;17080;91;1941680;174;2961273;107;2582453;134;1930541
03.08.2020 18:00;4;4000;11;10970;122;771414;497;1466454;197;1947906;192;2055953;4;3990;10;9980;0;0;0;0;34;39790;11;11030;92;1724077;240;2344833;119;1912957;125;1742059
03.08.2020 19:00;4;4000;8;7990;75;601316;355;1215620;169;1651612;173;1660850;4;4000;8;8000;0;0;0;0;28;30950;24;24150;87;1077165;211;1625974;126;1838199;128;1255282
03.08.2020 20:00;4;3990;9;9000;69;528405;224;1158466;134;1062103;130;908126;4;3990;9;8990;0;0;0;0;21;23440;14;14050;62;873208;131;1351079;98;1094914;78;525820
03.08.2020 21:00;2;2000;5;5000;35;226466;207;808259;113;538440;100;556880;2;2000;5;4990;0;0;0;0;18;18360;7;7020;46;549646;115;1074290;94;594621;84;359045
03.08.2020 22:00;2;2000;4;4000;26;111215;147;642650;78;555625;72;609207;2;2000;4;3980;0;0;0;0;6;6430;12;12060;49;517700;104;724396;83;434453;71;336775
03.08.2020 23:00;2;2000;4;3980;13;33930;137;400255;45;468910;32;432194;2;2000;4;3980;0;0;0;0;9;12290;4;4010;22;212014;104;554802;37;147010;50;245040
04.08.2020 00:00;0;0;4;3990;5;12500;33;104490;21;263940;29;358780;0;0;4;4000;0;0;0;0;2;2010;3;3020;9;169790;27;104230;15;35040;19;55915
04.08.2020 01:00;0;0;0;0;4;1790;18;38483;11;238970;12;251463;0;0;0;0;0;0;0;0;0;0;0;0;7;66240;14;58070;6;14250;6;12640
04.08.2020 02:00;0;0;0;0;1;980;23;44140;5;100180;5;102554;0;0;0;0;0;0;0;0;0;0;0;0;5;42714;21;82240;2;3180;10;22620
04.08.2020 03:00;0;0;2;2000;2;3400;11;7330;6;129460;5;141910;0;0;2;2000;0;0;0;0;1;1010;0;0;3;33810;9;28680;5;13820;2;7110
04.08.2020 04:00;1;1000;2;2000;5;20200;32;76098;23;392494;25;364001;1;1000;2;2000;0;0;0;0;0;0;1;1000;5;105445;27;113253;12;24990;14;54210
04.08.2020 05:00;3;3000;10;9990;10;28310;157;532350;61;608216;91;1087701;3;3000;10;9990;0;0;0;0;1;1010;0;0;12;172900;104;993074;52;233128;22;107725
04.08.2020 06:00;4;3990;12;11980;26;255920;389;1029115;134;1060456;184;1605927;4;4070;12;11990;0;0;0;0;5;5260;3;3020;29;500970;178;1710120;82;1157582;67;437990
04.08.2020 07:00;5;4990;11;10980;51;504574;493;1601577;198;1868819;242;2052094;5;5000;12;12046;0;0;2;5880;20;21440;8;8050;51;966004;173;2928091;86;2092381;90;1417221
04.08.2020 08:00;4;4000;12;11970;66;483480;491;1512116;243;2022319;265;2202970;4;4000;12;11980;0;0;0;0;22;26050;8;8040;56;1076915;211;2738979;88;1929265;84;1165829
04.08.2020 09:00;4;4000;9;9000;65;684753;398;1695877;247;1823031;257;2023594;4;3990;8;8000;0;0;0;0;28;30458;11;11070;63;1118499;159;2669168;89;1960601;113;1047750
04.08.2020 10:00;4;4000;9;9000;78;696121;400;1504159;263;1794525;274;1885161;4;4000;9;9000;0;0;0;0;25;26580;15;15060;66;1085799;161;2562957;126;1586458;123;1153240
04.08.2020 11:00;4;3990;8;7990;88;728038;394;1337323;269;1813481;276;2056428;4;4000;8;7990;0;0;0;0;23;27000;15;15156;99;1413742;144;2656124;133;1779860;127;1210463
04.08.2020 12:00;4;4000;11;10980;84;812295;390;1820774;226;1862996;235;1818769;4;4000;12;11990;0;0;0;0;26;27490;11;11060;76;1289419;149;2677064;129;1918918;132;1142750
04.08.2020 13:00;4;3990;13;12990;74;543440;383;1453346;258;1662263;260;1935322;4;4000;12;11990;0;0;0;0;32;35359;10;10050;86;1389718;155;2527951;107;1861547;124;1074247
04.08.2020 14:00;4;3990;11;10990;108;1045080;433;1496487;251;1946792;249;2063626;4;3990;11;11000;0;0;0;0;31;32060;13;13070;87;1178790;164;2596626;125;2041702;134;1620792
04.08.2020 15:00;4;3990;11;10980;103;920039;456;1608840;250;2042808;256;2073114;4;4000;12;11990;0;0;0;0;34;35470;25;25090;82;1579208;180;2738709;150;2363118;147;1673340
04.08.2020 16:00;4;4000;13;13000;125;654426;484;1837381;256;2081572;248;2073014;4;4043;12;11970;0;0;0;0;48;50849;10;10050;80;1343305;215;2836411;132;2604996;141;1855155
04.08.2020 17:00;4;3980;12;11990;112;845526;474;1724809;241;1932217;223;1905499;4;4000;12;11990;0;0;0;0;39;42650;16;16080;104;1526274;237;2722234;149;2195653;162;1641281
04.08.2020 18:00;4;4000;10;9980;114;742059;438;1504560;211;1975333;204;2030528;4;3990;10;10000;0;0;0;0;34;36110;15;15100;85;1770612;227;2420379;136;2235143;149;1575475
04.08.2020 19:00;4;4000;8;8000;74;430408;358;1224044;161;1613029;171;1567991;4;4000;8;7990;0;0;0;0;26;28950;10;10050;75;1283961;180;1936651;125;1287521;120;957611
04.08.2020 20:00;4;3990;9;8990;52;426930;253;1189615;157;844319;150;1221628;4;4000;9;8990;0;0;0;0;31;32600;10;10040;63;858965;143;1657363;109;1030679;108;625444
04.08.2020 21:00;2;1990;5;5000;45;330555;260;1113816;134;925117;130;929377;2;2000;5;5000;0;0;0;0;10;11760;7;7030;55;599515;142;1567699;112;808438;82;430162
04.08.2020 22:00;2;2000;4;4000;33;187414;191;855968;96;506785;86;547094;2;2000;4;4000;0;0;0;0;13;13290;7;7040;43;443050;132;973234;106;547608;72;346195
04.08.2020 23:00;2;2000;4;4000;16;81179;123;626729;51;568556;51;430253;2;1990;4;3990;0;0;0;0;18;19870;5;5020;30;332922;87;593169;73;248477;44;130329
05.08.2020 00:00;0;0;4;4000;4;38780;47;151010;25;215860;31;422867;0;0;4;4000;0;0;0;0;7;7140;1;1010;6;107690;46;181880;26;125830;19;56150
05.08.2020 01:00;0;0;0;0;2;1720;27;158954;26;197299;21;336959;0;0;0;0;0;0;0;0;0;0;1;1000;7;84480;26;132010;18;39150;17;40420
05.08.2020 02:00;0;0;0;0;4;18860;26;13180;2;16980;6;133380;0;0;0;0;0;0;0;0;0;0;0;0;5;64310;21;77520;3;6230;4;9180
05.08.2020 03:00;0;0;2;1990;2;1060;10;37920;6;112490;7;169590;0;0;2;1990;0;0;0;0;0;0;1;1000;2;17610;9;32710;3;5080;5;11129
05.08.2020 04:00;1;1000;2;2000;3;34940;35;82550;19;363020;22;440360;1;1000;2;2000;0;0;0;0;0;0;0;0;4;43300;27;134440;10;42250;9;18530
05.08.2020 05:00;3;2990;10;9980;11;89620;159;630522;55;531880;87;884790;3;3000;10;10000;0;0;0;0;1;1010;0;0;14;306867;106;959765;46;254990;19;61420
05.08.2020 06:00;4;4000;12;11990;29;315550;388;1293041;140;1169385;177;1726237;4;3990;12;11990;0;0;0;0;5;5040;5;5030;27;413146;169;2101855;76;1029659;62;389187
05.08.2020 07:00;5;4990;12;12000;54;567614;491;1327152;200;1825480;229;1941977;5;5000;12;12000;0;0;0;0;10;10200;4;4020;47;843126;144;2876825;119;1690223;102;1154954
05.08.2020 08:00;4;3990;12;12000;75;938603;514;1690021;222;1794706;243;2056826;4;4000;12;12000;0;0;0;0;20;21930;8;8040;47;1046033;197;2854214;83;2110091;92;1307952
05.08.2020 09:00;4;3990;8;7980;69;470761;467;1529642;253;1665910;285;2025808;4;4000;8;7990;0;0;0;0;27;27550;13;13100;57;901038;177;2667573;113;1811314;105;1186723
05.08.2020 10:00;4;4000;8;8000;65;521122;410;1608917;230;1589223;275;1912811;4;4000;8;8000;0;0;0;0;40;48630;10;10060;65;1173627;135;2629136;114;2086386;137;1036212
05.08.2020 11:00;4;3990;9;8990;89;817851;385;1754224;257;1626855;257;1668129;4;4000;9;9000;0;0;0;0;23;25640;6;6050;79;1404949;143;2679112;113;2152767;132;1255220
05.08.2020 12:00;4;3990;12;12036;86;847255;434;1524884;224;1445530;223;1863169;4;4000;12;11980;0;0;0;0;33;35466;10;10050;65;1591812;143;2652239;125;1985865;127;1455793
05.08.2020 13:00;4;3990;12;11990;90;747726;420;1589024;248;1557958;224;1715419;4;4000;12;11990;0;0;0;0;36;57310;12;12060;78;1359602;165;2699227;129;1963334;134;1224748
05.08.2020 14:00;4;4000;12;11990;89;669301;411;1378887;229;1727276;224;1870956;4;3990;12;11990;0;0;0;0;33;37710;16;16090;85;1481587;185;2433263;126;2210852;151;1335599
05.08.2020 15:00;4;3990;12;11980;82;530919;503;1539103;269;1758102;229;1957340;4;4000;12;12000;0;0;0;0;30;41340;10;10080;86;1300559;187;2567149;149;2486899;120;1713741
05.08.2020 16:00;4;4000;12;11990;95;704647;541;1421353;224;2450997;227;2246255;4;4000;12;11970;0;0;0;0;34;42000;17;17070;80;1294046;290;2541974;157;2461043;135;1650588
05.08.2020 17:00;4;4000;12;11990;102;771114;498;1587876;240;1951843;227;1998183;4;3990;12;11980;0;0;0;0;34;35540;16;16110;94;1379266;260;2684959;151;2536952;149;2007114
05.08.2020 18:00;4;4000;10;10000;90;684685;462;1691881;236;2056216;208;2020765;4;3990;10;10000;0;0;0;0;29;31640;8;8050;91;1423175;231;2311422;149;2472749;143;1789249
05.08.2020 19:00;4;3990;8;8000;74;543916;375;1312985;199;1358377;154;1264205;4;4000;8;8000;0;0;0;0;19;19660;15;15080;64;977105;216;1617754;137;1940392;125;1206386
05.08.2020 20:00;4;3990;9;9000;54;515480;274;1115691;181;1130308;168;1181352;4;3990;9;8990;0;0;0;0;27;29250;10;10410;55;817658;145;1615307;110;1231078;104;874827
05.08.2020 21:00;2;1990;5;4990;63;307206;237;1123996;137;936158;126;1074396;2;1990;5;4970;0;0;0;0;15;15510;11;11020;42;471235;131;1407166;102;955404;87;577439
05.08.2020 22:00;2;2000;4;3990;46;237300;165;1034910;138;736437;114;884107;2;2000;4;4000;0;0;0;0;18;20000;6;6020;45;352845;122;980088;98;608068;69;354120
05.08.2020 23:00;2;2000;4;4000;14;96910;139;602863;64;507033;50;442288;2;2000;4;4035;0;0;0;0;7;7260;8;8040;29;343838;109;668576;67;309600;50;145050
06.08.2020 00:00;0;0;4;4000;7;26960;52;239200;42;267827;37;440130;0;0;4;4000;0;0;0;0;4;4390;0;0;15;182040;47;214395;40;126635;27;85280
06.08.2020 01:00;0;0;0;0;5;50900;20;42250;16;110770;18;204500;0;0;0;0;0;0;0;0;1;1000;0;0;3;42260;17;63320;22;49970;14;26270
06.08.2020 02:00;0;0;0;0;1;2030;22;29030;11;224185;10;150164;0;0;0;0;0;0;0;0;2;2210;1;1000;1;28970;19;64480;5;7030;5;17100
06.08.2020 03:00;0;0;2;2000;4;4400;11;6910;9;102760;13;232010;0;0;2;2000;0;0;0;0;1;1210;1;1010;1;18060;8;22900;1;960;1;1200
06.08.2020 04:00;1;1000;2;1990;6;43950;35;65870;25;331506;23;327586;1;1000;2;1990;0;0;0;0;0;0;0;0;4;45330;26;122270;23;50660;14;46710
06.08.2020 05:00;3;2990;10;9990;14;71450;153;644846;58;579800;93;927260;3;2990;10;10000;0;0;0;0;0;0;1;1010;17;263956;99;933428;48;245516;26;109910
06.08.2020 06:00;4;4000;12;11990;24;262310;384;1037116;126;1183952;163;1793366;4;4000;11;10980;0;0;0;0;5;5030;2;2010;29;508095;184;1909071;76;1215436;65;534870
06.08.2020 07:00;5;4980;12;11990;60;760538;496;1310291;210;1658447;230;1985375;5;5000;10;10000;0;0;3;1180;11;11090;8;8060;44;994656;157;2927485;85;1879039;92;1266142
06.08.2020 08:00;4;3990;12;12000;70;790313;554;1565505;243;1771608;243;2196393;4;4000;11;10980;0;0;0;0;32;33660;6;6060;54;981585;189;2934110;95;2070836;102;1375931
06.08.2020 09:00;4;4000;8;7990;69;568553;473;1717529;280;2106189;300;2307048;4;4000;8;7990;0;0;0;0;42;49100;5;5020;71;1261119;184;2797128;103;2020665;161;1505221
06.08.2020 10:00;4;4000;8;7990;84;698198;430;1628611;244;1889332;261;1858533;4;4000;8;8000;0;0;0;0;39;43640;13;13100;73;1078497;165;2672581;121;1747086;146;1073154
06.08.2020 11:00;3;3000;8;7980;85;786294;402;1660963;239;1893801;247;2036820;3;2990;8;7990;0;0;0;0;21;25620;9;9060;74;1139035;151;2583095;120;1595416;141;1538475
06.08.2020 12:00;5;5000;10;10000;75;751554;370;1576874;238;1554979;243;1914575;5;4980;9;8980;0;0;4;1110;45;48106;8;8050;74;1352752;134;2595937;140;2041752;152;1292949
06.08.2020 13:00;4;3980;13;13000;74;483811;421;1687403;230;1633210;225;1563782;4;3990;13;12970;0;0;0;0;29;29990;15;15090;76;1503292;191;2669795;126;1784768;142;916304
06.08.2020 14:00;4;3990;12;12000;84;918258;425;1695402;231;1464172;220;1520374;4;4000;12;12035;0;0;0;0;15;15550;10;10060;72;1219360;191;2575142;132;1981903;165;1200983
06.08.2020 15:00;4;4000;12;11980;80;721094;475;1499171;232;2146614;232;2236713;4;4000;12;11980;0;0;0;0;30;34870;13;13100;84;1698242;209;2485674;151;2255419;148;1468220
06.08.2020 16:00;4;3980;12;11960;106;937136;521;1605352;241;2144283;218;2275387;4;4000;12;12000;0;0;1;520;28;30710;22;22130;93;1363086;214;2728773;137;2647031;147;1730269
06.08.2020 17:00;4;3990;12;11990;122;876010;500;1563918;247;2359886;237;2323173;4;3980;12;11980;0;0;0;0;31;35940;18;18100;95;1506441;281;2435203;161;2286790;173;1687969
06.08.2020 18:00;4;4000;10;9980;105;695887;445;1517398;217;1954807;213;1996206;4;3990;10;10000;0;0;0;0;35;41640;17;17100;87;1466467;248;2088176;129;2320747;141;1647620
06.08.2020 19:00;4;4000;8;8000;91;696985;368;1185964;171;1808220;167;1847700;4;4000;9;9033;0;0;0;0;36;38970;13;13080;70;1331631;209;1643045;135;1530443;131;974947
06.08.2020 20:00;4;4000;9;8980;54;220460;277;1327125;175;1453428;158;1362164;4;4000;9;9000;0;0;0;0;31;33529;7;7040;67;898576;130;1702634;92;1037938;96;887444
06.08.2020 21:00;2;2000;5;5000;30;126210;232;1019352;144;899506;124;1045549;2;2000;5;5000;0;0;0;0;21;23220;8;8040;55;474921;136;1262846;112;622963;99;506970
06.08.2020 22:00;2;2000;4;4000;28;25850;209;997300;122;717544;113;956293;2;2000;4;4000;0;0;0;0;15;15470;14;14080;44;388659;140;1082114;86;418314;81;391789
06.08.2020 23:00;2;1990;4;4000;17;79170;128;582255;61;379664;50;455654;2;2000;4;4000;0;0;0;0;12;12503;3;3010;30;383570;106;611256;63;216750;38;127850
07.08.2020 00:00;0;0;4;4000;6;9420;60;387110;23;148640;31;511931;0;0;4;3990;0;0;0;0;3;4010;4;4020;12;93800;53;238650;44;119350;15;54080
07.08.2020 01:00;0;0;0;0;7;41120;29;50430;17;164756;15;208630;0;0;0;0;0;0;0;0;0;0;1;1010;6;168480;27;104620;11;14350;15;34090
07.08.2020 02:00;0;0;0;0;6;35110;19;27680;9;182520;11;261330;0;0;0;0;0;0;0;0;0;0;0;0;6;27660;16;72960;11;25040;8;19390
07.08.2020 03:00;0;0;2;2000;4;4630;8;4390;9;134420;10;267568;0;0;2;2000;0;0;0;0;0;0;0;0;2;38010;7;22420;2;3990;6;21140
07.08.2020 04:00;1;1000;2;2000;7;27560;31;177300;31;437314;29;514452;1;1000;2;2000;0;0;0;0;0;0;1;1010;5;68160;26;142290;21;57860;16;43750
07.08.2020 05:00;3;3000;10;10000;15;67900;144;487900;63;514842;84;835452;3;3000;10;9980;0;0;0;0;2;2010;1;1000;15;179790;100;847362;53;243545;26;97130
07.08.2020 06:00;4;4000;12;11980;20;159368;351;1071910;125;995120;162;1575131;4;4000;12;11990;0;0;1;720;2;2020;3;3020;24;389688;172;1807868;88;1116262;68;544682
07.08.2020 07:00;5;5000;12;11970;49;510126;444;1310436;191;1736508;208;1958648;5;5000;12;11990;0;0;0;0;12;18250;6;6020;51;1096608;164;2643950;78;1448364;95;964973
07.08.2020 08:00;4;3990;11;11000;59;502348;447;1558049;239;1942611;257;2104425;4;4000;12;12000;0;0;0;0;24;25990;6;6030;53;1009115;177;2658741;83;1659168;89;1139797
07.08.2020 09:00;4;4000;9;8980;75;823442;464;1527022;262;1965582;288;2106774;4;3990;8;8000;0;0;0;0;23;32480;15;15070;53;973298;213;2492496;69;2005153;134;1294175
07.08.2020 10:00;4;4000;8;7980;85;761824;375;1538388;284;1926546;273;1923684;4;4000;8;7980;0;0;0;0;25;28090;11;11100;81;1109783;141;2514446;128;2101582;144;1240488
07.08.2020 11:00;4;4000;9;8990;94;901323;396;1851180;242;1751264;234;1857264;4;4000;9;8990;0;0;1;740;41;46780;20;20150;86;1585105;137;2816803;124;2151912;119;1392890
07.08.2020 12:00;4;3980;11;11000;92;592985;413;1737241;257;1917116;263;1995112;4;4000;11;10990;0;0;0;0;29;31134;21;21204;94;1469009;191;2521463;136;2276819;146;1303340
07.08.2020 13:00;4;4000;13;12990;88;813727;488;1548883;238;2008939;214;1905230;4;3990;13;12990;0;0;0;0;23;24570;11;11090;80;1323899;240;2473789;143;2008963;124;1756605
07.08.2020 14:00;4;4000;11;10990;99;1120282;503;1596904;235;2270368;222;2247609;4;4000;11;10980;0;0;0;0;31;33310;12;12050;79;1285237;257;2379831;153;2280568;136;1522957
07.08.2020 15:00;4;4000;13;12990;74;435654;474;1840498;243;2011496;219;2035208;4;4000;13;12980;0;0;0;0;16;18402;9;9050;66;1079052;242;2709625;128;2387858;139;1627422
07.08.2020 16:00;4;4000;12;12000;90;707640;481;1426023;211;1768223;206;2036721;4;3990;12;11990;0;0;0;0;21;21400;13;13050;71;1329493;258;2349190;134;2440488;127;1655473
07.08.2020 17:00;4;4000;12;11990;78;670421;421;1283168;186;1874284;181;2077134;4;4000;12;12000;0;0;0;0;19;20540;10;10090;69;1062954;250;2074321;122;2445509;161;1600345
07.08.2020 18:00;4;4000;10;9990;91;833620;492;1677358;208;1801563;211;1736811;4;4000;10;10000;0;0;0;0;27;28550;14;14100;94;1561262;256;2477157;141;2211799;136;1773836
07.08.2020 19:00;4;3990;8;8000;59;551525;369;1206209;179;1661858;167;1804739;4;4000;8;7990;0;0;0;0;28;31340;13;13050;80;1122208;217;1504635;110;1499186;123;977601
07.08.2020 20:00;4;3990;9;8980;59;388435;265;1372111;173;1399140;151;1131723;4;4000;9;8980;0;0;0;0;37;39190;8;8040;52;1008448;147;1526060;102;1180929;102;909678
07.08.2020 21:00;2;2000;5;5000;54;323830;245;1207925;142;739689;159;1142364;2;2000;5;5000;0;0;0;0;18;20115;11;11080;67;705384;129;1537762;104;560324;99;497514
07.08.2020 22:00;2;2000;4;4000;39;187660;259;1029815;118;706251;105;947346;2;2000;4;4000;0;0;0;0;15;15980;15;15380;46;583662;159;1425563;95;432122;100;474239
07.08.2020 23:00;2;2000;4;3990;17;143430;165;793724;100;559062;87;708020;2;2000;4;3990;0;0;0;0;13;14800;5;5000;33;414106;122;937398;72;282668;71;251645
08.08.2020 00:00;0;0;4;3990;21;63340;97;659480;67;376280;67;699020;0;0;4;4000;0;0;0;0;8;8090;2;2000;23;235611;85;460653;53;258758;42;120940
08.08.2020 01:00;0;0;0;0;15;98870;50;287738;37;242310;43;429060;0;0;0;0;0;0;0;0;4;4370;5;5030;8;103690;49;251960;27;136910;29;82380
08.08.2020 02:00;0;0;0;0;8;13520;29;101600;33;184637;28;308050;0;0;0;0;0;0;0;0;0;0;5;5020;7;88450;25;92080;19;59990;13;37720
08.08.2020 03:00;0;0;2;2000;6;78455;29;57020;10;78201;14;201531;0;0;2;1990;0;0;0;0;0;0;2;2010;3;21140;26;107950;9;19490;15;31770
08.08.2020 04:00;1;1060;3;2990;6;65780;20;52840;16;211259;17;257110;1;1000;3;2990;0;0;0;0;0;0;2;2020;4;28530;21;80800;11;34080;10;19060
08.08.2020 05:00;3;3000;7;6990;12;73450;39;123688;24;434572;30;536274;3;2990;7;7000;0;0;0;0;1;1010;0;0;7;126510;34;152050;28;116320;28;62360
08.08.2020 06:00;4;3990;8;7990;20;110150;86;354633;35;234420;36;663313;4;4000;8;7990;0;0;0;0;4;4880;1;1010;17;201260;79;402230;27;193190;27;94740
08.08.2020 07:00;4;4000;8;8000;19;53500;125;601172;73;711728;71;871408;4;3980;8;7990;0;0;0;0;3;3030;2;2020;20;289280;96;815634;65;426444;36;115220
08.08.2020 08:00;5;4990;8;7990;45;147890;225;1206546;151;1114653;144;934563;5;4980;8;7990;0;0;0;0;20;22190;1;1010;34;401335;139;1345610;102;954860;87;577832
08.08.2020 09:00;4;4000;8;7990;55;475002;350;1436422;200;1424540;205;1309137;4;4000;8;7990;0;0;0;0;23;23160;6;6030;45;793474;180;2115552;117;1276812;111;699883
08.08.2020 10:00;4;3990;8;7990;74;623934;387;1438194;248;2010500;243;1850751;4;4000;8;8000;0;0;0;0;30;32350;8;8090;55;1006697;169;2397712;132;1530176;121;1116701
08.08.2020 11:00;4;3980;8;8000;73;839638;389;1521824;221;1596403;198;1579203;4;4055;8;7990;0;0;0;0;32;36190;10;10090;67;1081713;173;2299663;143;1554194;149;1141506
08.08.2020 12:00;4;3970;8;7990;70;457205;355;1405851;217;1591081;191;1588021;4;4000;8;8000;0;0;0;0;27;30735;9;9050;75;1279251;154;2181668;125;1539286;141;1119293
08.08.2020 13:00;4;3980;8;8000;74;465727;355;1376224;201;1416602;206;1553632;4;4000;8;7990;0;0;0;0;22;23740;5;5050;67;913005;162;2106797;124;1509278;124;1091384
08.08.2020 14:00;4;4000;8;7980;73;733664;380;1447379;171;1295506;165;1380747;4;4000;8;7970;0;0;0;0;13;13140;7;7050;56;987246;167;2209175;132;1660844;117;1025251
08.08.2020 15:00;4;4000;8;7990;50;369840;329;1335452;185;1408954;170;1518466;4;4000;8;8000;0;0;0;0;23;25940;9;9070;67;1106224;166;1894152;138;1515145;125;1106335
08.08.2020 16:00;4;4000;8;8000;57;673503;342;1155137;138;1150710;135;1539594;4;4000;8;8000;0;0;0;0;22;23270;9;9090;42;711027;171;1881178;123;1414796;123;1012686
08.08.2020 17:00;4;4000;9;9000;45;515341;382;1192626;158;1336263;150;1404967;4;3990;9;8980;0;0;0;0;26;28390;12;12080;61;966820;177;2179213;133;1321327;118;855247
08.08.2020 18:00;4;4000;7;6990;55;444854;315;1480769;169;1155524;177;1428132;4;4000;7;7000;0;0;0;0;14;14400;14;14070;55;964891;164;2027652;130;1254855;128;984645
08.08.2020 19:00;4;4000;7;6990;43;622502;332;1306985;169;1311177;153;1456402;4;4000;7;6980;0;0;0;0;31;36120;7;7040;56;1049240;148;1854963;125;1397382;118;836193
08.08.2020 20:00;2;2000;4;3980;36;295368;307;1179657;166;1133459;158;990344;2;1990;4;4000;0;0;0;0;25;27780;9;9060;63;849885;169;1480156;112;1101632;92;734477
08.08.2020 21:00;2;2000;4;4000;27;205120;303;1126884;143;980198;124;1042560;2;2000;4;4000;0;0;0;0;21;23000;10;10040;50;508806;152;1656090;115;672215;104;587991
08.08.2020 22:00;2;2000;4;4000;32;116350;261;1101597;109;792743;108;868195;2;2000;5;5000;0;0;0;0;19;20880;5;5030;47;654947;138;1376466;139;667679;112;564450
08.08.2020 23:00;2;1990;4;4000;25;282090;226;1015452;97;646683;82;582174;2;2000;4;4000;0;0;0;0;15;17300;10;10060;31;362401;129;1300900;78;311700;64;280259
09.08.2020 00:00;0;0;4;4000;18;103930;107;495342;63;471306;66;570494;0;0;4;3990;0;0;0;0;4;4350;4;4020;14;140800;78;481272;55;215616;53;197689
09.08.2020 01:00;0;0;0;0;11;125686;79;289824;53;367770;59;598036;0;0;0;0;0;0;0;0;4;4040;5;5030;9;126590;60;311083;35;145250;38;134400
09.08.2020 02:00;0;0;0;0;5;41405;50;164811;30;315714;28;385323;0;0;0;0;0;0;0;0;0;0;1;1000;8;64905;39;183331;24;64080;23;56530
09.08.2020 03:00;0;0;0;0;6;20010;29;134670;18;278968;19;436950;0;0;0;0;0;0;0;0;0;0;3;3010;11;118765;24;163280;9;41250;13;31490
09.08.2020 04:00;0;0;1;990;4;3510;23;56950;12;231980;11;250150;0;0;1;1000;0;0;2;1950;0;0;0;0;4;72060;20;69182;8;22920;8;19740
09.08.2020 05:00;2;1990;4;4000;9;26830;26;124894;22;256955;22;429802;2;1990;3;3000;0;0;0;0;0;0;0;0;3;27880;20;71690;18;45140;15;34340
09.08.2020 06:00;2;2000;4;4000;14;79005;33;112390;19;276570;16;296248;2;2000;3;3000;0;0;1;1050;0;0;2;2020;14;195850;29;77684;17;59160;12;39220
09.08.2020 07:00;2;2000;4;4000;13;102695;53;318321;45;397940;23;369396;2;2000;4;4000;0;0;0;0;3;3700;1;1010;8;61330;51;306272;32;184290;21;66560
09.08.2020 08:00;2;2000;4;4000;22;112250;118;627925;82;562250;82;767740;2;1990;4;3990;0;0;0;0;6;6330;1;1010;14;215360;89;577370;58;331355;51;258450
09.08.2020 09:00;2;2000;4;4000;33;109880;202;670466;123;829590;105;869337;2;2000;4;3990;0;0;0;0;7;7160;2;2010;27;359567;137;1114860;88;785384;74;340900
09.08.2020 10:00;2;2000;4;3990;29;207470;249;993172;96;765732;128;1083132;2;2000;4;4000;0;0;0;0;10;10100;4;4020;32;416004;154;1541482;120;859497;83;498308
09.08.2020 11:00;2;1990;4;3990;37;238736;260;1107574;152;1107957;139;1046886;2;2000;4;4000;0;0;0;0;8;8050;4;4030;46;414410;155;1687435;115;922541;109;626679
09.08.2020 12:00;3;3000;7;7000;25;188777;263;1160998;161;1139377;155;1098712;3;2990;6;5990;0;0;1;1090;5;6220;6;6020;32;383113;132;1547401;110;945655;99;542485
09.08.2020 13:00;4;4000;8;7990;33;85499;314;1159384;139;1139465;170;1357452;4;4000;8;8000;0;0;0;0;9;10050;1;1010;45;450690;160;1543655;118;968781;90;504646
09.08.2020 14:00;4;4000;8;8000;51;268665;317;962401;145;1044849;152;1217189;4;3990;8;7990;0;0;0;0;20;22340;12;12090;38;562384;174;1577023;111;1043200;89;503549
09.08.2020 15:00;4;4000;8;7970;46;366635;254;1144989;156;949492;133;922703;4;3990;8;8000;0;0;0;0;16;17540;15;15070;47;571550;143;1637634;111;1175521;96;547333
09.08.2020 16:00;4;3990;8;8000;31;244431;274;967186;116;923540;120;1041324;4;3990;8;8000;0;0;0;0;8;9310;3;3020;48;671670;164;1391753;101;633211;75;387990
09.08.2020 17:00;4;4000;8;7990;39;271571;297;1180810;143;952605;132;985256;4;4000;8;7980;0;0;0;0;8;8820;11;11070;37;491790;189;1368104;113;1032468;96;567429
09.08.2020 18:00;4;4000;8;7990;43;364930;367;1154556;175;1308128;189;1569034;4;4000;8;7980;0;0;0;0;22;25650;6;6040;42;519370;186;1870197;116;1081972;113;738945
09.08.2020 19:00;2;2000;5;4990;47;375100;354;1200040;150;934435;144;1135582;2;2000;5;4990;0;0;0;0;8;10100;7;7040;47;705045;155;1924886;107;1126774;98;626592
09.08.2020 20:00;2;1990;4;3990;41;186003;262;1014626;125;736918;126;1239911;2;2000;4;4000;0;0;0;0;10;10290;11;11070;47;484083;155;1271755;108;945455;100;775525
09.08.2020 21:00;2;2000;4;3990;33;220526;242;992379;101;661844;97;905209;2;1990;4;4000;0;0;0;0;8;8060;5;5030;51;302996;133;1222562;106;605914;79;360117
09.08.2020 22:00;2;1990;4;3990;19;198760;151;727192;77;628791;82;828660;2;2055;4;4000;0;0;0;0;10;10590;5;5030;19;217250;104;703208;85;554883;64;266293
09.08.2020 23:00;2;2000;4;4000;11;73150;80;532497;45;367656;45;575098;2;2000;4;4000;0;0;0;0;4;4660;2;2000;23;311435;62;281502;43;197420;47;176476
10.08.2020 00:00;0;0;4;4000;5;71080;61;111480;26;276038;27;451963;0;0;4;4000;0;0;0;0;1;1010;3;3030;5;63400;47;185613;22;57020;20;91930
10.08.2020 01:00;0;0;0;0;4;53360;23;29000;18;267020;19;288117;0;0;0;0;0;0;0;0;1;1000;0;0;2;56020;15;50600;11;27130;9;24530
10.08.2020 02:00;0;0;0;0;1;31990;20;20890;7;108860;10;228802;0;0;0;0;0;0;0;0;0;0;1;1000;1;5430;17;70940;7;11370;9;21790
10.08.2020 03:00;0;0;2;1990;0;0;12;5770;6;118410;7;111240;0;0;2;1980;0;0;0;0;0;0;0;0;0;0;9;28880;4;36380;7;18476
10.08.2020 04:00;1;1000;2;2000;5;47430;36;78880;26;375014;29;489044;1;990;2;1990;0;0;0;0;0;0;0;0;8;65810;32;163035;12;29610;12;57640
10.08.2020 05:00;3;3000;10;10000;17;56210;158;718577;68;580124;95;942251;3;3000;10;9990;0;0;0;0;0;0;6;6020;10;128206;98;1130460;45;182520;31;86229
10.08.2020 06:00;4;4000;12;11990;36;128082;414;1206656;136;1178024;174;1681756;4;3990;12;11980;0;0;0;0;4;4030;2;2000;30;635282;188;2150211;91;1124532;81;635968
10.08.2020 07:00;5;4990;11;11000;54;342436;498;1434950;210;1851356;252;1743998;5;4990;11;11028;0;0;0;0;13;15570;7;7040;44;932817;194;2718520;96;1594472;150;1231276
10.08.2020 08:00;4;4000;13;12970;77;785453;482;1605644;258;1779650;267;2207524;4;4000;12;12000;0;0;0;0;22;22150;9;9060;53;1090424;181;2827776;86;1924810;98;1155352
10.08.2020 09:00;4;4000;8;7960;76;598532;445;1615512;266;1869380;276;2089989;4;4000;8;7960;0;0;0;0;25;30289;8;8060;73;1285808;179;2691160;107;1969858;127;1336283
10.08.2020 10:00;4;3990;9;8990;88;708883;432;1827431;251;1792258;273;1889902;4;3990;9;8980;0;0;0;0;30;30920;12;12060;70;1253837;148;2770044;109;2050874;128;1243822
10.08.2020 11:00;4;3990;7;7000;101;899068;386;1753800;273;1864420;256;1811097;4;4000;8;7980;0;0;0;0;29;36730;17;17130;81;1529737;153;2666986;130;1932619;144;1268456
10.08.2020 12:00;4;4000;11;10970;89;630984;383;1601176;237;1623640;213;1615528;4;3990;11;11000;0;0;1;940;28;31650;13;13110;75;1473704;161;2352906;128;1887538;138;1162290
10.08.2020 13:00;4;3980;13;12990;90;661103;370;1817652;235;1707677;214;1649361;4;4000;12;12000;0;0;0;0;29;30590;14;14120;83;1210342;130;2552871;124;1952685;125;1340647
10.08.2020 14:00;4;3980;12;11990;70;588473;420;1590085;223;1730693;233;1758954;4;4000;12;11980;0;0;0;0;29;33130;10;10060;87;1340482;152;2606792;120;2243432;140;1500602
10.08.2020 15:00;4;3990;12;11980;82;860157;486;1846034;246;1782113;223;1762103;4;4000;12;11990;0;0;0;0;34;36490;8;8060;73;1252957;165;2722844;124;2268599;141;1772117
10.08.2020 16:00;4;4000;11;10990;114;756318;431;1974242;228;1949242;217;1877363;4;4000;11;10980;0;0;0;0;36;39270;12;12080;80;1488729;195;2617736;138;2496231;135;1544523
10.08.2020 17:00;4;4000;13;12980;100;844964;448;1767121;222;2067405;223;2155672;4;4000;13;12970;0;0;0;0;33;37400;16;16090;84;1270064;214;2545323;129;2275815;138;1633861
10.08.2020 18:00;4;4000;10;9990;92;594914;436;1531792;214;1679147;213;1915174;4;4000;10;9980;0;0;0;0;39;43070;10;10060;74;1153810;245;2078416;131;1751739;146;1504797
10.08.2020 19:00;4;3990;8;8000;75;616070;337;1217494;163;1466362;164;1812033;4;4000;8;7990;0;0;0;0;35;39830;11;11620;74;1288488;217;1697374;115;1533976;115;976461
10.08.2020 20:00;4;3990;9;8980;60;311598;254;1093950;144;889821;125;989624;4;4000;9;9000;0;0;0;0;23;24035;14;14090;66;652475;156;1575972;105;1003790;86;675883
10.08.2020 21:00;2;2000;5;5000;33;245784;211;870995;135;820474;101;902982;2;2000;5;5000;0;0;0;0;19;20440;11;11050;38;381260;135;1281422;118;842587;87;499218
10.08.2020 22:00;2;2000;4;4000;25;169520;180;767399;86;583504;75;628700;2;2000;4;3990;0;0;0;0;18;19130;1;1000;31;338395;125;952264;77;558060;77;420926
10.08.2020 23:00;2;2000;4;4000;22;90713;107;466010;55;455983;47;575393;2;2000;4;4000;0;0;0;0;11;12080;6;6030;17;162888;74;405458;51;185010;39;130328
11.08.2020 00:00;0;0;4;3990;6;23140;50;512047;33;464487;24;302947;0;0;4;4000;0;0;2;1240;9;9910;5;5020;14;318180;44;226166;25;75830;22;57520
11.08.2020 01:00;0;0;0;0;3;51820;32;44670;20;147930;15;204998;0;0;0;0;0;0;0;0;0;0;0;0;5;70710;22;78260;6;17180;6;13720
11.08.2020 02:00;0;0;0;0;1;16060;18;42380;14;127210;13;88570;0;0;0;0;0;0;0;0;0;0;1;1010;3;16710;14;51164;9;22720;4;11200
11.08.2020 03:00;0;0;2;1990;2;250;16;38150;12;158170;6;175670;0;0;2;2000;0;0;0;0;0;0;0;0;0;0;16;54797;4;15850;7;15960
11.08.2020 04:00;1;990;2;2000;3;27530;32;68274;21;289973;29;531087;1;1000;2;2000;0;0;0;0;0;0;0;0;6;72160;25;94777;15;53890;15;36890
11.08.2020 05:00;3;3000;10;9980;20;43120;151;676529;66;649245;104;1048376;3;3000;10;9970;0;0;0;0;0;0;2;2020;12;76360;103;1033663;44;241970;22;73500
11.08.2020 06:00;4;4000;12;12000;28;158058;399;1015662;145;1197337;161;1675226;4;3990;12;11990;0;0;0;0;3;3020;3;3000;25;634378;186;1949037;107;1389961;65;562480
11.08.2020 07:00;5;5000;12;11980;69;430105;514;1434532;227;1854853;254;2078209;5;5000;12;11960;0;0;0;0;8;9150;3;3010;55;976766;195;2885227;84;1695986;90;1209596
11.08.2020 08:00;4;4000;11;10990;74;488457;528;1592634;272;2034268;299;2171738;4;4000;12;11990;0;0;0;0;16;16620;5;5020;63;1226303;165;3072226;92;2131663;109;1260736
11.08.2020 09:00;4;4000;9;9000;73;555441;462;1805368;287;1927270;290;1964015;4;3990;8;8000;0;0;0;0;28;31200;5;5030;65;998315;174;2762316;88;2089025;112;1330015
11.08.2020 10:00;4;3990;8;7990;86;755369;420;1759484;267;1843275;244;1870180;4;4000;8;7990;0;0;0;0;35;35820;3;3010;74;1192201;136;2805099;120;1489230;128;940660
11.08.2020 11:00;4;4000;8;8010;101;898913;387;1678068;261;1826068;232;1936196;4;4000;8;7980;0;0;0;0;29;30599;12;12060;79;956611;139;2440712;127;2038506;128;1272294
11.08.2020 12:00;4;4000;10;10034;96;679980;364;1667087;219;1651988;203;1550388;4;4000;10;9990;0;0;0;0;20;20450;10;10090;83;1352178;149;2326597;128;1682529;150;1376882
11.08.2020 13:00;4;4000;14;13980;73;956948;401;1651990;242;1685230;226;1717301;4;4000;13;13000;0;0;1;1460;24;24416;9;9070;71;1296092;146;2557102;110;2135555;120;1142084
11.08.2020 14:00;4;4000;12;11990;95;747747;381;1340139;243;1766138;226;1818560;4;4000;12;12000;0;0;0;0;17;17370;15;15100;79;1421557;156;2474652;132;2369586;130;1445082
11.08.2020 15:00;4;4000;12;11990;100;621974;448;1979909;276;2236255;239;2050963;4;4000;12;12000;0;0;0;0;33;37210;7;7060;88;1491909;197;2792630;122;2376500;114;1638622
11.08.2020 16:00;4;3990;12;12000;112;757061;492;1621734;231;2104069;220;2182426;4;4000;12;11990;0;0;0;0;34;38870;5;5030;97;1621980;232;2703874;116;2323561;149;1652312
11.08.2020 17:00;4;3990;11;10990;95;583337;489;1729239;250;2086492;234;1979231;3;3000;12;12000;0;0;0;0;37;41580;14;14090;94;1291217;209;2930828;141;2424056;137;1684631
11.08.2020 18:00;4;3990;11;10990;100;361620;484;1642309;216;1953232;211;2063357;4;4000;10;9990;0;0;0;0;37;39800;9;9040;89;1349921;202;2567944;123;2097404;124;1401438
11.08.2020 19:00;4;4000;8;8000;74;664948;363;1066135;155;1699151;143;1860797;4;3990;8;7990;0;0;0;0;27;33060;19;19570;59;1263798;198;1425007;116;1550730;108;1025604
11.08.2020 20:00;4;4000;9;8990;59;338190;265;1180258;160;1166435;133;1095992;4;4000;9;9000;0;0;0;0;22;31990;9;9050;64;1011030;133;1527683;107;820589;97;570800
11.08.2020 21:00;2;2000;5;4990;33;167560;246;968685;139;812334;116;1010836;2;2000;5;5000;0;0;0;0;17;18320;2;2010;45;434956;155;1240219;90;554329;81;316446
11.08.2020 22:00;2;2000;4;4000;42;234644;184;743080;112;607372;104;905112;2;1990;4;4000;0;0;0;0;16;19090;8;8040;33;312312;135;1067570;96;510669;71;323340
11.08.2020 23:00;2;2000;4;4000;18;113960;103;561087;53;448923;46;522790;2;1990;4;4000;0;0;0;0;10;10760;7;7040;24;221840;93;536392;66;273159;31;113490
12.08.2020 00:00;0;0;4;4000;5;74084;52;164810;22;232270;20;332770;0;0;4;4000;0;0;0;0;2;3390;2;2010;5;53600;43;172047;25;78765;17;49695
12.08.2020 01:00;0;0;0;0;3;3580;27;14610;20;161620;11;100920;0;0;0;0;0;0;0;0;2;2260;3;3000;5;4570;21;76820;17;53930;8;24280
12.08.2020 02:00;0;0;0;0;2;16900;28;26770;9;25210;7;99030;0;0;0;0;0;0;0;0;0;0;0;0;1;10060;22;74770;8;16440;8;15765
12.08.2020 03:00;0;0;2;2000;3;16370;9;5940;12;161350;9;110690;0;0;2;2000;0;0;0;0;0;0;0;0;3;54496;7;20800;3;7040;2;5200
12.08.2020 04:00;1;990;2;2000;4;660;33;95930;26;323880;30;480812;1;1000;2;2000;0;0;0;0;0;0;0;0;7;49517;30;114700;11;27640;10;22020
12.08.2020 05:00;3;2980;10;9970;20;122370;154;454274;72;660567;95;941902;3;3000;10;10000;0;0;0;0;1;1010;0;0;11;178910;113;1028689;54;339130;25;81482
12.08.2020 06:00;4;4000;12;11990;32;65450;417;1318187;131;846617;176;1659779;4;4000;12;11990;0;0;0;0;5;5090;2;2020;24;459649;186;2258770;76;1007507;63;433175
12.08.2020 07:00;5;5000;11;10980;60;516566;572;1390835;207;1881971;236;2173386;5;4990;11;10990;0;0;0;0;11;11370;6;6040;39;1079703;204;2788947;98;1680746;88;1260555
12.08.2020 08:00;4;3980;12;11990;70;502141;548;1568370;243;2012251;266;2080798;4;4000;12;11990;0;0;0;0;25;26490;10;10080;51;1104583;189;3035737;88;1846793;87;1310834
12.08.2020 09:00;4;4000;9;8980;72;686160;453;1470116;281;1953245;295;2280969;4;4000;9;8980;0;0;0;0;28;29680;7;7040;65;1090394;175;2508498;119;2001243;126;1177488
12.08.2020 10:00;4;4000;8;7990;71;648915;417;1587654;266;1814060;261;2040247;4;4000;8;7990;0;0;0;0;38;46490;6;6050;72;1013023;146;2744143;127;1562856;127;1195812
12.08.2020 11:00;4;3980;8;7980;93;816631;379;1610255;261;1926396;273;1998437;4;4000;8;7980;0;0;0;0;44;47530;4;4040;88;1273563;147;2653471;108;1999840;137;1152105
12.08.2020 12:00;4;3990;11;11000;80;789213;379;1714609;249;1363530;267;1675918;4;4000;12;12000;0;0;0;0;28;30090;2;2010;71;1248881;150;2731667;140;1848491;129;1080792
12.08.2020 13:00;5;4990;13;12990;92;810130;380;1750824;235;1882646;241;1726668;5;4990;12;11980;0;0;0;0;23;25080;4;4040;102;1522578;143;2441452;119;1750965;121;1041687
12.08.2020 14:00;4;3980;13;12980;87;903071;404;1500009;236;1669436;218;1940371;4;4000;13;12980;0;0;0;0;30;35030;21;21120;87;1591411;153;2366615;137;2188084;139;1480896
12.08.2020 15:00;4;3990;12;12000;105;691862;479;1358467;259;1986151;238;2092070;4;4000;12;11970;0;0;0;0;29;32550;20;20170;77;1223029;194;2632193;135;2400619;169;1606993
12.08.2020 16:00;4;3990;11;10990;89;948838;476;1402687;228;2248368;213;2328133;4;3990;12;12000;0;0;0;0;24;24830;11;11050;88;1456193;225;2453902;156;2259011;133;1476036
12.08.2020 17:00;4;4000;13;13000;120;628044;487;1637655;263;2083475;223;2036073;4;4000;12;11990;0;0;0;0;36;40623;12;12090;92;1288019;244;2446638;114;2560233;142;1957448
12.08.2020 18:00;4;3990;10;9970;116;962369;437;1674988;242;1659721;200;1918182;4;4000;9;9000;0;0;1;790;32;34230;31;31170;81;1395509;187;2433446;124;1955376;156;1502191
12.08.2020 19:00;4;4000;8;8000;80;524680;355;1627212;177;1767305;170;1826386;4;3990;8;7990;0;0;0;0;29;31040;10;10050;67;1446316;153;2038513;117;1903017;113;1067607
12.08.2020 20:00;4;3970;9;9000;44;374450;236;1487153;175;1229734;137;1063920;4;4000;9;8990;0;0;0;0;19;21160;10;10050;61;993035;114;1556061;92;1344281;96;924831
12.08.2020 21:00;2;2000;5;4990;28;150670;235;971462;119;828741;113;901715;2;1990;5;5023;0;0;0;0;14;14440;4;4040;44;456034;149;1313779;123;698809;81;426791
12.08.2020 22:00;2;2000;4;4000;32;230010;183;730832;100;609061;98;888435;2;2000;4;4000;0;0;0;0;17;17439;7;7040;36;347350;123;847912;110;417524;70;365375
12.08.2020 23:00;2;2000;4;3990;18;118500;137;634650;65;456730;55;486866;2;1990;4;4000;0;0;0;0;10;10740;3;3030;27;192050;102;598176;69;321156;55;246080
13.08.2020 00:00;0;0;3;3000;7;45230;54;142441;31;347356;31;328380;0;0;4;4000;0;0;0;0;3;3030;4;4010;16;210465;47;232721;32;107381;24;88110
13.08.2020 01:00;0;0;0;0;6;69856;28;42290;21;250168;16;251319;0;0;0;0;0;0;0;0;0;0;0;0;2;18230;22;78880;14;60776;12;24926
13.08.2020 02:00;0;0;0;0;1;1790;20;35910;7;66000;8;187420;0;0;0;0;0;0;0;0;0;0;0;0;6;79260;13;45380;6;12180;6;14780
13.08.2020 03:00;0;0;2;2000;2;2280;13;65887;12;144813;14;223047;0;0;2;2000;0;0;0;0;0;0;0;0;2;37710;9;35470;1;2010;7;13640
13.08.2020 04:00;1;1000;2;2000;3;4390;40;82530;23;273000;27;376950;1;1000;2;1990;0;0;0;0;0;0;2;2020;6;18460;36;136968;13;24300;14;33100
13.08.2020 05:00;3;2990;10;10060;16;93460;155;549607;63;602177;95;982115;3;2990;9;8990;0;0;0;0;0;0;0;0;13;110840;114;878423;51;213810;34;86240
13.08.2020 06:00;4;4000;12;11990;33;156454;414;1044647;134;1332776;179;1831070;4;4000;12;12000;0;0;0;0;6;6050;1;1000;26;448699;180;1964373;83;1001343;54;565192
13.08.2020 07:00;5;5000;12;11990;61;807776;518;1432880;224;1993612;242;2190502;5;5000;12;11980;0;0;0;0;14;14160;4;4020;46;785504;206;2742499;84;1772023;90;1164775
13.08.2020 08:00;4;4000;11;10980;114;1072088;508;1870972;282;2146936;293;2191399;4;3980;12;11980;0;0;0;0;17;18600;3;3010;65;1168617;180;3081427;84;2198877;95;1537020
13.08.2020 09:00;4;3980;9;8990;146;1191934;452;1846890;285;2117437;281;2335166;4;4000;8;7990;0;0;0;0;18;18725;6;6040;73;1454706;104;2940007;89;2025195;85;1225656
13.08.2020 10:00;4;4000;8;7990;129;1118373;417;1729059;257;1808938;238;1866615;4;4000;8;8000;0;0;0;0;22;23720;10;10060;82;1281643;148;2589644;117;1609991;107;1128869
13.08.2020 11:00;4;4000;8;7990;138;1307658;388;1735180;260;1775491;243;1784411;4;3990;8;8000;0;0;0;0;28;35460;11;11070;88;1586933;140;2780949;114;2012150;125;1202250
13.08.2020 12:00;4;4000;10;9990;87;855560;364;1720059;350;2309087;229;1706428;4;4000;11;10960;0;0;0;0;37;38980;14;14080;73;1213467;136;2502910;116;2183658;117;1445590
13.08.2020 13:00;4;4000;13;12990;91;654170;421;1826679;275;1846865;230;1848226;4;4000;12;11990;0;0;0;0;27;27840;13;13080;94;1544355;142;2806913;112;1988838;117;1162280
13.08.2020 14:00;4;3990;12;11990;100;790037;405;1756362;253;1712714;253;1843485;4;4000;12;11980;0;0;0;0;23;24040;19;19130;73;1243684;137;2568750;118;2221012;140;1428665
13.08.2020 15:00;4;4000;12;11980;101;1049394;521;1882731;276;2046799;262;1959292;4;4000;12;11960;0;0;0;0;26;29890;12;12060;91;1716155;202;2980912;111;2627958;143;1847432
13.08.2020 16:00;4;3990;11;11000;118;1001010;434;1924848;249;2414230;228;2323583;4;3990;11;11000;0;0;2;1110;32;35410;9;9040;100;1859153;199;2908944;131;2830088;152;1737432
13.08.2020 17:00;4;3990;13;12980;117;812899;474;2067939;274;2101895;270;2233876;4;3990;12;12000;0;0;0;0;33;36560;13;13080;108;1630819;229;2810746;139;2608158;156;1906203
13.08.2020 18:00;4;4000;10;10000;105;862127;476;1671945;225;2115983;211;2122592;4;3990;10;10000;0;0;0;0;32;34870;15;15090;90;1548800;212;2553484;117;2349788;133;1616813
13.08.2020 19:00;4;3980;8;8000;72;446806;369;1204768;179;1619667;161;1750167;4;4000;8;7980;0;0;0;0;31;36030;14;14090;78;975951;180;1644887;111;1492256;140;1219915
13.08.2020 20:00;4;4000;9;8980;40;347963;268;1145848;168;1117506;145;1059561;4;4000;9;9000;0;0;0;0;24;27020;8;7840;60;681339;124;1641593;114;1195784;83;516971
13.08.2020 21:00;2;2000;5;5000;44;297642;220;1024815;137;949001;121;950732;2;2000;5;5000;0;0;0;0;16;18330;8;8260;42;447367;135;1233482;110;708682;100;462810
13.08.2020 22:00;2;1990;4;4000;41;188130;190;730436;104;771647;88;788470;2;2000;4;4000;0;0;0;0;13;15730;6;6000;30;412180;116;907169;100;480320;79;380870
13.08.2020 23:00;2;2000;4;4000;19;97786;117;579940;52;404658;59;489898;2;2000;4;4000;0;0;0;0;13;14260;4;4030;28;294055;97;711735;70;222944;37;165510
14.08.2020 00:00;0;0;4;4000;9;137020;54;241140;25;239391;25;419189;0;0;4;3980;0;0;0;0;6;6180;3;3020;11;146000;40;250410;26;219949;34;90520
14.08.2020 01:00;0;0;0;0;4;38880;25;137580;18;258520;20;356970;0;0;0;0;0;0;0;0;1;1010;1;1000;2;65020;23;79990;15;27930;11;24970
14.08.2020 02:00;0;0;0;0;3;2850;32;15670;13;131430;9;170160;0;0;0;0;0;0;0;0;0;0;1;1010;0;0;31;93918;7;20245;7;15790
14.08.2020 03:00;0;0;2;1990;2;560;7;32280;9;109500;8;151360;0;0;2;2000;0;0;0;0;0;0;0;0;2;51860;5;10620;2;2550;1;1520
14.08.2020 04:00;1;1000;2;2000;8;13500;32;112040;16;253970;27;424326;1;1000;2;2000;0;0;0;0;0;0;0;0;8;125360;34;178712;13;32270;10;27950
14.08.2020 05:00;3;3000;9;9000;27;79711;129;562705;59;583900;86;629987;3;2990;9;8990;0;0;1;470;0;0;0;0;11;114830;102;797346;50;222740;18;78740
14.08.2020 06:00;4;3980;13;12990;27;105150;357;1054437;136;1207893;157;1692762;4;4000;13;12960;0;0;0;0;5;5040;0;0;27;342298;132;1888076;91;1023340;67;407708
14.08.2020 07:00;5;5000;12;11990;54;475984;470;1557302;214;1527899;230;1888974;5;5000;12;12000;0;0;0;0;13;14280;12;12060;40;880053;189;2711378;83;1577904;90;995013
14.08.2020 08:00;4;4000;11;11000;83;591268;451;1621470;264;1922760;272;2118419;4;4000;11;10990;0;0;0;0;17;18627;11;11080;63;1156899;186;2679466;94;1969279;104;1531456
14.08.2020 09:00;4;4000;9;9000;72;501606;422;1596337;301;2217027;298;2086970;4;4000;9;9000;0;0;0;0;30;31990;13;13050;74;1163892;166;2659755;91;1988228;98;1190554
14.08.2020 10:00;4;4000;8;8000;70;654019;417;1588126;263;1722026;267;1843473;4;4000;9;8980;0;0;0;0;37;38320;9;9060;58;1041131;138;2756875;109;1744604;124;1243957
14.08.2020 11:00;4;4000;9;8990;91;703549;442;1676252;282;1673355;247;1915216;4;4000;8;8000;0;0;0;0;26;32278;7;7060;92;1235284;144;2952558;117;1816397;123;1230987
14.08.2020 12:00;4;4000;12;11990;104;889607;477;1607200;270;1873281;263;2112977;4;4000;12;11980;0;0;0;0;31;32120;10;10050;88;1619074;170;2856261;124;2176721;142;1395447
14.08.2020 13:00;4;3990;12;11980;106;857870;493;1678211;256;2216844;228;2162395;4;3980;12;11980;0;0;0;0;36;38570;21;21120;85;1401734;227;2484254;135;2496066;146;1482286
14.08.2020 14:00;4;4000;11;10990;118;1042964;543;1788418;250;2353696;240;2351174;4;4000;11;11000;0;0;0;0;35;37334;11;11060;86;1462521;198;2807182;111;2308030;136;1682931
14.08.2020 15:00;4;3990;13;12980;103;1255001;539;1541872;251;2459434;247;2450979;4;4000;13;12990;0;0;0;0;28;32380;11;11070;79;1503402;226;2703578;120;2329379;121;1559691
14.08.2020 16:00;4;4000;12;11990;95;845960;523;1860022;262;2277394;248;2179596;4;4000;12;11990;0;0;0;0;28;31360;18;18070;76;1564768;212;2910462;122;2263931;142;1574253
14.08.2020 17:00;4;3990;11;10990;106;969842;500;1798569;248;2390666;242;2252010;4;4000;11;10970;0;0;0;0;28;35150;12;12070;93;1800691;211;2696963;126;2344119;117;1714726
14.08.2020 18:00;4;3990;11;11000;86;774541;490;1598986;197;2009680;207;1974355;4;4000;11;11000;0;0;0;0;32;34060;11;11020;74;1041815;188;2829396;118;2102113;142;1319526
14.08.2020 19:00;4;4000;8;7990;62;483667;411;1063881;187;1750455;171;1720651;4;3990;8;7990;0;0;0;0;31;36430;13;13070;63;1221573;239;1504374;136;1598101;123;1000755
14.08.2020 20:00;4;3990;9;9000;47;221060;271;1174973;163;1136665;142;1005212;4;4000;9;9035;0;0;0;0;28;31070;8;8010;56;842046;139;1717830;107;1259170;125;881215
14.08.2020 21:00;2;2000;5;4990;38;367859;261;964015;138;940476;121;1071657;2;2000;5;4990;0;0;0;0;26;31700;12;12080;37;347129;144;1536856;93;599744;79;335626
14.08.2020 22:00;2;2000;4;3990;36;234530;193;1267757;104;762291;91;888503;2;1990;4;3990;0;0;0;0;25;29290;6;6020;41;381826;141;1163101;99;549310;88;401954
14.08.2020 23:00;2;2000;4;4000;31;187330;185;979406;96;561700;92;728145;2;2000;4;3990;0;0;0;0;15;17663;5;5020;33;286555;129;1046301;70;380747;71;295630
15.08.2020 00:00;0;0;4;4000;20;178213;112;541932;60;579974;47;534085;0;0;4;3990;0;0;0;0;6;6860;4;4030;23;319971;96;630565;52;236810;33;104554
15.08.2020 01:00;0;0;0;0;14;70990;64;326787;35;365038;37;600826;0;0;0;0;0;0;0;0;8;8900;8;8060;12;149668;50;295678;31;85825;25;65650
15.08.2020 02:00;0;0;0;0;9;71740;34;70590;19;223560;27;325965;0;0;0;0;0;0;0;0;3;3810;0;0;5;54280;35;109090;18;37460;15;39310
15.08.2020 03:00;0;0;2;2000;8;85990;29;268340;17;261143;16;332320;0;0;2;1990;0;0;0;0;6;7320;4;4020;7;87210;25;99276;14;30420;15;31990
15.08.2020 04:00;1;1000;3;3000;6;52050;26;136260;16;131080;23;380770;1;1000;3;2990;0;0;0;0;1;1010;0;0;8;119768;22;148300;18;79430;7;22730
15.08.2020 05:00;3;3000;7;7000;13;25570;50;247000;34;517031;34;600306;3;2990;7;6990;0;0;0;0;0;0;1;1000;8;49250;47;346004;28;61690;21;45970
15.08.2020 06:00;4;3990;8;8000;19;346576;74;255794;40;416351;50;756386;4;3990;8;8000;0;0;0;0;0;0;0;0;14;138790;62;305770;31;159670;22;120380
15.08.2020 07:00;4;4000;8;7990;20;115810;121;544411;52;488768;68;687709;4;3990;8;8000;0;0;0;0;1;1010;1;1000;16;190460;100;619849;39;214241;31;139636
15.08.2020 08:00;5;5000;8;8047;41;259947;236;1028623;102;845956;112;973635;5;5000;8;7990;0;0;0;0;23;24420;4;4040;26;210429;143;1417386;91;762273;63;415684
15.08.2020 09:00;4;4000;8;7990;49;394960;306;1370197;191;1387177;192;1456673;4;3980;8;7990;0;0;0;0;19;20280;6;6030;47;720392;131;1983379;115;1205256;93;593600
15.08.2020 10:00;4;3990;8;7990;69;567390;366;1577849;236;1721618;248;1853667;4;3990;8;7980;0;0;0;0;41;42680;9;9070;65;860436;142;2360669;116;1427952;113;850992
15.08.2020 11:00;4;3990;8;8000;74;603115;362;1720778;220;1550459;239;1692311;4;3990;8;8000;0;0;0;0;38;40700;11;11090;56;884310;138;2349149;134;1902804;117;1122364
15.08.2020 12:00;4;3980;8;7990;84;655370;422;1421380;251;1473166;256;1974226;4;3990;8;7980;0;0;0;0;32;34640;9;9070;69;981190;159;2416472;136;1936320;136;1083324
15.08.2020 13:00;4;4000;8;7990;92;836170;413;1753134;214;1558832;220;1832281;4;4000;8;7990;0;0;0;0;30;34750;8;8040;67;1255233;154;2599040;118;1932964;184;1461858
15.08.2020 14:00;4;4000;9;9000;80;1011035;446;1650334;240;1638637;221;1671652;4;4000;9;8980;0;0;0;0;36;38870;10;10060;77;1514827;167;2653823;121;2247916;119;1628669
15.08.2020 15:00;4;4000;8;8000;93;891837;409;1443860;198;1472388;188;1604780;4;3990;8;8089;0;0;0;0;41;42760;13;13100;75;1280921;188;2306247;111;2026600;124;1214838
15.08.2020 16:00;4;4000;8;7980;76;688694;413;1518388;199;1388148;189;1572956;4;4000;8;7990;0;0;0;0;41;45810;22;22080;60;852724;144;2473560;145;1650619;123;1220201
15.08.2020 17:00;4;4000;9;8990;71;813981;400;1561396;187;1431552;196;1692648;4;4000;9;8950;0;0;0;0;38;42890;14;14060;69;1217108;175;2436441;124;1706477;131;1164849
15.08.2020 18:00;4;4000;9;8990;71;612007;349;1597202;202;1317454;190;1424539;4;4000;8;7990;0;0;0;0;39;41590;19;19070;65;936054;158;2280429;128;1613451;122;1082624
15.08.2020 19:00;4;4000;7;6990;79;563592;347;1302344;189;1353031;171;1305136;4;4000;7;6990;0;0;0;0;25;27500;15;15239;72;960828;164;2066050;120;1492791;106;1037226
15.08.2020 20:00;2;2000;4;3990;49;331800;290;1124598;151;816063;145;1226456;2;2000;4;4000;0;0;0;0;43;48050;9;9010;61;718806;187;1568780;112;1139141;103;831628
15.08.2020 21:00;2;1990;4;4000;44;266600;257;992571;138;922553;121;786891;2;2000;4;4000;0;0;0;0;19;21608;14;14040;55;670838;143;1534487;111;820768;111;646357
15.08.2020 22:00;2;2000;4;4000;37;341710;274;1105899;108;848041;81;756213;2;2000;4;4000;0;0;0;0;19;21140;10;10116;49;552186;155;1489445;95;506694;120;509391
15.08.2020 23:00;2;1990;4;3990;37;213095;216;921996;95;504029;95;850429;2;1990;4;4000;0;0;0;0;25;25760;9;9060;36;399969;154;1286861;100;524164;71;290970
16.08.2020 00:00;0;0;4;4000;18;128981;102;526126;85;700426;71;790855;0;0;4;3990;0;0;0;0;9;9170;4;4020;18;213640;91;475357;57;287570;43;141958
16.08.2020 01:00;0;0;0;0;18;100110;81;285880;48;346584;46;564335;0;0;0;0;0;0;0;0;8;9910;3;3010;10;116550;67;402165;38;127350;26;92590
16.08.2020 02:00;0;0;0;0;8;33050;40;115520;23;257179;23;250190;0;0;0;0;0;0;0;0;3;5050;0;0;12;167904;38;191755;36;132890;24;68800
16.08.2020 03:00;0;0;0;0;10;50743;26;118310;20;110160;16;192450;0;0;0;0;0;0;0;0;2;2000;3;3010;6;114280;15;80590;16;45440;13;57740
16.08.2020 04:00;0;0;2;2000;1;320;17;37810;7;25450;16;279209;0;0;2;2000;0;0;0;0;1;1000;0;0;8;97840;11;39520;10;19230;10;19150
16.08.2020 05:00;2;2000;3;2990;15;66470;31;137800;24;297476;31;440944;2;2000;3;2990;0;0;0;0;0;0;0;0;7;57225;27;103090;22;108285;12;30230
16.08.2020 06:00;2;1990;4;4000;4;650201;17;34110;18;218334;24;370054;2;2000;4;4000;0;0;0;0;3;3030;0;0;5;38250;11;22730;19;95032;7;22250
16.08.2020 07:00;2;2000;4;4000;11;69680;61;219798;29;326163;27;391746;2;2000;4;4000;0;0;0;0;2;2020;1;1010;11;102510;51;260270;31;150777;17;48895
16.08.2020 08:00;2;1980;4;4000;15;34660;103;598686;70;511381;63;681120;2;2000;4;4000;0;0;0;0;9;9390;4;4020;18;263190;84;599240;50;261780;40;150400
16.08.2020 09:00;2;1990;4;3990;42;192956;187;774775;109;815228;98;862249;2;2000;4;4000;0;0;0;0;5;5370;7;7050;26;212647;124;1005090;83;635474;69;419078
16.08.2020 10:00;2;2000;4;4000;31;236070;281;934940;152;1127292;128;998605;2;2000;4;3990;0;0;0;0;14;15790;3;3030;37;403777;160;1486555;115;849139;97;589207
16.08.2020 11:00;2;1990;4;4000;36;309596;336;1099565;167;1014060;153;1223706;2;2000;4;3990;0;0;0;0;8;8260;6;6050;48;507390;182;1838670;124;948305;98;532064
16.08.2020 12:00;3;3000;7;7000;35;295400;306;1137078;145;1095300;148;1145398;3;3000;7;7000;0;0;0;0;15;16470;7;7050;40;524580;171;1695622;139;1070307;122;882926
16.08.2020 13:00;4;4000;8;8000;45;429170;314;1055703;170;935600;170;1143231;4;4000;8;7990;0;0;0;0;16;18080;6;6040;48;626298;175;1726027;107;1028726;102;749036
16.08.2020 14:00;4;4000;8;7990;51;323132;390;1326753;185;1327315;169;1282177;4;4000;8;8000;0;0;0;0;8;8409;8;8030;53;850920;175;2055484;128;1201073;110;779223
16.08.2020 15:00;4;4000;8;7990;46;248280;330;1168584;191;1144361;182;1306415;4;4000;8;7980;0;0;0;0;13;13510;6;6050;25;354370;169;1765536;103;1182417;103;736253
16.08.2020 16:00;4;3970;8;7990;55;251234;312;1234763;156;1236146;154;1228979;4;4000;8;7980;0;0;0;0;26;27120;12;12080;47;619603;164;1849939;125;1115120;113;785745
16.08.2020 17:00;4;3980;8;8000;49;280241;375;1243704;182;1158543;166;1378763;4;4000;8;7980;0;0;0;0;13;14750;11;11070;44;460304;188;1938961;147;1215968;118;851321
16.08.2020 18:00;4;4000;8;7990;68;526300;360;1211636;185;1244363;175;1272815;4;3980;8;7990;0;0;0;0;18;19290;15;15090;62;568163;208;1825602;128;1394954;123;814274
16.08.2020 19:00;2;2000;5;5000;38;227560;307;1283443;175;1183259;169;1217568;2;1990;5;5054;0;0;0;0;17;17970;11;11070;50;563150;164;1642841;125;1070202;107;683620
16.08.2020 20:00;2;2000;4;4000;39;271499;295;1038697;141;1051067;136;1023742;2;2000;4;4000;0;0;0;0;14;14590;6;6050;40;561950;161;1621980;103;1125262;100;672610
16.08.2020 21:00;2;2000;4;4000;33;157316;198;978540;140;748684;137;967256;2;1990;4;3990;0;0;0;0;14;15050;3;3020;55;499664;142;1335888;93;516495;87;374057
16.08.2020 22:00;2;2000;4;3990;22;173430;150;523136;83;819686;75;751216;2;2000;4;4000;0;0;0;0;2;2020;1;1000;21;227730;101;665340;92;438450;56;295290
16.08.2020 23:00;2;2000;4;3990;13;144500;77;201040;41;250210;39;462829;2;2000;4;4000;0;0;0;0;2;2020;1;1000;15;248682;55;307448;47;242790;35;130130
17.08.2020 00:00;0;0;4;4000;6;102960;34;148830;15;116067;22;424137;0;0;4;4035;0;0;0;0;2;2050;1;1000;10;133946;27;131160;37;155615;34;148530
17.08.2020 01:00;0;0;0;0;0;0;22;11565;9;119120;18;281384;0;0;0;0;0;0;0;0;0;0;2;2010;0;0;22;75190;4;9670;10;51840
17.08.2020 02:00;0;0;0;0;1;650;14;10990;3;9290;3;71450;0;0;0;0;0;0;0;0;0;0;0;0;2;54960;12;50225;6;27250;8;19180
17.08.2020 03:00;0;0;0;0;1;38490;22;12160;10;140011;8;170717;0;0;0;0;0;0;0;0;0;0;0;0;1;3940;14;59610;4;48500;5;12550
17.08.2020 04:00;1;1000;0;0;7;46290;31;57380;18;188480;22;375050;1;1000;0;0;0;0;0;0;2;2020;1;1010;8;67524;26;108050;13;29110;10;36785
17.08.2020 05:00;3;3000;2;1990;18;54207;171;612546;91;707017;101;1042069;3;3000;2;2000;0;0;0;0;2;2140;1;1010;13;152267;100;1144044;61;340190;25;120750
17.08.2020 06:00;4;4000;5;4990;24;112720;413;1033035;173;1359447;201;1937910;4;4000;5;4990;0;0;0;0;4;4030;3;3010;26;440787;126;2191846;102;1384886;79;677834
17.08.2020 07:00;7;6990;5;4990;82;611938;560;1810954;278;2029623;317;2437223;7;6990;5;4990;0;0;0;0;20;21230;2;2010;64;1080100;70;3371165;74;2190261;134;1462443
17.08.2020 08:00;8;8000;9;9000;91;728730;567;1909857;353;2465367;358;2329966;8;7980;9;9000;0;0;0;0;25;30940;7;7050;67;1326723;125;3342057;88;2287472;102;1558846
17.08.2020 09:00;4;4000;4;4000;82;700473;435;1819213;296;2033623;313;2181763;4;4000;4;4000;0;0;0;0;26;27550;8;8040;69;1284861;173;2559269;96;2089047;109;1483030
17.08.2020 10:00;4;4000;3;3000;99;859084;387;1743729;300;1801864;310;2138381;4;4000;4;3990;0;0;0;0;23;24750;17;17060;75;1107135;162;2573352;104;1629907;113;1207908
17.08.2020 11:00;4;4000;4;3990;103;639640;371;1742454;280;1794538;273;1980731;4;3990;3;3000;0;0;0;0;31;32950;18;18070;86;1360756;134;2570859;118;1851948;132;1085448
17.08.2020 12:00;5;4990;5;5000;113;814723;376;1855470;278;2167350;263;2230353;5;5000;5;4990;0;0;0;0;63;68000;15;15070;106;1882549;132;2672851;156;1947072;132;1306512
17.08.2020 13:00;8;7990;8;7990;96;839460;366;1713651;254;1700417;266;1787259;8;7990;8;8000;0;0;0;0;50;64064;18;18120;78;1516974;155;2624704;107;2375216;135;1259861
17.08.2020 14:00;5;5000;7;6990;94;761424;376;1517951;268;1800226;274;2004916;5;4990;7;6990;0;0;0;0;26;29060;12;12040;70;1297949;174;2447556;123;2120037;130;1617837
17.08.2020 15:00;4;4000;4;4000;118;875099;446;1476879;264;2011210;248;2014152;4;4000;4;4000;0;0;0;0;25;27470;12;12080;98;1475751;190;2489258;137;2314594;132;1716189
17.08.2020 16:00;4;4000;4;4000;113;709072;492;1754605;286;2177981;277;2056125;4;4000;4;4000;0;0;0;0;32;35620;7;7050;82;1351211;215;2606476;140;2522311;141;1763662
17.08.2020 17:00;4;4000;3;3000;125;965077;501;1713707;265;2448350;261;2445362;4;4000;3;3000;0;0;0;0;40;44950;15;15090;96;1315264;256;2583234;157;2494564;148;1727740
17.08.2020 18:00;4;4000;4;4000;108;694095;442;1516003;249;1905770;207;2048372;4;3990;4;4000;0;0;0;0;40;43659;17;17090;83;1339606;211;2119450;150;2287700;153;1219149
17.08.2020 19:00;5;5043;4;3990;67;780046;311;1102703;167;1493608;182;1603178;5;5000;4;4000;0;0;0;0;34;37800;18;18090;74;1059829;187;1331709;99;1522886;120;937137
17.08.2020 20:00;3;3000;4;4000;61;283476;262;1103166;127;1073456;121;1237431;3;2990;4;4000;0;0;0;0;25;26050;11;11060;59;848388;135;1554691;107;1253726;108;815778
17.08.2020 21:00;2;1990;3;3000;34;158210;202;799485;124;861246;106;815516;2;2000;3;3000;0;0;0;0;22;22779;12;12030;33;293516;126;1311054;98;620867;95;458705
17.08.2020 22:00;2;2000;2;2000;28;157656;172;602040;86;514277;78;666981;2;2000;2;2000;0;0;0;0;11;11090;3;3020;39;316481;110;893240;91;431403;82;278800
17.08.2020 23:00;2;1990;2;2000;15;121440;108;466507;51;411499;46;371595;2;2000;2;2000;0;0;0;0;5;5300;4;4010;21;183910;85;518609;51;221341;35;113808
18.08.2020 00:00;0;0;1;1000;7;71130;30;121820;26;147480;25;328892;0;0;1;1000;0;0;0;0;1;1010;4;4020;8;69540;25;152810;12;34090;6;15690
18.08.2020 01:00;0;0;0;0;5;44920;15;12610;9;183223;6;121863;0;0;0;0;0;0;0;0;0;0;0;0;5;140990;10;37060;4;9910;6;19360
18.08.2020 02:00;0;0;0;0;4;2610;12;6100;5;106460;5;129280;0;0;0;0;0;0;0;0;0;0;1;1000;3;56980;7;33110;8;16860;8;14660
18.08.2020 03:00;0;0;0;0;1;1130;15;7550;9;46060;8;114030;0;0;0;0;0;0;0;0;0;0;0;0;2;33560;10;39590;3;10380;2;4630
18.08.2020 04:00;1;1000;0;0;5;19670;34;82444;13;225680;16;364990;1;1000;0;0;0;0;0;0;1;1000;0;0;13;158420;27;154004;11;28420;10;27350
18.08.2020 05:00;3;2990;3;3000;17;51610;131;479894;74;627506;92;993111;3;3000;3;2990;0;0;0;0;1;1000;2;2010;10;61777;90;842036;58;198414;24;101850
18.08.2020 06:00;4;4000;4;4000;35;244620;412;1281508;163;1278001;207;1880296;4;4000;4;3990;0;0;0;0;5;5040;1;1010;29;371050;160;2189961;97;1214934;74;601559
18.08.2020 07:00;7;6990;5;5000;87;521489;548;1695610;306;2213889;321;2296113;7;6980;6;6000;0;0;0;0;21;25210;21;21090;75;1214403;165;3244760;89;1996240;96;1553187
18.08.2020 08:00;8;8000;9;8970;87;598895;532;1704840;314;2049340;311;2108292;8;7990;8;8000;0;0;0;0;29;31050;16;16202;68;1130014;164;3141124;81;2398798;105;1625568
18.08.2020 09:00;4;4000;3;3000;77;600597;452;1488533;285;1845520;297;2185537;4;4000;4;3980;0;0;0;0;31;33186;7;7020;66;1137219;163;2489269;99;1915617;116;1415518
18.08.2020 10:00;4;4000;5;5000;91;830522;420;1596812;288;1937485;297;2111773;4;4000;4;3980;0;0;0;0;32;33699;11;11070;63;1186497;131;2593530;112;2025503;124;1399318
18.08.2020 11:00;4;4000;4;4000;101;684027;346;1837907;294;2065209;288;1952172;4;3990;4;3990;0;0;0;0;32;36570;18;18100;122;1151754;134;2626733;118;1788602;129;1178388
18.08.2020 12:00;5;5000;5;5000;117;918596;380;1650821;256;1896494;245;1998008;5;5000;5;5000;0;0;0;0;46;51990;8;8030;99;1646950;174;2601346;119;1876630;133;1146879
18.08.2020 13:00;7;6980;7;7000;111;776888;424;1778204;285;2007825;275;2129952;7;7000;7;7045;0;0;0;0;36;50810;28;28660;86;1367575;140;2783016;126;2271061;141;1251718
18.08.2020 14:00;5;5000;6;6000;108;904894;368;1431010;261;1993666;267;1975968;5;5000;6;5990;0;0;0;0;26;28370;18;18090;88;1946667;138;2362410;139;2201868;150;1436829
18.08.2020 15:00;4;4000;3;3000;137;1149417;471;1723651;301;2318922;269;2141874;4;3980;4;3990;0;0;0;0;39;43029;13;13100;99;1670686;207;2548018;136;2363696;150;1794145
18.08.2020 16:00;4;3990;5;4990;115;860139;485;1638067;291;2528604;301;2580649;4;4000;4;3990;0;0;0;0;33;36685;13;13100;84;1570321;194;2782605;122;2551385;159;1596398
18.08.2020 17:00;4;4000;4;4000;111;863049;475;1858355;290;2685895;274;2634426;4;4000;4;3990;0;0;0;0;28;30540;16;16080;104;1467496;229;2690617;125;2605827;161;1719719
18.08.2020 18:00;4;4000;4;3990;106;1180145;424;1725741;252;2408882;234;2341662;4;4000;5;5000;0;0;0;0;32;36410;21;21110;92;1635741;211;2237458;121;2333651;123;1694571
18.08.2020 19:00;5;5000;5;4990;83;559431;349;970141;186;1834931;176;1991711;5;5000;4;4000;0;0;0;0;28;33670;14;13920;78;1012061;198;1434175;135;1534508;126;1058982
18.08.2020 20:00;3;3000;3;2990;55;455748;266;1109386;158;1164008;148;1281061;3;3000;3;3000;0;0;0;0;28;30470;11;11040;60;972927;157;1499780;118;1426081;120;772573
18.08.2020 21:00;2;2000;3;2990;44;342504;244;923295;121;900866;101;884150;2;2000;3;3000;0;0;0;0;16;17630;10;10040;52;532485;142;1354189;121;623260;98;428060
18.08.2020 22:00;2;1990;2;2000;29;158503;189;896798;101;741527;84;815780;2;1990;2;2000;0;0;0;0;10;10250;5;5020;47;446140;145;1016250;93;372070;91;420296
18.08.2020 23:00;2;2000;2;1990;21;133440;104;353798;47;426630;47;400640;2;2000;2;2000;0;0;0;0;6;6050;12;12040;22;235080;75;493936;45;201908;47;144370
19.08.2020 00:00;0;0;1;1000;7;32430;42;147360;22;256765;23;314900;0;0;1;1000;0;0;0;0;2;2010;2;2010;6;128007;35;158900;23;101390;20;57470
19.08.2020 01:00;0;0;0;0;1;1300;21;25474;10;95870;11;280935;0;0;0;0;0;0;0;0;0;0;0;0;4;81410;16;53510;7;18990;6;13570
19.08.2020 02:00;0;0;0;0;1;21280;18;8940;9;123760;7;143772;0;0;0;0;0;0;0;0;0;0;0;0;2;15155;10;42940;13;28580;3;11360
19.08.2020 03:00;0;0;0;0;0;0;19;10540;11;173270;8;78410;0;0;0;0;0;0;0;0;1;1010;0;0;3;52410;16;71064;2;3630;4;11720
19.08.2020 04:00;1;1000;0;0;10;104010;27;52650;14;812708;19;467460;1;1000;0;0;0;0;0;0;0;0;0;0;5;72860;23;92490;9;29090;10;41270
19.08.2020 05:00;3;2980;3;2990;15;20460;149;674470;72;619727;91;949225;3;3000;3;3000;0;0;0;0;1;1000;1;1000;17;136320;104;951376;61;217449;29;93630
19.08.2020 06:00;4;4000;4;3990;25;249435;420;1150931;157;1071231;205;1622718;4;3990;4;3990;0;0;0;0;2;4520;2;2010;28;468338;153;2215990;96;967692;69;536963
19.08.2020 07:00;7;6990;5;5000;84;883183;563;1826608;317;2222267;306;2519782;7;6990;5;5000;0;0;0;0;44;58480;16;16060;73;1104134;74;3363936;82;1833065;102;1360474
19.08.2020 08:00;8;7990;8;8000;88;621292;549;1657759;319;2181080;337;2380122;8;7970;8;7990;0;0;0;0;26;32250;11;11090;58;1244268;161;3144925;101;2126041;106;1489300
19.08.2020 09:00;3;3000;4;4000;87;685096;436;1275438;284;1788973;282;2114908;3;3000;4;3980;0;0;0;0;29;46110;8;8040;63;1249412;195;2320997;98;2142335;121;1232664
19.08.2020 10:00;5;4990;4;3990;80;739335;401;1612471;249;1776075;250;1766490;5;5000;5;4980;0;0;0;0;25;28760;14;14080;65;1040575;159;2557983;111;1342632;137;1082936
19.08.2020 11:00;4;4000;4;4000;98;668166;339;1638202;254;1688500;271;1864545;4;4000;3;3000;0;0;0;0;42;43440;13;13090;85;1217220;150;2439945;124;2126174;136;1083630
19.08.2020 12:00;5;4990;5;5000;81;628006;429;1719410;277;2071237;280;2063822;5;5000;6;5980;0;0;0;0;30;31920;14;14080;93;1295410;157;2703282;134;1967744;134;1495017
19.08.2020 13:00;7;6980;8;8000;102;600203;424;1881937;289;1999859;286;1910140;7;7000;7;6990;0;0;0;0;40;42890;19;19080;87;1475791;144;2795419;160;2165410;139;1325158
19.08.2020 14:00;6;5990;6;5980;90;727992;381;1553160;266;1791802;247;1624512;6;6000;6;5990;0;0;0;0;33;36380;9;9030;86;1313990;160;2598455;143;2202963;148;1266921
19.08.2020 15:00;4;4000;4;3990;100;738235;442;1431079;290;2307798;249;2113642;4;4000;5;5000;0;0;0;0;43;45780;16;16130;78;1242084;180;2549271;144;2515102;141;1591548
19.08.2020 16:00;4;4000;4;4000;103;843311;532;1627699;303;2351941;261;2280026;4;4000;4;4000;0;0;0;0;45;52200;12;12040;84;1390912;229;2511824;118;2625525;130;1831428
19.08.2020 17:00;4;4000;4;4000;130;766260;483;1666870;280;2129804;271;2227424;4;4000;3;2990;0;0;0;0;39;42324;11;11040;91;1649854;249;2604032;135;2396994;184;1920259
19.08.2020 18:00;4;3990;4;3990;103;741539;495;1670870;253;2431419;245;2321949;4;3990;5;4990;0;0;0;0;41;47125;22;22060;88;1697299;256;2287245;129;2173877;138;1761388
19.08.2020 19:00;5;4990;4;4000;70;505463;379;1070025;191;1698096;158;1510526;5;5000;4;3990;0;0;0;0;24;26190;11;11070;89;1010435;213;1678913;136;1678359;115;1163454
19.08.2020 20:00;3;2980;4;4000;65;421780;283;1110487;200;1297467;144;1219275;3;2990;3;3000;0;0;0;0;43;48139;11;11060;67;781492;135;1613727;115;1213636;115;709328
19.08.2020 21:00;2;1990;3;2990;41;195910;226;932808;125;786385;113;847559;2;2000;3;2990;0;0;0;0;14;15150;11;11050;54;514745;137;1222546;117;590480;85;396116
19.08.2020 22:00;2;2000;2;2044;32;228270;176;999581;96;700837;86;895602;2;2000;2;2000;0;0;0;0;15;15400;2;2020;39;378327;115;1013598;102;446829;63;247370
19.08.2020 23:00;2;2000;2;2000;21;96980;114;572401;57;465627;57;512862;2;1990;2;2000;0;0;0;0;11;12080;7;7020;25;197105;91;550273;54;247590;42;167230
20.08.2020 00:00;0;0;1;1000;8;40810;56;230990;22;797120;25;251616;0;0;1;1000;0;0;0;0;4;4020;1;1010;14;197425;52;279480;22;92350;17;74060
20.08.2020 01:00;0;0;0;0;1;490;17;56920;7;101590;7;129040;0;0;0;0;0;0;0;0;1;1010;3;3010;1;540;11;46240;12;20581;6;15760
20.08.2020 02:00;0;0;0;0;2;1220;17;9110;12;186267;6;61659;0;0;0;0;0;0;0;0;2;2910;1;1010;1;26860;13;51914;14;33290;10;23260
20.08.2020 03:00;0;0;0;0;1;650;12;7660;8;138200;6;123340;0;0;0;0;0;0;0;0;0;0;0;0;2;24190;12;59400;7;17390;3;8880
20.08.2020 04:00;1;1000;0;0;5;8960;30;92370;14;224651;19;277041;1;1000;0;0;0;0;0;0;0;0;0;0;7;78598;21;99680;10;47790;7;25080
20.08.2020 05:00;3;2990;2;2000;12;84140;169;489430;63;700759;90;1017168;3;3000;2;2000;0;0;0;0;1;1000;2;2010;13;175985;110;953350;48;230960;28;98850
20.08.2020 06:00;4;3990;5;5000;33;138185;427;1221080;166;1074380;218;1771731;4;4000;5;5000;0;0;0;0;3;3020;5;5020;25;308048;120;2245282;72;1271776;73;633789
20.08.2020 07:00;7;6980;6;6000;88;937248;530;1959819;319;2405547;328;2540903;7;6990;6;6000;0;0;0;0;16;17360;5;5040;64;1360920;124;3269125;74;2258322;88;1667156
20.08.2020 08:00;8;7990;9;8990;73;568090;524;1930953;362;2107984;353;2294576;8;7990;9;8990;0;0;0;0;28;30880;9;9060;61;974935;132;3340646;92;2171408;94;1778220
20.08.2020 09:00;4;4000;3;3000;95;753237;472;1401069;261;2024331;286;2110541;4;4000;3;2990;0;0;0;0;26;28069;11;11030;65;985161;205;2483733;116;1877246;114;1031343
20.08.2020 10:00;4;3990;4;4035;71;456558;392;1751562;267;1713176;283;1869451;4;3990;5;5000;0;0;0;0;23;23530;10;10040;69;1080126;165;2512674;163;1839857;144;891606
20.08.2020 11:00;4;3980;4;3980;97;692792;360;1677214;275;1835131;276;2025442;4;4000;3;3000;0;0;0;0;33;36701;10;10070;95;1440981;149;2586397;123;2122508;132;1304451
20.08.2020 12:00;5;5000;5;4980;87;552075;400;1651978;284;2016275;266;1841620;5;5000;5;4990;0;0;0;0;48;50890;14;14100;91;1707114;189;2395892;115;2198079;143;1255258
20.08.2020 13:00;8;7990;8;7990;114;756123;429;1687107;286;2129120;298;2075045;8;7970;8;8000;0;0;0;0;28;34600;20;20205;78;1283273;163;2762898;119;2332013;123;1436442
20.08.2020 14:00;5;4990;6;5990;98;932391;399;1406670;268;2000387;251;1913987;5;4990;7;6990;0;0;0;0;33;34470;9;9030;93;1405790;188;2504648;148;2237003;141;1690512
20.08.2020 15:00;4;4000;4;3990;103;866583;458;1604768;314;2255192;276;2243953;4;4000;4;4000;0;0;0;0;29;30400;10;10106;95;1310587;194;2531354;144;2322819;159;1441401
20.08.2020 16:00;4;3980;5;5000;118;768877;454;1622460;291;2168628;275;2065050;4;3980;4;4000;0;0;0;0;28;30260;15;15080;72;1441730;258;2464390;161;2470887;163;1578802
20.08.2020 17:00;4;3990;3;2990;126;794559;448;1804041;282;2404331;260;2349231;4;4000;3;3000;0;0;0;0;40;45860;22;22440;101;1738464;243;2721627;134;2674889;144;1792249
20.08.2020 18:00;4;4000;5;4990;109;650950;434;1744325;263;1936149;227;1901305;4;3990;5;4990;0;0;0;0;24;25631;25;25190;89;1455273;244;2288450;147;2473283;154;1519650
20.08.2020 19:00;5;5000;3;2990;89;533197;356;1341101;218;1743606;201;1670187;5;4990;4;4000;0;0;0;0;26;28040;8;8123;80;1410718;180;1887013;118;1639036;106;1015307
20.08.2020 20:00;3;3000;4;4000;56;201074;270;1205502;183;1147002;167;1242570;3;3000;3;2990;0;0;0;0;20;22740;9;9080;75;1017930;149;1644538;125;1009551;112;734432
20.08.2020 21:00;2;2000;3;2990;42;171030;256;818058;132;752596;121;965115;2;1990;3;3000;0;0;0;0;11;12080;13;13060;48;458578;132;1302280;117;713262;91;472300
20.08.2020 22:00;2;2000;2;2000;30;121190;168;762315;106;716829;89;660272;2;2000;2;2000;0;0;0;0;7;7050;9;9030;36;400850;116;845656;98;580926;70;321539
20.08.2020 23:00;2;2000;2;2000;11;37840;120;540362;64;390977;52;616577;2;1990;2;2000;0;0;0;0;16;17490;6;6020;27;330080;99;620315;45;155590;36;176090
21.08.2020 00:00;0;0;1;1000;9;9860;45;114280;28;255710;29;367076;0;0;1;1000;0;0;0;0;4;4080;0;0;10;158510;36;197640;20;76100;12;30490
21.08.2020 01:00;0;0;0;0;9;7500;21;57570;15;281720;14;209099;0;0;0;0;0;0;0;0;0;0;0;0;5;58770;13;70630;7;40160;5;17150
21.08.2020 02:00;0;0;0;0;2;990;18;32560;8;174410;5;106350;0;0;0;0;0;0;0;0;1;1120;0;0;1;4560;12;46992;13;39650;8;22180
21.08.2020 03:00;0;0;0;0;3;1480;24;47600;8;117800;8;118450;0;0;0;0;0;0;0;0;0;0;0;0;3;43780;22;83990;5;11220;4;8290
21.08.2020 04:00;1;1000;0;0;6;84010;34;76350;11;200128;18;249898;1;1000;0;0;0;0;0;0;1;1010;0;0;3;32320;23;147511;13;33690;16;30330
21.08.2020 05:00;3;2990;3;2990;16;70430;132;396772;62;578503;84;812163;3;3000;3;3000;0;0;0;0;0;0;1;1000;17;137700;87;676026;42;205344;24;73210
21.08.2020 06:00;4;4000;4;4000;23;213295;402;973574;143;1337946;173;1795921;4;4000;4;3990;0;0;0;0;3;3220;1;1000;31;442766;201;1770796;160;1075050;77;494476
21.08.2020 07:00;7;7000;5;5000;71;673973;555;1808897;281;2055772;306;2433227;7;6990;5;4990;0;0;0;0;21;26230;16;16100;65;1096900;112;3317504;81;2122417;88;1432832
21.08.2020 08:00;8;8000;8;8000;99;888009;470;1714738;293;1913105;295;2026607;8;8000;8;8000;0;0;0;0;15;15230;9;9040;72;924819;177;2815322;96;2158650;112;1694882
21.08.2020 09:00;4;4000;4;3990;72;500557;424;1685737;266;2147387;288;2092730;4;3990;5;4990;0;0;0;0;26;30310;10;10060;79;1235411;227;2594995;105;1913789;118;1203010
21.08.2020 10:00;4;4000;4;4000;89;664455;392;1722429;282;1757579;286;1844292;4;4000;4;4000;0;0;0;0;35;37600;15;15830;75;1154574;157;2680884;152;1695190;138;956657
21.08.2020 11:00;4;4000;4;4000;113;788582;345;1583093;274;1904759;282;1976649;4;4000;3;3000;0;0;0;0;17;21980;14;14090;99;1391292;145;2389641;128;1862199;139;1287088
21.08.2020 12:00;5;5000;6;5990;113;1033903;429;1688047;301;2296795;269;2226587;5;5000;6;6000;0;0;0;0;51;61070;19;19130;88;1596312;171;2757050;122;2285971;148;1391376
21.08.2020 13:00;8;8000;7;7000;130;1049546;455;1751220;297;2250139;288;2424687;8;8000;7;6990;0;0;0;0;32;35000;17;17170;90;1733409;214;2566797;123;2361607;134;1654830
21.08.2020 14:00;5;5000;6;5990;106;761920;435;1515591;273;2255410;273;2256226;5;4990;6;6000;0;0;0;0;38;44540;11;11060;79;1519547;240;2262305;136;2333519;143;1461929
21.08.2020 15:00;4;3990;5;5000;113;869716;448;1459099;269;2109662;244;2303128;4;3990;5;5000;0;0;0;0;34;44310;7;7040;95;1487022;220;2376252;136;2449921;140;1404254
21.08.2020 16:00;4;3990;3;2990;109;760358;489;1298192;262;2147853;247;2259168;4;4000;3;3000;0;0;0;0;44;50910;14;14070;69;1333882;256;2170730;138;2458417;128;1745377
21.08.2020 17:00;4;4000;5;5000;92;623348;435;1429226;236;2016091;249;2138628;4;4000;5;4990;0;0;0;0;26;29480;16;16080;85;1567049;228;2125659;135;2379247;131;1739242
21.08.2020 18:00;4;4000;3;2990;87;604622;466;1357465;231;1795735;238;2115523;4;4000;4;4000;0;0;0;0;33;36020;15;15040;90;1362228;243;2084226;132;1939280;134;1667935
21.08.2020 19:00;5;4980;5;5000;76;463809;369;1186834;192;1809583;174;1846729;5;5000;4;4000;0;0;0;0;31;33606;19;19100;67;1192429;206;1653645;125;1691225;107;984760
21.08.2020 20:00;3;3000;3;3000;58;413111;265;1128863;183;1245097;143;1139275;3;3000;3;3000;0;0;0;0;26;27939;11;11040;64;828485;145;1579461;112;964145;105;626457
21.08.2020 21:00;2;2000;3;3000;50;311755;248;1159764;122;724786;112;756413;2;1990;3;3000;0;0;0;0;17;18110;8;8060;57;569835;144;1294030;111;787193;107;618173
21.08.2020 22:00;2;2000;2;2000;43;215710;225;878588;102;801398;105;767207;2;1990;2;1990;0;0;0;0;20;23292;8;8040;60;580060;157;1235779;96;509366;89;367245
21.08.2020 23:00;2;2000;2;2000;30;110286;170;840790;95;666755;78;572746;2;2000;2;2000;0;0;0;0;16;17690;16;16110;35;279069;130;871938;84;389237;52;190435
22.08.2020 00:00;0;0;1;1000;12;57330;109;581346;62;488458;55;564170;0;0;1;1000;0;0;0;0;11;11880;8;8050;10;83010;88;512117;40;188040;39;148480
22.08.2020 01:00;0;0;0;0;17;36630;68;296434;44;315090;42;385643;0;0;0;0;0;0;0;0;5;5020;6;6040;9;95310;62;274637;26;86400;33;91400
22.08.2020 02:00;0;0;0;0;9;11730;49;120250;31;178646;30;407262;0;0;0;0;0;0;0;0;4;4040;0;0;7;138919;44;212002;24;92445;25;115818
22.08.2020 03:00;0;0;0;0;6;66970;36;52925;21;273932;22;381794;0;0;0;0;0;0;0;0;1;1920;1;1010;0;0;29;124240;11;45504;15;67680
22.08.2020 04:00;1;1000;0;0;9;138750;23;47190;18;147340;21;355385;1;1000;0;0;0;0;0;0;0;0;1;1010;11;83670;20;63250;6;23790;10;48020
22.08.2020 05:00;3;3000;3;3000;7;9110;59;239422;36;548950;32;500685;3;3000;3;3000;0;0;0;0;0;0;0;0;8;71740;42;279020;32;142812;26;140690
22.08.2020 06:00;4;4000;4;3990;18;99835;95;350620;28;199710;41;538845;4;4000;4;4000;0;0;0;0;1;1000;0;0;16;114658;70;480372;32;272880;26;114100
22.08.2020 07:00;4;4000;4;3980;16;172046;123;503802;62;503386;70;717607;4;3990;4;4000;0;0;0;0;6;6739;5;5010;19;345914;103;689463;52;300677;24;92080
22.08.2020 08:00;5;4990;4;4000;34;214970;212;713002;112;834355;101;788006;5;5000;4;3990;0;0;0;0;4;4030;4;4030;37;424655;139;1201675;81;763359;61;312697
22.08.2020 09:00;4;4000;4;4000;58;489472;320;1405226;217;1748167;213;1517907;4;3980;4;4000;0;0;0;0;21;22790;8;8040;46;675718;153;1910191;105;1647426;92;779932
22.08.2020 10:00;4;3970;4;4000;58;563337;375;1519391;238;1721718;225;1551689;4;4000;4;4000;0;0;0;0;22;24540;12;12080;63;1024674;153;2306773;124;1636027;127;946015
22.08.2020 11:00;4;3990;4;3990;81;670185;347;1643995;250;1664782;252;1670396;4;4000;4;4000;0;0;0;0;34;38140;8;8060;71;1263066;140;2317086;133;1599131;129;1302750
22.08.2020 12:00;4;3990;4;4000;93;598891;370;1536759;236;1806452;247;2034301;4;3990;4;4000;0;0;0;0;57;63420;15;15174;85;1346968;164;2439495;133;2088288;142;1260123
22.08.2020 13:00;4;3990;4;4000;104;798454;433;1633437;255;1707070;223;1763094;4;4000;4;4000;0;0;0;0;40;44070;11;11030;75;1282173;141;2725016;141;1736328;139;1449532
22.08.2020 14:00;4;3990;4;4000;91;729097;424;1489695;236;1677387;211;1672321;4;4000;4;3990;0;0;0;0;31;33500;19;19120;134;1249882;179;2467647;138;1996576;141;1499513
22.08.2020 15:00;4;3990;4;3990;75;490317;411;1495916;231;1468721;219;1555302;4;4000;4;4000;0;0;0;0;30;42610;10;10680;68;897957;183;2163792;117;1963041;129;1124396
22.08.2020 16:00;4;3980;4;4053;76;561822;351;1198255;191;1397113;205;1508450;4;4000;4;3990;0;0;0;0;26;27990;19;19120;70;1071517;171;2036959;135;1659309;132;1068500
22.08.2020 17:00;4;3990;5;4990;89;817127;367;1452027;210;1641795;193;1554983;4;3980;5;5000;0;0;0;0;24;25630;17;17120;84;1356843;179;2200750;151;1683842;149;1492256
22.08.2020 18:00;4;3990;4;4000;75;632203;379;1643327;201;1298321;186;1391150;4;4000;4;3990;0;0;0;0;41;42130;14;14070;77;1304268;164;2238909;129;1901081;140;1294859
22.08.2020 19:00;4;4000;4;3970;68;748090;358;1403732;212;1486736;175;1434662;4;3990;4;4000;0;0;0;0;41;49260;15;15090;67;1127091;157;2124924;115;1517381;118;1161262
22.08.2020 20:00;2;2000;2;2000;40;268421;276;1259244;173;1006466;136;974603;2;1990;2;1990;0;0;0;0;32;35888;14;14090;56;496383;134;1664941;129;982033;120;759464
22.08.2020 21:00;2;2000;2;2000;53;292246;251;1018700;136;671281;112;779420;2;2000;2;2000;0;0;0;0;15;15960;12;12140;49;533469;151;1352931;117;665044;107;461964
22.08.2020 22:00;2;1990;2;2000;27;77020;247;963705;108;723632;96;764171;2;2000;2;2000;0;0;0;0;19;21380;4;4020;41;407290;133;1417242;80;404999;93;400165
22.08.2020 23:00;2;1990;2;2000;22;71170;213;873087;107;610983;80;742766;2;2000;2;2000;0;0;0;0;13;14530;8;8060;41;373540;141;1302323;83;326941;71;269430
23.08.2020 00:00;0;0;1;1000;13;101740;129;429535;50;396948;48;482515;0;0;1;1000;0;0;0;0;2;2020;8;8000;16;196750;99;672125;68;241654;49;139181
23.08.2020 01:00;0;0;0;0;13;144506;71;303730;30;268350;43;576089;0;0;0;0;0;0;0;0;0;0;5;5010;12;186401;57;334815;37;99790;29;108880
23.08.2020 02:00;0;0;0;0;8;39540;42;94850;18;103105;22;273947;0;0;0;0;0;0;0;0;1;1000;7;7040;11;149940;29;118809;15;38504;17;44220
23.08.2020 03:00;0;0;0;0;6;20000;30;16350;15;165776;17;315290;0;0;0;0;0;0;0;0;3;3030;1;1000;4;35150;22;84270;11;29960;15;36380
23.08.2020 04:00;0;0;0;0;6;80694;20;59730;12;167620;9;144800;0;0;0;0;0;0;0;0;1;1400;0;0;2;29203;21;66210;7;17040;10;26680
23.08.2020 05:00;2;2000;1;1000;8;12370;23;49101;19;223439;18;286589;2;2000;1;1000;0;0;0;0;1;1010;0;0;3;50810;24;77420;4;7360;11;29470
23.08.2020 06:00;2;2000;2;2000;5;27850;35;101414;19;256030;20;443370;2;1990;2;2000;0;0;0;0;0;0;0;0;6;79200;29;140204;23;111806;13;39530
23.08.2020 07:00;2;1990;2;2000;7;4400;60;113370;26;206392;18;321790;2;2000;2;2000;0;0;0;0;0;0;1;1000;6;100530;54;194152;44;142202;34;115000
23.08.2020 08:00;2;1990;2;2000;14;157370;98;342560;60;534681;63;571103;2;2000;2;1990;0;0;0;0;8;8050;1;1000;11;142610;80;532830;54;370045;35;138700
23.08.2020 09:00;2;2000;2;2000;16;43140;175;646635;107;789621;94;892374;2;2000;2;1990;0;0;0;0;13;13420;5;5010;19;260990;121;867404;95;670616;73;383340
23.08.2020 10:00;2;2000;2;2000;34;176767;254;871567;136;1040845;125;1004179;2;2000;2;2000;0;0;0;0;16;17790;12;12090;26;293954;141;1266379;106;995758;101;673140
23.08.2020 11:00;2;2000;2;2000;29;151600;303;913796;172;1129314;173;1226522;2;2000;2;2000;0;0;0;0;10;10260;5;5020;28;400431;162;1640166;123;1187487;114;745561
23.08.2020 12:00;3;3000;3;3000;41;238290;335;1222507;182;1074094;180;1293699;3;3000;3;3000;0;0;0;0;8;8070;4;4040;23;276329;191;1815694;125;1287479;118;922732
23.08.2020 13:00;4;4000;4;4000;44;279680;325;1089407;168;1135522;176;1292310;4;3990;4;3990;0;0;0;0;18;19140;8;8050;50;515361;170;1734589;138;1051759;116;853601
23.08.2020 14:00;4;4000;4;3990;48;300440;331;1034210;202;1402004;185;1439588;4;4000;4;4000;0;0;0;0;9;9250;5;5000;53;784835;173;1607918;133;1526524;124;868163
23.08.2020 15:00;4;3990;4;3990;55;311560;321;1012472;205;1481704;193;1235319;4;4000;4;4000;0;0;0;0;8;9305;7;7020;43;580272;176;1844714;114;1280323;116;806124
23.08.2020 16:00;4;4000;4;3990;49;271290;291;1256657;200;1133844;194;1246249;4;3970;4;4000;0;0;0;0;22;28710;5;5040;51;630584;163;1617391;116;1162802;101;770754
23.08.2020 17:00;4;4000;4;3990;52;453349;336;1266851;194;997150;190;1226961;4;4000;4;4000;0;0;0;0;19;20000;6;6020;48;760636;176;1847530;142;1374940;111;831546
23.08.2020 18:00;4;3990;4;3990;49;423530;397;1229353;187;1197471;184;1387927;4;4000;4;4000;0;0;0;0;8;8820;10;10050;42;589100;193;2183416;139;1480881;126;920250
23.08.2020 19:00;2;2000;2;1990;62;348705;329;1055100;171;1075935;181;1248632;2;2000;2;2000;0;0;0;0;10;10840;10;10070;47;589861;147;1582740;112;1304074;117;727721
23.08.2020 20:00;2;2000;2;2000;53;322374;276;928148;140;1093572;133;1017986;2;2000;2;2000;0;0;0;0;16;18210;10;10040;55;599800;163;1613458;133;817328;97;487013
23.08.2020 21:00;2;2000;2;2000;45;209106;189;862160;97;590899;79;620102;2;2000;2;1980;0;0;0;0;8;8870;8;8040;36;344856;119;1085203;103;601220;64;254980
23.08.2020 22:00;2;2000;2;2000;22;182913;106;543270;49;366095;60;571610;2;2000;2;1990;0;0;0;0;8;8610;5;5020;24;336940;96;524311;76;386872;44;172704
23.08.2020 23:00;2;2000;2;2000;19;103460;101;454950;56;480490;58;522186;2;2000;2;2000;0;0;0;0;3;3030;2;2010;24;236250;79;471721;84;443007;49;152797
24.08.2020 00:00;0;0;1;1000;5;25500;63;178096;17;201033;19;356123;0;0;1;1000;0;0;0;0;0;0;1;1000;8;130876;56;261836;21;61266;22;69950
24.08.2020 01:00;0;0;0;0;2;2440;23;55684;6;103240;7;153534;0;0;0;0;0;0;0;0;0;0;0;0;4;81460;17;69473;12;27270;6;15230
24.08.2020 02:00;0;0;0;0;3;18450;20;29213;4;56210;4;92560;0;0;0;0;0;0;0;0;0;0;0;0;3;38890;17;65620;8;13660;7;14590
24.08.2020 03:00;0;0;0;0;2;18030;16;44770;9;155900;8;209520;0;0;0;0;0;0;0;0;0;0;0;0;2;38680;13;48290;1;2850;7;14400
24.08.2020 04:00;1;1000;0;0;8;116520;40;107100;20;318765;19;309460;1;1000;0;0;0;0;0;0;0;0;0;0;9;70670;32;158658;11;36880;12;40100
24.08.2020 05:00;3;2990;3;3000;17;48990;162;424090;63;589639;90;896784;3;3000;3;3000;0;0;0;0;0;0;0;0;8;120372;97;956374;51;188560;24;82770
24.08.2020 06:00;4;3990;3;3000;44;201160;400;1175149;157;1418688;192;1945088;4;4000;4;4000;0;0;0;0;3;3030;2;2000;31;499362;179;2113247;80;1074061;108;735357
24.08.2020 07:00;6;5990;4;4000;95;705885;527;1767651;311;2224836;325;2398480;6;6000;4;4000;0;0;0;0;28;29040;14;14040;80;1119183;156;3061927;86;2191245;108;1477593
24.08.2020 08:00;7;6980;9;8990;104;813494;516;1720192;321;2224559;290;2368969;7;7000;8;8000;0;0;1;380;28;30910;15;15040;65;1234655;175;3058069;100;2057064;102;1426226
24.08.2020 09:00;4;3980;3;3000;61;524767;430;1505134;276;1923540;295;2103426;4;4000;3;2990;0;0;0;0;32;34600;12;12070;61;1066076;182;2658799;126;1862953;112;1240681
24.08.2020 10:00;4;4000;4;4000;78;545985;363;1475749;243;1795278;268;1753324;4;3990;5;4990;0;0;0;0;28;29980;11;11070;76;1320269;146;2416071;131;1709376;110;1091854
24.08.2020 11:00;4;4000;5;4980;93;880739;354;1743812;230;1697398;248;1959437;4;4000;4;4000;0;0;0;0;29;29790;20;20090;73;1246473;147;2525774;111;1946681;123;1130564
24.08.2020 12:00;4;3990;4;3990;109;926958;379;1684536;261;1678159;231;1773164;4;4000;5;5000;0;0;0;0;42;45250;16;16100;85;1592119;153;2484758;122;1743900;125;1233501
24.08.2020 13:00;10;9990;9;8970;102;799144;413;1763752;275;1907858;289;2031704;10;9970;8;8057;0;0;0;0;38;44229;10;10070;91;1493928;144;2845997;119;2190603;128;1168512
24.08.2020 14:00;5;5000;6;5990;81;781951;394;1724867;261;1990665;260;1993693;5;5000;6;5990;0;0;0;0;31;33750;12;12100;87;1527336;160;2622518;121;2285122;147;1357881
24.08.2020 15:00;4;4000;5;4990;109;845497;421;1745654;286;2311015;273;2339340;4;4000;5;4990;0;0;0;0;39;41107;27;27130;176;1929005;215;2551470;139;2551145;154;1332494
24.08.2020 16:00;4;3990;4;3990;131;1027531;528;1619360;260;2683294;257;2303194;4;4000;4;3980;0;0;0;0;52;61990;21;21060;92;1489755;241;2608447;139;2587640;166;1664168
24.08.2020 17:00;4;4000;4;3990;127;826432;474;1627746;284;2365747;257;2398009;4;3990;4;4000;0;0;0;0;32;32850;14;14090;99;1465467;223;2434745;128;2596524;138;1858072
24.08.2020 18:00;4;4000;4;3990;101;545410;467;1385060;226;1538995;214;1762457;4;4000;4;4000;0;0;0;0;50;60660;10;10050;103;1485596;235;2320297;134;2041721;127;1670793
24.08.2020 19:00;5;4980;4;4000;87;645129;333;1356745;178;1558638;174;1657241;5;5000;4;4000;0;0;0;0;40;50400;18;18090;71;951928;210;1441416;114;1489905;123;1179146
24.08.2020 20:00;3;2990;3;3000;49;277563;251;947034;159;1053580;120;1214225;3;3000;3;3000;0;0;0;0;23;24030;8;8030;49;606820;145;1178048;106;880157;75;644848
24.08.2020 21:00;2;2000;3;3000;45;258550;191;927873;114;1000365;116;821206;2;2000;3;3000;0;0;0;0;21;21810;7;7050;55;603420;110;912189;121;691950;88;405955
24.08.2020 22:00;2;2000;2;2000;22;171080;159;767446;101;682778;77;694077;2;2000;2;2000;0;0;0;0;12;13820;8;8040;26;221253;122;880110;96;525514;72;373456
24.08.2020 23:00;2;2000;2;2000;11;64520;91;436824;35;218410;36;384459;2;1990;2;2000;0;0;0;0;3;3440;2;2020;21;241070;78;368023;37;107050;45;126340
25.08.2020 00:00;0;0;1;1000;5;59730;39;126470;12;141401;15;264251;0;0;1;1000;0;0;0;0;0;0;3;3010;4;60170;38;154860;22;60590;13;37150
25.08.2020 01:00;0;0;0;0;4;19460;16;10660;4;63910;6;95290;0;0;0;0;0;0;0;0;0;0;0;0;2;18220;12;33970;11;37180;6;13110
25.08.2020 02:00;0;0;0;0;1;16900;12;14220;8;160060;5;123860;0;0;0;0;0;0;0;0;0;0;0;0;1;17950;13;35540;0;0;3;10400
25.08.2020 03:00;0;0;0;0;2;3080;13;8150;6;83045;6;96420;0;0;0;0;0;0;0;0;0;0;1;1000;1;15660;8;43140;6;12320;8;20150
25.08.2020 04:00;1;990;0;0;6;37100;33;79020;14;204090;18;313213;1;1000;0;0;0;0;0;0;1;1010;0;0;9;95070;28;159860;15;62810;11;24580
25.08.2020 05:00;3;3000;2;2000;17;53460;166;577287;68;550739;97;899058;3;3000;3;3000;0;0;0;0;1;1010;1;1000;9;101320;100;834584;42;155479;20;60174
25.08.2020 06:00;4;3990;5;5000;38;195452;380;1060123;140;1106027;194;1667126;4;4000;4;3990;0;0;0;0;4;4910;5;5040;30;445371;182;2087689;95;1204447;81;598650
25.08.2020 07:00;7;6990;5;5000;93;610672;517;1885870;298;2093889;349;2481375;7;7000;6;5980;0;0;0;0;30;37608;15;15040;73;1496051;76;3326268;76;2104179;104;1288445
25.08.2020 08:00;8;7980;8;7990;105;755549;543;1848717;327;2221004;366;2176254;8;8000;7;6990;0;0;0;0;14;14920;6;6040;69;1284699;146;3175274;77;2217067;104;1559956
25.08.2020 09:00;3;3000;5;4980;67;636180;449;1451682;271;2051058;256;2091028;3;2990;5;5000;0;0;0;0;30;32550;10;10060;74;1267040;201;2682157;104;1970165;115;1017466
25.08.2020 10:00;5;5000;3;3000;95;769180;381;1583480;260;1748028;256;1834978;5;4990;4;4000;0;0;0;0;24;24680;15;15141;73;1181531;153;2486087;114;1550373;108;1095818
25.08.2020 11:00;3;3000;5;5000;87;607252;394;1629744;251;1849357;257;1741091;4;4000;4;3990;0;0;0;0;27;28090;13;13090;78;1338797;180;2443714;127;1662718;131;1215623
25.08.2020 12:00;6;6000;4;3990;108;864474;351;1746596;251;1804201;239;1647641;5;5000;5;4990;0;0;0;0;38;41610;14;14100;70;1402726;157;2379769;145;1946268;124;1051390
25.08.2020 13:00;8;8000;9;9000;100;820106;383;1805391;283;1833985;273;1869805;8;7980;8;7970;0;0;0;0;49;58669;15;15080;88;1594881;159;2580486;124;2139021;154;1400535
25.08.2020 14:00;5;5000;5;5000;115;855558;390;1719394;284;1651834;262;1922989;5;5000;6;5990;0;0;0;0;33;34720;9;9050;96;1578884;167;2473749;128;2191169;130;1604884
25.08.2020 15:00;4;4000;4;4000;131;650313;452;1599311;328;2386751;308;2504339;4;4000;3;2990;0;0;0;0;41;44650;19;19130;89;1265822;198;2521560;123;2567446;147;1821468
25.08.2020 16:00;4;4000;5;5000;114;1028655;479;1746326;289;2397016;287;2293093;4;3990;5;5000;0;0;0;0;36;37890;16;16080;76;1256923;239;2620990;149;2477544;174;1603569
25.08.2020 17:00;4;4000;4;3990;135;946017;457;1828627;306;2307708;251;2242370;4;4000;4;4000;0;0;0;0;41;45270;25;25120;99;1804153;215;2832229;109;2675844;159;1876603
25.08.2020 18:00;4;3990;4;4000;101;681210;442;1518833;253;2084570;224;2053769;4;4000;4;4000;0;0;0;0;22;22740;11;11070;89;1479016;209;2510630;129;2206496;134;1665310
25.08.2020 19:00;5;5000;4;4000;77;426230;346;975722;176;1683502;161;1525684;5;4990;4;4000;0;0;0;0;29;36270;20;20175;74;1248171;199;1444750;116;1403187;134;837183
25.08.2020 20:00;3;3000;3;2990;59;230180;265;1082085;142;859747;120;913583;3;2990;3;3000;0;0;0;0;18;18560;17;17110;58;753257;149;1789985;120;926967;108;725451
25.08.2020 21:00;2;2000;3;3000;34;233546;213;839009;127;887039;92;828331;2;2000;3;3000;0;0;0;0;20;21010;5;5030;39;527545;126;1129389;122;612919;88;366485
25.08.2020 22:00;2;1990;2;1980;25;144840;184;698742;83;680519;73;562250;2;2000;2;1990;0;0;0;0;6;6730;6;6020;44;303940;130;930531;76;366767;64;354394
25.08.2020 23:00;2;2000;2;2000;15;97250;107;364850;32;392720;35;489482;2;2000;2;2000;0;0;0;0;7;7050;4;4040;22;239628;84;419698;57;248818;39;122550
26.08.2020 00:00;0;0;1;1000;3;23470;44;125480;20;139539;19;288435;0;0;1;1000;0;0;0;0;5;5040;0;0;2;20410;36;161470;13;34185;25;83470
26.08.2020 01:00;0;0;0;0;2;16750;16;23090;8;127100;4;120120;0;0;0;0;0;0;0;0;1;1000;0;0;1;46170;11;46140;11;19850;9;23390
26.08.2020 02:00;0;0;0;0;3;62270;10;20830;9;112340;5;79220;0;0;0;0;0;0;0;0;0;0;0;0;3;27150;8;36500;3;8460;6;15610
26.08.2020 03:00;0;0;0;0;1;6530;11;5960;7;92670;7;133050;0;0;0;0;0;0;0;0;0;0;0;0;1;3170;9;29930;4;6190;6;13830
26.08.2020 04:00;1;1000;0;0;7;68220;34;95150;13;223415;22;439495;1;1000;0;0;0;0;0;0;0;0;0;0;7;100185;29;137370;15;42340;9;27200
26.08.2020 05:00;3;3000;3;3000;10;85620;149;591034;59;477774;86;800774;3;3000;3;2990;0;0;0;0;0;0;1;1000;14;93827;103;939484;48;221131;22;64460
26.08.2020 06:00;4;3990;4;4000;38;304982;390;1195570;139;1315633;182;1807063;4;4000;4;3990;0;0;0;0;4;4540;2;2010;29;491117;156;2035631;82;1128634;71;566114
26.08.2020 07:00;7;6990;5;4990;97;716405;551;1755780;328;2178012;337;2498118;7;6980;5;5000;0;0;0;0;24;29650;10;10030;70;1187653;127;3272135;89;2054775;101;1366541
26.08.2020 08:00;8;7990;8;8000;84;777388;481;1877189;304;1947341;311;2232814;8;7990;9;9000;0;0;0;0;25;28480;13;13030;62;969958;152;3183630;94;2359220;115;1954680
26.08.2020 09:00;4;4000;5;5000;71;562606;436;1436816;279;1990107;273;2137810;4;4000;4;4000;0;0;0;0;20;21160;12;12060;56;727182;191;2472758;116;2124489;139;1898709
26.08.2020 10:00;4;3990;3;3000;70;584704;350;1653753;256;1941154;282;1808992;4;3990;4;3990;0;0;0;0;24;25010;22;22060;69;1196680;145;2482890;134;2156287;150;1591073
26.08.2020 11:00;4;4000;5;5000;95;992656;376;1726416;257;1902263;256;1906834;4;3990;4;4000;0;0;0;0;27;28320;12;12020;71;1099703;164;2322989;135;2036068;181;1380974
26.08.2020 12:00;5;4980;5;4990;88;801170;379;1761581;266;1871294;279;1901938;5;5000;5;4980;0;0;0;0;31;33690;14;14060;90;1207893;160;2526426;125;2599964;164;1683315
26.08.2020 13:00;8;7990;7;6990;97;538816;389;1830571;295;2117142;292;1863203;8;8000;7;6990;0;0;0;0;33;35350;11;11050;87;1379106;164;2801140;116;2299128;161;1633553
26.08.2020 14:00;5;4980;7;6990;119;906734;407;1449814;265;1733148;263;1911762;5;5000;7;6990;0;0;0;0;26;32590;10;10090;135;1729056;165;2523602;126;2414903;144;1654827
26.08.2020 15:00;4;3980;3;2990;96;798906;453;1712931;298;2140136;266;2056377;4;4000;3;3000;0;0;0;0;49;54480;16;16090;95;1042380;202;2470290;156;2527908;199;1641034
26.08.2020 16:00;4;4000;5;5000;128;1015991;487;1564272;277;2295665;262;2498530;4;3990;5;4990;0;0;1;740;48;51240;18;18100;90;1516346;228;2526206;111;2778509;175;2016145
26.08.2020 17:00;4;4000;3;2990;114;826396;465;1507721;257;2205758;263;2015308;4;4000;3;3000;0;0;0;0;33;36193;23;23120;85;1049133;235;2405655;129;2750607;168;1948124
26.08.2020 18:00;4;4000;4;4000;86;736113;448;1659037;246;1948732;209;2040376;4;3990;4;3990;0;0;0;0;41;51220;15;15060;87;1369579;231;2357507;137;2370905;137;1750569
26.08.2020 19:00;5;4990;5;5000;87;489658;367;1035494;174;1691393;155;1671768;5;4990;5;4990;0;0;0;0;37;38550;10;10040;70;1062590;199;1713751;130;1724013;114;1182634
26.08.2020 20:00;3;3000;3;3000;49;275021;230;1153041;165;1115346;150;1025797;3;3000;3;3000;0;0;0;0;26;30040;15;15040;63;702536;144;1500539;120;1055685;102;691274
26.08.2020 21:00;2;2000;3;2990;40;260747;223;985695;132;822503;121;886220;2;2000;3;3000;0;0;0;0;20;22720;8;8010;43;539968;134;1201198;123;663417;82;602320
26.08.2020 22:00;2;2000;2;2000;32;107260;171;728384;87;850886;79;690172;2;1990;2;2000;0;0;0;0;14;15880;1;1010;37;323745;105;935627;85;410790;56;215844
26.08.2020 23:00;2;2000;2;2000;10;41630;100;347464;47;361230;35;361960;2;2000;2;2000;0;0;0;0;6;6460;2;2010;19;179900;76;409919;44;186696;47;149821
27.08.2020 00:00;0;0;1;1000;7;5300;38;154490;19;259280;12;167460;0;0;1;990;0;0;0;0;0;0;1;1000;8;106120;37;170610;22;50760;16;52510
27.08.2020 01:00;0;0;0;0;5;73000;18;58064;7;112650;10;162402;0;0;0;0;0;0;0;0;0;0;1;1000;3;104910;11;48290;12;27360;7;19350
27.08.2020 02:00;0;0;0;0;3;3750;16;44940;8;72850;6;53120;0;0;0;0;0;0;0;0;1;1850;0;0;2;20130;12;40930;4;7220;9;25166
27.08.2020 03:00;0;0;0;0;1;400;8;25250;8;43250;5;60830;0;0;0;0;0;0;0;0;0;0;0;0;1;400;7;27967;6;8710;7;19610
27.08.2020 04:00;1;1000;0;0;6;49780;33;59810;13;241910;22;398220;1;1000;0;0;0;0;0;0;0;0;0;0;8;61860;23;98630;13;46950;11;33270
27.08.2020 05:00;3;2980;3;3000;11;57680;139;504639;61;698127;90;954909;3;2990;3;3000;0;0;0;0;0;0;1;1000;8;91720;109;820141;39;139460;26;72080
27.08.2020 06:00;4;3990;4;4000;24;185489;421;1013382;145;1182737;199;1702463;4;4000;4;4000;0;0;0;0;6;7160;4;4000;28;435677;170;2156265;93;1076078;75;517737
27.08.2020 07:00;7;7000;5;5000;84;683316;527;1762628;292;2150568;317;2229724;7;6990;6;6000;0;0;0;0;37;60120;13;13050;72;1051690;128;3345026;84;1919700;104;1377947
27.08.2020 08:00;8;8000;8;7980;84;741055;516;1821449;327;2157261;340;2152483;8;8000;7;6990;0;0;0;0;49;52810;16;16040;66;1109440;134;3164179;96;2195648;107;1594452
27.08.2020 09:00;4;3990;4;4000;69;476463;419;1524487;269;1921204;280;2250683;5;4990;4;3990;0;0;0;0;31;35570;16;16110;67;1041217;194;2593420;104;1831265;121;1192038
27.08.2020 10:00;3;3000;5;4990;91;621567;387;1646822;286;1888782;282;1868134;2;2000;5;5000;0;0;0;0;21;21270;12;12050;82;1185085;145;2609342;120;1687977;133;1236722
27.08.2020 11:00;6;5990;4;4000;106;503469;395;1641845;270;1876770;287;1964234;6;5990;4;4000;0;0;0;0;32;35830;16;16090;80;1342303;138;2745229;109;2041159;133;1130198
27.08.2020 12:00;5;4980;5;4980;106;809576;394;1778204;238;1585470;250;1575113;5;4990;5;5000;0;0;0;0;26;34320;6;6020;88;1350713;143;2513280;148;2091946;138;1307722
27.08.2020 13:00;8;7980;8;8000;108;839641;429;1802173;293;1842934;308;2055723;8;7990;8;7970;0;0;0;0;26;31830;24;24130;106;1695110;145;2957083;100;2473677;140;1486730
27.08.2020 14:00;5;5000;6;6000;99;870094;428;1721002;254;1948303;255;1888457;5;5000;6;5990;0;0;0;0;38;43800;10;10060;83;1395630;173;2609619;137;2356759;143;1685293
27.08.2020 15:00;4;3990;4;4000;104;820451;448;1766327;283;2178902;287;2389620;4;4000;5;4980;0;0;0;0;28;29350;33;33200;107;1374221;219;2630721;142;2753401;144;2130440
27.08.2020 16:00;4;4000;4;4000;107;804390;513;1637082;282;2349539;270;2480039;4;4000;3;3000;0;0;0;0;52;56570;14;14060;88;1263694;270;2637445;181;2579640;162;1870444
27.08.2020 17:00;4;4000;4;4000;147;1091849;512;1536857;275;2471153;260;2392205;4;3990;4;4000;0;0;0;0;47;51190;21;21169;103;1756539;262;2286378;165;2845372;169;2005655
27.08.2020 18:00;4;4000;5;5000;139;602114;408;1838179;254;2165358;232;2052292;4;4000;5;5000;0;0;0;0;33;37350;16;16110;107;1661104;226;2673265;136;2312064;133;1691226
27.08.2020 19:00;5;4990;4;4000;77;502281;368;1226198;229;1556494;202;1987540;5;5000;4;4000;0;0;0;0;37;42845;20;20120;81;1224325;210;1693701;129;2055160;143;1259865
27.08.2020 20:00;3;3000;3;3000;56;303990;286;1077064;171;986263;141;1149173;3;3000;3;2990;0;0;0;0;25;28300;7;7040;55;864644;172;1719001;121;1093102;101;784685
27.08.2020 21:00;2;2000;3;3000;35;116230;255;1028537;127;895845;120;1044089;2;1990;3;3000;0;0;0;0;15;16720;6;6020;37;425747;143;1339557;123;766320;108;482063
27.08.2020 22:00;2;1990;2;2000;37;246671;174;901785;90;636835;73;778367;2;2000;2;2000;0;0;0;0;17;17510;6;6020;33;273894;136;1004623;111;473284;77;317907
27.08.2020 23:00;2;2000;2;2000;19;108022;112;392215;45;423895;42;471651;2;1990;2;2000;0;0;0;0;7;7070;5;5000;19;161992;81;491777;56;227350;51;169137
28.08.2020 00:00;0;0;1;1000;16;108700;52;55375;21;158832;21;348699;0;0;1;990;0;0;0;0;4;4030;3;3000;11;167560;40;171111;33;96800;17;49640
28.08.2020 01:00;0;0;0;0;5;21090;20;59780;10;86000;12;151890;0;0;0;0;0;0;0;0;0;0;0;0;4;25570;18;55456;11;23280;16;31960
28.08.2020 02:00;0;0;0;0;1;410;23;10940;9;131208;5;53300;0;0;0;0;0;0;0;0;0;0;1;1000;2;38355;21;64520;6;12070;6;15130
28.08.2020 03:00;0;0;0;0;1;1390;16;12850;8;146380;11;186745;0;0;0;0;0;0;0;0;0;0;0;0;1;640;13;47850;3;3600;5;16530
28.08.2020 04:00;1;990;0;0;5;70250;30;83260;16;261210;21;498150;1;1000;0;0;0;0;0;0;1;1810;0;0;7;154030;25;133303;21;63960;14;61230
28.08.2020 05:00;3;3000;3;3000;27;48580;138;525931;64;635127;86;927210;3;3000;3;3000;0;0;0;0;0;0;1;1000;12;127825;91;838534;48;274660;38;170390
28.08.2020 06:00;4;3990;4;4000;32;166460;389;1111273;138;1379538;177;1695155;4;4000;4;4000;0;0;0;0;2;2010;3;3000;35;673387;133;2072501;84;968510;68;656424
28.08.2020 07:00;7;7000;6;5990;86;839219;521;1580981;276;2033364;282;2326529;7;7055;6;6000;0;0;0;0;29;33220;11;11030;63;1169884;158;2934666;94;2064975;85;1410388
28.08.2020 08:00;8;7980;7;6990;88;734193;510;1442247;297;1853159;284;2045752;8;7980;7;6990;0;0;0;0;26;29230;9;9050;61;832686;192;2822670;87;1990796;95;1656710
28.08.2020 09:00;4;4000;5;5000;59;625657;417;1741854;308;1980834;306;2113667;4;4000;5;4990;0;0;0;0;33;39104;16;16060;59;1246418;181;2663026;99;1775317;116;1360418
28.08.2020 10:00;5;5000;3;3000;78;708758;402;1560875;260;1773423;255;1964619;5;5000;4;4000;0;0;0;0;24;26090;10;10105;73;1083953;158;2600787;110;1967593;131;1251575
28.08.2020 11:00;3;2990;5;5000;98;622824;414;1726896;274;1822852;249;1799357;4;3980;5;5000;0;0;0;0;31;33500;14;14060;96;1579272;146;2624193;123;2121126;128;1531607
28.08.2020 12:00;6;6000;5;5000;108;732075;410;2001197;288;2164511;293;2173088;5;5000;5;4990;0;0;0;0;49;51220;12;12060;84;1419874;190;2730399;131;2492538;139;1502639
28.08.2020 13:00;7;7000;8;7990;138;863958;434;1667244;302;2280195;286;2524100;7;6990;7;6990;0;0;0;0;43;45610;18;18130;95;1641441;206;2592182;118;2588930;144;1750028
28.08.2020 14:00;5;4990;7;6980;112;1036243;482;1666722;267;2333361;269;2302787;5;4990;7;7000;0;0;0;0;26;28550;14;14080;163;1814825;225;2515690;126;2384037;143;1385551
28.08.2020 15:00;4;4000;4;3990;109;717212;512;1652078;280;2232482;264;2209739;4;3990;4;4000;0;0;0;0;37;39279;12;12070;81;1436779;241;2562834;129;2328901;137;1761164
28.08.2020 16:00;3;3000;3;3000;109;907149;497;1567537;266;2337613;245;2424818;4;4000;4;4000;0;0;0;0;30;33730;16;16080;80;1340883;256;2389179;132;2391265;150;1659934
28.08.2020 17:00;5;5000;5;5000;115;701850;446;1733894;303;2176345;260;2268120;4;4000;4;3980;0;0;0;0;37;39510;12;12650;79;1178199;214;2633293;145;2111838;137;1661257
28.08.2020 18:00;4;3990;4;4000;82;619680;437;1491032;236;2078409;223;2217802;4;3990;4;4000;0;0;0;0;29;31290;8;8010;74;1215871;242;2154698;147;2169592;145;1583908
28.08.2020 19:00;4;4000;4;4000;69;567113;388;1036281;215;1717369;185;1810169;5;4990;4;4000;0;0;0;0;37;39950;10;10040;65;1148036;232;1781416;127;1706465;119;1196259
28.08.2020 20:00;4;4000;3;3000;65;343615;267;1278198;171;1047500;130;1039463;3;3000;3;3000;0;0;0;0;37;41910;11;11060;69;812698;148;1799120;128;1044014;118;801979
28.08.2020 21:00;2;2000;3;3000;44;216281;245;843713;121;901534;111;911917;2;2000;3;2990;0;0;0;0;15;18320;18;18090;44;565604;123;1363961;125;760811;90;407885
28.08.2020 22:00;2;1990;2;1990;40;309384;237;1186762;109;719417;93;976674;2;2000;2;2000;0;0;0;0;28;29360;7;7040;39;458874;133;1374973;99;841491;88;511674
28.08.2020 23:00;2;2000;2;1990;29;171590;157;869837;74;613302;64;743129;2;2000;2;2000;0;0;0;0;7;7850;11;11060;26;278605;107;1032577;63;328960;61;375247
29.08.2020 00:00;0;0;1;1000;15;80316;86;291654;77;503970;46;409592;0;0;1;1000;0;0;0;0;12;13510;5;5030;12;105350;71;441830;48;232790;40;181550
29.08.2020 01:00;0;0;0;0;16;80110;72;177610;36;343285;39;373714;0;0;0;0;0;0;0;0;1;1110;2;2020;21;247306;61;314530;30;158630;21;71900
29.08.2020 02:00;0;0;0;0;9;200564;24;127930;18;265272;19;315050;0;0;0;0;0;0;0;0;0;0;0;0;2;43120;20;76520;14;33540;11;26030
29.08.2020 03:00;0;0;0;0;4;65580;21;60010;15;102250;14;234785;0;0;0;0;0;0;0;0;2;2100;1;1010;6;140720;18;70670;8;14850;7;24677
29.08.2020 04:00;1;1026;0;0;6;11540;19;50434;20;259642;23;399977;1;1000;0;0;0;0;0;0;0;0;1;1010;3;44950;14;52480;13;43840;13;36220
29.08.2020 05:00;3;3000;3;3000;12;83850;48;171996;26;267896;31;440250;3;3000;3;2990;0;0;0;0;1;1000;1;1010;7;39200;44;216760;21;106550;16;56130
29.08.2020 06:00;4;4000;4;3990;14;103750;97;224381;27;352526;39;404838;4;4000;4;3990;0;0;0;0;0;0;1;1000;10;126360;72;417240;55;183820;13;41378
29.08.2020 07:00;4;4000;4;4000;10;27010;128;580022;60;554066;53;764585;4;4000;4;3990;0;0;0;0;5;6230;2;2000;13;146012;100;690500;49;322962;40;169502
29.08.2020 08:00;5;4990;4;4000;22;115266;229;740366;122;945438;122;1107755;5;4980;4;4000;0;0;0;0;9;9210;7;7030;28;341530;142;1218368;89;931678;79;459033
29.08.2020 09:00;4;4000;4;4000;36;92504;314;1455507;201;1412793;199;1659730;4;3990;4;3990;0;0;0;0;20;25473;9;9060;48;634845;147;1995996;117;1266193;109;875839
29.08.2020 10:00;4;3990;4;4000;80;697024;377;1513743;260;1715530;246;1785691;4;4000;4;3990;0;0;0;0;30;30890;14;14080;59;909621;145;2303268;125;1801123;107;1124894
29.08.2020 11:00;4;3990;4;4000;74;622633;398;1602193;260;1905988;285;1819383;4;3990;4;4000;0;0;0;0;27;27600;13;13030;71;957076;162;2528620;124;1814685;133;1076732
29.08.2020 12:00;4;4000;4;4000;94;577523;403;1684537;250;1915757;257;1900185;4;4000;4;4000;0;0;0;0;42;45260;11;11050;65;1218915;147;2450873;130;1834338;134;1448862
29.08.2020 13:00;4;3990;4;4000;82;738697;419;1400342;244;1554163;241;1721496;4;3980;4;3980;0;0;0;0;33;37070;9;9040;70;1394338;175;2368330;133;1870447;133;1097653
29.08.2020 14:00;4;3990;4;3990;98;643625;418;1410662;268;1935839;230;1725788;4;3990;4;4000;0;0;0;0;28;30570;7;7040;84;1111049;171;2520059;117;2093387;131;1403283
29.08.2020 15:00;4;3990;4;4000;87;604401;396;1345526;245;1686775;231;1532073;4;4000;4;4000;0;0;0;0;34;37710;12;12070;79;1071100;162;2336587;129;1832127;132;1423845
29.08.2020 16:00;4;4000;4;3980;79;698827;382;1500694;198;1446934;181;1513564;4;4000;4;4000;0;0;0;0;57;70170;14;14070;64;1041965;160;2110933;120;1577385;136;1196456
29.08.2020 17:00;4;3990;5;5000;108;970933;365;1739465;206;2086011;184;1893757;4;4000;5;4990;0;0;0;0;35;42750;9;9070;73;1198090;146;2629068;96;1841574;116;1553896
29.08.2020 18:00;4;4000;4;3990;80;646590;395;1580749;209;1779604;198;1660404;4;3990;4;3980;0;0;0;0;24;29140;10;10060;74;1038765;169;2366393;126;1619806;142;1203879
29.08.2020 19:00;4;3990;4;4000;64;524604;331;1177225;187;1529236;172;1586259;4;3990;4;4000;0;0;0;0;31;32650;9;9040;70;1209433;163;2083175;122;1504457;130;922149
29.08.2020 20:00;2;2000;2;1990;49;256670;296;1238795;179;1091119;151;1132851;2;1990;2;1990;0;0;0;0;24;25460;8;8010;58;646484;171;1737244;134;1143775;116;671716
29.08.2020 21:00;2;1990;2;2000;46;332098;254;1190594;130;886126;117;822298;2;2000;2;2000;0;0;0;0;18;19390;4;4010;42;461114;151;1450363;117;787490;111;440126
29.08.2020 22:00;2;2000;2;2000;44;224220;261;906085;99;762351;85;787106;2;2000;2;2000;0;0;0;0;17;17171;8;8030;46;413048;159;1318264;109;516040;108;450050
29.08.2020 23:00;2;2000;2;2000;33;136270;177;700202;74;730585;75;730235;2;1990;2;2000;0;0;0;0;12;14120;10;10030;29;250520;113;956153;88;458805;57;235958
30.08.2020 00:00;0;0;1;990;15;111600;99;455730;61;314280;61;616273;0;0;1;1000;0;0;0;0;7;7960;5;5020;20;210683;78;498176;56;313215;47;189966
30.08.2020 01:00;0;0;0;0;16;114530;68;268670;29;202345;38;467411;0;0;0;0;0;0;0;0;2;2020;3;3000;15;190460;55;500550;48;131796;17;54370
30.08.2020 02:00;0;0;0;0;5;52830;42;30400;14;139700;18;325396;0;0;0;0;0;0;0;0;1;1010;0;0;10;167502;37;134082;23;59890;26;71550
30.08.2020 03:00;0;0;0;0;5;7390;32;86104;18;193384;16;256010;0;0;0;0;0;0;0;0;0;0;0;0;5;59390;32;103937;10;27620;14;33754
30.08.2020 04:00;0;0;0;0;2;3490;22;25270;8;93480;13;270035;0;0;0;0;0;0;0;0;0;0;1;1010;3;48640;17;61710;10;40810;11;21280
30.08.2020 05:00;1;990;1;1000;14;49970;33;109060;24;260540;31;511117;2;2000;1;990;0;0;0;0;0;0;0;0;3;8000;28;140900;14;35070;5;10310
30.08.2020 06:00;3;3000;2;2000;12;110960;30;97110;21;320133;23;398433;2;2000;2;1990;0;0;0;0;0;0;0;0;8;80030;21;56590;16;65480;13;45710
30.08.2020 07:00;2;2000;2;2000;11;49951;52;235200;19;596339;19;345349;2;2000;2;2000;0;0;0;0;1;1400;4;4010;12;164610;39;151820;26;141665;20;122880
30.08.2020 08:00;2;2000;2;2000;10;73464;116;416160;53;469420;65;598008;2;2000;2;2000;0;0;0;0;3;3260;3;3000;15;150105;95;502627;51;336340;36;132630
30.08.2020 09:00;2;2000;2;2000;30;226106;180;694854;106;836310;108;989219;2;2000;2;2000;0;0;0;0;5;5740;3;3010;24;238798;109;984069;72;549710;54;289680
30.08.2020 10:00;2;2000;2;2000;28;179592;244;833520;113;945446;115;1038153;2;2000;2;2000;0;0;0;0;17;17710;1;1010;31;389390;170;1251727;85;814880;84;460438
30.08.2020 11:00;2;1990;2;2000;46;344300;291;1149201;171;1209030;152;1181099;2;2000;2;2000;0;0;0;0;11;11510;7;7040;47;508397;161;1581323;131;1278138;111;730721
30.08.2020 12:00;3;2990;3;3000;47;228520;292;1124322;165;1167211;167;1255328;3;2990;3;3000;0;0;0;0;13;14590;7;7073;52;581057;162;1604144;117;1256681;100;672349
30.08.2020 13:00;4;4060;4;4000;53;297932;339;1206764;193;1461660;186;1366782;4;3990;4;4000;0;0;0;0;16;16830;12;12050;54;749824;176;1719586;111;1321033;107;795631
30.08.2020 14:00;4;4000;4;4000;52;345962;362;1156851;194;1484736;198;1419714;4;3970;4;3990;0;0;0;0;16;16710;6;6040;44;403395;181;1864050;139;1409559;135;1038695
30.08.2020 15:00;4;3990;4;4000;43;225540;325;1247675;195;1274576;204;1436726;4;4000;4;3990;0;0;0;0;17;18390;3;3000;40;606740;176;1879562;117;1252973;134;803443
30.08.2020 16:00;4;4000;4;3990;49;290040;365;1183218;188;1392025;182;1398642;4;4000;4;4000;0;0;0;0;21;21750;5;5020;50;663651;179;1871622;133;1396600;109;842109
30.08.2020 17:00;4;4000;4;4000;61;451560;407;1201892;195;1511786;187;1673982;4;4000;4;3990;0;0;0;0;19;20500;12;12020;42;508573;192;2110993;134;1367936;144;949873
30.08.2020 18:00;4;4000;4;3990;54;314081;365;1239157;184;1392754;150;1412564;4;3990;4;4000;0;0;0;0;19;20300;8;8050;55;874873;151;2209919;137;1449861;127;910438
30.08.2020 19:00;2;2000;2;2000;47;347544;343;1246077;127;1082027;129;1477636;2;2000;2;2000;0;0;0;0;5;5050;4;4010;58;880957;148;1964561;124;1145443;141;1012582
30.08.2020 20:00;2;2000;2;2000;28;92630;247;926195;95;804953;84;872129;2;2000;2;2000;0;0;0;0;13;13370;2;2000;37;545497;132;1358388;126;1046711;118;913983
30.08.2020 21:00;2;2000;2;2000;29;240641;177;668755;83;696961;80;692432;2;2000;2;2000;0;0;0;0;9;9070;2;2000;32;454880;108;1182544;80;740388;84;591185
30.08.2020 22:00;2;2000;2;2000;19;181187;107;476927;42;402460;46;624550;2;2000;2;2000;0;0;0;0;5;5040;3;3010;16;211300;89;512307;56;354802;59;347681
30.08.2020 23:00;2;1990;2;2000;11;65530;58;266838;24;333540;28;466740;2;2000;2;1980;0;0;0;0;0;0;2;2020;8;37133;48;272210;49;203210;43;245097
31.08.2020 00:00;0;0;1;1000;5;96490;33;41290;16;153546;17;266706;0;0;1;1000;0;0;0;0;0;0;1;1000;4;102050;27;124220;12;34540;20;114339
31.08.2020 01:00;0;0;0;0;3;32220;26;58090;8;121520;14;194853;0;0;0;0;0;0;0;0;0;0;3;3000;2;40860;22;124178;7;181752;14;822169
31.08.2020 02:00;0;0;0;0;3;5350;16;95300;5;100440;6;140130;0;0;0;0;0;0;0;0;0;0;0;0;4;37000;12;56780;5;19463;7;171180
31.08.2020 03:00;0;0;0;0;0;0;9;5030;11;174078;10;163693;0;0;0;0;0;0;0;0;0;0;0;0;1;25143;9;38690;1;3520;3;17350
31.08.2020 04:00;1;1000;0;0;4;27518;32;42140;23;300069;23;374819;1;990;0;0;0;0;0;0;0;0;0;0;4;50790;24;108950;9;47680;11;50000
31.08.2020 05:00;3;3000;2;2000;19;93400;162;490697;69;672490;89;909513;3;3000;3;3000;0;0;0;0;1;1000;1;1000;21;161270;88;956466;47;272502;38;181520
31.08.2020 06:00;4;3980;5;5000;33;356289;416;1266434;148;1240346;182;1720589;4;3990;4;3980;0;0;0;0;4;4040;5;5030;30;483783;121;2274433;97;1403089;61;668217
31.08.2020 07:00;7;6990;6;6000;90;641007;545;1853224;337;2209878;348;2619794;7;7000;6;6000;0;0;0;0;27;28470;9;9050;76;1189236;136;3178087;75;2285875;106;1609889
31.08.2020 08:00;8;7990;7;7000;87;612655;501;2067661;311;2376191;316;2536338;8;7990;7;7000;0;0;0;0;34;35450;10;10080;66;1110325;173;3086957;82;2204931;95;1819262
31.08.2020 09:00;4;4000;5;5000;66;669900;429;1641832;280;2118204;283;2153435;4;4000;5;5000;0;0;0;0;24;27080;13;13110;63;1002503;184;2575416;95;1766889;107;1382802
31.08.2020 10:00;4;4000;3;3000;83;804281;386;1796788;287;1670413;293;1879790;4;3990;4;3990;0;0;0;0;31;33334;6;6070;85;1166110;122;2592203;116;1893132;110;1285106
31.08.2020 11:00;4;3990;5;4980;98;782140;385;1578394;258;1753212;234;1930097;4;4000;4;4000;0;0;0;0;31;33570;18;18160;80;1339043;166;2521805;113;1735823;124;1155854
31.08.2020 12:00;5;4990;4;3980;122;942906;386;1538740;252;1531628;248;1742511;5;5000;5;4990;0;0;0;0;36;36941;12;12140;83;1275565;147;2346777;133;1960033;133;1142895
31.08.2020 13:00;9;8970;9;8980;117;830882;388;1727558;260;2095023;273;1993556;9;8990;8;7990;0;0;0;0;44;45140;16;16150;115;1885556;134;2760544;116;2286734;129;1337818
31.08.2020 14:00;5;5055;6;5990;114;835221;385;1702436;277;1954169;245;1867172;5;4990;7;7000;0;0;0;0;36;40290;17;17170;84;1534663;156;2504775;120;2197760;131;1356440
31.08.2020 15:00;4;3990;4;3980;103;600160;462;1681821;294;2551922;278;2267023;4;4000;4;4000;0;0;1;550;28;30370;26;26230;86;1471420;187;2649569;114;2529926;139;1494912
31.08.2020 16:00;4;4000;4;4000;121;1002503;436;1734333;281;2484167;257;2366081;4;4000;4;3990;0;0;0;0;34;44858;16;16130;89;1595851;237;2413766;151;2490455;162;1595463
31.08.2020 17:00;4;3980;4;4000;131;879390;466;1700672;278;2267265;254;2113057;4;4000;4;3990;0;0;0;0;53;61265;20;20190;104;1785435;222;2613641;134;2429125;144;1565027
31.08.2020 18:00;4;4000;5;4990;100;555050;478;1250588;226;2053186;203;2180359;4;4000;4;4000;0;0;0;0;49;52520;13;13140;90;1435346;244;2264112;144;1948324;145;1364305
31.08.2020 19:00;5;5000;4;4000;87;647229;349;1011281;169;1788406;161;1600785;5;5000;4;3990;0;0;0;0;32;35770;14;14210;72;1187489;221;1461091;115;1665732;117;1330473
31.08.2020 20:00;3;2990;3;3000;46;371717;231;1181819;148;1081924;144;1264596;3;3000;3;2980;0;0;0;0;18;19350;13;13230;57;713862;138;1469241;127;976947;96;710095
31.08.2020 21:00;2;2000;3;3000;38;280137;217;796790;83;670627;81;702050;2;2000;3;3000;0;0;0;0;12;13920;11;11160;40;392500;143;1119862;105;589776;91;369990
31.08.2020 22:00;2;2000;2;1990;21;75970;146;611610;75;544891;69;594725;2;1990;2;2000;0;0;0;0;12;13610;8;8120;27;268375;109;555990;78;346892;71;328786
31.08.2020 23:00;2;2000;2;2000;15;60170;96;325716;42;416733;34;457893;2;2000;2;2000;0;0;0;0;8;9050;2;2020;19;172820;75;355949;39;171027;44;135490
01.09.2020 00:00;0;0;1;990;3;7490;27;46650;20;263480;27;406530;0;0;1;1000;0;0;0;0;0;0;0;0;1;16460;26;107589;19;42100;8;19120
01.09.2020 01:00;0;0;0;0;2;21230;22;48715;7;92700;7;130744;0;0;0;0;0;0;0;0;0;0;2;2020;0;0;16;57970;9;16090;14;32025
01.09.2020 02:00;0;0;0;0;3;41300;19;35320;5;59896;3;33970;0;0;0;0;0;0;0;0;0;0;0;0;3;63380;12;50426;7;13120;8;22840
01.09.2020 03:00;0;0;0;0;2;16910;14;12440;11;162280;8;169740;0;0;0;0;0;0;0;0;0;0;0;0;3;77750;10;41100;3;7750;4;8930
01.09.2020 04:00;1;1000;0;0;3;1870;31;43640;25;297360;24;439860;1;1000;0;0;0;0;0;0;0;0;0;0;9;83000;27;119260;13;29900;15;35230
01.09.2020 05:00;3;3000;3;3000;18;80905;157;400375;66;626814;83;896140;3;3000;3;2980;0;0;0;0;0;0;1;1000;9;88290;106;854078;45;181440;27;67955
01.09.2020 06:00;4;3990;4;3100;40;254610;411;1167489;156;1167080;204;1629093;4;4000;4;3980;0;0;0;0;6;6750;4;4030;27;536147;146;2269762;100;1108357;60;471813
01.09.2020 07:00;6;6000;4;4900;89;871361;517;1673487;303;1916880;300;2300949;6;6000;4;3990;0;0;0;0;25;26480;20;20170;59;1253967;154;3031915;91;2169871;91;1594245
01.09.2020 08:00;7;7000;8;7990;80;843540;544;1721743;311;2222678;339;2274683;7;7000;8;8000;0;0;2;2110;27;27890;12;12090;69;1057234;151;3335252;83;2180603;106;1609012
01.09.2020 09:00;4;4000;4;4000;91;877365;451;1579784;270;1907160;285;2109993;4;3990;4;4000;0;0;0;0;21;22790;17;17120;67;1306869;163;2683732;99;1977001;103;1341265
01.09.2020 10:00;4;4000;3;2990;97;711005;362;1444810;256;1868076;259;1866998;4;4000;3;3000;0;0;0;0;28;29590;9;9090;74;979875;157;2409367;130;1528425;162;924524
01.09.2020 11:00;4;4000;5;4970;89;763740;403;1679243;257;1877557;273;1954758;4;3980;5;5000;0;0;0;0;24;25440;11;11110;94;1335518;160;2717881;113;1943423;121;1173334
01.09.2020 12:00;4;4055;5;5000;101;905499;381;1700784;284;1883331;253;2039335;4;4000;5;5000;0;0;0;0;41;42910;13;13120;80;1275946;163;2504435;115;1953907;137;1119147
01.09.2020 13:00;8;7960;7;6990;99;881522;390;1662341;287;1854129;268;1717765;8;8000;7;6990;0;0;0;0;39;41010;17;17140;84;1256858;141;2714205;119;2021506;144;1222542
01.09.2020 14:00;5;4990;5;5000;99;798865;391;1787481;274;2116187;260;2133919;5;5000;6;5990;0;0;0;0;39;44780;14;14140;86;1563164;150;2367481;142;2061892;142;1232522
01.09.2020 15:00;4;4000;4;4000;98;863910;463;1676258;291;2601173;285;2283265;4;4000;4;4000;0;0;0;0;39;41130;14;14080;94;1740486;217;2412699;132;2572209;148;1862181
01.09.2020 16:00;4;3990;4;3990;119;906501;531;1705606;275;2421997;262;2382912;4;3990;3;2990;0;0;0;0;31;32539;18;18130;88;1455918;246;2602093;131;2503627;160;1737310
01.09.2020 17:00;4;4000;5;5000;154;851164;487;1651631;259;2518410;274;2534070;4;4000;5;4990;0;0;0;0;40;43490;13;13080;92;1823392;240;2574910;171;2425881;155;1897890
01.09.2020 18:00;4;4000;4;3990;123;913981;489;1666747;260;2257418;230;2115595;4;3990;4;4000;0;0;0;0;35;35630;7;7050;105;1605969;234;2416778;108;2531118;125;1866611
01.09.2020 19:00;5;5000;4;4000;85;528342;414;1441938;179;1670630;179;1909130;5;4990;4;4000;0;0;0;0;28;29690;12;12080;88;1408809;227;1719763;121;1640603;107;1099085
01.09.2020 20:00;3;3000;3;2990;64;384035;322;1191560;171;1355861;135;1269032;3;2990;3;2990;0;0;0;0;22;24660;10;10040;55;813665;155;1935855;119;1083344;106;572526
01.09.2020 21:00;2;2000;3;3000;30;87606;209;1071572;153;818342;124;1007274;2;2000;3;3000;0;0;0;0;10;10350;3;3010;43;373267;128;1284592;102;620202;73;383626
01.09.2020 22:00;2;2000;2;1990;24;98270;179;783211;87;630427;54;437106;2;2000;2;2000;0;0;0;0;9;10420;9;9040;32;368260;130;743126;79;460356;79;279639
01.09.2020 23:00;2;2000;2;2000;14;146330;93;459456;31;243176;31;374390;2;2000;2;2000;0;0;0;0;4;4298;5;5010;20;264970;75;362898;45;113680;40;130290
02.09.2020 00:00;0;0;1;990;5;61380;47;138370;17;283545;19;305711;0;0;1;1000;0;0;0;0;3;3020;1;1000;8;103782;32;125884;20;58080;19;40640
02.09.2020 01:00;0;0;0;0;1;410;17;24530;5;87740;11;230062;0;0;0;0;0;0;0;0;0;0;0;0;0;0;12;57330;5;11200;6;18850
02.09.2020 02:00;0;0;0;0;1;240;15;8360;8;101030;3;84910;0;0;0;0;0;0;0;0;0;0;0;0;0;0;11;38590;7;14190;8;20080
02.09.2020 03:00;0;0;0;0;4;64070;13;7140;7;79870;5;88214;0;0;0;0;0;0;0;0;1;1010;0;0;0;0;7;33670;7;16340;4;7050
02.09.2020 04:00;1;1000;0;0;5;43540;29;39640;18;219560;23;372545;1;1000;0;0;0;0;0;0;0;0;0;0;9;123936;21;88390;16;30490;9;28150
02.09.2020 05:00;3;2990;2;1990;10;68910;150;499643;68;679084;90;948934;3;2990;3;3000;0;0;0;0;0;0;1;1010;13;106061;99;806593;55;164150;24;67092
02.09.2020 06:00;4;4000;5;4990;27;136000;391;1267212;160;1076653;199;1738723;4;4000;4;4000;0;0;0;0;5;5990;4;4020;34;443125;148;2209925;102;1192028;73;545375
02.09.2020 07:00;7;6980;5;4990;87;590249;500;1618685;312;1964023;327;2308489;7;6990;5;4980;0;0;0;0;22;22830;7;7040;69;1123074;165;3109128;87;2086407;100;1449907
02.09.2020 08:00;8;8000;8;8000;89;669032;496;1696114;322;1922396;312;2132474;8;8000;9;8990;0;0;0;0;29;36070;8;8040;51;1037207;189;3065796;85;2124673;100;1416448
02.09.2020 09:00;4;4000;5;4990;69;769699;426;1717991;286;1785821;287;2109437;4;4000;4;3990;0;0;0;0;25;25240;7;7040;61;862865;187;2547535;110;1959019;122;1300784
02.09.2020 10:00;3;2990;3;2990;73;553662;408;1490927;269;1799103;265;1858504;3;3000;4;4000;0;0;0;0;29;33835;13;13060;71;1193452;147;2580943;131;1845192;152;1361239
02.09.2020 11:00;5;5000;4;3990;107;636179;360;1872210;281;1804851;299;2000796;5;4990;4;3990;0;0;0;0;32;35900;15;15110;81;1142636;132;2557395;135;1727905;129;987040
02.09.2020 12:00;5;5000;5;4990;93;621345;380;1601895;268;1913783;270;1886157;5;5000;5;5000;0;0;0;0;34;38470;18;18130;76;1432187;170;2617699;135;2208449;156;1406033
02.09.2020 13:00;8;7980;8;7990;126;970084;396;1712544;272;1811792;273;1990301;8;8000;7;6980;0;0;0;0;39;42380;17;17120;90;1623780;147;2621697;121;2082561;144;1178517
02.09.2020 14:00;5;5000;6;5980;93;862730;402;1755215;275;2023809;256;2049489;5;4990;7;7000;0;0;0;0;38;39760;10;10020;94;1484794;152;2533351;141;2135807;149;1499650
02.09.2020 15:00;4;3990;5;5000;110;618751;440;1460851;283;2466110;270;2451382;4;4000;4;4000;0;0;0;0;66;69510;16;16070;115;1318223;218;2441461;148;2434666;161;1717644
02.09.2020 16:00;4;4000;4;3990;112;774999;528;1674918;254;2458359;247;2347605;4;4000;4;4000;0;0;0;0;47;47387;14;14090;78;1491619;254;2618186;109;2819874;149;1595828
02.09.2020 17:00;4;4000;4;4000;118;791355;466;1672228;263;2401008;268;2151638;4;3980;4;4000;0;0;0;0;25;26700;18;18080;89;1521342;248;2511817;140;2311313;156;1569152
02.09.2020 18:00;4;3990;3;3000;97;648181;470;1474550;215;2089542;221;2190231;4;4000;3;3000;0;0;0;0;30;32500;14;14070;90;1717636;236;2281149;121;2156617;137;1520441
02.09.2020 19:00;5;4990;4;4000;95;692706;398;1316107;184;1759513;177;1971003;5;4990;5;5000;0;0;0;0;29;31360;15;15070;84;1121005;219;1963943;115;1565946;118;1195691
02.09.2020 20:00;3;3000;4;3980;57;276830;285;946485;163;999129;144;1207959;3;2990;3;3000;0;0;0;0;27;32546;5;5020;53;692676;133;1702759;119;1274041;109;865628
02.09.2020 21:00;2;2000;3;3000;50;213360;212;821545;135;634521;120;884606;2;2000;3;2990;0;0;0;0;14;16650;7;7030;41;445993;150;1339293;105;565642;84;410627
02.09.2020 22:00;2;1990;2;2000;36;236819;201;808557;84;584303;72;707066;2;2000;2;2000;0;0;0;0;10;10380;4;4010;47;546379;117;867608;105;556369;95;410556
02.09.2020 23:00;2;2000;2;2000;23;88810;105;508645;34;313501;32;399542;2;1990;2;1990;0;0;0;0;14;15460;5;5010;21;244057;86;558298;60;209610;43;158570
03.09.2020 00:00;0;0;1;1000;8;18030;39;130724;15;226205;23;307194;0;0;1;990;0;0;0;0;4;4520;2;2000;6;98130;38;144394;29;81494;11;44210
03.09.2020 01:00;0;0;0;0;1;490;17;22430;7;110380;13;174325;0;0;0;0;0;0;0;0;0;0;1;1000;2;19320;13;47450;12;24660;10;15070
03.09.2020 02:00;0;0;0;0;8;37100;15;9110;6;57490;10;205266;0;0;0;0;0;0;0;0;0;0;0;0;2;35330;10;42800;6;15920;9;25210
03.09.2020 03:00;0;0;0;0;2;6250;22;12610;10;100456;6;120610;0;0;0;0;0;0;0;0;0;0;1;1000;1;19410;19;58180;4;8760;9;27400
03.09.2020 04:00;1;1000;0;0;3;1780;40;29670;23;306440;24;492690;1;1000;0;0;0;0;0;0;0;0;0;0;6;59530;29;136060;8;25940;11;24530
03.09.2020 05:00;3;3000;3;3000;14;147114;151;486377;71;697588;97;894930;3;3000;3;2990;0;0;0;0;2;2010;0;0;13;171300;84;867591;51;189939;15;44390
03.09.2020 06:00;4;3990;4;4000;21;148650;410;1289065;146;1259179;177;1760530;4;4000;4;3990;0;0;0;0;2;2010;5;5020;24;375510;164;2181563;91;1113058;70;620401
03.09.2020 07:00;7;6990;6;6000;68;700655;535;1733073;306;2125970;335;2310365;7;6970;6;6000;0;0;0;0;24;26170;10;10040;63;1160904;193;2956202;94;2189642;91;1327334
03.09.2020 08:00;8;7990;7;7000;89;530865;531;1607392;276;1888646;316;2325042;8;7990;8;7980;0;0;0;0;38;50454;11;11690;82;1224097;190;3065452;94;2168052;107;1658085
03.09.2020 09:00;4;4000;4;4000;80;764970;422;1263669;272;1980462;263;1893277;4;4000;4;3990;0;0;0;0;26;28010;11;11400;68;1135885;194;2380032;113;1921405;113;1239860
03.09.2020 10:00;4;4000;5;5000;72;480069;384;1509862;268;1668785;253;1887107;4;3990;4;4000;0;0;0;0;22;23560;9;9050;79;1324384;160;2582506;131;1627315;132;1280870
03.09.2020 11:00;4;4000;4;4000;103;719407;341;1629848;255;1648432;260;2023795;4;3980;4;4000;0;0;0;0;33;34910;21;21070;76;1314009;156;2470919;125;1749368;134;1031400
03.09.2020 12:00;4;4000;4;3990;96;840312;386;1566897;256;2015511;250;1925892;4;4051;4;4000;0;0;0;0;32;33770;7;7030;89;1491513;141;2711374;134;1927178;123;1488805
03.09.2020 13:00;9;8970;8;8000;126;988055;373;1745830;306;1968943;292;1942711;9;9000;8;8000;0;0;0;0;35;40049;9;9060;91;1510528;151;2746748;123;1968732;127;1415903
03.09.2020 14:00;5;5000;7;6990;113;865764;406;1690212;264;1911405;252;1993126;5;4990;7;7000;0;0;0;0;25;27060;15;15100;87;1423949;156;2567713;114;2339597;158;1471402
03.09.2020 15:00;4;3990;4;4000;111;594695;479;1841776;322;2322884;309;2333086;4;3990;4;4000;0;0;0;0;27;27420;14;14090;79;1338473;195;2764037;139;2411796;146;1741116
03.09.2020 16:00;4;4000;3;3000;117;788137;472;1817847;302;2385965;276;2335944;4;4000;3;3000;0;0;0;0;52;56785;26;26184;85;1219084;197;2797221;131;2444113;153;1802635
03.09.2020 17:00;4;3990;4;4000;138;1253674;443;2055842;287;2459061;267;2597383;4;4000;4;4000;0;0;0;0;36;40440;25;25090;98;1935327;214;2732066;129;2445205;161;1912534
03.09.2020 18:00;4;4000;5;4990;111;855076;454;1949863;248;2277703;229;2389269;4;3990;5;5000;0;0;0;0;32;34300;26;26156;90;1810403;201;2524833;131;2577761;159;1740643
03.09.2020 19:00;5;5000;3;3000;86;651057;380;1350927;202;1619726;169;1801097;5;5000;4;4000;0;0;0;0;34;35019;11;11040;67;1117407;215;1816311;126;1845179;114;1180997
03.09.2020 20:00;3;3000;4;4000;47;346052;249;1029859;155;964165;124;1088173;3;2990;3;3000;0;0;0;0;12;13430;8;8020;65;956395;167;1523474;125;1043355;114;715988
03.09.2020 21:00;2;2000;3;3000;28;179540;201;1045017;106;793608;109;946252;2;2000;3;2990;0;0;0;0;12;13192;5;5020;43;487138;138;1170403;134;600212;96;373360
03.09.2020 22:00;2;2000;2;1990;27;102260;171;793151;86;619702;73;609370;2;1990;2;1980;0;0;0;0;10;11160;5;5030;41;344627;108;842552;94;386318;64;274726
03.09.2020 23:00;2;2000;2;2000;19;110400;98;461639;55;375294;48;459378;2;2000;2;2000;0;0;0;0;7;7840;5;5020;20;218263;83;462464;68;258670;48;144340
04.09.2020 00:00;0;0;1;1000;3;41820;49;177118;23;207008;20;267596;0;0;1;1000;0;0;0;0;2;2920;2;2020;8;103970;43;204299;28;65890;16;45904
04.09.2020 01:00;0;0;0;0;2;1060;17;31380;6;65730;8;179635;0;0;0;0;0;0;0;0;1;1010;0;0;1;43080;14;40720;14;32270;8;17770
04.09.2020 02:00;0;0;0;0;2;650;23;36850;5;121640;6;75860;0;0;0;0;0;0;0;0;0;0;0;0;4;56580;17;69210;7;14110;7;18520
04.09.2020 03:00;0;0;0;0;3;20130;16;30500;7;105960;6;143760;0;0;0;0;0;0;0;0;0;0;0;0;3;26670;11;46100;5;19600;6;16560
04.09.2020 04:00;1;1000;0;0;3;7890;32;36240;16;182749;20;232123;1;1000;0;0;0;0;0;0;2;3730;0;0;5;102980;25;135860;7;9920;9;23070
04.09.2020 05:00;3;3000;2;2000;15;46190;145;415931;78;774199;92;1013040;3;2990;3;2990;0;0;0;0;3;3240;1;1010;8;79870;94;787855;55;208240;20;87840
04.09.2020 06:00;4;4000;4;4000;27;176287;361;1051446;137;1087371;186;1601539;4;4000;4;3990;0;0;0;0;8;9200;3;3020;30;431580;115;1934820;101;968355;74;380439
04.09.2020 07:00;7;7000;6;6000;74;514844;491;1661526;291;2143808;291;2334446;7;7000;5;5000;0;0;0;0;27;30100;19;19060;69;934934;179;2981203;86;2022382;94;1297872
04.09.2020 08:00;8;7990;9;8980;82;597508;470;1878931;281;2079408;287;2162166;8;7990;9;8970;0;0;0;0;19;20400;7;7050;63;1035984;184;2940305;80;1997788;111;1453119
04.09.2020 09:00;4;3990;4;3990;77;593667;391;1318270;301;1951073;284;1876002;4;3990;4;3990;0;0;0;0;29;31380;12;12080;78;1445653;187;2375062;104;1474419;99;1180609
04.09.2020 10:00;5;4990;5;4990;72;632512;418;1354816;293;1956795;271;1986303;5;5000;5;4980;0;0;0;0;26;28410;13;13080;81;1241737;143;2759920;134;1958542;138;1090914
04.09.2020 11:00;4;4000;4;3990;94;814044;369;1626306;290;1745726;267;1881915;4;4000;4;3990;0;0;0;0;32;34140;12;12060;78;1073755;140;2471306;128;2077832;149;1096303
04.09.2020 12:00;4;4000;5;4980;109;947884;389;1609234;261;2290114;273;2190500;4;3990;5;5000;0;0;0;0;40;45900;7;7050;78;1801631;170;2428631;125;2242797;135;1583686
04.09.2020 13:00;9;8990;8;7980;119;925504;440;1895230;300;2355132;292;2441550;9;8990;8;7990;0;0;0;0;51;58560;20;20130;103;1732621;197;2788507;100;2542956;137;1776076
04.09.2020 14:00;5;4990;5;5000;121;886518;496;1603130;284;2339544;266;2208299;5;5000;6;6000;0;0;0;0;37;39880;13;13070;96;1631876;229;2678510;148;2203716;148;1558936
04.09.2020 15:00;4;3970;5;5000;117;854361;517;1663745;310;2314308;282;2392494;4;4000;4;3990;0;0;0;0;39;43830;12;12080;81;1384042;246;2747267;123;2437744;151;1820111
04.09.2020 16:00;4;3980;3;3000;113;925697;502;1537068;290;2531316;280;2283792;4;4000;4;4000;0;0;0;0;41;57286;14;14125;94;1606450;264;2394325;108;2439155;171;1969818
04.09.2020 17:00;4;4000;4;3980;112;733276;465;1544931;260;2341317;256;2257290;4;4000;4;4000;0;0;0;0;49;52829;23;23990;88;1484328;234;2144384;141;2309368;150;1645633
04.09.2020 18:00;4;3990;4;4000;87;793830;510;1609456;232;2051682;218;1976912;4;4000;3;2990;0;0;0;0;29;32486;10;10070;75;1231816;254;2497368;117;2275202;140;1542266
04.09.2020 19:00;5;4980;5;5000;77;523181;428;1349258;216;1910490;190;1940061;5;5000;5;4990;0;0;0;0;30;34250;14;14094;76;1076030;206;1965626;122;1733893;118;1257705
04.09.2020 20:00;3;3000;3;3000;49;286956;296;1165939;166;1076501;139;1125463;3;3000;3;3000;0;0;0;0;34;34620;8;8050;62;709605;139;1797471;133;983913;105;631713
04.09.2020 21:00;2;2000;3;3000;41;297473;259;1028460;147;849869;123;919866;2;1990;3;3000;0;0;0;0;18;19620;9;9050;60;556702;155;1386198;129;707004;111;414312
04.09.2020 22:00;2;2000;2;2000;41;278410;214;1096469;116;739422;105;812125;2;2000;2;2000;0;0;0;0;17;23780;8;8030;54;461357;137;1246338;122;777560;94;356767
04.09.2020 23:00;2;2000;2;1990;22;93030;158;960717;81;486825;71;589983;2;2000;2;2000;0;0;0;0;16;17639;10;10030;34;391499;105;809479;94;488290;75;289830
05.09.2020 00:00;0;0;1;1000;12;92381;89;265270;48;452320;44;508093;0;0;1;1000;0;0;0;0;5;5030;7;7010;14;259563;80;418187;60;198289;35;106430
05.09.2020 01:00;0;0;0;0;16;36320;41;250683;28;338626;39;497089;0;0;0;0;0;0;0;0;0;0;2;2010;8;88780;40;176225;23;59370;27;63550
05.09.2020 02:00;0;0;0;0;7;129100;52;170110;16;138040;17;183335;0;0;0;0;0;0;0;0;3;3310;4;4020;6;101700;39;160232;20;51580;17;50650
05.09.2020 03:00;0;0;0;0;4;3430;32;95532;11;194047;9;166230;0;0;0;0;0;0;0;0;0;0;1;1010;5;127548;24;80940;10;35700;10;18658
05.09.2020 04:00;1;1000;0;0;12;96570;29;411783;21;220220;23;379064;1;1000;0;0;0;0;0;0;4;4020;1;1010;8;86640;20;92290;20;48144;10;19010
05.09.2020 05:00;3;3000;3;3000;13;38330;46;170700;28;354660;26;366493;3;3000;3;3000;0;0;0;0;0;0;0;0;8;62660;43;207831;19;101232;12;37255
05.09.2020 06:00;4;3990;4;4043;23;127150;89;355251;28;285710;44;528520;4;4000;4;4000;0;0;0;0;1;1010;1;1000;12;108920;70;369798;35;116600;28;72875
05.09.2020 07:00;4;3970;4;4000;16;56430;122;660683;71;622662;69;633261;4;4000;4;4000;0;0;0;0;3;3170;4;4020;19;227865;87;702139;59;479224;57;324835
05.09.2020 08:00;2;2000;3;3000;35;163490;204;599445;123;914285;125;975354;2;2000;3;2980;0;0;0;0;16;16630;11;11040;22;164290;142;1086544;74;481406;78;309380
05.09.2020 09:00;5;4990;4;3980;56;509126;327;1371526;182;1465990;207;1526121;5;5000;4;4000;0;0;0;0;18;21310;9;9070;41;559029;146;2137434;113;1568001;108;934118
05.09.2020 10:00;4;4000;4;4000;63;533650;360;1452062;263;1621934;252;1739391;4;3990;4;4000;0;0;0;0;29;30290;11;11780;70;1009305;151;2216855;136;1659368;146;1158482
05.09.2020 11:00;4;4000;4;3990;65;652596;355;1623248;245;1821236;246;1803165;4;4000;4;4000;0;0;0;0;40;41205;13;13070;81;1250795;142;2383634;131;1888494;130;1162572
05.09.2020 12:00;5;4990;4;4000;92;648653;422;1675765;240;1975472;270;2030572;5;5000;4;4000;0;0;0;0;36;41260;9;9040;83;1217536;173;2616147;111;2071038;135;1352197
05.09.2020 13:00;4;4000;5;5000;85;509890;392;1586375;240;1753813;244;1898496;4;4000;5;4990;0;0;0;0;42;46493;18;18110;95;1023461;162;2355164;128;2099133;130;1531876
05.09.2020 14:00;4;3990;4;4000;98;666893;410;1717143;256;1550767;241;1934996;4;3990;4;3990;0;0;0;0;32;34770;15;15080;86;1354884;179;2552593;133;2227755;138;1650349
05.09.2020 15:00;4;3990;4;3990;96;750667;390;1618051;190;1830491;229;1801009;4;4000;4;4000;0;0;0;0;29;34040;14;14080;73;1149003;166;2555732;112;1599187;148;1755793
05.09.2020 16:00;4;3990;4;4000;87;705115;431;1497411;192;1747722;192;1638210;4;4000;4;4000;0;0;0;0;50;53075;15;15070;71;1128136;167;2573345;131;2093580;139;1302810
05.09.2020 17:00;4;4000;5;4980;70;631895;388;1387624;203;1356144;219;1882259;4;3990;5;5000;0;0;0;0;38;46335;13;13060;72;1259489;151;2403383;119;1751999;145;1404016
05.09.2020 18:00;4;4000;4;4000;89;840795;370;1392619;193;1597540;178;1587030;4;4000;4;4000;0;0;0;0;31;33270;27;27100;84;1309526;165;2117688;147;1885230;138;1352058
05.09.2020 19:00;4;3990;4;3990;63;588307;327;1297110;155;1286384;164;1481052;4;4000;4;4000;0;0;0;0;36;37590;12;12030;60;972150;155;1910292;125;1282289;122;878680
05.09.2020 20:00;2;1990;2;2000;37;279379;306;1211251;144;810220;120;996439;2;1990;2;2000;0;0;0;0;31;36480;8;8040;70;743184;151;1898223;129;859065;109;663765
05.09.2020 21:00;2;2000;2;1990;34;185940;232;818592;124;1020518;116;867411;2;2000;2;2000;0;0;0;0;12;13680;14;14030;49;602275;156;1266734;132;822847;87;435420
05.09.2020 22:00;2;1990;2;2000;37;242670;244;1022032;84;857181;84;836014;2;2000;2;2000;0;0;0;0;21;24700;8;8040;51;509156;151;1317113;109;646052;89;411870
05.09.2020 23:00;2;2000;2;2000;23;231170;187;756646;68;405086;75;591556;2;1990;2;2000;0;0;0;0;10;10050;4;4010;30;314384;121;984250;94;564154;56;243010
06.09.2020 00:00;0;0;1;1000;14;115890;110;397781;48;367694;45;589589;0;0;1;990;0;0;0;0;5;5050;5;5010;14;160280;83;458292;52;195467;44;172850
06.09.2020 01:00;0;0;0;0;5;18090;55;217912;28;281220;32;483880;0;0;0;0;0;0;0;0;1;1010;3;3030;4;54980;49;281960;42;116110;34;87165
06.09.2020 02:00;0;0;0;0;12;90620;43;199345;16;221216;25;400056;0;0;0;0;0;0;0;0;3;3780;1;1010;6;98316;35;139615;26;61390;17;52570
06.09.2020 03:00;0;0;0;0;7;21570;37;34600;15;206626;17;364601;0;0;0;0;0;0;0;0;1;1220;0;0;3;46570;35;146300;21;42230;17;48180
06.09.2020 04:00;0;0;0;0;7;87740;14;15770;12;83730;16;287030;0;0;0;0;0;0;0;0;0;0;1;1010;5;58340;11;66985;6;17250;5;18280
06.09.2020 05:00;2;2000;1;1000;8;36820;29;87750;22;382537;28;530471;2;2000;1;990;0;0;0;0;1;1010;0;0;6;14320;24;80100;16;46980;8;23510
06.09.2020 06:00;2;1990;2;2000;7;12000;51;132996;18;241438;13;206598;2;2000;2;1990;0;0;0;0;2;2010;1;1000;5;31250;42;154970;22;65330;16;35340
06.09.2020 07:00;2;1990;2;2000;4;34230;52;232862;32;443125;26;434000;2;2000;2;2000;0;0;0;0;3;4040;2;2010;6;84716;34;117635;31;139862;15;35650
06.09.2020 08:00;2;1990;2;2000;14;25510;86;249500;55;450154;51;620109;2;2000;2;2000;0;0;0;0;7;8410;2;2010;11;158718;70;364590;46;227182;23;835682
06.09.2020 09:00;2;2000;2;2000;24;112378;182;862146;107;859854;115;869857;2;2000;2;1990;0;0;0;0;10;10170;3;3000;41;599220;130;996416;72;529618;75;397928
06.09.2020 10:00;2;2000;2;2000;52;288940;228;852443;149;885747;136;1100459;2;2000;2;2000;0;0;0;0;16;19410;4;4030;40;422485;155;1324578;104;753362;105;729923
06.09.2020 11:00;2;2000;2;2000;41;279469;303;1156816;168;1188207;160;1118554;2;2000;2;1990;0;0;0;0;5;5100;5;5050;54;745643;155;1818306;116;1268781;123;772260
06.09.2020 12:00;3;3045;3;3000;35;181740;309;1110253;172;1103484;157;1444967;3;3000;3;3000;0;0;0;0;17;19170;6;6040;34;455700;170;1653258;138;1184325;109;702977
06.09.2020 13:00;4;3990;4;3990;47;455590;329;1072856;167;1189724;176;1310029;4;4000;4;4000;0;0;0;0;15;15470;8;8060;44;526980;193;1613227;118;1308692;110;878568
06.09.2020 14:00;4;3990;4;4000;58;487930;387;1278360;198;1501931;202;1534709;4;4000;4;4000;0;0;0;0;13;13280;11;11040;70;851946;172;2130281;138;1301334;136;1025584
06.09.2020 15:00;4;4000;4;4000;59;433968;393;1353146;203;1298783;206;1531840;4;3990;4;4000;0;0;0;0;20;20620;9;9060;52;633267;157;2150524;136;1347548;121;905041
06.09.2020 16:00;4;4000;4;4000;60;289600;357;1202189;186;1224086;176;1348782;4;3990;4;4000;0;0;0;0;18;20090;12;12060;48;621049;163;1870288;126;1208135;111;855346
06.09.2020 17:00;4;3980;4;4000;60;365799;406;1440033;216;1599378;207;1610309;4;4000;4;3990;0;0;0;0;33;35340;6;6030;45;611855;189;2201467;146;1394228;124;833332
06.09.2020 18:00;4;3990;4;4000;55;316825;411;1430069;198;1172556;192;1344423;4;3990;4;4000;0;0;0;0;28;28940;7;7060;60;848150;185;2321080;138;1248170;122;862800
06.09.2020 19:00;2;2000;2;2000;35;193630;302;1272875;171;1149694;154;970398;2;2000;2;2000;0;0;0;0;15;16680;9;9030;58;591184;154;1751062;132;1297626;117;662400
06.09.2020 20:00;2;2000;2;2000;41;338128;267;945847;125;896619;127;1027544;2;2000;2;2000;0;0;0;0;19;21220;8;8040;56;560023;144;1477307;131;844909;97;487777
06.09.2020 21:00;2;1990;2;2000;26;223900;197;787569;80;639706;87;783975;2;2000;2;2000;0;0;0;0;7;7330;5;5000;39;391900;113;1139338;98;531667;59;194104
06.09.2020 22:00;2;2000;2;2000;18;49854;112;396162;57;394926;44;519282;2;2000;2;2000;0;0;0;0;5;5220;4;4010;26;344850;97;421620;71;278522;48;148360
06.09.2020 23:00;2;2000;2;2000;7;566916;55;220760;23;162780;29;376040;2;1990;2;2000;0;0;0;0;2;2920;2;2010;9;138211;47;278275;45;161610;19;81150
07.09.2020 00:00;0;0;1;1055;3;95509;39;106892;16;129810;20;259920;0;0;1;1000;0;0;0;0;3;3020;0;0;3;35455;33;121225;15;42957;16;46720
07.09.2020 01:00;0;0;0;0;3;74440;19;39940;6;82060;9;149830;0;0;0;0;0;0;0;0;2;2020;0;0;0;0;16;68810;14;51090;8;22380
07.09.2020 02:00;0;0;0;0;0;0;14;8290;6;91818;7;115748;0;0;0;0;0;0;0;0;0;0;0;0;4;28056;11;35510;10;23650;3;6940
07.09.2020 03:00;0;0;0;0;0;0;16;34880;10;170115;6;179165;0;0;0;0;0;0;0;0;0;0;0;0;0;0;11;49520;4;10680;5;10520
07.09.2020 04:00;1;1000;0;0;5;33850;34;84898;20;303124;22;446854;1;1000;0;0;0;0;0;0;0;0;0;0;3;39540;30;146230;16;35050;17;44720
07.09.2020 05:00;3;2990;2;1990;11;40940;153;404610;73;589205;88;919052;3;2990;3;2990;0;0;0;0;1;1000;1;1000;14;139380;93;766530;49;194275;20;60350
07.09.2020 06:00;4;4000;5;5000;29;335364;423;1268540;141;1409076;195;1759544;4;4000;4;4000;0;0;0;0;8;9560;3;3030;31;506554;154;2174326;103;1254141;91;751985
07.09.2020 07:00;7;6990;5;4990;75;388963;544;1591301;272;1952393;330;2173108;7;7000;5;5000;0;0;0;0;43;51894;16;16040;68;915806;168;3131631;89;2180629;106;1299574
07.09.2020 08:00;8;7990;9;9000;84;706709;518;1984202;301;2001445;328;2299178;8;8000;9;8990;0;0;0;0;25;26410;6;6030;65;941839;165;3233810;82;2119148;91;1558874
07.09.2020 09:00;3;3000;4;3990;62;525180;417;1538305;254;1913358;252;1959519;4;4000;4;4000;0;0;0;0;22;22510;11;11060;58;836653;146;2651122;99;1899571;114;991526
07.09.2020 10:00;5;5000;3;3000;78;619592;387;1518141;248;1790012;261;2006016;4;4000;3;2990;0;0;0;0;36;39360;19;19120;64;878130;152;2481710;137;2044987;132;1241225
07.09.2020 11:00;4;3980;4;3990;92;764310;391;1756417;250;1985290;252;2061718;4;4000;5;5000;0;0;0;0;50;52730;19;19100;66;972993;164;2473458;130;1829280;142;979391
07.09.2020 12:00;4;3990;5;4990;102;832209;386;1632622;273;1812283;248;1792268;4;4000;5;4980;0;0;0;0;35;36870;17;17130;93;1502665;164;2325065;129;2101044;142;1254074
07.09.2020 13:00;8;7980;8;7990;102;612462;365;1850610;286;1794130;275;1918026;8;7990;7;6980;0;0;0;0;33;36940;14;14110;89;1388870;156;2607845;126;2083278;125;1357009
07.09.2020 14:00;5;5000;6;6000;102;956454;418;1532395;287;1868424;272;1873770;5;4990;6;5990;0;0;0;0;29;32250;13;13060;86;1408460;161;2613076;134;2216436;144;1490394
07.09.2020 15:00;4;4000;5;4990;111;933921;445;1892460;307;2025400;261;2060937;4;4000;5;5000;0;0;0;0;40;45850;11;11040;90;1303560;211;2656851;156;2111263;158;1443422
07.09.2020 16:00;4;4000;3;3000;131;883905;486;1501413;267;2278076;251;2248941;4;4000;4;4000;0;0;0;0;39;46630;18;18130;83;1371155;245;2309673;148;2518240;173;1546458
07.09.2020 17:00;4;3990;4;3990;112;1011084;477;1835404;257;2444436;245;2022762;4;4000;4;4000;0;0;0;0;39;45820;14;14090;89;1586284;258;2550383;139;2635658;153;2009789
07.09.2020 18:00;4;4000;5;5000;107;690141;454;1653763;224;1957393;207;1959560;4;4000;4;3990;0;0;0;0;40;41630;25;25100;89;1389657;237;2482066;138;2259139;135;1520134
07.09.2020 19:00;5;4970;4;4000;83;685475;373;983507;161;1870283;158;1734884;5;5000;4;3980;0;0;0;0;28;29010;6;6030;68;1235120;221;1424482;135;1630625;111;927091
07.09.2020 20:00;3;2990;3;3000;61;394810;236;995622;163;1142802;162;1287547;3;3000;3;3000;0;0;0;0;24;24830;10;10020;52;636899;131;1342810;155;984122;109;696825
07.09.2020 21:00;2;1990;3;3000;35;141730;222;790720;107;882969;99;863811;2;2000;3;2990;0;0;0;0;13;15730;7;7020;36;392156;119;1133187;112;575629;81;324929
07.09.2020 22:00;2;1990;2;1990;31;110410;153;817645;79;455194;62;424327;2;2000;2;2000;0;0;0;0;16;16970;0;0;29;282700;120;780738;72;450709;60;238020
07.09.2020 23:00;2;2000;2;1990;13;34380;92;394078;35;352980;28;370490;2;2000;2;2000;0;0;0;0;6;6286;4;4030;27;354280;68;434026;55;179364;37;141026
08.09.2020 00:00;0;0;1;1000;7;43440;36;97066;14;248330;13;177598;0;0;1;990;0;0;0;0;0;0;2;2010;2;39480;29;126790;11;25580;7;16300
08.09.2020 01:00;0;0;0;0;5;53635;16;60220;11;126750;12;166313;0;0;0;0;0;0;0;0;1;1010;0;0;2;23970;12;45410;13;23480;6;16830
08.09.2020 02:00;0;0;0;0;2;33030;20;10650;4;46630;6;104090;0;0;0;0;0;0;0;0;0;0;0;0;2;33970;15;61570;4;8840;5;16500
08.09.2020 03:00;0;0;0;0;4;3100;12;7940;8;118180;3;98170;0;0;0;0;0;0;0;0;0;0;0;0;2;60090;10;48110;7;10170;0;0
08.09.2020 04:00;1;1000;0;0;2;1310;31;79890;19;232790;19;310690;1;1000;0;0;0;0;0;0;0;0;0;0;7;94610;23;89270;12;52880;12;35480
08.09.2020 05:00;3;3000;3;3000;8;34350;148;489215;73;601019;100;900306;3;3000;3;3000;0;0;0;0;0;0;1;1000;14;132760;109;705806;45;150170;22;86400
08.09.2020 06:00;4;4000;4;4000;35;237010;359;1269668;165;1072124;206;1586011;4;4000;4;4000;0;0;0;0;7;7040;4;4020;24;650028;138;2131347;110;1352228;84;557835
08.09.2020 07:00;7;7000;5;4990;90;735883;519;1849703;282;2068415;295;2106552;7;6980;5;5000;0;0;0;0;31;34640;18;18070;94;954157;166;3092436;85;1961985;98;1254636
08.09.2020 08:00;7;6990;8;7990;75;709279;547;1773595;330;2368263;343;2314908;7;7000;9;8990;0;0;0;0;33;34770;16;16090;58;1065457;129;3270493;75;2163922;97;1608020
08.09.2020 09:00;5;4990;4;4000;81;742692;414;1481826;267;2032993;259;2130102;5;4990;4;4000;0;0;0;0;24;25460;6;6030;77;948971;187;2481783;116;1979703;119;1326300
08.09.2020 10:00;5;5000;6;6000;81;708900;395;1471986;263;1802008;291;1791079;5;5000;5;5000;0;0;0;0;26;28770;7;7020;72;1113842;163;2577178;118;1892982;115;1266631
08.09.2020 11:00;4;4000;4;4000;101;580069;390;1575073;253;2016522;258;2040908;4;4000;4;4053;0;0;0;0;32;33750;18;18060;84;1198696;149;2498866;134;1742198;131;1448460
08.09.2020 12:00;5;4990;5;4990;100;652558;368;1562356;257;1754527;256;1799140;5;5000;5;4990;0;0;0;0;40;41410;8;8070;86;1371469;170;2435829;126;2359968;137;1418023
08.09.2020 13:00;8;7990;7;7000;116;767314;401;1430285;288;1839513;260;1836164;8;8000;8;8000;0;0;0;0;42;45960;13;13100;96;1303488;156;2480012;138;2278275;136;1470607
08.09.2020 14:00;4;3990;6;6000;102;916217;418;1868119;292;2005280;263;1803108;4;3990;5;5000;0;0;0;0;27;33430;18;18100;100;1439769;155;2643745;163;2248049;153;1649509
08.09.2020 15:00;5;5000;4;4000;103;886352;480;1480110;296;2280745;264;2340489;4;4000;4;3990;0;0;0;0;42;44150;16;16090;96;1493713;213;2398468;132;2503023;164;1620429
08.09.2020 16:00;4;4000;5;4160;132;1031746;502;1835406;291;2342017;278;2348738;4;3990;5;5000;0;0;0;0;36;37310;16;16080;98;1456841;250;2580489;147;2651031;174;1897064
08.09.2020 17:00;4;4000;3;3830;140;851570;494;1881862;284;2303236;243;2419911;4;3990;3;3000;0;0;0;0;40;41590;22;22100;109;1619523;272;2731902;135;2716120;155;2185463
08.09.2020 18:00;4;3990;5;4990;115;918230;446;1604193;258;2310729;244;2251263;4;3980;5;4990;0;0;0;0;31;33340;10;10070;96;1775572;247;2378049;156;2330778;133;1860880
08.09.2020 19:00;5;5000;4;4000;80;487067;356;1426909;214;1461066;178;1652872;5;5000;4;4000;0;0;0;0;19;19670;9;9060;77;1059058;190;1808299;151;1774238;132;1018519
08.09.2020 20:00;3;2990;3;2990;55;273002;261;1229665;193;1160558;183;1389056;3;3000;3;3000;0;0;1;1900;26;27700;8;8030;71;819787;124;1633841;127;1144930;116;805760
08.09.2020 21:00;2;2000;3;3000;44;290630;251;942541;158;1058735;126;973978;2;2000;3;3000;0;0;0;0;10;10110;7;7030;40;372226;139;1296287;133;630724;97;474373
08.09.2020 22:00;2;2000;2;2000;34;212479;169;842947;99;548885;92;633909;2;2000;2;1990;0;0;0;0;10;11790;4;4000;45;243116;122;911333;101;491760;85;339790
08.09.2020 23:00;2;2000;2;2000;12;44380;109;488836;48;459815;28;392610;2;2000;2;1990;0;0;0;0;4;5130;4;4010;19;341526;68;519010;57;184625;39;158421
09.09.2020 00:00;0;0;1;1000;4;4560;50;97816;13;139210;16;268742;0;0;1;1000;0;0;0;0;0;0;2;2000;5;112642;40;210240;20;55092;16;45410
09.09.2020 01:00;0;0;0;0;4;50510;14;8950;10;140210;7;127530;0;0;0;0;0;0;0;0;1;1010;2;2010;2;27570;11;40580;13;29770;5;13445
09.09.2020 02:00;0;0;0;0;2;1220;12;18730;8;100050;12;184205;0;0;0;0;0;0;0;0;0;0;0;0;0;0;10;36350;4;8480;5;14480
09.09.2020 03:00;0;0;0;0;2;15750;14;26430;10;124740;9;126960;0;0;0;0;0;0;0;0;0;0;1;1010;1;48260;11;47270;3;4230;4;16680
09.09.2020 04:00;1;1000;0;0;7;22280;37;118230;18;215484;18;284304;1;1000;0;0;0;0;0;0;1;1010;0;0;5;43860;29;116560;17;91270;16;41830
09.09.2020 05:00;3;3000;3;2990;13;34150;126;705516;65;604381;87;799922;3;3000;3;3000;0;0;0;0;1;1070;3;3010;11;120864;91;664145;34;185390;27;89610
09.09.2020 06:00;4;3990;4;3990;32;292850;408;1230879;153;1312677;203;1953651;4;3980;4;3990;0;0;0;0;3;4440;2;2000;31;472154;146;2008182;85;1052392;71;427608
09.09.2020 07:00;7;7000;5;5000;81;650990;535;1573177;309;1975899;321;2245499;7;6990;6;5990;0;0;0;0;24;34520;7;7010;71;1124965;176;3151614;77;2235835;106;1524463
09.09.2020 08:00;8;7990;9;8970;81;765523;569;1908186;310;2126175;315;2346136;8;8000;8;7990;0;0;0;0;27;30590;15;15030;65;1335531;187;3173419;92;2173491;112;1421790
09.09.2020 09:00;4;3990;4;4000;73;667262;426;1711028;296;1947873;300;2084309;4;3990;4;4000;0;0;0;0;21;23210;12;12070;64;1074540;169;2576082;100;2006745;122;1248123
09.09.2020 10:00;4;4000;4;3990;89;830007;380;1706985;254;1782277;272;1789412;4;3990;4;4000;0;0;0;0;24;26110;9;9113;71;1269264;162;2465093;131;1489159;132;1068180
09.09.2020 11:00;4;3990;4;4000;99;664459;368;1659748;243;1684831;244;1705317;4;4000;4;3990;0;0;0;0;35;38245;13;13060;70;1185505;143;2470083;121;1984862;135;1100462
09.09.2020 12:00;5;5000;4;4000;113;836997;421;1905129;265;1975367;254;1628442;5;5000;4;3990;0;0;0;0;36;38870;16;16060;105;1522090;153;2686797;145;2006533;122;1305979
09.09.2020 13:00;8;7970;9;9000;110;939431;440;1692179;276;2153352;265;2003296;8;8000;9;8990;0;0;0;0;40;43580;22;22110;91;1611114;146;2782439;129;1852763;142;1256471
09.09.2020 14:00;5;5000;5;4990;101;572587;383;1948772;280;1858963;258;1713682;5;4990;6;6000;0;0;0;0;24;26110;13;13060;105;1769081;142;2563453;165;2276879;141;1703568
09.09.2020 15:00;4;4000;5;5000;104;883521;472;1833713;296;2623599;292;2302977;4;4000;4;3980;0;0;0;0;40;65039;18;18120;89;1611792;205;2689445;143;2249198;164;1606276
09.09.2020 16:00;4;4000;3;3000;127;714324;477;1662675;264;2383802;268;2353497;4;4000;3;3000;0;0;0;0;38;40590;23;23080;90;1559475;238;2448845;151;2511088;153;1795226
09.09.2020 17:00;4;4000;4;4000;121;697184;492;1636688;268;2331617;253;2312733;4;3990;5;5000;0;0;0;0;53;56742;11;11040;99;1614073;251;2404084;135;2496848;156;1528867
09.09.2020 18:00;4;3990;5;4990;101;652061;439;1696082;247;2025760;239;2055240;4;4000;4;4000;0;0;0;0;40;43010;17;17080;76;1104048;241;2425481;130;2169176;140;1663623
09.09.2020 19:00;4;3990;3;2980;88;528675;354;1113078;198;1580298;187;1740727;4;3980;4;3990;0;0;0;0;31;33990;11;11040;76;1104648;228;1769267;141;1566974;117;1083673
09.09.2020 20:00;4;3990;4;4000;72;390621;230;1350006;176;944550;164;1230865;4;3990;3;3000;0;0;0;0;31;37480;12;12050;56;868524;126;1761916;135;1323513;104;741796
09.09.2020 21:00;2;2000;3;3000;32;202758;203;1002477;141;1016378;121;1009053;2;1990;3;3000;0;0;0;0;17;17910;8;8050;39;356640;129;1261204;108;590688;72;408784
09.09.2020 22:00;2;2000;2;2000;50;229159;180;769105;83;595216;79;698803;2;1990;2;1990;0;0;0;0;16;17840;2;2010;42;407882;118;885083;87;406350;60;282446
09.09.2020 23:00;2;1980;2;2000;23;109890;108;538271;55;523565;49;590010;2;2000;2;1990;0;0;0;0;6;7474;3;3030;14;194390;81;469614;63;230195;39;213184
10.09.2020 00:00;0;0;1;1000;3;25407;39;66377;19;180170;20;366990;0;0;1;1000;0;0;0;0;2;2000;1;1000;12;128090;32;121267;21;51670;15;32110
10.09.2020 01:00;0;0;0;0;4;5610;14;20560;12;196070;9;193935;0;0;0;0;0;0;0;0;0;0;0;0;3;34240;10;32010;12;24234;6;12790
10.09.2020 02:00;0;0;0;0;2;35230;18;23850;5;78600;4;105444;0;0;0;0;0;0;0;0;0;0;0;0;3;37812;11;38170;7;15240;7;17010
10.09.2020 03:00;0;0;0;0;1;15110;18;11990;7;73060;3;43375;0;0;0;0;0;0;0;0;0;0;0;0;2;33730;14;51930;6;8760;2;5810
10.09.2020 04:00;1;1000;0;0;2;20200;23;103008;17;254974;18;380944;1;1000;0;0;0;0;0;0;0;0;1;1000;4;36700;19;99540;18;44670;8;20420
10.09.2020 05:00;3;3000;2;1990;13;53016;145;570830;74;700279;93;935959;3;2980;3;2810;0;0;0;0;0;0;1;1000;14;96500;99;885414;46;224105;23;74286
10.09.2020 06:00;4;3990;5;5000;34;215322;380;1111493;140;1233728;183;1607358;4;4000;4;4170;0;0;0;0;7;7060;4;4000;25;285127;121;2027289;98;1074135;74;644632
10.09.2020 07:00;7;7000;5;5000;85;627098;507;1737181;300;1910329;304;2289173;7;7000;5;4990;0;0;0;0;28;31980;11;11094;69;1055526;129;3196072;76;2038894;88;1523483
10.09.2020 08:00;8;7970;8;8000;104;877569;530;1910041;355;2203062;305;2268804;8;8000;8;8000;0;0;0;0;24;30170;16;16040;60;1017517;187;3204953;84;2326897;101;1590146
10.09.2020 09:00;3;3000;5;5000;77;829636;410;1361295;286;1781535;289;2087391;3;3000;5;5000;0;0;0;0;28;30140;10;10060;69;1105861;183;2513231;114;1810705;112;1333713
10.09.2020 10:00;5;4970;3;2990;88;620336;390;1687932;260;1709049;293;1914964;5;5000;4;3990;0;0;0;0;25;27260;14;14090;86;1067611;135;2625266;118;1739890;124;1194702
10.09.2020 11:00;5;4990;5;5000;89;794376;342;1654726;250;1798548;243;1788295;5;4990;5;4990;0;0;0;0;27;29140;9;9070;85;1311406;154;2325846;122;1783945;131;948569
10.09.2020 12:00;4;3990;6;5990;93;751182;384;1667638;256;1877798;243;1694398;4;4000;5;4990;0;0;0;0;32;34080;17;17100;84;1323796;155;2539034;117;2316588;126;1209881
10.09.2020 13:00;9;8990;6;6000;115;833578;422;1750455;282;1996263;294;1918458;9;9000;6;6000;0;0;0;0;29;30150;21;21130;93;1424317;131;2824275;121;2197930;135;1275055
10.09.2020 14:00;5;5000;7;6990;93;775123;390;1878265;298;2030292;285;1940892;5;5000;7;7000;0;0;0;0;41;49400;28;28170;93;1571724;160;2623894;123;2382319;139;1381180
10.09.2020 15:00;3;3000;5;5000;108;649097;409;1920829;281;2208279;278;2129522;4;3990;5;5000;0;0;0;0;29;30766;14;14090;85;1482058;216;2707496;153;2614588;147;1700688
10.09.2020 16:00;5;5000;4;4000;116;960574;497;1660251;297;2397933;268;2416089;4;4000;4;3980;0;0;0;0;38;46730;20;20120;94;1480527;212;2824476;138;2603746;164;1854427
10.09.2020 17:00;4;4000;3;3000;128;837694;499;1621845;287;2326514;274;2546239;4;4000;3;2990;0;0;0;0;37;41160;17;17080;98;1642507;230;2524289;122;2565879;144;2002502
10.09.2020 18:00;4;4000;4;4000;113;752611;440;1606703;255;2238818;237;2133186;4;4000;4;4000;0;0;0;0;27;29380;14;14080;84;1495328;229;2291682;133;2341474;158;1568314
10.09.2020 19:00;5;5000;4;3990;85;788263;419;1440552;212;1689075;174;1754141;5;5000;5;5000;0;0;0;0;31;31600;11;11600;80;1217572;204;2123529;106;2049257;114;1480325
10.09.2020 20:00;3;3000;4;4000;44;330740;273;1056093;173;1024259;163;1152034;3;2980;3;2990;0;0;0;0;22;23540;9;9050;56;781159;140;1679285;149;1077434;130;828592
10.09.2020 21:00;2;2000;3;3000;36;209085;205;922246;129;825119;121;750721;2;2000;3;3000;0;0;0;0;13;13850;8;8040;32;349789;122;1186721;125;775035;83;352710
10.09.2020 22:00;2;1990;2;2000;38;306330;197;759878;82;591364;76;731063;2;2000;2;2000;0;0;0;0;9;9420;4;4030;44;521922;129;904062;115;500213;89;375684
10.09.2020 23:00;2;2000;2;2000;23;139295;95;510664;50;403115;48;465100;2;2000;2;2000;0;0;0;0;10;10170;2;2000;22;263919;71;540946;53;216860;44;128434
11.09.2020 00:00;0;0;1;1000;5;4800;46;134720;19;271846;24;310508;0;0;1;990;0;0;0;0;4;4640;2;2010;7;95220;39;148110;24;74330;20;45899
11.09.2020 01:00;0;0;0;0;4;85750;25;77210;9;131500;11;235166;0;0;0;0;0;0;0;0;1;1010;1;1010;4;71428;18;71760;7;19610;15;38780
11.09.2020 02:00;0;0;0;0;2;640;8;9760;5;24173;11;240860;0;0;0;0;0;0;0;0;0;0;0;0;1;4580;8;23890;6;11480;4;14060
11.09.2020 03:00;0;0;0;0;5;47020;14;50180;6;86750;5;100960;0;0;0;0;0;0;0;0;0;0;0;0;0;0;9;41710;3;6550;4;10790
11.09.2020 04:00;1;1000;0;0;4;19650;27;43110;20;288675;23;446586;1;1000;0;0;0;0;0;0;0;0;1;1010;7;96940;26;110231;9;31260;13;41200
11.09.2020 05:00;3;3000;3;3000;18;29800;127;488046;63;653469;81;954839;3;3000;3;3000;0;0;0;0;0;0;0;0;12;217018;95;665050;54;319545;14;33170
11.09.2020 06:00;4;3980;3;3000;27;318123;359;1112909;138;1133183;170;1676281;4;4000;3;3000;0;0;0;0;11;11780;3;3020;29;337535;126;1973064;123;983791;77;469320
11.09.2020 07:00;7;6980;6;6000;84;667378;505;1626214;275;2108249;287;2298381;7;6970;7;7000;0;0;0;0;39;45490;17;17040;60;1374314;197;2864261;87;2160878;82;1430952
11.09.2020 08:00;8;7990;9;8990;73;671586;488;1656682;288;2054456;292;2122323;8;8000;8;7990;0;0;0;0;28;45710;6;6030;55;1048507;176;2901720;86;1930368;99;1452295
11.09.2020 09:00;3;3000;3;3000;74;683031;414;1296669;306;2016758;307;2086676;3;3000;4;3990;0;0;0;0;29;30310;16;16050;77;1339858;193;2254528;117;1815181;133;1180122
11.09.2020 10:00;5;4990;5;4890;83;679282;422;1457179;282;1847678;265;2003028;5;5000;4;4000;0;0;0;0;21;21930;8;8040;76;1381920;152;2689073;127;1686181;127;1289599
11.09.2020 11:00;5;5000;4;4080;81;595133;385;1629302;265;1857718;261;1964163;5;5000;5;4990;0;0;0;0;26;27690;11;11070;80;1199729;146;2592494;128;1683833;132;1448604
11.09.2020 12:00;5;5000;6;5990;106;942160;402;1543775;278;2176125;255;2091703;5;4970;5;5000;0;0;0;0;50;53550;8;8040;88;1332884;207;2489133;123;2462208;156;1627058
11.09.2020 13:00;8;7980;8;8000;126;921476;495;1944159;289;2663804;294;2660250;8;8000;8;8000;0;0;1;580;43;48550;15;15080;80;1519625;167;2909589;114;2240058;133;1597713
11.09.2020 14:00;5;4990;5;4980;108;836954;468;1680851;268;2202472;270;2257136;5;4990;5;5000;0;0;0;0;44;48910;8;8020;86;1623766;239;2494703;126;2648257;137;1924828
11.09.2020 15:00;4;3990;5;4650;111;846482;464;1592408;299;2481338;269;2164602;4;3990;5;5000;0;0;0;0;32;39410;17;17110;84;1443703;223;2483696;168;1998259;195;1702040
11.09.2020 16:00;4;3990;3;3330;117;792561;501;1355371;258;2136653;233;2216687;4;4000;4;3990;0;0;0;0;31;34500;17;17080;91;1249444;238;2468484;147;1930349;147;1494103
11.09.2020 17:00;4;4000;4;4000;102;707618;487;1686601;257;2344358;248;2284129;4;4000;4;3990;0;0;0;0;45;51270;21;21140;96;1452621;273;2430200;135;2222859;153;1912149
11.09.2020 18:00;4;4000;4;4000;103;812763;475;1477070;281;2066766;259;2054405;4;3990;4;3990;0;0;0;0;38;39970;24;24140;90;1243584;249;2356026;130;2250129;129;1371472
11.09.2020 19:00;5;5000;5;4490;69;635863;403;1301743;203;1985820;191;1874674;5;5000;4;4000;0;0;0;0;40;43935;15;15060;70;1213808;234;1869138;130;1699505;122;1275994
11.09.2020 20:00;3;3000;3;3500;65;533958;318;1353201;183;1243227;167;1495683;3;3000;3;3000;0;0;0;0;33;39170;10;10020;67;803151;140;2075608;150;1251843;117;608973
11.09.2020 21:00;2;1990;3;3000;35;63720;265;933682;127;932140;119;996355;2;2000;3;3000;0;0;0;0;21;22940;9;9050;52;654780;154;1498268;123;797486;97;556423
11.09.2020 22:00;2;1990;2;2000;31;169350;205;754070;112;673550;96;636986;2;2000;2;2000;0;0;0;0;16;17121;8;8040;51;496237;144;842735;106;558864;93;453557
11.09.2020 23:00;2;2000;2;2000;28;126180;148;582225;67;418810;65;707820;2;2000;2;2000;0;0;0;0;11;12590;2;2010;29;264870;111;824401;91;389410;86;361369
12.09.2020 00:00;0;0;1;1000;24;125968;88;466500;44;297930;47;638098;0;0;1;1000;0;0;0;0;4;4010;5;5020;15;137180;72;446400;47;194338;32;93530
12.09.2020 01:00;0;0;0;0;7;23200;57;262349;25;257240;25;339320;0;0;0;0;0;0;0;0;0;0;5;5010;8;131041;51;240640;27;129280;24;70820
12.09.2020 02:00;0;0;0;0;5;42345;43;120165;15;297038;15;403720;0;0;0;0;0;0;0;0;2;2440;0;0;1;17340;31;157335;19;52120;15;47000
12.09.2020 03:00;0;0;0;0;3;1790;22;81995;25;182908;23;356778;0;0;0;0;0;0;0;0;0;0;0;0;4;35480;18;65400;14;37990;10;22110
12.09.2020 04:00;1;1000;0;0;10;39330;21;78240;18;203620;19;338642;1;1000;0;0;0;0;0;0;0;0;0;0;10;88020;20;67496;11;26070;5;7740
12.09.2020 05:00;3;2990;3;3000;10;13480;42;135210;38;326198;33;502185;3;3000;3;3000;0;0;0;0;0;0;0;0;9;75060;36;174400;23;95230;12;32158
12.09.2020 06:00;4;3990;4;4000;15;48230;103;317310;23;266465;33;625629;4;4000;4;3990;0;0;0;0;1;1000;0;0;11;102640;71;336460;45;212595;24;66300
12.09.2020 07:00;4;4000;4;4044;17;224749;128;565211;64;445856;63;657162;4;4000;4;4000;0;0;0;0;5;5450;4;4020;23;323736;98;773101;60;268590;39;168037
12.09.2020 08:00;5;4990;4;4000;28;278706;219;1018792;142;1098330;119;849060;5;5000;4;4000;0;0;0;0;17;18770;6;6040;26;369390;144;1197385;96;918444;76;453273
12.09.2020 09:00;5;5000;5;4990;40;315326;295;1167434;200;1275710;201;1324844;5;5000;5;4990;0;0;0;0;33;33780;7;7040;43;716116;159;1834084;107;1224462;110;905549
12.09.2020 10:00;4;4000;4;3990;84;559868;338;1345584;272;1820928;283;1901299;4;3990;4;4000;0;0;0;0;44;49110;9;9050;68;1080388;152;2331357;110;1713886;146;1181487
12.09.2020 11:00;4;4000;4;4000;69;489971;382;1741421;261;1974450;266;1998567;4;3980;4;4000;0;0;0;0;33;36579;16;16060;66;847097;169;2473160;128;2049247;142;1025291
12.09.2020 12:00;4;3990;4;3980;86;508617;368;1677225;244;1716622;245;1750056;4;4000;4;4000;0;0;0;0;29;31730;10;10080;88;1042675;159;2320973;135;2320516;160;1155668
12.09.2020 13:00;4;3990;4;4000;82;548340;388;1490152;243;1669316;244;1777806;4;4000;4;4000;0;0;0;0;22;24710;12;12040;73;1053848;157;2289649;134;2028701;142;1602047
12.09.2020 14:00;4;4000;4;4000;97;579042;431;1524309;251;1818983;209;1681015;4;4000;4;3990;0;0;0;0;34;39710;16;16110;72;1128176;168;2432674;139;2146494;132;1500881
12.09.2020 15:00;4;4000;4;3990;79;597106;379;1362530;215;1433270;209;1591806;4;4000;4;4000;0;0;0;0;22;24980;21;21100;77;1197720;165;2169611;120;2078416;128;1755147
12.09.2020 16:00;4;4000;4;4000;78;652903;409;1393071;212;1330028;192;1669277;4;3990;4;3990;0;0;0;0;30;32510;10;10070;80;1151819;191;2176969;140;1533759;196;1227458
12.09.2020 17:00;4;4000;5;5000;79;567320;386;1486390;210;1654059;209;1586919;4;4000;5;4990;0;0;0;0;31;32056;17;17130;61;971729;163;2136076;117;1843161;142;1457980
12.09.2020 18:00;3;3000;2;1990;85;471882;387;1514039;182;1680622;208;1688065;3;3000;3;2990;0;0;0;0;42;44296;11;11030;76;1290977;157;2428278;131;1675062;137;1449558
12.09.2020 19:00;2;2000;0;0;62;451015;358;1331620;188;1541104;181;1420441;1;1000;0;0;0;0;1;400;34;38420;24;24140;52;954648;182;2118481;129;1750552;122;1200438
12.09.2020 20:00;2;2000;2;2000;53;472522;303;1463396;157;943036;146;1171140;2;2000;2;1990;0;0;1;820;29;32030;14;14070;60;914504;142;1859068;154;1118206;134;719006
12.09.2020 21:00;2;2000;2;2000;43;307195;244;948377;138;716349;118;956364;2;2000;2;2000;0;0;0;0;22;25310;12;12060;62;743931;113;1436971;137;711469;106;435883
12.09.2020 22:00;2;2000;2;2000;32;202963;247;940262;106;683300;90;894344;2;2000;2;2000;0;0;0;0;28;33290;4;4020;47;457748;152;1498316;103;525639;100;502656
12.09.2020 23:00;2;2000;2;2000;26;178513;182;707007;104;635180;87;679683;2;1990;2;2000;0;0;0;0;15;16530;6;6097;24;244860;114;965410;84;448162;54;319029
13.09.2020 00:00;0;0;1;990;18;192420;119;496271;45;455914;55;512566;0;0;1;1000;0;0;0;0;1;1010;2;2010;16;290400;91;606491;82;240788;54;175024
13.09.2020 01:00;0;0;0;0;10;29380;70;199961;39;343555;35;500354;0;0;0;0;0;0;0;0;1;1010;1;1000;6;78020;56;222200;29;82895;33;104910
13.09.2020 02:00;0;0;0;0;6;18850;37;412246;23;193680;23;393500;0;0;0;0;0;0;0;0;1;1010;3;3000;9;84270;39;135740;15;66057;16;67880
13.09.2020 03:00;0;0;0;0;2;33040;29;78160;11;189140;20;414080;0;0;0;0;0;0;0;0;0;0;2;2020;1;18480;22;89670;18;39028;24;51960
13.09.2020 04:00;0;0;0;0;1;2680;22;51520;9;188070;12;270874;0;0;0;0;0;0;0;0;0;0;0;0;4;65750;19;70000;16;53420;9;24200
13.09.2020 05:00;1;1000;1;1000;6;4950;36;135860;21;309535;26;440278;2;2000;1;1000;0;0;0;0;0;0;0;0;4;46680;32;118650;18;51150;12;61491
13.09.2020 06:00;3;2990;2;2000;6;16470;36;88690;15;187579;17;265225;2;2000;2;2000;0;0;0;0;2;2010;3;3000;10;159660;27;147390;24;86906;17;41790
13.09.2020 07:00;2;2000;2;2054;11;92031;62;108720;25;275548;14;216570;2;2000;2;2000;0;0;0;0;1;1420;1;1010;9;122300;59;195248;34;163080;16;62260
13.09.2020 08:00;2;2000;2;1990;16;152300;106;452531;53;441245;59;554814;2;2000;2;2000;0;0;0;0;8;8250;0;0;16;189223;76;437638;46;240604;41;197900
13.09.2020 09:00;2;1990;2;2000;36;155860;217;693997;121;892812;105;1072596;2;2000;2;2000;0;0;0;0;9;9910;7;7030;22;235800;133;1348273;91;685727;72;422567
13.09.2020 10:00;2;2000;2;2000;38;158420;251;796549;160;1093613;134;1146001;2;2000;2;2000;0;0;0;0;10;10800;6;6040;35;337611;161;1321168;105;880107;110;588716
13.09.2020 11:00;2;1990;2;2000;42;252520;263;1048009;183;1224847;165;1366174;2;1990;2;2000;0;0;0;0;21;26564;6;6020;47;465725;160;1639100;129;1250993;114;869103
13.09.2020 12:00;3;3000;3;3000;47;357930;373;1322990;186;1374820;156;1313377;3;3000;3;2990;0;0;0;0;10;10600;4;4020;50;698029;163;1879531;144;1239632;141;814262
13.09.2020 13:00;4;4023;4;4000;56;454880;388;1146891;190;1338428;175;1411646;4;4000;4;4000;0;0;0;0;15;15600;6;6050;45;600302;188;2015043;143;1279642;141;1107985
13.09.2020 14:00;4;3980;4;4000;57;328381;430;1239291;189;1298880;177;1420584;4;4000;4;3990;0;0;0;0;11;11460;4;4030;54;619951;202;2177762;130;1269355;137;876220
13.09.2020 15:00;4;4000;4;3990;44;242800;375;1260056;197;1276591;199;1636150;4;4000;4;4000;0;0;0;0;14;14710;7;7050;49;443454;193;2072845;138;1149839;126;868160
13.09.2020 16:00;4;4000;4;3990;47;294330;328;1237102;183;1267668;183;1472871;4;3990;4;4000;0;0;0;0;9;9190;6;6030;39;540788;174;1922923;119;1263337;106;784732
13.09.2020 17:00;4;4000;4;4000;62;287211;417;1298254;188;1301767;178;1496423;4;4000;4;4000;0;0;0;0;16;18500;12;12101;51;705480;193;2065855;151;1363686;139;970735
13.09.2020 18:00;4;3990;4;4000;53;389834;409;1469383;197;1379193;199;1548763;4;4000;4;3990;0;0;0;0;18;19079;9;9060;61;917190;205;2132588;162;1415252;148;1059868
13.09.2020 19:00;2;1990;2;2000;59;539018;377;1295609;168;1096328;168;1166018;2;2000;2;2000;0;0;0;0;11;11430;11;11110;62;920667;159;2024854;127;1170705;118;905146
13.09.2020 20:00;2;2000;2;1990;36;246600;285;1172242;142;934914;135;1083811;2;2000;2;2000;0;0;0;0;10;10320;8;8030;47;595740;144;1471085;166;962048;116;592254
13.09.2020 21:00;2;2000;2;2000;40;220480;219;986329;99;742980;97;791115;2;2000;2;1990;0;0;0;0;11;11365;5;5020;36;416565;131;1238784;98;656865;78;310880
13.09.2020 22:00;2;2000;2;1990;26;129726;130;544401;74;615655;65;603519;2;2000;2;2000;0;0;0;0;3;3060;5;5030;29;278865;101;662781;75;265550;63;161045
13.09.2020 23:00;2;1990;2;1990;11;54760;54;127100;32;307042;29;301523;2;2000;2;2000;0;0;0;0;1;1010;3;3000;10;120338;48;197222;42;190225;27;76720
14.09.2020 00:00;0;0;1;1000;8;29410;43;121165;9;114480;13;251320;0;0;1;1000;0;0;0;0;5;5950;0;0;8;101070;39;139316;21;49150;28;60920
14.09.2020 01:00;0;0;0;0;1;160;23;12630;10;193342;12;194500;0;0;0;0;0;0;0;0;0;0;0;0;2;36120;18;67216;10;16730;9;27810
14.09.2020 02:00;0;0;0;0;1;18325;25;15340;9;50260;8;141785;0;0;0;0;0;0;0;0;0;0;0;0;0;0;21;81507;5;10620;6;11010
14.09.2020 03:00;0;0;0;0;2;32640;20;11230;8;124310;5;67930;0;0;0;0;0;0;0;0;1;1010;0;0;3;54710;16;69170;3;6210;1;2480
14.09.2020 04:00;1;1000;0;0;6;29860;34;73150;19;329690;20;410519;1;1000;0;0;0;0;0;0;0;0;0;0;2;32200;33;147430;8;31420;8;23020
14.09.2020 05:00;3;2980;3;2990;17;104770;172;364020;78;769615;101;955815;3;3000;3;2990;0;0;0;0;1;1010;0;0;13;91409;96;900779;65;260898;19;68290
14.09.2020 06:00;4;3990;4;4000;28;213869;396;1070450;139;1177548;188;1575148;4;4000;4;3990;0;0;0;0;6;6030;7;7010;29;503465;144;2170315;107;1191741;101;669574
14.09.2020 07:00;7;7000;5;4990;79;445125;480;1804823;300;1895569;325;2126392;7;6990;5;5000;0;0;0;0;38;40430;6;6020;72;1037143;183;2980699;84;2209073;100;1468538
14.09.2020 08:00;8;7970;9;8990;91;599180;510;1765804;295;2219731;325;2274303;8;7980;9;8990;0;0;0;0;24;25820;9;9060;85;1305050;160;3150674;86;2138396;111;1406525
14.09.2020 09:00;4;4000;3;3000;73;684012;444;1529388;260;1875620;278;1989881;4;4000;4;4000;0;0;0;0;26;26210;14;14060;72;1219091;190;2518026;99;1770348;117;1165392
14.09.2020 10:00;5;5000;4;3990;89;653568;387;1624439;264;1656481;260;1845673;5;5000;4;4000;0;0;0;0;28;32360;12;12090;79;905783;160;2425103;137;1780831;132;1290705
14.09.2020 11:00;4;4000;6;5990;94;713069;342;1692699;258;1702625;257;1758425;4;4000;4;3990;0;0;1;670;34;46480;13;13070;75;1011359;157;2429253;134;1764931;130;1030814
14.09.2020 12:00;5;5000;5;5000;86;645584;391;1663669;238;1936250;242;1799911;5;5000;5;5000;0;0;0;0;38;46040;8;8040;81;1354305;176;2462769;138;1966603;136;1100193
14.09.2020 13:00;8;7990;10;10000;115;827518;380;1641723;265;1767580;263;1812429;8;7990;10;9990;0;0;0;0;37;40140;9;9050;89;1514819;146;2653309;131;2175440;136;1401355
14.09.2020 14:00;5;5000;5;5000;97;737005;422;1738313;305;1828635;287;2013345;5;5000;5;4990;0;0;0;0;26;27940;8;8050;94;1189674;178;2670436;149;2123706;135;1426975
14.09.2020 15:00;4;3980;5;4990;101;951589;481;1758170;302;2184871;263;2261078;4;4000;5;4990;0;0;0;0;30;33430;12;12070;87;1304411;204;2689382;132;2374588;140;1465019
14.09.2020 16:00;4;4000;4;4000;107;668867;482;1710168;288;2541662;277;2407638;4;4000;4;4000;0;0;0;0;38;42940;17;17120;97;1429639;264;2439649;129;2550705;142;1816735
14.09.2020 17:00;4;4000;4;4000;108;939129;456;1705962;256;2407813;252;2461447;4;4000;4;4000;0;0;0;0;45;52930;16;16080;91;1619971;224;2410529;129;2507775;165;1691547
14.09.2020 18:00;4;3990;4;4000;119;828971;444;1476889;236;2163149;223;2208222;4;4000;4;4000;0;0;0;0;33;39250;11;11070;97;1468651;249;2227508;132;2205184;132;1894127
14.09.2020 19:00;4;3980;4;3990;83;452928;393;1272908;175;1648200;182;1877435;5;5000;4;4000;0;0;0;0;26;26280;9;9093;73;989534;210;1832542;129;1604933;112;915526
14.09.2020 20:00;4;3990;3;3000;49;399952;276;1223972;156;1157407;136;1148832;3;3000;3;3053;0;0;0;0;25;26170;1;1010;79;900506;135;1710154;128;1043766;121;511285
14.09.2020 21:00;2;2000;3;3000;36;172989;194;641781;106;706484;98;672544;2;2000;3;2990;0;0;0;0;13;13990;9;9050;35;333440;129;940886;105;447340;89;359275
14.09.2020 22:00;2;1990;2;2000;41;152220;160;808192;99;624896;79;654526;2;2000;2;2000;0;0;0;0;3;3010;8;8040;46;394207;111;922044;83;321929;60;210160
14.09.2020 23:00;2;2000;2;2000;17;179356;79;315371;35;403583;31;358200;2;2000;2;1980;0;0;0;0;8;8050;6;6030;21;302466;62;323950;45;177925;34;89202
15.09.2020 00:00;0;0;1;1000;8;46690;46;126630;17;289700;23;309526;0;0;1;990;0;0;0;0;1;1010;2;2000;9;172144;45;180186;21;51020;24;61090
15.09.2020 01:00;0;0;0;0;3;1950;16;45044;10;148330;7;158990;0;0;0;0;0;0;0;0;1;1810;0;0;1;5270;13;50130;7;24890;14;31780
15.09.2020 02:00;0;0;0;0;2;24300;22;64120;8;111880;6;109730;0;0;0;0;0;0;0;0;0;0;0;0;0;0;23;104830;3;8310;2;5360
15.09.2020 03:00;0;0;0;0;2;17810;16;13430;9;100045;7;153394;0;0;0;0;0;0;0;0;0;0;0;0;2;83740;15;54590;3;7350;1;560
15.09.2020 04:00;1;1000;0;0;4;2510;40;59162;20;180780;24;401386;1;1000;0;0;0;0;0;0;3;6239;0;0;3;48240;28;144140;15;37650;9;27430
15.09.2020 05:00;3;2980;2;2000;16;56280;172;670359;71;589390;93;972636;3;2990;3;3000;0;0;0;0;1;1000;0;0;9;79580;103;1016916;43;149570;20;81484
15.09.2020 06:00;4;3980;4;3990;41;248850;427;1108268;141;1246320;193;1626053;4;3990;3;2990;0;0;0;0;10;10400;8;8050;35;557945;128;2037406;99;1078307;74;361490
15.09.2020 07:00;7;7000;6;5990;81;695898;533;1851223;320;2127837;330;2296685;7;7000;6;6000;0;0;0;0;18;19580;16;16090;60;1071911;145;3157762;85;2270600;104;1532169
15.09.2020 08:00;8;7990;8;8000;114;850813;547;1564118;331;2160053;322;2403700;8;7970;9;8080;0;0;0;0;28;29030;8;8020;77;1109193;121;3264582;84;2238094;95;1579177
15.09.2020 09:00;5;4990;4;4000;85;710376;432;1802008;297;1792962;303;1920450;5;5000;3;3910;0;0;0;0;23;25930;10;10060;65;997752;172;2675405;93;1821292;110;1327421
15.09.2020 10:00;4;3990;5;5000;87;807235;347;1576084;280;1636695;276;1904137;4;3990;6;5980;0;0;0;0;34;35819;10;10060;72;1278038;132;2626012;119;1702337;115;1223495
15.09.2020 11:00;4;4000;5;5000;96;593058;359;1571448;234;1584651;263;1796498;4;3990;4;4000;0;0;0;0;30;33590;7;7103;85;1139699;159;2263809;148;2089081;133;1394355
15.09.2020 12:00;5;4990;5;5000;101;741478;356;1656006;251;1749672;231;1750276;5;5000;5;4990;0;0;0;0;43;46360;10;10050;75;1108096;160;2400006;148;2139573;120;1647271
15.09.2020 13:00;8;7990;8;7990;106;852338;400;1627179;277;1716766;249;1978503;8;8000;8;7960;0;0;0;0;34;36330;17;17110;87;1298768;163;2528901;130;2393942;152;1571195
15.09.2020 14:00;3;3000;5;5000;96;726382;367;1687203;248;1792826;241;1851210;3;3000;5;4990;0;0;0;0;34;37680;12;12050;80;1123435;155;2483448;128;2252354;135;1645496
15.09.2020 15:00;3;3000;3;3000;113;839378;476;1534627;289;2484573;266;2238223;3;3000;3;3000;0;0;0;0;29;31340;22;22930;85;1415456;242;2509802;118;2560368;142;1828701
15.09.2020 16:00;4;3970;4;4000;103;1070454;449;1794208;296;2094859;268;2233195;4;4000;5;4990;0;0;0;0;23;27470;20;20150;76;1463880;244;2600948;147;2578571;154;1746203
15.09.2020 17:00;3;3000;4;3990;121;661176;461;1940701;292;2632864;260;2424805;4;4000;3;2990;0;0;0;0;49;58700;22;22180;101;1723452;242;2435608;121;2633457;167;1912096
15.09.2020 18:00;5;5000;4;3990;120;673837;497;1878572;259;2173220;230;2057166;4;4000;4;3990;0;0;0;0;39;41720;21;21110;95;1441291;244;2787545;132;2639021;137;1955606
15.09.2020 19:00;5;4990;4;4000;102;649704;388;1219722;190;1843950;191;1964255;5;5000;4;4000;0;0;0;0;33;36630;13;13790;92;1316880;213;1750398;128;1898326;118;1285464
15.09.2020 20:00;3;2980;4;4000;55;351640;252;1088318;187;1270913;171;1210698;3;2990;4;4000;0;0;0;0;25;26910;9;9020;67;699480;131;1402595;145;983719;127;621603
15.09.2020 21:00;2;1990;3;3000;27;227140;227;867200;124;686296;112;865284;2;2000;3;2990;0;0;0;0;10;10320;9;9040;37;406943;132;1221157;106;560128;82;333270
15.09.2020 22:00;2;2000;2;1990;20;97830;176;859996;83;579275;74;561794;2;2000;2;2000;0;0;0;0;11;11440;5;5030;39;489899;125;946761;82;326590;69;355083
15.09.2020 23:00;2;1990;2;1990;20;77698;114;543677;50;467830;50;547960;2;2000;2;2000;0;0;0;0;9;9739;2;2010;28;314947;83;650332;51;223611;45;128640
16.09.2020 00:00;0;0;1;1000;3;2190;43;80774;12;145260;18;291663;0;0;1;990;0;0;0;0;4;5500;1;1000;4;53300;34;119940;23;57440;12;49270
16.09.2020 01:00;0;0;0;0;3;17950;13;23350;9;104400;9;135540;0;0;0;0;0;0;0;0;0;0;0;0;1;16280;14;47980;7;21043;6;18130
16.09.2020 02:00;0;0;0;0;3;18350;13;13350;13;177689;4;86660;0;0;0;0;0;0;0;0;0;0;0;0;0;0;10;37370;2;4450;2;4720
16.09.2020 03:00;0;0;0;0;0;0;17;11030;7;100590;5;116490;0;0;0;0;0;0;0;0;0;0;0;0;0;0;19;61260;2;1810;3;7010
16.09.2020 04:00;1;1000;0;0;4;20460;26;99332;19;185210;21;416690;1;1000;0;0;0;0;0;0;0;0;0;0;5;38270;28;148330;14;27972;8;16300
16.09.2020 05:00;3;3000;3;3000;14;25840;160;557050;60;665230;93;802225;3;3000;3;2990;0;0;0;0;3;3030;0;0;9;57311;107;793200;45;178560;34;109819
16.09.2020 06:00;4;4000;4;4000;37;173600;414;1014720;129;1324025;187;1823938;4;3980;4;4000;0;0;0;0;6;6930;13;13050;30;473828;127;2159457;94;1040386;75;381365
16.09.2020 07:00;7;6990;5;4980;96;631544;535;1549349;319;2077999;338;2315989;7;6980;6;6000;0;0;0;0;38;44703;13;13050;77;1020449;166;3103501;78;2059206;90;1381741
16.09.2020 08:00;8;8000;8;7980;102;673943;516;1621629;331;2193008;316;2276684;8;7980;7;7000;0;0;0;0;21;25820;13;13020;71;1072651;178;3113628;84;2065552;115;1300085
16.09.2020 09:00;4;4000;5;4990;74;615042;402;1679860;292;2061582;275;2034412;4;4000;5;4990;0;0;0;0;23;26740;8;8050;62;1140905;156;2522282;108;1938962;111;1272849
16.09.2020 10:00;4;3990;4;4000;71;606258;374;1612484;286;1805911;272;1993152;4;4000;4;3990;0;0;0;0;30;33270;12;12030;74;1088293;159;2476193;124;1885006;122;1235709
16.09.2020 11:00;4;3990;4;4000;90;558150;346;1348993;243;1484025;272;2041004;4;4000;4;3990;0;0;0;0;26;30030;5;5040;68;1280007;150;2163764;108;1767032;131;1166522
16.09.2020 12:00;5;4990;5;5000;106;772751;418;1731583;272;1944049;273;1790512;5;4990;5;5000;0;0;0;0;30;32170;18;17450;79;1505720;142;2512555;124;2151390;129;1285008
16.09.2020 13:00;8;8000;7;7000;98;745817;363;1688321;286;1896633;288;2010177;8;7990;7;6980;0;0;0;0;30;34020;13;14443;90;1530939;168;2584293;142;2370410;147;1345725
16.09.2020 14:00;5;4990;7;7000;94;838833;411;1574540;254;1879424;229;1784335;5;5000;7;7000;0;0;0;0;27;29700;19;19130;83;1472617;170;2498945;129;2190175;153;1724825
16.09.2020 15:00;4;4000;4;3990;108;827398;438;1593779;301;2186451;264;2049686;4;4000;4;3990;0;0;0;0;36;41130;17;17120;70;936949;196;2440462;149;2557972;139;2009639
16.09.2020 16:00;4;3990;3;3000;119;897861;500;1681986;288;2383968;248;2438280;4;4000;4;3990;0;0;0;0;55;65500;19;19090;97;1715363;259;2679486;148;2759287;160;1936390
16.09.2020 17:00;4;4000;5;4990;119;943910;466;2050819;277;2101445;263;1941386;4;4000;4;4000;0;0;0;0;23;26390;5;5020;94;1470826;221;2786734;137;2542288;177;1945162
16.09.2020 18:00;3;3000;4;4000;112;832624;452;1685755;234;1963133;228;2254491;3;3000;4;4000;0;0;0;0;31;31670;17;17070;84;1287523;256;2182631;140;2405143;150;1652667
16.09.2020 19:00;6;6000;4;4000;79;793391;377;877798;209;1743573;183;1916060;6;5980;4;4000;0;0;0;0;23;23610;22;22570;72;1210893;216;1803165;126;1727576;142;1237379
16.09.2020 20:00;3;3000;3;3000;57;448398;250;1160574;172;1036480;146;1225658;3;3000;3;3000;0;0;0;0;18;21230;12;12080;60;703950;141;1693834;133;1115463;109;604730
16.09.2020 21:00;2;1990;3;3000;27;138470;239;1096311;126;754152;116;1007443;2;2000;3;3000;0;0;0;0;16;17550;16;16080;39;428333;157;1436656;129;784650;84;483941
16.09.2020 22:00;2;2000;2;2000;27;185463;184;860789;97;724194;83;844370;2;2000;2;2000;0;0;0;0;6;6040;3;3010;36;375238;127;856528;93;389046;74;271069
16.09.2020 23:00;2;2000;2;2000;12;60775;99;309665;37;456908;38;426113;2;2000;2;1990;0;0;0;0;7;7400;5;5030;17;122160;83;393334;45;147126;36;123730
17.09.2020 00:00;0;0;1;1000;4;31330;43;236763;20;126030;17;273764;0;0;1;1000;0;0;0;0;4;4030;2;2010;9;166795;37;168880;28;93810;18;43540
17.09.2020 01:00;0;0;0;0;5;17606;19;66220;9;93780;6;63580;0;0;0;0;0;0;0;0;0;0;1;1010;0;0;15;52940;8;9870;10;29949
17.09.2020 02:00;0;0;0;0;6;87410;12;6210;7;131323;4;43200;0;0;0;0;0;0;0;0;0;0;0;0;2;35480;13;43540;6;15600;2;5040
17.09.2020 03:00;0;0;0;0;0;0;13;8210;6;55860;7;120350;0;0;0;0;0;0;0;0;0;0;0;0;4;3580;12;55970;4;6530;1;2260
17.09.2020 04:00;1;1000;0;0;4;2690;39;42180;24;314170;26;487639;1;1000;0;0;0;0;0;0;0;0;0;0;5;59460;33;174911;12;39466;12;30430
17.09.2020 05:00;3;3000;3;2990;19;167635;144;618311;74;669492;92;801628;3;3000;3;3000;0;0;0;0;0;0;0;0;12;152350;96;842112;50;183500;14;40810
17.09.2020 06:00;4;4000;4;4000;22;153320;416;1187933;129;1177332;174;1489753;4;3980;4;3990;0;0;0;0;4;4170;8;8020;37;452450;133;2228697;109;989107;73;429535
17.09.2020 07:00;7;7000;6;6000;81;574301;525;1925218;308;2050549;324;2302883;7;6990;6;6000;0;0;0;0;25;29180;14;14040;76;953503;174;3197101;81;2240367;97;1386610
17.09.2020 08:00;8;8000;8;7990;87;584736;533;1660839;301;2130275;308;2237854;8;8000;8;8000;0;0;0;0;17;22940;13;13020;72;1107733;187;3169941;87;2193178;108;1325144
17.09.2020 09:00;4;4000;3;3000;74;656313;451;1530610;294;1932398;295;2055347;4;4000;3;3000;0;0;0;0;23;23190;12;12040;67;985274;163;2710261;99;2147406;112;1340799
17.09.2020 10:00;4;4000;5;4990;83;695535;391;1750693;266;1745130;275;1863219;4;3980;5;5000;0;0;0;0;23;24692;20;20970;72;1206553;161;2642538;117;1755295;123;1044490
17.09.2020 11:00;4;4000;3;2990;118;704677;357;1642525;247;1685794;236;1979080;4;4000;4;3990;0;0;0;0;34;39470;8;8060;88;1232700;149;2326887;133;1785760;131;949223
17.09.2020 12:00;5;4990;6;5990;116;862097;406;1595243;270;1540565;274;1916623;5;4990;5;5000;0;0;0;0;41;44080;16;16070;95;1208002;166;2714000;129;2351092;154;1563757
17.09.2020 13:00;8;8000;7;7000;111;976174;366;1900941;274;2005754;267;1977794;8;8000;7;6980;0;0;0;0;39;44300;16;16070;91;1580484;163;2555699;131;2338779;131;2016974
17.09.2020 14:00;5;4990;6;6000;102;697250;392;1751470;278;1991141;261;1964011;5;5000;6;6000;0;0;0;0;27;28480;14;14050;74;1336050;144;2544399;154;2381823;139;1497148
17.09.2020 15:00;4;3990;4;3990;111;598181;463;1930912;322;2054142;294;2149444;4;4000;4;4000;0;0;0;0;38;38830;18;18100;100;1891148;181;2786952;117;2641965;129;1912215
17.09.2020 16:00;4;4000;4;3990;140;1062398;491;1766526;294;2382304;276;2213482;4;3980;4;4000;0;0;0;0;42;50790;22;22100;91;1486036;243;2616303;120;2471337;132;1915978
17.09.2020 17:00;4;3990;4;4000;145;946887;512;1860738;249;2660879;242;2709745;4;3970;4;3990;0;0;0;0;37;41390;24;24130;101;1875526;265;2666310;130;2700797;155;1894102
17.09.2020 18:00;4;3990;5;4990;109;589455;436;1473685;243;2138431;228;2124195;4;4000;5;5000;0;0;0;0;36;43660;22;22090;92;1518809;262;2354184;135;2314333;170;1783161
17.09.2020 19:00;5;4980;4;3990;83;542424;369;1337550;204;1676855;183;1743407;5;4990;4;3990;0;0;0;0;25;28060;14;14090;62;1053411;213;1954464;131;1849343;155;1543833
17.09.2020 20:00;3;3000;3;2990;61;424084;286;1281828;196;1338732;170;1265200;3;2990;3;3000;0;0;0;0;17;18410;13;13050;66;897366;150;1620463;137;1099720;122;642320
17.09.2020 21:00;2;1990;3;3000;42;148985;239;1100154;118;730651;118;892580;2;2000;3;3000;0;0;0;0;18;18870;9;9030;56;570809;133;1190145;115;661708;96;566046
17.09.2020 22:00;2;2000;2;2000;38;259303;191;679856;111;730729;99;852309;2;2000;2;2000;0;0;0;0;15;18582;5;5010;38;496253;117;835461;91;449700;77;408793
17.09.2020 23:00;2;1980;2;2000;18;117890;103;472506;52;438972;43;462082;2;2000;2;1990;0;0;0;0;6;7900;1;1000;18;102770;72;505792;47;181220;41;212976
18.09.2020 00:00;0;0;1;1000;5;39220;60;155600;17;215250;20;291852;0;0;1;1000;0;0;0;0;2;2010;4;4046;0;0;52;218620;19;81665;19;42720
18.09.2020 01:00;0;0;0;0;6;21970;23;54110;13;218810;13;240650;0;0;0;0;0;0;0;0;0;0;0;0;3;20400;17;90170;11;26750;11;23870
18.09.2020 02:00;0;0;0;0;4;1620;16;99814;8;133800;6;134740;0;0;0;0;0;0;0;0;0;0;0;0;3;53390;18;62320;2;1530;12;26480
18.09.2020 03:00;0;0;0;0;1;16250;15;33330;7;79610;6;122230;0;0;0;0;0;0;0;0;2;2010;0;0;2;16880;13;33220;5;16090;1;3260
18.09.2020 04:00;1;1000;0;0;4;46660;37;100440;17;165574;19;307014;1;990;0;0;0;0;0;0;0;0;0;0;5;61167;34;137297;11;18210;15;34660
18.09.2020 05:00;3;3000;3;2990;10;96977;144;442815;66;488754;97;735345;3;3000;3;3000;0;0;0;0;1;1010;3;3010;12;132330;95;794704;54;259364;35;147090
18.09.2020 06:00;4;3990;4;3980;30;340004;374;896115;130;963646;175;1539274;4;4000;4;3990;0;0;0;0;1;1010;6;6020;30;489822;124;1654377;108;949030;69;417540
18.09.2020 07:00;7;7000;5;4990;80;468212;461;1907227;299;2019086;306;2440748;7;7000;5;5000;0;0;0;0;19;19860;8;8020;66;958791;162;2792653;85;2161783;104;1386690
18.09.2020 08:00;8;7990;9;9000;68;537875;452;1929001;329;1792091;321;2139033;8;8000;9;9000;0;0;0;0;20;21570;10;10112;66;990057;176;3032435;75;2059224;108;1397971
18.09.2020 09:00;4;3990;4;3980;72;619650;441;1606237;298;2096710;282;2180660;4;3990;4;4000;0;0;0;0;35;36880;14;14060;72;1114498;164;2669797;100;2062346;116;1367422
18.09.2020 10:00;4;3990;4;4056;84;850835;385;1650807;257;1815117;257;1934514;4;3990;4;4000;0;0;0;0;34;38714;9;9060;78;1424376;141;2475029;118;2114608;152;1241859
18.09.2020 11:00;4;3990;4;4000;106;936797;410;1578928;292;1903295;266;2085605;4;3980;4;4000;0;0;0;0;30;32720;20;20177;87;1501926;135;2657467;112;2101805;128;1254294
18.09.2020 12:00;5;4990;4;4000;133;938796;429;1689740;287;2144489;268;2271065;5;5000;5;5000;0;0;0;0;42;45210;11;11030;96;1630170;191;2558516;132;2432721;183;1593640
18.09.2020 13:00;8;7980;9;9000;133;952206;468;1922709;298;2622493;297;2768853;8;7990;8;7980;0;0;0;0;62;67570;15;15090;74;1404921;210;2732949;118;2746991;146;2042892
18.09.2020 14:00;5;5000;5;5000;124;795802;506;1965482;278;2288348;264;2372261;5;4990;6;5990;0;0;0;0;38;40907;19;19070;106;1697931;234;2718561;111;2629004;157;2078288
18.09.2020 15:00;4;3990;5;5000;117;958860;457;1944170;312;2264308;263;2397014;4;3990;4;3990;0;0;0;0;31;33050;16;16060;97;1276041;242;2544894;134;2626539;161;1948541
18.09.2020 16:00;4;3990;3;3000;107;640460;481;1602673;274;2324480;247;2174090;4;4000;3;3000;0;0;0;0;33;37319;32;32680;87;1195063;249;2543890;145;2583930;147;1966773
18.09.2020 17:00;4;3990;5;4990;106;906528;501;1634125;274;2089826;262;2261216;4;4000;5;5000;0;0;0;0;36;38520;13;13050;76;1081645;254;2544813;137;2535869;133;1797043
18.09.2020 18:00;4;3990;3;3000;112;633005;481;1546624;234;2213164;230;2197944;4;4000;4;4000;0;0;0;0;33;36840;20;20110;95;1315963;240;2650670;124;2042013;137;1741737
18.09.2020 19:00;4;4000;4;3990;81;750487;418;1205595;208;1639565;177;1930506;5;5000;3;3000;0;0;0;0;50;53230;17;17080;79;1248711;218;1908216;154;1989457;136;1359491
18.09.2020 20:00;4;3990;4;4000;62;437586;305;1071792;179;1236590;162;1273365;3;3000;4;4000;0;0;0;0;21;23040;14;14050;58;672173;137;1743411;152;1277149;115;758103
18.09.2020 21:00;2;1990;3;3000;45;218350;249;892585;102;847238;96;762243;2;2000;3;3000;0;0;0;0;32;34956;11;11070;38;346293;129;1245099;129;702053;103;430099
18.09.2020 22:00;2;2000;2;1990;47;269600;244;904292;124;650356;89;611553;2;2000;2;2000;0;0;0;0;16;18140;10;10010;41;360250;152;1310931;97;430850;100;534695
18.09.2020 23:00;2;2000;2;2000;30;272210;193;793339;78;512864;68;683901;2;2000;2;2000;0;0;0;0;11;11330;6;6020;41;401160;127;1010774;98;617081;69;337610
19.09.2020 00:00;0;0;1;1000;14;70110;80;272060;39;227625;41;458976;0;0;1;1000;0;0;0;0;8;8070;2;2000;10;191320;73;337240;30;106970;34;90117
19.09.2020 01:00;0;0;0;0;10;103830;61;174450;23;277800;26;317167;0;0;0;0;0;0;0;0;2;2060;1;1000;13;169840;49;237590;24;100838;25;68067
19.09.2020 02:00;0;0;0;0;15;92640;39;86680;11;147997;18;266312;0;0;0;0;0;0;0;0;1;1010;2;2000;4;27020;29;145867;20;48240;7;24080
19.09.2020 03:00;0;0;0;0;11;25370;23;97445;10;68930;22;348340;0;0;0;0;0;0;0;0;0;0;0;0;5;63345;22;111045;8;17290;7;28170
19.09.2020 04:00;1;1000;0;0;6;39940;17;67090;26;414953;19;311240;1;1000;0;0;0;0;0;0;0;0;0;0;7;67720;12;45520;10;22900;9;22310
19.09.2020 05:00;3;2980;3;2990;10;12090;50;192338;35;462924;35;577275;3;3000;3;3000;0;0;0;0;0;0;2;2010;7;84560;39;212452;29;82310;19;61190
19.09.2020 06:00;4;3990;4;4000;8;72270;76;181530;26;244400;41;622135;4;4000;4;4000;0;0;0;0;2;2000;1;1000;10;113163;64;281695;41;205823;25;73970
19.09.2020 07:00;4;3980;4;4000;15;72790;146;686086;51;471686;62;804963;4;4000;4;3990;0;0;0;0;6;7180;2;2000;19;276974;106;763135;59;311833;34;280281
19.09.2020 08:00;5;4990;4;3990;28;130969;228;1133311;107;960545;117;736979;5;4980;4;4000;0;0;0;0;14;15170;8;8040;38;399096;133;1325870;101;841074;70;441380
19.09.2020 09:00;5;5000;5;5000;54;383560;292;1413999;219;1471415;223;1703316;5;4990;5;5000;0;0;0;0;16;16840;2;2000;44;634544;158;1874614;124;1777371;117;734334
19.09.2020 10:00;4;4000;4;4000;63;504690;374;1664700;289;1852920;281;1823872;4;3990;4;3980;0;0;0;0;36;37208;14;14070;68;1030455;169;2393205;124;1780001;136;1359848
19.09.2020 11:00;4;4000;4;3990;78;606460;389;1434092;256;1701814;260;1944614;4;4000;4;4000;0;0;0;0;30;33930;14;14070;73;1127109;158;2375343;122;1814003;129;1299830
19.09.2020 12:00;5;5000;4;3990;102;832172;387;1738145;258;1741481;273;1906439;5;4990;4;4000;0;0;0;0;33;34520;14;14090;84;1575922;172;2432246;127;2142463;139;1229024
19.09.2020 13:00;4;3990;5;5000;82;639923;458;1490101;236;2007962;232;1983461;4;3990;5;5000;0;0;0;0;46;49560;12;12060;73;1313201;158;2608413;128;2162115;142;1430571
19.09.2020 14:00;4;4000;4;4000;84;584731;419;1603017;238;1924648;227;2008810;4;3990;4;3990;0;0;0;0;33;36460;21;21130;79;1185968;170;2554143;152;2147283;147;1739961
19.09.2020 15:00;4;4000;4;3990;84;694009;384;1645201;215;1439646;223;1653028;4;3990;4;4000;0;0;0;0;26;32290;22;22110;76;1151570;166;2426793;122;2121951;156;1632139
19.09.2020 16:00;4;3980;4;4000;80;647729;382;1515295;216;1639292;172;1761715;4;4000;4;4000;0;0;0;0;36;46454;11;11050;68;936139;187;2240495;142;1758805;143;1605093
19.09.2020 17:00;4;3990;5;5000;89;532531;385;1478069;207;1475935;204;1641140;4;4000;5;5000;0;0;0;0;42;46910;19;19080;78;1277384;180;2454175;128;1945307;133;1501571
19.09.2020 18:00;4;3990;4;4000;79;732055;421;1516844;223;1346751;195;1581967;4;4000;4;4000;0;0;0;0;34;38870;12;12060;65;1091377;196;2387711;121;1809927;137;1189016
19.09.2020 19:00;4;4000;4;4000;73;511673;358;1452097;189;1197560;172;1295557;4;4000;4;4000;0;0;0;0;27;31050;11;11070;60;874125;129;2255824;112;1715454;118;1120559
19.09.2020 20:00;2;2000;2;2000;59;405963;317;1146569;177;1223348;150;1213781;2;2000;2;2000;0;0;0;0;32;38560;11;11010;58;725159;188;1871315;133;942320;131;642178
19.09.2020 21:00;2;2000;2;2000;41;352935;277;1069944;113;669725;97;856074;2;2000;2;2000;0;0;0;0;24;24900;9;9030;53;752571;130;1470358;142;793161;94;442509
19.09.2020 22:00;2;2000;2;2000;52;302226;234;986838;97;626919;91;766541;2;2000;2;1990;0;0;0;0;15;16000;10;10020;49;457071;139;1341137;111;674409;101;503306
19.09.2020 23:00;2;2000;2;2000;28;220526;172;621175;78;688570;91;880363;2;2000;2;2000;0;0;0;0;9;9200;6;6030;32;309393;119;1012371;82;615520;66;397195
20.09.2020 00:00;0;0;1;1000;9;46520;97;298210;45;354526;50;654699;0;0;1;1000;0;0;0;0;7;7190;4;4010;8;78489;86;377400;70;253360;42;129666
20.09.2020 01:00;0;0;0;0;12;96700;65;286111;38;212140;36;416260;0;0;0;0;0;0;0;0;3;3470;2;2010;6;79000;55;251590;34;102131;29;75540
20.09.2020 02:00;0;0;0;0;6;40250;37;117250;22;223620;19;272030;0;0;0;0;0;0;0;0;0;0;0;0;6;101320;33;122310;29;97310;16;45790
20.09.2020 03:00;0;0;0;0;5;27000;27;150830;11;125910;11;213685;0;0;0;0;0;0;0;0;1;1010;4;4020;8;122820;27;149083;13;36860;7;17850
20.09.2020 04:00;0;0;0;0;4;5270;11;24170;16;132180;15;289350;0;0;0;0;0;0;0;0;1;1150;1;1000;2;43710;11;117694;5;16150;13;31660
20.09.2020 05:00;1;1000;1;990;4;17990;27;69660;22;264233;30;448203;2;2000;1;1000;0;0;0;0;0;0;0;0;8;86690;18;63530;10;32356;15;68676
20.09.2020 06:00;3;3000;2;2000;9;107070;33;47200;11;217554;12;226558;2;1990;2;2000;0;0;0;0;2;2000;0;0;7;59510;25;84730;21;81180;12;65770
20.09.2020 07:00;2;2000;2;2000;9;63200;35;116900;30;406996;23;356406;2;2000;2;2000;0;0;0;0;0;0;0;0;12;251056;40;103660;30;112310;23;60560
20.09.2020 08:00;2;1990;2;1990;14;66683;86;476192;67;399586;58;652113;2;2000;2;2000;0;0;0;0;5;5080;0;0;16;207555;72;496651;52;357554;36;128429
20.09.2020 09:00;2;2000;2;2000;31;152720;193;721336;111;750879;106;1035611;2;1990;2;2000;0;0;0;0;15;18580;6;6040;29;269090;139;882876;92;819809;67;324073
20.09.2020 10:00;2;2000;2;2000;38;273911;238;875743;144;815412;136;984192;2;2000;2;2000;0;0;0;0;10;11260;10;10030;47;547593;145;1243511;118;994150;117;558258
20.09.2020 11:00;2;2000;2;2000;41;232180;277;1072867;176;989860;174;1408922;2;1990;2;2000;0;0;0;0;13;17530;3;3020;48;730217;151;1496455;123;1062690;128;880917
20.09.2020 12:00;3;3000;3;3000;43;329930;323;982908;199;1375890;190;1339221;3;3000;3;2990;0;0;0;0;20;31046;7;7040;56;701076;169;1708493;131;1379228;104;878806
20.09.2020 13:00;4;3990;4;4000;67;350432;325;1386041;181;1198640;176;1378480;4;3990;4;4000;0;0;0;0;11;11625;8;8040;62;678534;180;1789903;127;1532893;128;864929
20.09.2020 14:00;4;4000;4;4000;68;455856;351;1293617;211;1369405;189;1279224;4;4000;4;3990;0;0;0;0;33;37010;13;13060;60;788913;180;1886783;150;1594145;124;1187421
20.09.2020 15:00;4;4000;4;4000;57;414825;346;1369457;229;1347068;196;1405684;4;4000;4;3990;0;0;0;0;28;31124;7;7060;55;743455;171;1911900;129;1597381;106;1083843
20.09.2020 16:00;4;4000;4;4000;57;371909;352;1164419;187;1176435;181;1420354;4;4000;4;4000;0;0;0;0;18;21230;6;6050;49;492230;180;1808116;113;1144394;100;733907
20.09.2020 17:00;4;4000;4;3990;56;367767;425;1338157;211;1275998;206;1489394;4;3990;4;4000;0;0;0;0;24;28080;11;11050;61;653422;183;2272192;121;1398424;131;1051267
20.09.2020 18:00;4;4000;4;4000;63;438525;445;1454817;189;1519884;185;1653188;4;4000;4;3990;0;0;0;0;24;26190;9;9030;56;632809;216;2414159;136;1514841;142;1078681
20.09.2020 19:00;2;2000;2;2000;46;418610;376;1171718;182;1182274;159;1333048;2;2000;2;1990;0;0;0;0;25;26620;6;6030;65;883975;177;1930608;147;1131808;113;760618
20.09.2020 20:00;2;2000;2;2000;40;252170;298;1065896;125;915280;144;1271520;2;2000;2;2000;0;0;0;0;12;12120;10;10050;46;450300;136;1691298;150;1017047;124;634288
20.09.2020 21:00;2;2000;2;2000;32;193510;203;819719;88;520916;91;753022;2;2000;2;2000;0;0;0;0;10;11280;9;9010;32;736620;128;1152646;95;549673;69;353748
20.09.2020 22:00;2;1990;2;2000;18;64022;109;324879;65;425342;62;699383;2;2000;2;1990;0;0;0;0;8;8370;4;4020;18;184616;81;525031;67;335410;54;179490
20.09.2020 23:00;2;2000;2;1990;8;596129;52;231328;32;291310;27;314910;2;2000;2;2000;0;0;0;0;2;3040;2;2000;12;129580;46;187910;36;123124;21;58280
21.09.2020 00:00;0;0;1;1000;5;53550;32;44640;13;108970;7;103810;0;0;1;1000;0;0;0;0;1;1010;0;0;6;94156;32;112398;16;44260;11;23500
21.09.2020 01:00;0;0;0;0;1;1700;16;50540;9;146980;8;160420;0;0;0;0;0;0;0;0;0;0;0;0;1;19889;12;42930;10;23310;10;24797
21.09.2020 02:00;0;0;0;0;1;810;13;7160;7;57700;10;153320;0;0;0;0;0;0;0;0;0;0;0;0;1;46890;12;47450;4;9180;6;14130
21.09.2020 03:00;0;0;0;0;2;45710;13;6890;7;123666;8;149057;0;0;0;0;0;0;0;0;0;0;0;0;1;19420;13;42400;3;6420;0;0
21.09.2020 04:00;1;1000;0;0;5;25330;30;123985;20;249810;24;370875;1;1000;0;0;0;0;0;0;0;0;0;0;8;155830;25;141050;15;33840;12;25280
21.09.2020 05:00;3;3000;3;3000;11;102580;152;386496;64;726991;92;869289;3;2990;3;3000;0;0;0;0;0;0;0;0;14;142485;94;923040;45;187524;16;56120
21.09.2020 06:00;4;3990;4;4000;31;254191;454;1285203;149;1242534;190;1776737;4;4000;4;3990;0;0;0;0;5;5670;3;3000;32;376902;103;2333817;121;990622;102;484344
21.09.2020 07:00;6;5990;5;5000;81;887208;564;1866029;260;2196568;279;2337759;6;6000;6;6000;0;0;0;0;30;37518;13;13080;59;1091942;165;3146005;77;2176543;104;1270572
21.09.2020 08:00;8;7980;9;8980;79;819643;527;1876737;313;2137724;335;2438622;8;7990;8;7990;0;0;0;0;23;24580;9;9030;69;1301094;166;3129333;86;2077816;104;1527460
21.09.2020 09:00;3;3000;3;3000;66;450886;438;1600129;248;1623809;248;1805657;4;4000;3;3000;0;0;0;0;26;27490;14;14163;51;697946;194;2386356;97;1775929;112;1113963
21.09.2020 10:00;5;4970;3;3000;98;870068;354;1505724;275;1650758;266;1796408;4;3990;4;4000;0;0;0;0;25;26420;10;10050;62;867171;144;2317663;146;2069269;155;1301183
21.09.2020 11:00;4;3990;4;3990;109;686429;399;1825849;267;1894481;253;1927049;4;4000;3;3000;0;0;0;0;29;30200;14;14060;85;1185705;152;2602246;107;1989853;139;1284396
21.09.2020 12:00;5;4990;5;4980;90;946507;342;1570804;237;1705471;204;1705923;5;4990;5;4990;0;0;0;0;26;31080;14;14100;95;1513042;151;2229408;120;1873847;136;1007288
21.09.2020 13:00;8;8000;8;7990;117;837987;384;1903915;286;1869115;266;1979525;8;7990;8;7980;0;0;0;0;29;38800;9;9050;93;1467958;153;2735224;120;2193623;127;1569224
21.09.2020 14:00;5;4990;7;6980;105;895809;386;1490469;274;2030457;266;1958296;5;4990;7;6990;0;0;0;0;43;48140;14;14070;102;1461256;171;2460651;128;2463334;149;1375439
21.09.2020 15:00;4;4000;3;3000;121;756983;459;1881768;283;2320128;267;2119823;4;3990;4;4000;0;0;0;0;42;49230;18;18110;99;1298540;204;2807141;132;2543331;155;1548679
21.09.2020 16:00;4;4000;5;4990;108;599365;510;1496009;282;2690756;279;2258516;4;4000;4;3990;0;0;0;0;39;44460;15;15100;77;1463963;273;2443419;135;2822164;151;1836624
21.09.2020 17:00;4;4000;4;4000;120;701490;485;1667791;261;2227674;223;2159681;4;4000;4;4000;0;0;0;0;50;64026;28;28150;91;1456517;254;2469056;147;2549719;156;1893473
21.09.2020 18:00;4;3990;4;3990;114;969503;471;1527455;224;2413583;224;2366923;4;4000;4;4000;0;0;0;0;41;46960;16;16100;109;1532020;259;2364202;125;2409312;140;1671225
21.09.2020 19:00;5;5054;4;4000;74;510713;371;942513;186;1562700;164;1764126;5;4990;4;4000;0;0;0;0;40;47218;16;16090;81;1280292;206;1817223;164;1702072;131;1342287
21.09.2020 20:00;3;3000;3;2990;50;420465;290;983608;136;1056879;120;1122272;3;2990;3;3000;0;0;0;0;23;26390;9;9086;43;555396;158;1618371;146;965301;110;478986
21.09.2020 21:00;2;2000;3;3000;30;231880;216;744698;90;727408;82;745029;2;1990;3;3000;0;0;0;0;10;10850;2;2000;28;383080;129;941057;83;391980;93;353066
21.09.2020 22:00;2;1990;2;2000;39;165580;146;530876;82;653223;62;679562;2;2000;2;2000;0;0;0;0;8;8770;8;8020;25;251352;96;644145;88;332605;73;336399
21.09.2020 23:00;2;2000;2;1990;15;91735;85;366802;29;283310;31;350390;2;2000;2;2000;0;0;0;0;4;4070;1;1000;13;140460;70;329737;41;128890;44;98460
22.09.2020 00:00;0;0;1;1000;4;20990;39;43880;21;216805;18;241810;0;0;1;1000;0;0;0;0;1;1010;3;3000;6;83625;31;386524;24;110130;12;31330
22.09.2020 01:00;0;0;0;0;2;6340;13;24030;8;156720;8;239890;0;0;0;0;0;0;0;0;0;0;0;0;3;35100;8;30650;7;15540;6;16980
22.09.2020 02:00;0;0;0;0;3;31315;14;7180;6;140550;6;136900;0;0;0;0;0;0;0;0;1;1010;1;1000;1;16860;14;45540;11;21820;5;9856
22.09.2020 03:00;0;0;0;0;2;1630;17;37170;10;55840;8;97880;0;0;0;0;0;0;0;0;0;0;0;0;1;40350;16;57850;8;15650;2;4710
22.09.2020 04:00;1;1000;0;0;7;48820;32;39340;21;163042;29;437466;1;1000;0;0;0;0;0;0;1;1000;0;0;11;142690;30;117850;14;29730;10;19650
22.09.2020 05:00;3;3000;3;3000;8;45270;155;561592;69;601868;89;805144;3;3000;3;3000;0;0;0;0;0;0;3;3010;13;143670;90;921921;61;214564;18;62890
22.09.2020 06:00;4;4000;4;4000;28;323729;433;1206182;122;1143521;178;1713975;4;3990;4;4000;0;0;0;0;6;6550;6;6010;41;801719;122;2197664;114;1022045;75;428894
22.09.2020 07:00;7;6960;6;5980;71;663480;516;1524068;305;2183958;297;2333809;7;7000;6;6000;0;0;0;0;32;34420;13;13070;60;1042546;162;3060751;84;2119480;96;1317765
22.09.2020 08:00;8;8000;8;8000;85;571942;508;1853453;341;1996416;346;2184450;8;8000;8;7980;0;0;0;0;29;33404;9;9030;66;1282682;158;3194419;99;2137952;134;1469689
22.09.2020 09:00;4;3990;3;3000;81;680176;464;1655610;296;2050358;285;2209055;4;4000;3;2980;0;0;0;0;22;23120;5;5020;60;1081175;181;2708170;106;1867829;103;1431741
22.09.2020 10:00;4;4000;4;3990;71;732930;379;1526265;255;1643562;283;1895620;4;3980;4;3990;0;0;0;0;24;24200;14;14050;66;1102789;137;2743838;125;1542283;149;1198074
22.09.2020 11:00;4;4000;4;4000;109;1050072;375;1403145;256;1790800;241;1912732;4;3990;5;4980;0;0;0;0;31;31410;11;11070;80;1108136;148;2422371;120;2016517;120;1235219
22.09.2020 12:00;5;5000;6;5990;114;727663;378;1749330;276;1942456;278;1810241;5;5000;5;4990;0;0;0;0;35;40472;13;13090;88;1550358;148;2619337;130;2246281;150;1549362
22.09.2020 13:00;8;8000;7;6990;113;866518;409;1799448;282;1925865;266;1871059;8;7990;8;7980;0;0;0;0;49;52950;16;16100;90;1317012;156;2701831;131;2242768;138;1268597
22.09.2020 14:00;5;5000;7;6990;107;976385;398;1794278;273;1578861;239;1637817;5;5000;6;6000;0;0;0;0;36;38630;19;19080;86;1273778;135;2735692;147;2378909;141;1488305
22.09.2020 15:00;3;2990;4;4080;105;819754;503;1631195;286;2113215;256;2237679;3;3000;4;4000;0;0;0;0;46;51834;12;12060;80;1407188;205;2674170;116;2597644;155;1912343
22.09.2020 16:00;5;5000;4;4000;114;792450;484;1680474;304;2355227;262;2190749;5;5000;4;4000;0;0;0;0;35;37400;26;26130;103;1403280;256;2506250;125;2778378;137;1805593
22.09.2020 17:00;4;3990;3;3000;116;840469;497;1865759;268;2587580;268;2188220;4;4000;4;4000;0;0;0;0;49;53797;20;20100;103;1667967;264;2622397;119;2576759;141;1845512
22.09.2020 18:00;4;4055;5;4990;115;759094;461;1804511;266;2147927;236;2124428;4;3990;4;4000;0;0;0;0;26;27930;17;17130;89;1423215;234;2377901;113;2434128;161;1679686
22.09.2020 19:00;5;5000;4;3990;87;764064;356;1024689;218;1801897;198;2027076;5;4980;4;4000;0;0;0;0;28;29920;14;14080;77;934776;187;1811554;128;1766911;123;1222950
22.09.2020 20:00;3;3000;3;2990;57;308540;248;1160049;164;1119431;153;1191026;3;2990;3;2990;0;0;0;0;15;17430;7;7020;57;665831;131;1524584;138;1032107;91;760365
22.09.2020 21:00;2;2000;3;3000;46;193030;223;914838;118;807273;100;747366;2;2000;3;2990;0;0;0;0;8;9780;2;2010;43;464700;125;1172026;116;666257;78;333002
22.09.2020 22:00;2;2000;2;2000;27;117925;175;831958;80;625822;79;674732;2;2000;2;2000;0;0;0;0;10;10464;7;7060;35;266745;128;977369;95;565611;70;314073
22.09.2020 23:00;2;1990;2;2000;26;107140;107;385620;55;296767;28;485767;2;2000;2;2000;0;0;0;0;2;2010;2;2010;18;191700;84;404334;53;189490;34;142020
23.09.2020 00:00;0;0;1;1000;8;14190;35;175748;15;155677;18;247204;0;0;1;1000;0;0;0;0;3;3020;0;0;6;106330;27;135543;27;61130;17;33959
23.09.2020 01:00;0;0;0;0;6;37270;16;68980;7;68390;11;205050;0;0;0;0;0;0;0;0;0;0;1;1000;2;50330;14;51210;15;34648;9;13218
23.09.2020 02:00;0;0;0;0;3;17660;11;53690;4;90944;3;71934;0;0;0;0;0;0;0;0;0;0;0;0;3;27470;12;44980;8;15390;6;10200
23.09.2020 03:00;0;0;0;0;2;17730;11;22500;6;94893;5;137513;0;0;0;0;0;0;0;0;0;0;0;0;0;0;9;35380;3;13830;4;21860
23.09.2020 04:00;1;1000;0;0;5;62440;30;85675;21;267760;24;441080;1;1000;0;0;0;0;0;0;0;0;0;0;8;53040;28;178260;18;62140;16;84670
23.09.2020 05:00;3;2980;2;2000;10;30684;163;568069;66;752814;87;1001373;3;3000;3;3000;0;0;0;0;0;0;2;2000;12;66570;90;882663;45;215413;18;74746
23.09.2020 06:00;4;4000;4;4000;39;189947;419;1123412;154;1210445;195;1628975;4;4000;4;3990;0;0;0;0;6;6670;5;5020;35;730002;152;1959853;99;962320;66;587760
23.09.2020 07:00;7;6980;6;6000;85;622580;534;1926094;311;2124828;326;2252935;7;6970;5;4980;0;0;0;0;39;43590;12;12040;62;1048611;94;3280009;85;2104571;92;1326127
23.09.2020 08:00;8;8000;8;7990;99;738062;553;1958300;325;2034582;355;2281667;8;7980;9;9000;0;0;0;0;22;24010;13;13070;67;1333760;143;3343475;89;2111833;93;1378878
23.09.2020 09:00;4;4000;4;3990;60;392280;469;1610573;286;1935734;275;2051060;4;3990;4;4000;0;0;0;0;28;29050;9;9050;53;923088;185;2597664;109;2027236;101;1397374
23.09.2020 10:00;4;4000;6;5610;68;682371;349;1698458;272;2001976;275;1946472;4;4000;4;4000;0;0;1;1230;23;24330;8;8050;59;876814;155;2608394;110;2310993;120;1414626
23.09.2020 11:00;3;2990;3;3380;96;752573;372;1494207;270;1848487;275;1801276;4;4000;4;4000;0;0;0;0;34;36440;17;17090;70;1246043;135;2519991;150;2153483;117;1262424
23.09.2020 12:00;6;6000;6;5990;123;908771;411;1688563;271;1920717;238;1859306;5;4990;6;5980;0;0;0;0;40;42130;8;8040;91;1352659;140;2690003;121;2326828;117;1117974
23.09.2020 13:00;8;8000;9;9000;130;788470;416;1574572;283;1894157;276;2125752;8;7990;8;7970;0;0;0;0;53;59794;9;9030;102;1562878;165;2899972;112;2539629;143;1573964
23.09.2020 14:00;5;4990;5;4990;101;934479;416;1591188;238;1723448;252;1774679;5;5000;5;4990;0;0;0;0;26;29210;14;14060;91;1121127;161;2601750;152;2366805;131;1676368
23.09.2020 15:00;4;3990;4;4000;113;946025;506;1634342;271;2477605;276;2414270;4;3990;4;3990;0;0;0;0;50;55030;23;23150;78;1464374;194;2593229;128;2672942;163;1599494
23.09.2020 16:00;4;4000;4;3990;131;1031244;507;1550287;282;2397748;265;2355649;4;4000;5;5000;0;0;0;0;39;43620;18;18120;107;1643233;255;2533615;132;2670248;151;2039590
23.09.2020 17:00;4;4000;4;4000;117;708378;490;1825548;291;2220817;266;2402109;4;4000;3;3000;0;0;0;0;39;43070;14;14090;91;1615837;231;2734701;128;2650946;147;1937526
23.09.2020 18:00;4;4000;5;4980;103;752684;468;1630140;245;2038111;230;2111874;4;3990;5;5000;0;0;0;0;29;30060;17;17080;84;1463400;224;2487743;136;2409778;131;1742942
23.09.2020 19:00;4;4000;4;4000;95;526345;383;1298014;198;1993007;183;2135427;4;4000;4;4000;0;0;0;0;35;35940;9;9020;70;890625;177;1916733;138;1370068;140;1562901
23.09.2020 20:00;4;3990;3;2990;55;372110;271;1091577;167;913581;150;1313459;4;3990;3;2990;0;0;0;0;22;22590;11;11050;51;673677;155;1517131;140;903526;105;652680
23.09.2020 21:00;2;2000;3;3000;47;234890;228;715878;116;706905;99;858093;2;2000;3;2990;0;0;0;0;12;12330;11;11030;42;341795;145;1360916;118;677598;81;286100
23.09.2020 22:00;2;2000;2;2000;29;59620;178;720684;88;502799;86;616644;2;2000;2;2000;0;0;0;0;11;14350;3;3010;31;268950;125;857883;91;585136;77;293810
23.09.2020 23:00;2;2000;2;2000;25;33040;104;413280;34;246635;31;583207;2;2000;2;2000;0;0;0;0;3;3270;2;2010;14;265664;72;440230;55;242930;49;237930
24.09.2020 00:00;0;0;1;1000;3;16390;45;85210;13;138400;14;217986;0;0;1;1000;0;0;0;0;0;0;0;0;10;55240;35;125298;23;61250;17;32180
24.09.2020 01:00;0;0;0;0;3;40070;21;28300;9;106600;8;110610;0;0;0;0;0;0;0;0;1;1000;0;0;1;34820;12;46730;11;26970;5;14530
24.09.2020 02:00;0;0;0;0;3;15670;10;65750;8;43050;13;175060;0;0;0;0;0;0;0;0;1;1010;0;0;1;16540;12;39630;9;22110;11;29740
24.09.2020 03:00;0;0;0;0;3;41510;11;5760;6;77770;5;105120;0;0;0;0;0;0;0;0;0;0;0;0;1;17420;10;39006;3;5280;2;3549
24.09.2020 04:00;1;1000;0;0;5;22510;23;45140;26;232263;28;424232;1;1000;0;0;0;0;0;0;0;0;0;0;10;41270;22;90733;9;44790;10;20200
24.09.2020 05:00;3;3000;2;2000;10;81380;169;525367;78;703301;102;988101;3;2990;2;2000;0;0;0;0;0;0;1;1000;11;82320;104;1008834;44;294683;20;130518
24.09.2020 06:00;4;3990;4;4000;30;364524;411;1142427;140;1400163;194;1538029;4;4000;4;3990;0;0;0;0;4;4030;1;1010;21;258880;106;2274508;97;1065979;88;784609
24.09.2020 07:00;6;6000;6;6000;65;539234;525;1900087;281;2234214;291;2386091;7;7000;6;5970;0;0;0;0;21;22330;10;10030;70;1278122;141;3143367;83;2268983;90;1492006
24.09.2020 08:00;9;9000;8;8000;84;890360;533;1615697;311;2165047;325;2328204;8;7990;9;8980;0;0;0;0;20;21603;14;14080;76;1124480;187;3087385;81;2157173;101;1384459
24.09.2020 09:00;4;4000;4;4000;80;480530;463;1708923;279;1998603;280;2020047;4;4000;4;3990;0;0;0;0;32;37440;7;7040;64;1221654;172;2654881;108;1884912;99;1358667
24.09.2020 10:00;4;4000;4;4000;86;828610;391;1540325;271;1758070;266;1851597;5;4990;3;2990;0;0;0;0;19;22130;10;10040;79;1371344;155;2412439;117;1727174;135;1103707
24.09.2020 11:00;5;5000;5;5000;92;736573;343;1775922;274;1754743;272;1760888;4;3970;5;4990;0;0;0;0;34;36235;13;13060;82;1338688;159;2279233;118;2022764;122;1148460
24.09.2020 12:00;4;3990;5;4990;96;744038;385;1533674;252;1776413;253;1923097;4;4000;6;6000;0;0;0;0;21;22060;8;8040;80;1417120;159;2347220;134;2119388;137;1338288
24.09.2020 13:00;9;8980;8;7990;122;865695;378;1860601;289;2029434;276;2030999;9;8970;7;7000;0;0;0;0;29;31290;18;18156;95;1534040;146;2746340;125;2149388;133;1697001
24.09.2020 14:00;5;4980;6;6000;129;824997;381;1632654;280;1915746;270;1969016;5;5000;6;5990;0;0;0;0;29;29920;18;18070;87;1460477;151;2501824;129;2360575;147;1716518
24.09.2020 15:00;4;3990;5;4990;119;758855;469;1679410;326;2493674;303;2549401;4;3990;5;5000;0;0;0;0;31;33140;18;18070;81;1389359;179;2827439;138;2667875;142;1728752
24.09.2020 16:00;4;3980;4;4000;136;1224014;503;1379463;282;2820354;279;2322922;4;4000;4;4000;0;0;0;0;43;48240;23;23070;87;1578940;231;2510479;129;2698682;141;2007954
24.09.2020 17:00;4;4000;4;4000;131;898690;474;1891967;267;2418622;242;2256563;4;4000;4;4000;0;0;0;0;37;37990;25;25100;92;1689280;223;2515217;117;2659368;146;1878730
24.09.2020 18:00;4;4000;3;3000;117;1138918;518;1575673;257;2262882;231;2185688;4;3990;4;4000;0;0;0;0;50;55169;19;19110;99;1861403;276;2398667;130;2494202;148;1711575
24.09.2020 19:00;5;4980;5;4990;99;839919;409;1274191;180;1887936;170;2010943;5;4970;4;4000;0;0;0;0;34;36635;18;18080;75;984585;156;2352519;157;1923605;140;1685987
24.09.2020 20:00;3;3000;3;3000;47;336140;284;1112923;174;1162434;136;1019174;3;3000;3;2990;0;0;0;0;15;16820;11;11050;52;807114;133;1772140;122;1249886;124;1011457
24.09.2020 21:00;2;2000;3;3000;36;232624;216;1144047;106;774165;113;1170568;2;2000;3;2990;0;0;0;0;9;9180;0;0;47;1147466;128;1486822;116;803695;81;655765
24.09.2020 22:00;2;1990;2;2000;24;134845;165;561983;94;541345;83;790680;2;2000;2;2000;0;0;0;0;8;8940;0;0;33;366513;112;830127;119;725589;94;614843
24.09.2020 23:00;2;2000;2;2000;16;123750;104;459908;51;319597;45;529575;2;2000;2;2000;0;0;0;0;1;1010;1;1010;31;382957;81;539989;61;284726;49;268740
25.09.2020 00:00;0;0;1;1000;5;75590;50;161570;22;216212;28;409120;0;0;1;1000;0;0;0;0;3;3020;3;3020;2;41240;46;205738;18;65670;20;83500
25.09.2020 01:00;0;0;0;0;3;3740;17;10550;3;20210;8;101670;0;0;0;0;0;0;0;0;0;0;0;0;3;69183;15;59960;5;16950;7;15680
25.09.2020 02:00;0;0;0;0;0;0;17;71770;10;168920;7;175684;0;0;0;0;0;0;0;0;0;0;1;1000;5;87850;17;65000;11;24730;4;13000
25.09.2020 03:00;0;0;0;0;1;980;8;4300;5;85307;8;185569;0;0;0;0;0;0;0;0;0;0;0;0;3;46430;14;31734;6;21100;1;1520
25.09.2020 04:00;1;1000;0;0;6;54710;37;107484;25;272550;26;495530;1;1000;0;0;0;0;0;0;1;1760;0;0;5;19600;31;161868;18;62420;16;66220
25.09.2020 05:00;3;3000;3;3000;14;51060;146;508360;73;724685;97;939537;3;2990;3;3000;0;0;0;0;0;0;0;0;10;126940;98;894270;43;228504;35;194800
25.09.2020 06:00;4;4000;4;4000;33;379390;400;1093252;135;1082670;182;1654705;4;3990;4;4000;0;0;0;0;5;6650;2;2010;28;525157;107;2258956;120;1384688;83;780031
25.09.2020 07:00;7;7000;5;5000;89;810035;495;1716529;280;1865789;300;2261725;7;6990;5;5000;0;0;0;0;14;14990;7;7010;76;1227584;95;3048025;74;2072590;92;1460416
25.09.2020 08:00;8;8000;9;8990;88;641380;491;1753961;322;2211461;333;2186328;8;7990;9;9000;0;0;0;0;21;22910;9;9050;66;947163;161;3079099;83;1958584;109;1313553
25.09.2020 09:00;4;3990;4;4000;72;694794;442;1516686;300;1997435;315;2152629;4;3990;4;4000;0;0;0;0;25;27090;10;10050;74;1171890;148;2776942;97;1830759;108;1162048
25.09.2020 10:00;4;4000;3;3000;77;690986;388;1710362;272;2106786;265;2008330;4;4000;4;4000;0;0;0;0;31;31420;12;12050;72;1239461;163;2583043;115;1946916;139;1291452
25.09.2020 11:00;3;3000;4;4000;116;664913;376;1974415;310;2290299;344;2295321;3;3000;4;4000;0;0;0;0;41;44140;17;17094;106;1612466;133;2660050;102;2148740;106;2214247
25.09.2020 12:00;6;6045;5;5000;118;1182471;451;1907786;290;2337662;271;2296904;6;6000;5;5000;0;0;0;0;29;30603;19;19050;90;1910881;193;2702528;133;2577602;145;1496477
25.09.2020 13:00;7;6980;8;7990;147;1095304;443;1985709;311;2560812;304;2660665;7;7000;7;7000;0;0;0;0;43;50160;19;19090;102;1729138;194;2862241;105;2612378;118;1883841
25.09.2020 14:00;6;5990;7;7000;105;1039436;469;1706908;274;2420305;255;2328119;6;5990;7;6990;0;0;0;0;39;41849;11;11030;77;1670369;228;2652649;122;2665410;135;1740236
25.09.2020 15:00;4;3990;4;4000;120;619999;482;1745723;303;2328890;254;2132928;4;4000;4;3990;0;0;0;0;35;38110;21;21100;91;1664954;211;2711421;142;2449285;157;1783799
25.09.2020 16:00;4;4000;3;2990;114;1035647;539;1500016;278;2363675;264;2415668;4;4000;4;3990;0;0;0;0;63;74410;20;20020;83;1399092;253;2363677;127;2492731;151;1622309
25.09.2020 17:00;4;3990;4;4000;108;954206;448;1514068;271;2197356;285;2342184;4;3990;4;4055;0;0;0;0;32;35220;11;11030;98;1201069;229;2377807;135;2542967;148;1975130
25.09.2020 18:00;4;4000;5;4980;107;796482;466;1526664;242;2125613;241;2187294;4;3990;4;3990;0;0;0;0;46;51990;14;14080;92;1546344;229;2445128;131;2340512;139;1727993
25.09.2020 19:00;5;5000;3;3000;91;632735;428;1221401;196;1667128;190;1932291;5;4990;4;4000;0;0;0;0;23;24780;12;12030;84;1471609;221;2064458;146;2027065;124;1176204
25.09.2020 20:00;3;2990;4;4000;57;399809;272;1336804;163;1135213;153;1102865;3;3000;3;2990;0;0;0;0;21;23300;3;3010;67;782163;143;1741873;134;912080;119;640863
25.09.2020 21:00;2;2000;3;3000;31;271100;234;867343;111;645767;104;828406;2;2000;3;2990;0;0;0;0;12;12700;9;9060;39;634796;121;1088923;112;720709;96;390800
25.09.2020 22:00;2;2000;2;2000;40;220790;211;852091;95;622500;84;722128;2;2000;2;2000;0;0;0;0;7;7060;2;2000;46;593893;124;1051138;116;540989;92;368292
25.09.2020 23:00;2;2000;2;1990;20;173170;151;680075;61;574703;52;617225;2;1990;2;2000;0;0;0;0;4;4070;5;5010;27;308962;112;735211;86;282060;58;231000
26.09.2020 00:00;0;0;1;990;19;93400;75;288523;45;361809;38;424016;0;0;1;1000;0;0;0;0;4;4100;4;4000;12;155383;59;261861;50;197859;22;78456
26.09.2020 01:00;0;0;0;0;9;8770;43;99550;18;168080;20;374640;0;0;0;0;0;0;0;0;1;1000;1;1000;8;152690;33;126631;38;95224;16;48600
26.09.2020 02:00;0;0;0;0;3;2350;28;66840;11;82970;15;206375;0;0;0;0;0;0;0;0;0;0;0;0;5;120860;20;99090;17;33860;20;41590
26.09.2020 03:00;0;0;0;0;7;73950;14;35390;11;187620;9;216454;0;0;0;0;0;0;0;0;0;0;1;1000;5;61629;11;38960;12;41450;6;9950
26.09.2020 04:00;1;1000;0;0;7;25100;17;58580;16;170530;19;372302;1;1000;0;0;0;0;0;0;2;2000;0;0;7;70390;16;74380;9;31640;8;29790
26.09.2020 05:00;3;2990;3;3000;10;34830;44;58743;30;323819;28;502315;3;3000;3;3000;0;0;0;0;0;0;1;1000;10;118493;37;162580;22;68930;20;53920
26.09.2020 06:00;4;3990;4;4000;13;101680;89;305325;27;414095;31;489207;4;4000;4;3990;0;0;0;0;1;1910;0;0;7;71360;67;425930;41;148610;19;67410
26.09.2020 07:00;4;3970;4;4000;12;27003;147;567920;61;537799;66;723877;4;3990;4;3990;0;0;0;0;2;2020;4;4020;18;242781;96;731032;57;382379;40;196821
26.09.2020 08:00;5;4990;4;3990;19;216090;229;1008538;120;1060028;107;965641;5;5000;4;4000;0;0;0;0;15;15790;3;3000;24;332922;125;1429085;85;645673;59;342323
26.09.2020 09:00;4;4000;4;3990;47;571250;336;1465792;186;1530789;210;1727169;4;4000;4;4000;0;0;0;0;12;12240;2;2020;44;860929;139;1887933;107;1704206;108;976296
26.09.2020 10:00;4;4000;4;4000;56;347162;376;1789329;243;1793145;236;1853176;4;3990;4;4000;0;0;0;0;28;30220;12;12040;60;1127004;150;2508470;132;1649159;104;1472692
26.09.2020 11:00;4;4000;4;4000;73;682458;395;1719401;267;1857153;244;2055951;4;4000;4;3980;0;0;0;0;29;31730;10;10040;76;1599929;139;2438849;123;2141115;126;1444486
26.09.2020 12:00;4;4000;4;4000;90;884440;387;1847431;270;1945254;257;1996463;4;4000;4;3990;0;0;0;0;29;30160;13;13050;84;1284869;157;2530743;138;2089651;147;1393729
26.09.2020 13:00;4;4000;4;4000;80;634445;416;1860858;264;1849577;279;1925061;4;3990;4;4000;0;0;0;0;30;31750;16;16060;77;1136336;151;2433900;138;2230530;142;1331866
26.09.2020 14:00;4;4000;4;4000;69;621600;438;1576842;233;1967426;229;1844094;4;4000;4;3980;0;0;0;0;28;29580;11;11020;81;1411969;147;2541478;118;2332002;134;1511997
26.09.2020 15:00;4;4000;4;4000;79;713022;431;1801707;294;1868059;309;2045092;4;4000;4;4000;0;0;0;0;28;29769;11;11080;83;1321129;167;2652793;121;2058221;120;1121759
26.09.2020 16:00;4;4000;4;4000;67;652864;425;1580356;195;1632306;192;1647379;4;3980;4;4000;0;0;0;0;24;26140;4;4010;74;1287422;146;2523657;118;2180766;133;1438925
26.09.2020 17:00;4;4000;5;5000;66;690097;424;1426710;189;1730126;205;1650342;4;4000;5;5000;0;0;0;0;27;30300;8;8020;81;1277074;155;2349515;110;1932244;124;1218855
26.09.2020 18:00;4;4000;4;4000;69;609960;396;1580728;197;1517824;168;1743092;4;3990;4;4000;0;0;0;0;27;28460;14;14000;66;1216355;129;2426130;131;1989852;130;1252363
26.09.2020 19:00;4;3990;4;4000;57;588591;332;1440085;151;1490051;146;1334013;4;4000;4;4000;0;0;0;0;20;20100;2;2010;67;1011359;137;2209496;126;1761644;149;1461188
26.09.2020 20:00;2;2000;2;2000;29;241369;284;979245;116;1135885;120;1101173;2;1990;2;2000;0;0;0;0;19;22390;7;7010;50;490468;140;1849205;126;1063104;125;851087
26.09.2020 21:00;2;2000;2;2000;33;254810;267;1005393;108;827798;103;877905;2;2000;2;2000;0;0;0;0;11;11320;6;6030;46;836708;147;1396115;112;890917;93;766188
26.09.2020 22:00;2;2000;2;1990;30;344780;222;709068;82;616940;91;940170;2;2000;2;2000;0;0;0;0;6;6220;1;1010;52;528303;137;1358911;104;700841;97;778610
26.09.2020 23:00;2;2000;2;2000;16;122666;175;626646;61;685859;59;642224;2;1990;2;2000;0;0;0;0;7;7370;3;3010;38;332650;114;1083181;77;453321;83;505347
27.09.2020 00:00;0;0;1;1000;16;129040;100;426430;62;518100;69;663479;0;0;1;1000;0;0;0;0;4;4030;2;2020;21;246749;91;513973;63;452584;61;357675
27.09.2020 01:00;0;0;0;0;12;119160;51;146550;32;324564;29;340148;0;0;0;0;0;0;0;0;3;3020;1;1000;19;365098;45;266690;38;166340;36;172880
27.09.2020 02:00;0;0;0;0;6;128694;42;140230;22;266569;21;382106;0;0;0;0;0;0;0;0;0;0;1;1000;7;103940;37;209580;25;118260;32;163230
27.09.2020 03:00;0;0;0;0;3;25230;27;81800;17;217153;12;185750;0;0;0;0;0;0;0;0;0;0;2;2000;4;136560;19;90340;21;84086;29;127880
27.09.2020 04:00;0;0;0;0;3;28920;22;25860;4;52670;8;165690;0;0;0;0;0;0;0;0;0;0;0;0;3;39443;22;100240;10;38970;14;56780
27.09.2020 05:00;1;1000;1;1000;3;21100;32;62293;19;279740;27;347059;2;1990;1;1000;0;0;0;0;0;0;0;0;2;7050;27;122410;10;36280;14;74210
27.09.2020 06:00;3;2990;2;2000;9;45150;34;113580;9;134290;11;165950;2;2000;2;2000;0;0;0;0;0;0;0;0;10;142140;34;178290;21;71990;19;81160
27.09.2020 07:00;2;2000;2;2000;9;62090;65;172165;19;171006;19;266270;2;2000;2;2000;0;0;0;0;1;1010;1;1000;8;114440;54;227225;34;127510;29;84220
27.09.2020 08:00;2;2000;2;2000;13;58010;118;378753;54;538559;61;675214;2;2000;2;2000;0;0;0;0;3;4050;1;1010;32;227100;76;388106;62;390516;34;117470
27.09.2020 09:00;2;2000;2;1990;20;167339;192;813339;107;872956;113;1079793;2;2000;2;2000;0;0;0;0;8;8660;4;4020;35;443985;122;1096929;91;514201;59;214170
27.09.2020 10:00;2;2000;2;2000;38;286115;263;964155;121;1269122;155;1120928;2;2000;2;2000;0;0;0;0;7;7510;6;6030;42;448409;144;1507113;116;935716;78;420485
27.09.2020 11:00;2;1990;2;2000;46;308670;296;1102916;150;941365;150;1177990;2;2000;2;2000;0;0;0;0;13;13060;6;6050;50;665280;147;1618300;116;1274980;82;788938
27.09.2020 12:00;3;3000;3;2990;47;324012;309;1099297;162;1080849;162;1425358;3;3000;3;3000;0;0;0;0;10;11500;4;4040;51;776794;154;1660449;119;1196833;97;727487
27.09.2020 13:00;4;4000;4;4000;62;428889;330;1348672;184;1213189;175;1375952;4;4000;4;3990;0;0;0;0;16;16950;8;8080;56;656239;155;2024841;128;1355040;111;947402
27.09.2020 14:00;4;4051;4;4000;65;424120;368;1302061;203;1413223;206;1535287;4;4000;4;3990;0;0;0;0;28;29330;10;10050;61;965772;177;1905063;129;1501590;123;1014251
27.09.2020 15:00;4;4000;4;4000;46;211530;340;1246193;192;1317771;183;1279066;4;4000;4;4000;0;0;0;0;18;19167;3;3030;46;615410;175;1791503;125;1195362;130;836657
27.09.2020 16:00;4;4000;4;3980;35;187880;345;1298561;182;1296939;181;1388320;4;4000;4;4000;0;0;0;0;12;12270;11;11050;58;676230;189;1814122;128;1282529;113;803025
27.09.2020 17:00;4;4000;4;3990;44;343042;443;1443335;177;1351164;185;1463739;4;3990;4;4000;0;0;0;0;20;25390;11;11040;56;771376;179;2358535;127;1329253;127;745090
27.09.2020 18:00;4;3990;4;3990;62;457765;356;1285478;184;1287217;199;1415187;4;4000;4;3990;0;0;0;0;22;23680;12;12070;60;789646;165;1995080;125;1337150;117;685062
27.09.2020 19:00;2;2000;2;2000;42;345605;313;1018902;162;953866;135;1022442;2;2000;2;2000;0;0;0;0;11;11060;6;6030;41;517739;119;1709458;126;981817;115;485649
27.09.2020 20:00;2;2000;2;1990;35;240060;247;886804;118;844860;126;1095571;2;2000;2;2000;0;0;0;0;10;11960;11;11090;50;403960;154;1402372;137;838418;100;497231
27.09.2020 21:00;2;1990;2;2000;17;105220;178;741845;66;486446;74;787121;2;2000;2;2000;0;0;0;0;5;5040;4;4030;34;491993;130;893291;103;498166;62;198585
27.09.2020 22:00;2;1990;2;2000;17;82013;117;553248;44;330350;58;725746;2;1990;2;1990;0;0;0;0;3;3140;1;1010;13;147332;94;562432;72;286980;52;144220
27.09.2020 23:00;2;1990;2;2000;17;123960;53;161712;29;226350;17;243216;2;1990;2;2000;0;0;0;0;2;2270;2;2000;14;218220;43;193430;43;162798;24;65220
28.09.2020 00:00;0;0;1;1000;2;810;29;16390;11;101710;12;214510;0;0;1;1000;0;0;0;0;1;1010;0;0;1;37080;23;77783;18;63865;11;30785
28.09.2020 01:00;0;0;0;0;5;31360;20;10630;10;190884;10;228464;0;0;0;0;0;0;0;0;0;0;3;3020;2;33880;16;44133;5;11920;8;16570
28.09.2020 02:00;0;0;0;0;2;1780;14;34610;10;61144;12;237514;0;0;0;0;0;0;0;0;0;0;0;0;6;62463;10;43710;5;6220;10;28270
28.09.2020 03:00;0;0;0;0;3;67813;14;7140;7;98060;4;85430;0;0;0;0;0;0;0;0;0;0;0;0;0;0;12;42034;3;5090;1;2640
28.09.2020 04:00;1;990;0;0;6;36510;33;79249;18;247970;22;446792;1;1000;0;0;0;0;0;0;0;0;0;0;4;34790;29;131300;12;26020;13;27620
28.09.2020 05:00;3;3000;2;2000;12;60630;177;471614;68;636843;95;806128;3;2990;3;3000;0;0;0;0;1;1010;1;1000;13;139890;105;913721;53;239014;20;86050
28.09.2020 06:00;4;3990;4;4000;31;227964;434;1154491;144;1287581;197;1797029;4;4000;4;3990;0;0;0;0;2;3240;4;4010;35;512520;122;2074392;119;1145709;76;436280
28.09.2020 07:00;7;7000;7;6980;89;598703;554;1816833;298;2046241;301;2270585;7;7000;6;6000;0;0;0;0;22;23840;11;11074;63;1282893;136;3145220;77;2106844;106;1320153
28.09.2020 08:00;8;8000;7;7000;73;519212;515;1797496;319;2228877;347;2209791;8;7990;7;6980;0;0;0;0;28;30740;6;6010;73;1255992;158;3228429;79;2386238;96;1766910
28.09.2020 09:00;4;3990;4;3970;76;774456;426;1575424;272;1609211;293;1925788;5;5000;5;5000;0;0;0;0;14;14139;19;19110;71;990231;149;2748919;98;1874548;102;1017570
28.09.2020 10:00;5;4980;6;5990;91;938530;429;1671095;239;1868634;250;2162011;5;4990;6;5990;0;0;1;650;36;39260;15;15070;75;1307015;160;2568156;113;2141130;104;1690447
28.09.2020 11:00;5;5000;5;4990;94;794700;343;1541121;238;1758299;247;2007843;4;4000;5;5000;0;0;0;0;28;29710;11;11060;91;1334565;154;2234207;126;1899203;135;1257081
28.09.2020 12:00;3;2990;5;5000;85;651461;434;1607784;235;1688825;249;1868020;3;2990;5;4990;0;0;0;0;29;32660;20;20100;85;1428582;153;2534296;130;1930868;136;1557266
28.09.2020 13:00;9;8980;7;7047;117;783796;388;1552401;297;1916896;279;2113654;9;9000;6;6000;0;0;0;0;44;48931;17;17120;93;1535554;145;2740558;104;2209081;115;1455000
28.09.2020 14:00;5;5000;7;7000;118;693311;411;1535434;276;1930075;289;2084287;5;4990;8;7090;0;0;0;0;40;43040;17;17070;85;1485795;172;2565198;118;2231888;150;1257599
28.09.2020 15:00;3;3000;4;4000;103;734797;431;1647218;316;2392520;286;2263774;4;3990;3;3900;0;0;0;0;43;44670;17;17100;83;1281293;199;2505065;128;2437036;153;1554093
28.09.2020 16:00;5;5000;4;3990;143;1335574;476;1642880;298;2692675;279;2445350;4;4000;4;3990;0;0;0;0;31;33377;29;29160;94;1871861;229;2566579;128;2499858;138;1652529
28.09.2020 17:00;4;4000;5;4990;133;917325;454;1873246;271;2360026;258;2390378;4;3990;5;4990;0;0;0;0;33;35070;14;14050;95;1830841;230;2470964;137;2568813;127;1856336
28.09.2020 18:00;4;4000;3;3000;125;1107424;477;1294810;242;2274568;206;2427868;4;4000;4;4000;0;0;0;0;31;33360;9;9030;104;1923372;273;2174031;132;2427055;149;1790229
28.09.2020 19:00;5;4990;4;4000;90;573011;355;1327373;185;2035526;176;1996601;5;5000;4;4000;0;0;0;0;26;27590;12;12050;85;1297318;199;1900187;152;1637304;145;1192088
28.09.2020 20:00;3;3000;4;3990;47;225085;227;1052312;139;920912;134;1181372;3;3000;3;2990;0;0;0;0;16;18510;7;7040;55;602067;125;1403110;142;950520;101;400157
28.09.2020 21:00;2;2000;3;2990;45;285621;195;790481;82;560660;87;779969;2;2000;3;3000;0;0;0;0;9;9570;2;2020;28;323444;123;1030099;104;562670;74;262663
28.09.2020 22:00;2;2000;2;2000;28;128390;144;749268;67;560614;72;755385;2;2000;2;1990;0;0;0;0;11;11880;0;0;34;322620;119;739794;90;427800;61;249700
28.09.2020 23:00;2;2000;2;2000;10;59470;66;409710;37;492780;33;386034;2;1990;2;2000;0;0;0;0;1;1010;4;4010;19;260683;55;227473;48;181710;30;64700
29.09.2020 00:00;0;0;1;1000;2;43380;32;159243;13;204320;18;255900;0;0;1;1000;0;0;0;0;1;2580;1;1000;3;39220;28;94890;17;166330;17;51310
29.09.2020 01:00;0;0;0;0;0;0;23;10800;8;88396;6;108384;0;0;0;0;0;0;0;0;0;0;0;0;2;12870;15;43390;8;17400;9;27360
29.09.2020 02:00;0;0;0;0;1;13360;11;5120;9;189860;5;95190;0;0;0;0;0;0;0;0;0;0;0;0;1;12090;10;36450;9;12120;8;12880
29.09.2020 03:00;0;0;0;0;3;20200;11;32720;7;97180;3;81510;0;0;0;0;0;0;0;0;0;0;0;0;3;55700;13;48710;1;3680;3;8220
29.09.2020 04:00;1;1000;0;0;4;41710;40;94780;22;271596;24;314726;1;1000;0;0;0;0;0;0;0;0;0;0;6;109597;35;155990;16;38447;19;46310
29.09.2020 05:00;3;3000;3;3000;11;28340;155;529025;73;701140;101;1009499;3;2990;3;3000;0;0;0;0;2;2020;2;2010;17;112346;100;858346;52;192123;18;96090
29.09.2020 06:00;4;4000;3;3000;25;79592;456;1167558;150;1384944;197;1952153;4;4000;3;3000;0;0;0;0;4;5020;7;7010;33;621594;125;2173231;130;1060631;78;397472
29.09.2020 07:00;7;7000;6;5990;82;783880;510;1948455;309;2005942;303;2313182;7;7000;7;6990;0;0;0;0;30;30980;11;11030;73;1297334;108;3301867;94;2340732;101;1560821
29.09.2020 08:00;8;8000;8;7980;91;662010;569;1681163;313;2158111;337;2469772;8;7990;7;7000;0;0;0;0;31;35360;7;7030;78;1277803;127;3315853;80;2141351;93;1521238
29.09.2020 09:00;4;3960;5;5000;86;814707;451;1480535;305;2207338;293;2213604;4;4000;5;4990;0;0;0;0;47;56780;13;13040;67;1180883;162;2734869;107;2061766;103;1384595
29.09.2020 10:00;4;4000;5;5000;79;752914;381;1561549;271;1604666;269;1848206;4;4000;4;3990;0;0;1;1130;19;19940;14;14070;79;1407816;140;2471159;118;1994340;114;1214280
29.09.2020 11:00;4;4000;4;4000;87;766689;368;1587081;262;1783312;271;1952132;4;4000;4;3990;0;0;0;0;30;30410;9;9030;77;1641621;132;2657495;114;2022597;124;1011061
29.09.2020 12:00;5;4990;5;5000;91;764080;402;1784452;253;1897164;232;1858235;5;5000;4;4000;0;0;1;690;35;37120;12;12070;88;1329107;168;2666606;117;2155667;141;1337630
29.09.2020 13:00;8;8000;8;7990;109;1148425;390;1757213;303;1930384;294;1986182;8;8000;8;7990;0;0;0;0;43;48420;20;20100;92;1706376;136;2756474;126;2049945;137;1336406
29.09.2020 14:00;5;5000;6;6000;105;837233;376;1584946;303;2082629;281;2078165;5;4990;7;6990;0;0;0;0;30;33463;13;13040;97;1750796;153;2496168;116;2512989;141;1246248
29.09.2020 15:00;4;4000;4;3990;130;977767;478;1735032;292;2428694;275;2413364;4;3980;3;3000;0;0;0;0;40;43500;20;20080;91;1513207;184;2876279;138;2470312;149;1810038
29.09.2020 16:00;4;4000;4;4000;121;926255;469;1855170;294;2527050;261;2380529;4;3990;4;4000;0;0;0;0;36;37270;18;18060;90;1536845;235;2752927;140;2666427;168;1699665
29.09.2020 17:00;4;4000;4;4000;135;873866;507;1605297;279;2447957;263;2401559;4;4000;5;4990;0;0;0;0;35;37820;20;20080;107;1889194;204;2597836;127;2604059;168;1893682
29.09.2020 18:00;4;4000;4;4000;102;533313;449;1710979;250;1840723;230;2116203;4;4000;3;3000;0;0;0;0;42;45880;16;16050;105;1653981;188;2693935;121;2514105;148;1895140
29.09.2020 19:00;5;5000;4;4000;76;742087;397;1130765;162;1673231;153;1617592;5;4980;5;4980;0;0;0;0;28;29350;9;9060;78;1213365;178;1957108;136;1678472;135;952102
29.09.2020 20:00;3;3000;4;4000;56;338776;267;1038165;133;1021223;114;970815;3;2990;3;3000;0;0;0;0;22;24260;8;8050;56;626191;130;1451089;119;782651;106;613513
29.09.2020 21:00;2;2000;3;3000;29;248130;210;1103075;107;824798;100;774728;2;2000;3;2990;0;0;0;0;10;11370;3;3010;48;433148;138;1325997;115;572353;78;410816
29.09.2020 22:00;2;2000;2;1990;35;186110;161;728714;85;754380;59;543543;2;2000;2;2000;0;0;0;0;8;8510;4;4020;31;352720;122;827873;91;427560;55;331093
29.09.2020 23:00;2;2000;2;2000;15;121250;108;356424;55;478272;50;595518;2;2000;2;2000;0;0;0;0;11;11100;1;1010;16;157842;88;604843;48;160320;34;153660
30.09.2020 00:00;0;0;1;990;5;123263;42;92900;16;180323;18;293218;0;0;1;1000;0;0;0;0;5;5270;1;1010;5;64470;30;155940;18;78690;18;97973
30.09.2020 01:00;0;0;0;0;3;19040;19;14190;7;144788;7;117078;0;0;0;0;0;0;0;0;1;1100;0;0;0;0;17;58310;7;19470;9;46930
30.09.2020 02:00;0;0;0;0;3;22700;15;33330;8;106640;10;213940;0;0;0;0;0;0;0;0;0;0;1;1000;2;16940;16;67790;2;5410;3;9995
30.09.2020 03:00;0;0;0;0;3;1310;8;24420;2;47660;6;112390;0;0;0;0;0;0;0;0;0;0;0;0;1;18060;7;33690;3;5340;3;10990
30.09.2020 04:00;1;1000;0;0;3;5200;37;101210;21;249675;20;387121;1;990;0;0;0;0;0;0;0;0;0;0;7;76370;30;157330;14;52690;16;55090
30.09.2020 05:00;3;2990;2;2000;8;10380;158;428476;69;605245;94;986125;3;3000;3;2990;0;0;0;0;1;1010;2;2020;10;53429;103;968685;45;205150;27;98400
30.09.2020 06:00;4;4000;4;4000;29;331320;450;1156732;158;1241587;206;1567109;4;3990;3;2990;0;0;0;0;5;5440;4;4010;28;399660;122;2346579;102;1227570;69;536310
30.09.2020 07:00;7;7000;6;6000;85;674960;536;1704359;316;2274832;326;2407564;7;6980;6;6000;0;0;0;0;25;28570;10;10020;69;1321070;116;3113440;87;2235159;84;1581437
30.09.2020 08:00;7;6990;7;6990;100;440573;548;1890981;348;2328815;347;2376783;7;7042;7;6990;0;0;0;0;25;25830;12;12060;63;1145000;158;3176529;98;2177981;105;1337037
30.09.2020 09:00;0;0;3;2990;74;792378;468;1426406;271;2183638;277;2299526;0;0;3;2990;0;0;3;2430;31;34670;19;19400;57;1091696;171;2778314;105;1936132;110;1479465
30.09.2020 10:00;5;4990;5;4990;80;538787;365;1317161;240;1774982;253;1862918;5;4990;5;4990;0;0;0;0;28;31399;8;8020;64;934017;146;2402515;105;1623960;123;1030738
30.09.2020 11:00;4;3990;4;4000;106;1110413;380;1401797;298;2097423;284;2029279;4;4000;4;4000;0;0;0;0;26;28640;14;14090;82;1575994;141;2469433;111;1855755;147;1103236
30.09.2020 12:00;5;4990;5;4980;97;859481;374;1880304;285;1967603;253;1950812;5;4990;5;4990;0;0;1;910;32;34470;14;14080;99;1852637;149;2656662;133;2374380;131;1414111
30.09.2020 13:00;8;7990;9;9000;111;819752;439;1939151;304;2074441;291;2082668;8;8000;8;8000;0;0;0;0;43;46830;23;23140;86;1558891;145;3002002;122;2260913;125;1561981
30.09.2020 14:00;5;5000;5;5000;92;924077;431;1515410;257;2042127;259;2108662;5;5000;5;5000;0;0;0;0;32;34340;25;25120;82;1380786;171;2539240;126;2084281;129;1568833
30.09.2020 15:00;4;3980;5;5000;105;819933;456;1662545;287;2297547;277;2196311;4;4000;5;5000;0;0;0;0;50;55260;20;20202;88;1373503;187;2691783;128;2525632;153;1681882
30.09.2020 16:00;4;4000;3;3000;120;819298;517;1791344;280;2290925;249;2266827;4;4000;4;4000;0;0;0;0;36;41769;18;18070;99;1501234;242;2693279;126;2522821;163;1744458
30.09.2020 17:00;3;2990;5;5000;135;964079;526;1794689;298;2656244;271;2483189;3;3000;4;3980;0;0;0;0;39;41920;16;16080;94;1700167;254;2760852;145;2457042;176;1791834
30.09.2020 18:00;5;5000;4;3970;145;1004217;474;1861837;243;1930499;227;2000226;5;4990;4;4000;0;0;0;0;33;35840;11;11080;99;1656634;252;2639505;132;2539417;152;1960488
30.09.2020 19:00;5;5000;3;3020;86;669288;384;1399451;184;1678245;182;1676773;5;4990;4;4000;0;0;0;0;38;39250;14;14090;81;1219521;195;1924119;190;1926066;132;1249098
30.09.2020 20:00;3;3000;4;4000;53;394659;256;1075829;143;838051;149;1238750;3;3000;3;3000;0;0;0;0;24;24930;16;16090;57;644444;139;1558282;134;1008628;103;615952
30.09.2020 21:00;2;2000;3;3000;34;82514;221;1017811;107;892771;98;706571;2;1990;3;3000;0;0;0;0;13;13130;6;6030;44;476786;125;1220862;144;592610;105;398798
30.09.2020 22:00;2;2000;2;1990;37;243700;192;819421;86;592101;71;693724;2;2000;2;2000;0;0;0;0;7;7170;5;5010;38;349445;149;958498;99;443412;71;375957
30.09.2020 23:00;2;1990;2;2000;20;121623;105;455290;38;331167;40;364620;2;2000;2;2000;0;0;0;0;7;7540;2;2000;18;272700;91;444428;49;184850;31;109870
01.10.2020 00:00;0;0;1;1000;7;35620;42;240467;10;226371;19;414870;0;0;1;1000;0;0;0;0;1;1010;0;0;3;40420;35;148525;24;51580;20;53310
01.10.2020 01:00;0;0;0;0;3;2360;20;40290;14;184862;11;169720;0;0;0;0;0;0;0;0;0;0;1;1000;2;57200;13;56910;9;19090;10;25452
01.10.2020 02:00;0;0;0;0;2;970;13;12340;12;199800;7;175010;0;0;0;0;0;0;0;0;1;1110;0;0;1;27810;12;59060;3;7890;10;24440
01.10.2020 03:00;0;0;0;0;2;19360;14;48701;6;63800;7;146410;0;0;0;0;0;0;0;0;0;0;0;0;1;4520;10;37770;0;0;6;10600
01.10.2020 04:00;1;1000;0;0;5;24848;38;90921;22;266010;22;366080;1;1000;0;0;0;0;0;0;1;1000;0;0;5;87300;28;97704;19;48440;11;28770
01.10.2020 05:00;3;2990;2;1990;14;26630;168;624723;65;577889;87;848292;3;3000;3;3000;0;0;0;0;1;1000;1;1010;15;172180;100;914739;53;184018;25;84250
01.10.2020 06:00;4;3990;5;4990;15;50460;424;1109280;151;1286804;194;1695335;4;4000;4;4000;0;0;0;0;5;5470;5;5010;27;399330;122;2236172;122;1297636;66;401385
01.10.2020 07:00;6;6000;6;5990;86;892209;554;1674973;308;2121953;320;2552476;6;6000;6;6000;0;0;0;0;23;26340;9;9040;62;1088579;120;3218671;88;2152441;110;1306454
01.10.2020 08:00;8;8000;8;7990;86;932399;511;1821871;293;2186442;306;2258292;8;7970;8;7990;0;0;0;0;35;40720;17;17080;61;1103325;166;3071659;84;2076044;96;1417549
01.10.2020 09:00;3;2990;3;3000;66;489832;447;1495338;325;2080020;308;2276147;3;2990;3;2980;0;0;0;0;15;17850;14;14040;65;1099549;164;2832349;102;2099494;113;1071878
01.10.2020 10:00;5;5000;5;4980;90;780765;390;1515705;258;1808232;246;1844805;5;4990;5;5000;0;0;0;0;24;31250;9;9050;70;1137733;160;2634534;105;2065457;137;1170001
01.10.2020 11:00;3;3000;4;3990;102;690532;396;1726622;268;1708396;275;1885173;3;3000;4;4000;0;0;0;0;30;31400;13;13115;89;1398981;144;2583660;153;1853575;137;1186983
01.10.2020 12:00;6;5990;4;4000;114;998088;404;1672394;284;2187836;246;2137823;6;5990;4;4000;0;0;0;0;42;49770;20;20080;88;1457655;145;2710195;125;2324180;138;1375466
01.10.2020 13:00;8;8000;9;9000;111;623673;398;2079718;301;2000774;292;1886931;8;7990;9;9000;0;0;0;0;36;39740;15;15144;86;1361999;128;3004188;111;2253566;124;1290677
01.10.2020 14:00;4;4000;5;5000;113;738972;357;1904491;311;1955619;305;1980259;4;3990;5;5000;0;0;0;0;32;38070;18;18040;96;1544557;150;2661042;120;2568941;138;1410725
01.10.2020 15:00;5;5000;5;5000;134;791641;471;1938399;286;2588966;313;2464979;5;5000;5;5000;0;0;0;0;37;39770;23;23480;93;1650103;175;2997622;122;2637497;153;1759766
01.10.2020 16:00;4;4000;3;2990;151;912894;524;1628779;286;2972868;303;2843039;4;3990;3;3000;0;0;0;0;41;51257;23;23100;101;1776873;207;2803189;85;2998603;142;2215657
01.10.2020 17:00;4;4000;5;5000;139;962468;504;1850302;269;2751046;289;2891593;4;4000;5;5000;0;0;0;0;42;48243;13;13100;92;1842998;156;2793434;126;2764195;152;1838324
01.10.2020 18:00;4;4000;4;4000;110;872485;487;1612439;258;2372599;240;2341286;4;4000;4;4000;0;0;0;0;34;36326;20;21030;100;1917782;182;2712567;115;2682189;117;2053890
01.10.2020 19:00;5;5000;3;3000;111;952357;461;1233785;200;2141467;179;2131966;5;5050;4;4000;0;0;0;0;34;35970;18;18110;83;1279639;159;2489582;139;2183315;143;1765306
01.10.2020 20:00;3;3000;4;3990;58;430582;270;1269861;157;1106896;149;1333998;3;2990;3;3000;0;0;0;0;23;26010;9;9060;54;772952;130;1795164;137;1085485;109;697472
01.10.2020 21:00;2;2000;3;3000;39;202680;211;896751;91;657952;83;619351;2;2000;3;3000;0;0;0;0;8;9640;5;5020;45;372630;117;1025870;124;774819;85;436706
01.10.2020 22:00;2;2000;2;2000;29;117430;192;694083;98;624344;89;766157;2;2000;2;1990;0;0;0;0;10;10970;5;5010;34;405366;116;1023948;101;787039;67;401679
01.10.2020 23:00;2;2000;2;2000;21;77370;104;308830;46;396224;43;373239;2;2000;2;2000;0;0;0;0;8;8020;5;5010;22;213305;80;365051;61;266824;34;133520
02.10.2020 00:00;0;0;1;1000;7;119910;29;125882;27;361629;25;483813;0;0;1;1000;0;0;0;0;3;5920;0;0;10;112564;32;128175;23;61466;13;38930
02.10.2020 01:00;0;0;0;0;5;27760;22;44550;10;60873;14;298774;0;0;0;0;0;0;0;0;1;1010;1;1000;2;24050;15;54470;9;22906;7;20950
02.10.2020 02:00;0;0;0;0;3;3890;18;18920;4;58550;4;68460;0;0;0;0;0;0;0;0;0;0;0;0;6;55673;14;48570;10;20710;7;11900
02.10.2020 03:00;0;0;0;0;1;80;11;35693;6;102200;4;110810;0;0;0;0;0;0;0;0;0;0;0;0;2;75830;11;30980;2;2480;5;6510
02.10.2020 04:00;1;1000;0;0;6;17400;37;128560;20;254690;22;355620;1;1000;0;0;0;0;0;0;0;0;1;1000;6;75778;27;147450;11;33850;11;33470
02.10.2020 05:00;3;3000;3;3000;12;86950;152;403375;68;534573;83;831584;3;2990;3;3000;0;0;0;0;2;2000;1;1000;10;71160;97;842398;47;212017;20;75455
02.10.2020 06:00;4;4000;4;4000;24;344715;393;1054966;131;1134243;188;1673942;4;4000;4;4000;0;0;0;0;4;6340;6;6030;28;401224;133;1780214;116;977590;76;314450
02.10.2020 07:00;6;5990;5;5000;81;892848;507;1728158;284;2035091;298;2325636;6;6000;5;5000;0;0;0;0;17;21120;11;11040;64;1218899;144;3060502;94;2003040;107;1420949
02.10.2020 08:00;9;9000;9;8960;74;647841;500;1699812;324;2039637;353;2193089;9;8990;9;9000;0;0;0;0;17;18550;14;14060;67;1123924;191;3115253;86;2177608;118;1501618
02.10.2020 09:00;3;3000;3;3000;64;563951;409;1617223;316;2201391;313;2289344;3;3000;4;3990;0;0;0;0;31;34390;12;12040;64;1076953;172;2619218;104;1969987;108;1263888
02.10.2020 10:00;4;4000;4;4000;100;743918;435;1844646;332;2195987;330;2420041;4;4000;3;2990;0;0;0;0;56;58580;25;25960;78;1266700;149;2752370;125;2133488;123;1441064
02.10.2020 11:00;5;4980;4;4000;130;868847;427;1886103;316;2040771;295;2085202;5;5000;5;5000;0;0;0;0;35;37340;13;13070;107;1832347;151;2807788;110;1826785;133;1439740
02.10.2020 12:00;5;4990;5;5063;118;1001277;477;1784790;294;2320812;302;2322773;5;4990;5;5000;0;0;0;0;56;59360;12;12050;87;1608334;199;2784328;125;2286599;133;1549253
02.10.2020 13:00;8;7980;8;7980;138;995983;482;2015417;309;2491082;291;2603629;8;7980;7;6990;0;0;0;0;52;57100;18;18080;110;1915972;200;2891731;103;2542967;131;1826382
02.10.2020 14:00;5;5000;6;6000;125;883855;479;1511290;291;2614736;294;2343173;5;4990;6;6000;0;0;0;0;36;39810;17;17120;96;1819629;195;2671723;117;2453201;136;1641880
02.10.2020 15:00;4;4000;4;3990;116;890984;521;1612685;289;2612105;279;2646397;4;3970;5;5000;0;0;0;0;46;54120;14;14080;89;1693775;222;2704464;106;2727576;118;2051271
02.10.2020 16:00;4;3990;4;4000;128;935354;486;1777113;268;2522171;248;2470875;4;4000;3;2990;0;0;0;0;36;37980;18;18080;103;1331258;197;2606014;117;2509361;148;1779516
02.10.2020 17:00;4;4000;4;3990;132;832919;533;1676235;273;2578294;279;2526084;4;3990;5;5000;0;0;0;0;46;51929;23;23100;102;1463274;210;2856525;153;2494896;140;1929191
02.10.2020 18:00;4;3980;4;4000;135;776510;442;1821561;266;2105488;258;2226531;4;4000;3;2990;0;0;0;0;39;41105;25;25130;96;1695580;175;2868026;128;2389119;129;1581054
02.10.2020 19:00;5;4990;4;4000;100;1047580;417;1409535;206;2038788;193;1744364;5;5000;4;3990;0;0;0;0;43;48010;10;10060;82;1290028;165;2307596;140;1927089;162;1326826
02.10.2020 20:00;3;3000;4;4000;88;658324;320;1353083;166;1147065;161;1209691;3;3000;4;3990;0;0;0;0;38;40470;8;8030;78;803951;118;1983004;145;1183292;111;620656
02.10.2020 21:00;2;2000;3;3000;42;386055;284;839498;122;786650;111;820739;2;2000;3;3000;0;0;0;0;18;20660;5;5040;44;555040;147;1534882;122;759585;134;743177
02.10.2020 22:00;2;2000;2;2000;36;161660;298;1008963;98;581966;88;774107;2;2000;2;2000;0;0;0;0;22;24260;10;10020;55;553254;175;1655012;133;567215;110;537518
02.10.2020 23:00;2;2000;2;1990;30;76340;231;861007;80;491449;67;675571;2;1990;2;1990;0;0;0;0;15;18360;4;4030;25;339977;154;1211518;81;429091;82;482484
03.10.2020 00:00;0;0;1;1000;17;180299;89;272890;30;263320;40;477064;0;0;1;1000;0;0;0;0;6;7060;3;3020;11;109970;84;460139;42;117816;41;115940
03.10.2020 01:00;0;0;0;0;9;6770;55;303530;37;218010;40;648635;0;0;0;0;0;0;0;0;2;2530;7;7030;10;106940;46;211295;49;166480;29;88008
03.10.2020 02:00;0;0;0;0;11;9090;36;82380;14;187518;20;256963;0;0;0;0;0;0;0;0;4;5860;5;5020;4;66790;25;148040;17;68500;16;32970
03.10.2020 03:00;0;0;0;0;4;51680;20;71440;19;313360;15;313700;0;0;0;0;0;0;0;0;1;1010;2;2000;4;65540;20;96340;15;48460;4;9850
03.10.2020 04:00;0;0;0;0;5;19863;22;93985;8;132120;11;261631;0;0;0;0;0;0;0;0;1;1700;1;1000;2;26190;16;61020;12;21336;8;20629
03.10.2020 05:00;2;2000;1;1000;3;1780;33;98420;25;287267;31;466771;2;2000;1;1000;0;0;0;0;0;0;1;1000;13;157990;31;105190;21;64100;13;41830
03.10.2020 06:00;2;2000;2;2000;8;43590;55;117323;21;285075;21;349220;2;2000;2;2000;0;0;0;0;0;0;1;1010;10;104520;44;215191;31;77560;6;10800
03.10.2020 07:00;2;2000;2;2000;11;106200;62;170597;36;496704;34;284657;2;2000;2;2000;0;0;0;0;1;1050;1;1010;12;144984;53;370192;38;221424;22;51920
03.10.2020 08:00;2;2000;2;1980;18;127430;129;510133;59;575740;65;622110;2;2000;2;2000;0;0;0;0;7;7390;3;3020;11;179260;90;629666;60;410323;42;170925
03.10.2020 09:00;2;1990;2;1990;18;104770;185;678512;122;626692;107;1094820;2;2000;2;2000;0;0;0;0;6;6030;4;4000;28;402837;135;1050632;89;814649;71;418497
03.10.2020 10:00;2;2000;2;2000;42;192558;256;763669;153;1090324;153;1174551;2;2000;2;2000;0;0;0;0;18;20550;3;3020;38;513228;157;1412440;107;932373;94;514685
03.10.2020 11:00;2;2000;2;2000;31;165725;279;1034619;155;1146750;164;1108007;2;2000;2;2000;0;0;0;0;12;14120;5;5030;39;434650;178;1521569;126;1019377;95;744101
03.10.2020 12:00;3;3000;3;3000;33;189960;310;1056647;169;1002325;169;1279431;3;3000;3;3000;0;0;0;0;15;15740;6;6010;41;497322;157;1467809;131;1095868;107;775244
03.10.2020 13:00;4;4000;4;4000;49;348870;337;1253982;142;1080278;140;1167804;4;4000;4;3990;0;0;0;0;15;18300;8;8030;40;563127;178;1867449;117;1081300;97;683606
03.10.2020 14:00;4;4000;4;3990;47;294314;370;1341709;180;1339110;189;1605068;4;4000;4;4000;0;0;0;0;9;9140;5;5020;48;590795;147;2148024;112;1489314;124;1146943
03.10.2020 15:00;4;4000;4;4000;46;340445;334;1146272;142;887716;161;1379283;4;4000;4;4000;0;0;0;0;14;14100;6;6040;59;749930;177;1698620;104;1293759;101;687855
03.10.2020 16:00;4;4000;4;4000;48;178600;282;1217365;154;1000926;162;1194164;4;4000;4;3990;0;0;0;0;19;21388;5;5030;52;443260;152;1555232;97;985886;101;736410
03.10.2020 17:00;4;4000;4;4000;48;222370;311;1108095;177;1405723;178;1267424;4;3990;4;4000;0;0;0;0;10;10720;8;8050;61;764304;197;1533209;111;1091915;114;753012
03.10.2020 18:00;4;3990;4;4000;52;326857;326;1200786;176;1119827;192;1265183;4;3990;4;3980;0;0;0;0;19;19798;7;7030;60;623163;176;1990707;142;1115288;107;823528
03.10.2020 19:00;2;2000;2;1990;35;179084;278;1327907;157;993145;162;1188645;2;2000;2;2000;0;0;0;0;13;14410;12;12060;42;439284;149;1546309;130;802499;137;657999
03.10.2020 20:00;2;1990;2;2000;43;261330;221;954436;121;954723;121;892343;2;2000;2;2000;0;0;0;0;8;8660;16;16040;51;433733;123;1182463;96;652164;89;418699
03.10.2020 21:00;2;2000;2;2000;36;232550;205;902180;97;788167;107;941542;2;2000;2;2000;0;0;0;0;9;10080;5;5020;30;274613;138;1130857;117;632274;76;304553
03.10.2020 22:00;2;1990;2;2000;22;244120;155;559414;62;416630;70;606403;2;2000;2;2000;0;0;0;0;7;7960;6;6030;28;332346;111;674664;95;350468;51;192335
03.10.2020 23:00;2;1990;2;2000;19;183090;148;485913;57;386623;69;780484;2;1990;2;2000;0;0;0;0;5;5334;5;5010;18;187780;111;624514;72;285690;56;187143
04.10.2020 00:00;0;0;1;1000;11;73710;95;310744;31;314440;37;423731;0;0;1;1000;0;0;0;0;2;2080;2;2010;7;50090;77;337056;51;169880;36;102700
04.10.2020 01:00;0;0;0;0;8;69984;56;261415;41;377690;40;534559;0;0;0;0;0;0;0;0;2;2020;5;5020;6;95228;45;240315;49;161790;25;87740
04.10.2020 02:00;0;0;0;0;8;65633;30;70030;23;293784;24;292610;0;0;0;0;0;0;0;0;1;1010;1;1010;13;139590;30;125130;25;90673;20;94730
04.10.2020 03:00;0;0;0;0;6;36620;38;75780;12;143640;13;190045;0;0;0;0;0;0;0;0;1;1000;1;1000;1;800;35;179380;14;40470;14;55167
04.10.2020 04:00;0;0;0;0;3;13850;15;42220;7;113192;10;251952;0;0;0;0;0;0;0;0;0;0;0;0;4;50740;13;78200;9;51540;10;38570
04.10.2020 05:00;2;2000;1;990;5;17510;24;51470;23;237100;25;413364;2;2000;1;1000;0;0;0;0;0;0;0;0;6;130750;17;88644;21;98000;12;47610
04.10.2020 06:00;2;2000;2;2000;7;68290;43;94648;19;237738;24;404717;2;2000;2;2000;0;0;0;0;0;0;1;1010;4;32180;32;123070;22;58230;13;36190
04.10.2020 07:00;2;2000;2;2000;7;39270;47;311530;25;116190;28;409405;2;1990;2;2000;0;0;0;0;0;0;0;0;9;136352;45;149870;21;49810;14;42320
04.10.2020 08:00;2;1980;2;2000;13;34010;64;198777;42;353064;51;725343;2;2000;2;2043;0;0;0;0;2;2890;3;3020;17;185080;63;192030;34;191613;22;65513
04.10.2020 09:00;2;2000;2;2000;25;202290;177;642159;89;751407;81;738969;2;2000;2;1990;0;0;0;0;7;7970;2;2020;27;401454;126;939292;68;517676;54;200298
04.10.2020 10:00;2;1990;2;1990;35;184141;239;858730;133;1066150;140;1202659;2;2000;2;2000;0;0;0;0;14;14480;4;4010;39;447906;157;1291391;89;708093;80;540023
04.10.2020 11:00;2;2000;2;2000;35;225443;261;831358;147;1239316;146;1288617;2;2000;2;1990;0;0;0;0;9;10000;1;1000;42;362076;150;1534233;105;932704;99;513664
04.10.2020 12:00;3;2980;3;2990;42;208582;283;1201260;159;1137359;150;1276659;3;3000;3;3000;0;0;0;0;13;13280;8;8060;53;528357;148;1612499;109;1265074;112;904474
04.10.2020 13:00;4;4000;4;4000;54;310055;345;1171352;191;1268647;195;1354779;4;3990;4;4000;0;0;0;0;12;12860;10;10030;70;868674;171;1840081;125;1312239;131;1007048
04.10.2020 14:00;4;4000;3;3000;66;512756;344;1416731;213;1394285;196;1403441;4;4000;4;4000;0;0;0;0;15;17070;13;13070;68;938192;178;1872877;138;1322420;137;1145925
04.10.2020 15:00;4;4000;4;3990;58;335147;387;1267607;217;1368375;214;1515840;4;4000;4;4000;0;0;0;0;20;20980;11;11060;61;808490;181;1952800;117;1222275;114;930206
04.10.2020 16:00;4;4000;4;3990;54;272197;337;1322289;174;1422179;168;1225027;4;3990;4;4000;0;0;0;0;16;16300;11;11050;58;771775;180;1830363;114;1157366;118;650721
04.10.2020 17:00;4;4000;4;4000;53;421280;413;1152200;196;1277327;204;1423604;4;3990;4;4000;0;0;0;0;14;15950;9;9040;47;687565;162;2167001;134;1289118;128;877940
04.10.2020 18:00;4;4000;4;3980;48;348933;418;1212085;191;1461032;196;1513677;4;4000;4;4000;0;0;0;0;16;16960;8;8050;53;820453;178;2183774;134;1224721;127;892806
04.10.2020 19:00;2;2000;2;1990;42;329440;307;983387;141;965720;154;1162478;2;2000;2;2000;0;0;0;0;12;16700;11;11040;48;431570;161;1782372;141;1118844;111;644565
04.10.2020 20:00;2;2000;2;2000;29;220400;228;900182;90;861241;101;894321;2;1990;2;2000;0;0;0;0;6;6030;8;8010;43;386911;153;1256214;131;759554;94;427751
04.10.2020 21:00;2;2000;2;1990;38;286150;172;784914;75;645110;73;705250;2;2000;2;2000;0;0;0;0;13;14583;5;5490;33;405158;132;870191;88;569707;68;221920
04.10.2020 22:00;2;2000;2;1980;24;204950;115;428925;42;351380;55;614885;2;2000;2;2000;0;0;0;0;4;4210;2;2000;17;118180;102;494976;60;276805;55;212975
04.10.2020 23:00;2;2000;2;2000;14;103380;62;237513;23;204200;29;387126;2;1990;2;1990;0;0;0;0;0;0;1;1000;20;227070;46;208360;40;89950;21;54730
05.10.2020 00:00;0;0;1;1000;2;32474;36;145130;16;240490;16;334809;0;0;1;1000;0;0;0;0;3;3010;1;1000;8;139940;26;128230;19;49860;14;38730
05.10.2020 01:00;0;0;0;0;4;72540;14;45940;11;212860;15;290225;0;0;0;0;0;0;0;0;0;0;0;0;3;50020;13;32010;8;18730;4;10440
05.10.2020 02:00;0;0;0;0;1;160;13;8020;2;19713;3;62723;0;0;0;0;0;0;0;0;1;1010;0;0;2;34700;11;44390;7;11410;7;13150
05.10.2020 03:00;0;0;0;0;1;16240;10;35020;11;139950;9;238075;0;0;0;0;0;0;0;0;0;0;0;0;0;0;10;33440;1;1680;4;13520
05.10.2020 04:00;1;1000;0;0;5;55780;37;65550;16;293880;23;355090;1;990;0;0;0;0;0;0;0;0;0;0;5;46900;28;114440;10;52680;14;30590
05.10.2020 05:00;3;3000;3;3000;13;96860;159;476419;60;541320;82;988910;3;3000;3;3000;0;0;0;0;0;0;0;0;14;149989;89;974110;61;245111;30;115490
05.10.2020 06:00;4;3990;4;4000;28;230220;433;1065816;133;988037;175;1506695;4;4000;4;4000;0;0;0;0;7;7430;2;2010;28;391340;123;1970058;118;1034116;77;386605
05.10.2020 07:00;5;5000;4;4000;45;370260;529;1456396;224;1860605;243;1921343;5;5000;4;3990;0;0;0;0;11;13870;9;9070;42;853335;156;3018754;95;1476099;87;964579
05.10.2020 08:00;4;4000;4;3990;79;621052;507;1678322;257;2057768;275;2056668;4;3990;4;3990;0;0;0;0;19;20298;15;15080;70;1213307;192;2863420;98;1720246;97;1210196
05.10.2020 09:00;4;4000;4;4000;91;703405;335;1212134;268;1804231;290;1858715;4;4000;4;4000;0;0;0;0;22;22410;11;11070;75;1355994;165;1875171;94;1744896;123;1184511
05.10.2020 10:00;4;4000;4;4000;99;692497;328;1052209;298;2038682;318;2038681;4;4000;4;4000;0;0;0;0;27;28970;14;14040;77;1220993;174;1615721;105;2055021;147;1440975
05.10.2020 11:00;5;4990;5;5000;111;776140;396;1532066;241;1497816;240;1634286;5;5000;5;5000;0;0;0;0;32;35140;15;15070;88;1491408;145;2584654;123;1921064;116;1275998
05.10.2020 12:00;4;4000;4;3990;89;817302;385;1555893;249;1622255;240;1876010;4;3990;4;4000;0;0;0;0;34;36970;10;10040;87;1523262;155;2490763;122;1655188;128;1235678
05.10.2020 13:00;4;3990;4;3990;100;687405;356;1429934;265;1901893;260;1925326;4;4000;4;3990;0;0;0;0;24;25250;11;11060;82;1107450;147;2393493;125;2027353;133;1080200
05.10.2020 14:00;4;4000;4;4000;92;836362;421;1530476;225;1744982;235;1870352;4;4000;4;3980;0;0;0;0;25;27920;9;9030;80;1195018;173;2489781;134;2032680;127;955964
05.10.2020 15:00;4;4000;4;4000;99;629491;438;1533006;269;2324134;269;2208356;4;3980;4;4000;0;0;0;0;34;37590;15;15060;94;1559359;183;2477504;109;2486543;129;1418689
05.10.2020 16:00;4;4000;4;4000;120;980774;482;1602078;267;2444246;267;2316908;4;4000;4;4000;0;0;0;0;32;33460;10;10060;78;1336471;184;2658368;120;2412815;144;1623768
05.10.2020 17:00;4;4000;4;4000;126;936644;454;1742257;236;2493498;219;2371145;4;4000;4;4000;0;0;0;0;29;30400;15;15030;99;1666061;165;2754437;104;2520149;144;1495334
05.10.2020 18:00;4;4000;4;3990;118;937282;431;1651936;191;2061465;194;1996802;4;3990;4;4000;0;0;1;1070;30;32880;17;17050;84;1702511;161;2470659;106;2276312;118;1596383
05.10.2020 19:00;4;3980;4;4000;80;532236;353;1127397;140;1671847;161;1562527;4;3990;4;4000;0;0;0;0;35;41850;8;8050;75;1118052;147;1996544;125;1726767;114;1133851
05.10.2020 20:00;4;4000;5;4990;53;375064;224;1027958;135;1094838;104;976134;4;4000;5;5000;0;0;0;0;15;16190;4;4010;65;760452;137;1559113;121;1115986;75;536394
05.10.2020 21:00;2;2000;2;2000;24;157863;167;717182;85;776001;82;877334;2;2000;2;1990;0;0;0;0;9;11181;4;4010;29;327287;99;1055922;95;698810;75;421299
05.10.2020 22:00;2;1990;2;2000;16;82962;155;634467;93;566134;72;594935;2;2000;2;2000;0;0;0;0;11;12011;2;2000;29;300166;118;903401;83;453236;73;491385
05.10.2020 23:00;2;1990;2;2000;13;69470;90;270130;46;392424;42;454713;2;2000;2;2000;0;0;0;0;3;3010;4;4020;23;177590;74;427890;30;110886;34;211406
06.10.2020 00:00;0;0;1;1000;3;17580;46;233809;20;264003;15;287751;0;0;1;1000;0;0;0;0;1;1000;2;2010;4;6300;42;226510;23;84330;14;55110
06.10.2020 01:00;0;0;0;0;1;90;16;50825;10;149670;14;239651;0;0;0;0;0;0;0;0;2;2100;0;0;8;83770;14;68500;7;27286;11;48396
06.10.2020 02:00;0;0;0;0;1;20490;8;11565;13;204810;8;115530;0;0;0;0;0;0;0;0;0;0;0;0;3;50245;9;32850;6;21350;8;25080
06.10.2020 03:00;0;0;0;0;2;1300;12;36310;9;125640;7;100320;0;0;0;0;0;0;0;0;0;0;0;0;1;4300;9;45810;5;19340;1;1500
06.10.2020 04:00;1;990;0;0;5;42480;31;54120;13;248404;21;390411;1;1000;0;0;0;0;0;0;0;0;1;1000;5;41640;25;110490;11;38810;20;78110
06.10.2020 05:00;3;3000;3;3000;12;37980;156;388566;74;682468;91;1038821;3;3000;3;3000;0;0;0;0;2;2020;0;0;10;83370;94;795623;51;220788;30;158710
06.10.2020 06:00;4;3990;4;3990;31;340148;455;1168225;141;1188087;179;1721443;4;4000;4;4000;0;0;0;0;7;7160;2;2010;35;563303;105;2464747;94;1257479;74;784708
06.10.2020 07:00;5;4990;4;4000;52;626612;523;1316698;210;1858668;219;2115557;5;4990;4;3990;0;0;0;0;11;11420;6;6050;47;848414;158;2902348;95;1756007;87;1010333
06.10.2020 08:00;4;4000;4;4000;77;532409;530;1554772;275;1802290;284;2181823;4;3980;4;4000;0;0;0;0;20;20240;7;7040;61;1145724;202;2941212;84;1893388;96;1179760
06.10.2020 09:00;4;4000;4;3990;68;954010;428;1535236;290;1941772;305;2192048;4;3990;4;4000;0;0;0;0;29;30330;14;14090;50;999287;153;2548020;96;2054051;120;1160644
06.10.2020 10:00;4;4000;4;4000;84;826045;358;1728561;263;1838345;287;1893196;4;4000;4;4000;0;0;0;0;30;30210;9;9050;71;1198170;132;2666060;121;1939016;119;1184848
06.10.2020 11:00;4;3990;4;4000;96;940162;363;1389397;254;1815196;243;1993320;4;4000;4;4000;0;0;2;760;30;31800;10;10040;82;1322172;160;2304059;112;1794414;107;1006439
06.10.2020 12:00;4;3990;4;3990;102;728213;386;1736229;242;1542747;247;1781913;4;3990;4;4000;0;0;0;0;28;28960;15;15060;81;1252411;164;2519051;122;2043488;121;1145100
06.10.2020 13:00;4;4000;4;4000;84;794696;406;1642260;250;1708292;240;1940227;4;4000;4;4000;0;0;0;0;21;23030;6;6030;78;1418324;152;2488791;120;2142751;109;1234501
06.10.2020 14:00;4;4000;4;4000;79;776050;391;1626436;245;1706675;243;1876180;4;4000;4;3990;0;0;0;0;29;29990;9;9070;88;1392180;157;2484421;122;2358953;149;1354233
06.10.2020 15:00;4;4000;4;3990;98;707410;493;1508977;282;2149228;275;2270438;4;3990;4;4000;0;0;0;0;30;30600;15;15040;89;1373490;199;2415131;127;2601715;138;1701381
06.10.2020 16:00;4;4000;4;3980;105;822031;495;1760788;289;2537453;258;2334997;4;3990;4;4000;0;0;0;0;51;55120;15;15080;91;1446609;209;2746847;122;2555460;140;1927972
06.10.2020 17:00;4;4000;4;4000;129;994090;486;1902770;275;2310435;237;2371605;4;4000;4;3990;0;0;0;0;40;41058;18;18030;102;1609676;181;2728328;115;2660192;144;1877998
06.10.2020 18:00;4;3990;4;4000;112;813833;461;1564781;222;1984499;220;2020450;4;3990;4;3980;0;0;0;0;44;46930;12;12060;88;1559290;207;2223224;128;2323604;120;1704758
06.10.2020 19:00;4;3990;4;4000;66;813128;406;1120820;140;1810402;138;1885141;4;3990;4;4000;0;0;0;0;34;36440;12;12060;77;1130342;176;1982351;129;1686093;108;1069441
06.10.2020 20:00;4;4000;5;4990;38;282632;229;1019892;119;1085861;109;1286884;4;4000;5;5000;0;0;0;0;14;15620;5;5020;57;850640;137;1687156;116;1047052;91;645886
06.10.2020 21:00;2;2000;2;1990;35;330576;212;821905;98;742754;86;768491;2;2000;2;2000;0;0;0;0;18;18120;5;5010;46;606711;117;1171904;106;616921;72;452383
06.10.2020 22:00;2;2000;2;2000;18;153192;157;476040;66;504710;68;712612;2;2000;2;2000;0;0;0;0;13;14390;4;4010;34;509912;112;897451;84;732132;76;554630
06.10.2020 23:00;2;2000;2;2000;22;112720;114;312782;40;233933;37;369414;2;2000;2;2000;0;0;0;0;8;9110;3;3020;23;249255;84;656670;52;272340;45;244803
07.10.2020 00:00;0;0;1;1000;4;46590;39;130817;17;296672;23;421104;0;0;1;1000;0;0;0;0;2;2010;2;2000;3;22300;41;194070;20;74840;24;120986
07.10.2020 01:00;0;0;0;0;4;36520;20;107450;9;84300;9;199309;0;0;0;0;0;0;0;0;1;1000;1;1000;3;16200;16;89610;9;21940;8;34200
07.10.2020 02:00;0;0;0;0;2;33900;9;23980;5;53062;8;160542;0;0;0;0;0;0;0;0;0;0;0;0;3;27500;12;49920;2;2710;2;5770
07.10.2020 03:00;0;0;0;0;0;0;11;66250;7;112790;10;216570;0;0;0;0;0;0;0;0;0;0;0;0;0;0;11;48970;3;9110;2;7300
07.10.2020 04:00;1;1000;0;0;5;24100;31;97980;15;153260;17;275178;1;1000;0;0;0;0;0;0;0;0;0;0;7;80110;23;106220;2;5880;11;43120
07.10.2020 05:00;3;3000;3;3000;11;38960;149;482703;54;534008;88;979691;3;3000;3;3000;0;0;0;0;2;2010;1;1010;11;75800;92;772871;47;240950;32;188153
07.10.2020 06:00;4;4000;4;4000;26;241616;387;1166681;126;1265346;177;1828726;4;3990;4;3990;0;0;0;0;3;3920;4;4010;25;453002;112;2077562;94;1051271;69;461266
07.10.2020 07:00;5;4980;4;3990;51;397620;515;1548844;216;1805657;245;1874722;5;4980;4;3990;0;0;0;0;12;13040;10;10040;55;881647;135;2905091;87;1671133;109;1004527
07.10.2020 08:00;4;4000;4;3990;80;703574;479;1575414;287;1956903;287;2338403;4;4000;4;3990;0;0;0;0;18;19100;14;14070;60;1055451;211;2809378;97;1962799;89;1173937
07.10.2020 09:00;4;4000;4;3980;66;540139;438;1493069;271;2014015;292;2142823;4;4000;4;3990;0;0;0;0;21;21930;9;9050;65;1177272;175;2420280;100;1952145;115;1212243
07.10.2020 10:00;4;3990;4;3990;84;961774;371;1481433;251;1748908;261;1897469;4;4000;4;3990;0;0;0;0;33;41270;14;14110;68;1299740;162;2414406;111;1188008;114;951116
07.10.2020 11:00;4;4000;4;3990;101;834584;343;1598585;238;1620417;250;1725909;4;3980;4;4000;0;0;0;0;25;31015;7;7030;76;1175504;141;2437155;122;1852019;107;894681
07.10.2020 12:00;4;3990;4;4000;89;918143;356;1418774;229;1789797;219;1875121;4;4000;4;3990;0;0;0;0;28;32840;15;15100;70;1464253;147;2208906;137;1844308;116;1071068
07.10.2020 13:00;4;4000;4;4000;79;535015;408;1474255;230;1779844;235;1775967;4;4000;4;4000;0;0;0;0;35;40350;16;16060;71;1121198;147;2472319;121;1909763;117;1147292
07.10.2020 14:00;4;3990;4;4000;96;929051;393;1452288;245;1996420;239;1653938;4;3990;4;4044;0;0;0;0;41;47550;16;16060;81;1374863;150;2450956;135;1993076;129;1241503
07.10.2020 15:00;4;4000;4;3990;94;813964;448;1660443;280;2312771;258;2244994;4;4000;4;4000;0;0;0;0;31;33500;16;16080;73;1179707;204;2745342;145;2206999;170;1653360
07.10.2020 16:00;4;4000;4;3990;98;821981;492;1443541;238;2273748;256;2148312;4;4000;4;4000;0;0;0;0;31;36650;10;10010;94;1430410;228;2305829;129;2428111;139;1412446
07.10.2020 17:00;4;4000;4;4000;125;916724;493;1508903;266;2267443;249;2303851;4;3990;4;3990;0;0;0;0;41;46490;13;13060;87;1705910;240;2609192;113;2673387;131;1804176
07.10.2020 18:00;4;4000;4;3980;113;865299;473;1298553;214;2197509;211;1992854;4;4000;4;4000;0;0;0;0;30;34650;22;22060;85;1512700;219;1901445;137;2282036;159;1314090
07.10.2020 19:00;4;3990;4;4000;72;741965;378;1135035;170;1527134;147;1390764;4;4000;4;3980;0;0;0;0;28;28280;9;9050;77;1102235;173;1676891;146;1258923;129;1038651
07.10.2020 20:00;4;4000;5;5000;54;393997;252;1217083;128;921871;129;1211863;4;4000;5;4980;0;0;0;0;29;31050;9;9030;64;809935;137;1550762;121;1069857;113;576529
07.10.2020 21:00;2;2000;2;2000;36;86350;194;796146;86;700382;72;614245;2;2000;2;2000;0;0;0;0;14;14310;6;6040;30;389711;124;949875;93;541634;76;304760
07.10.2020 22:00;2;2000;2;1990;28;296096;172;648684;83;665713;65;558503;2;2000;2;2000;0;0;0;0;13;13580;6;6000;25;352206;114;793134;81;439816;76;292901
07.10.2020 23:00;2;2000;2;2000;24;169916;103;451430;45;334373;46;647083;2;2000;2;2000;0;0;0;0;2;2770;2;2020;22;292601;77;476310;49;159270;61;169753
08.10.2020 00:00;0;0;1;1000;9;90312;51;171444;17;214430;11;169040;0;0;1;990;0;0;0;0;1;1120;4;4074;8;138980;39;171850;21;102244;12;30584
08.10.2020 01:00;0;0;0;0;1;19270;22;24430;12;175780;7;111030;0;0;0;0;0;0;0;0;2;2020;0;0;2;55130;21;62505;6;12210;12;25360
08.10.2020 02:00;0;0;0;0;2;1540;12;21150;4;42720;8;176154;0;0;0;0;0;0;0;0;1;1010;0;0;3;26370;11;27890;10;24120;3;6250
08.10.2020 03:00;0;0;0;0;2;2280;11;4920;5;36960;3;52540;0;0;0;0;0;0;0;0;0;0;0;0;0;0;10;30695;4;5830;6;10040
08.10.2020 04:00;1;1000;0;0;5;72260;36;118255;19;256410;19;436235;1;1000;0;0;0;0;0;0;0;0;0;0;7;158940;27;113890;6;23240;13;27470
08.10.2020 05:00;3;2990;3;3000;11;47710;142;487046;56;537608;88;900384;3;2990;3;3000;0;0;0;0;3;3030;1;1010;12;131690;93;846964;47;207700;29;123643
08.10.2020 06:00;4;4000;4;4000;33;341770;419;1075393;112;1156484;165;1533575;4;3990;4;3990;0;0;0;0;8;8170;2;2010;27;503046;123;2091369;118;960392;87;491366
08.10.2020 07:00;5;5000;4;4000;52;386719;500;1473868;215;1908948;235;2145949;5;4990;4;4000;0;0;0;0;15;15580;7;7040;40;585134;109;2828624;98;1485319;85;1027448
08.10.2020 08:00;4;3990;4;4000;68;423492;521;1625703;266;1965157;265;2212857;4;4000;4;3990;0;0;0;0;17;17190;9;9040;56;851492;129;3005487;90;1913306;96;1206828
08.10.2020 09:00;6;6000;5;4990;68;466295;450;1761272;273;1836571;282;2056041;6;5990;5;5000;0;0;0;0;24;24730;9;9030;60;890304;151;2627889;103;2130227;101;1112791
08.10.2020 10:00;4;3990;5;5000;61;329790;407;1607753;201;1625673;206;1954889;4;4000;4;4000;0;0;0;0;17;17080;9;9070;61;1078987;139;2408004;105;1754929;110;1019724
08.10.2020 11:00;5;4990;6;6000;88;904770;398;1725689;235;1823486;233;1753162;5;4990;6;5990;0;0;0;0;28;29180;6;6040;74;1224385;151;2634265;117;2044114;127;1319464
08.10.2020 12:00;4;3990;4;3990;79;770789;381;1619851;232;1745703;254;1816852;4;4000;4;4000;0;0;0;0;23;25170;19;19050;76;1265014;145;2473064;140;1883622;133;1429329
08.10.2020 13:00;4;4000;4;4000;86;811909;346;1754675;236;1470226;243;1806719;4;3990;4;4000;0;0;0;0;31;37440;9;9010;92;1365633;143;2472323;122;2082929;129;1357582
08.10.2020 14:00;4;4000;4;4000;98;651097;429;1691088;264;1865881;287;1912681;4;4000;4;4000;0;0;0;0;41;44367;10;10082;67;1060774;146;2670691;117;2026765;138;1296004
08.10.2020 15:00;4;3980;4;4000;91;771018;419;1650437;268;2041829;272;2163869;4;3990;4;4000;0;0;0;0;31;33355;19;19090;86;1248576;195;2479549;128;2436538;153;1671813
08.10.2020 16:00;4;4000;4;3990;95;911640;491;1760507;255;2336170;245;2257838;4;3990;4;4000;0;0;0;0;43;44980;13;13060;91;1639515;211;2581673;127;2545813;141;1570289
08.10.2020 17:00;4;4000;4;3990;109;856191;489;1675723;264;2181034;238;2094826;4;3990;4;4000;0;0;0;0;34;37940;17;17080;86;1350611;218;2407344;102;2590266;147;1587915
08.10.2020 18:00;4;4000;4;3990;115;808387;505;1697513;204;2045687;199;1967324;4;4000;4;3980;0;0;0;0;35;36970;18;18060;95;1627840;192;2614161;127;2280493;153;1502266
08.10.2020 19:00;4;4000;4;4000;64;636512;383;1104771;187;1748021;172;1927612;4;3990;4;4000;0;0;0;0;29;30980;20;20070;67;962473;166;1735242;142;1740103;142;919119
08.10.2020 20:00;4;3990;5;5000;54;379661;254;1069545;119;1297503;111;1005379;4;4000;5;5000;0;0;0;0;30;36030;9;9030;58;759849;158;1600267;128;1084529;120;541180
08.10.2020 21:00;2;2000;2;2000;34;74380;188;988182;82;742119;85;777867;2;2000;2;2000;0;0;0;0;10;10790;5;5020;53;335077;133;1020842;114;595100;90;315565
08.10.2020 22:00;2;2000;2;2000;33;125840;163;624065;81;656850;65;662647;2;2000;2;1990;0;0;0;0;6;6040;3;3020;44;434434;125;759055;87;352302;81;286604
08.10.2020 23:00;2;1990;2;1990;24;167830;115;419846;41;493951;43;447846;2;2000;2;2000;0;0;0;0;3;4070;5;5030;25;266816;87;540363;53;230695;47;211299
09.10.2020 00:00;0;0;1;1000;4;65780;49;129588;26;294040;28;422655;0;0;1;1000;0;0;0;0;1;1010;3;3010;7;101730;41;197030;26;101400;26;62050
09.10.2020 01:00;0;0;0;0;5;34360;21;68440;6;35970;12;227693;0;0;0;0;0;0;0;0;0;0;0;0;4;86260;16;51213;13;33823;5;13190
09.10.2020 02:00;0;0;0;0;0;0;9;4300;6;113010;7;167840;0;0;0;0;0;0;0;0;0;0;0;0;1;480;10;27350;7;17340;1;2720
09.10.2020 03:00;0;0;0;0;4;2360;15;10950;4;25710;3;39170;0;0;0;0;0;0;0;0;0;0;0;0;1;460;10;41910;5;12380;9;16670
09.10.2020 04:00;1;1000;0;0;9;43190;35;118310;20;296094;19;330080;1;1000;0;0;0;0;0;0;0;0;0;0;4;24484;31;162940;11;23120;14;30880
09.10.2020 05:00;3;3000;3;3000;15;92130;132;370626;59;714770;76;910600;3;3000;3;3000;0;0;0;0;1;1000;0;0;10;130805;85;774176;50;282780;29;208625
09.10.2020 06:00;4;3980;4;4000;28;313260;389;1028396;131;997664;170;1631484;4;4000;4;4000;0;0;0;0;8;9440;7;7020;32;315135;115;2017984;90;1037267;57;496031
09.10.2020 07:00;5;5000;4;3980;38;549221;536;1425822;177;1422360;203;1882243;5;4990;4;4000;0;0;0;0;9;9120;3;3000;36;410325;94;2916234;108;1528277;81;821737
09.10.2020 08:00;4;3990;4;3990;71;761469;521;1366396;247;1735568;248;2144826;4;3990;4;4000;0;0;0;0;14;16380;7;7000;59;928994;143;2876363;81;1919404;85;1116698
09.10.2020 09:00;5;4990;4;4000;80;734725;454;1371062;258;2101829;272;2116509;5;5053;4;3990;0;0;0;0;16;16260;11;11030;72;1318291;191;2478870;93;2044004;102;1125284
09.10.2020 10:00;4;4000;5;4980;73;584179;440;1692466;262;2096981;267;2116302;4;4000;5;4990;0;0;0;0;37;38300;14;14090;64;1171336;145;2621780;121;1924300;117;1007366
09.10.2020 11:00;4;4000;4;4000;100;796561;392;1627819;239;1752832;270;1948425;4;4000;4;3990;0;0;0;0;17;19180;18;18060;90;1490473;134;2556857;117;2031304;128;1232929
09.10.2020 12:00;4;4000;4;4000;111;791949;447;1638236;265;2203671;272;2129101;4;3980;4;3990;0;0;0;0;46;48680;11;11050;87;1408169;198;2380599;118;2312509;135;1620699
09.10.2020 13:00;4;3990;4;4000;100;804724;434;1563602;262;2043805;259;2257665;4;4000;4;3990;0;0;0;0;33;34870;13;13080;89;1296183;204;2422856;122;2207734;132;1427015
09.10.2020 14:00;4;3990;4;4000;108;891513;460;1554831;242;2142531;263;2047017;4;4000;4;4000;0;0;0;0;21;22100;16;16070;93;1636594;174;2544136;124;2557200;147;1534493
09.10.2020 15:00;4;3990;4;4000;93;466040;476;1688073;264;2242888;256;2283965;4;4000;4;4000;0;0;0;0;31;33250;11;11070;84;1251033;188;2760284;116;2386745;137;1842307
09.10.2020 16:00;4;3990;4;4000;97;856581;505;1750740;225;1948227;229;2115681;4;4000;4;4000;0;0;0;0;22;23610;12;12080;87;1310260;189;2526918;122;2216470;144;1653131
09.10.2020 17:00;4;3990;4;3990;103;821243;521;1628621;209;2018982;221;2386829;4;3990;4;4000;0;0;0;0;33;33660;12;12080;84;1876039;216;2451492;127;2281804;139;1753718
09.10.2020 18:00;4;4048;4;4000;98;839760;474;1597923;254;2092839;214;2322192;4;3980;4;4000;0;0;0;0;46;52460;15;15070;93;1330099;162;2590095;131;2339676;143;1802026
09.10.2020 19:00;4;3990;4;4038;83;768552;407;1277934;175;1810284;166;2082899;4;4000;4;4000;0;0;0;0;30;35460;10;10060;76;1214286;143;2317215;164;1575184;155;1414159
09.10.2020 20:00;4;3980;5;4990;50;457484;276;1253749;121;1092054;122;1009882;4;4000;5;5000;0;0;0;0;21;23730;9;9060;86;808378;146;1838027;120;1171310;90;872551
09.10.2020 21:00;2;1990;2;2000;36;224455;239;961265;99;664094;84;773531;2;2000;2;2000;0;0;0;0;25;27190;6;6020;53;589415;135;1402766;122;770638;103;848699
09.10.2020 22:00;2;2000;2;2000;32;280550;194;690749;65;409934;72;787725;2;2000;2;2000;0;0;0;0;14;14140;7;7040;42;551738;123;1276945;103;672294;76;630171
09.10.2020 23:00;2;2000;2;2000;18;112110;147;460086;41;362556;62;724267;2;1990;2;2000;0;0;0;0;9;9730;2;2010;28;312209;114;736428;78;514268;53;279819
10.10.2020 00:00;0;0;1;1000;8;78050;84;363292;44;401772;39;404790;0;0;1;1000;0;0;0;0;2;2020;3;3020;9;191324;81;448220;52;204700;39;187610
10.10.2020 01:00;0;0;0;0;3;26410;57;107010;29;256748;32;383020;0;0;0;0;0;0;0;0;2;2020;4;4020;8;142722;44;228640;24;99755;19;96860
10.10.2020 02:00;0;0;0;0;9;17110;30;92092;20;164310;17;226145;0;0;0;0;0;0;0;0;2;2330;1;1010;6;163500;25;103470;22;62790;16;53635
10.10.2020 03:00;0;0;0;0;6;20640;29;122950;20;226826;14;187720;0;0;0;0;0;0;0;0;0;0;0;0;3;29860;21;84680;6;24530;11;37160
10.10.2020 04:00;1;1000;0;0;2;23250;22;64100;20;232710;22;345140;1;1000;0;0;0;0;0;0;0;0;0;0;3;42510;20;83250;9;35955;8;27160
10.10.2020 05:00;3;3000;3;2980;9;22130;52;127774;33;308925;38;416350;3;3000;3;3000;0;0;0;0;0;0;3;3000;6;48810;43;243594;24;104640;19;102160
10.10.2020 06:00;4;3990;4;4000;11;87646;102;381407;29;431051;29;460445;4;4000;4;4000;0;0;0;0;1;1010;1;1000;14;180765;72;514146;43;233496;37;142800
10.10.2020 07:00;4;4000;4;4000;15;182400;123;642605;48;545815;56;665478;4;3970;4;4000;0;0;0;0;10;11620;3;3030;16;153080;106;644608;54;309647;23;128980
10.10.2020 08:00;5;5000;4;3980;35;316654;197;988614;114;770289;121;818454;5;4990;4;4000;0;0;0;0;8;8200;8;8094;27;265880;117;1221993;78;725393;62;430740
10.10.2020 09:00;4;4000;4;4000;44;423122;284;1087460;169;1353675;184;1378019;4;3980;4;3990;0;0;0;0;16;17930;8;8050;50;863820;137;1749622;107;1194996;91;738620
10.10.2020 10:00;4;4000;4;4000;72;657684;334;1330071;231;1556962;257;1906579;4;4033;4;4000;0;0;0;0;25;28720;9;9080;65;1108495;141;2254373;107;1502753;110;771128
10.10.2020 11:00;4;4000;4;4000;89;564900;383;1376250;220;1769200;211;1771803;4;3990;4;4000;0;0;0;0;28;30870;11;11040;65;981248;142;2295307;128;1798226;129;1427072
10.10.2020 12:00;4;4000;4;4000;85;578140;397;1621729;224;1482712;249;1916986;4;4000;4;3990;0;0;0;0;33;33840;19;19090;67;1151897;156;2345877;114;1665460;123;1161224
10.10.2020 13:00;4;4000;4;4000;89;812520;395;1623885;234;1640878;243;1772815;4;4000;4;4000;0;0;0;0;34;36440;13;13100;75;1655009;173;2488074;116;1862003;135;1257187
10.10.2020 14:00;4;4000;4;4000;98;696180;395;1571040;234;1935426;246;1928312;4;3990;4;3970;0;0;0;0;37;40100;10;10070;83;2206161;157;2468655;121;2058841;119;1533645
10.10.2020 15:00;4;4000;4;4000;89;631776;407;1544265;246;1905710;228;1886596;4;3990;4;4000;0;0;0;0;29;30403;9;9070;191;1251940;160;2372115;136;1554859;149;1132178
10.10.2020 16:00;4;3980;4;4000;81;583182;381;1585976;191;1539795;208;1639662;4;4000;4;4000;0;0;0;0;53;58550;13;13060;71;1082278;157;2518734;118;1878328;134;1231551
10.10.2020 17:00;4;3990;5;4990;92;779980;406;1844642;190;1407301;192;1581973;4;4000;5;4990;0;0;0;0;40;44660;15;15040;72;1114143;172;2522926;124;1865436;151;1190237
10.10.2020 18:00;4;4000;4;4000;89;830714;363;1658187;203;1350650;211;1631072;4;3990;4;3980;0;0;0;0;20;21900;16;16050;85;1416482;158;2373230;107;2115723;122;1471329
10.10.2020 19:00;4;3980;4;4000;72;622864;347;1298537;164;1248172;153;1364093;4;4000;4;4000;0;0;0;0;39;47060;15;15060;79;1055464;152;2047920;158;1282429;141;866021
10.10.2020 20:00;2;1990;2;2000;37;169700;274;1164314;139;862548;127;830924;2;2000;2;1990;0;0;0;0;19;20300;10;10040;57;534209;153;1506478;128;706217;110;499065
10.10.2020 21:00;2;2000;2;1990;22;155510;220;913302;81;657103;85;871294;2;2000;2;2000;0;0;0;0;10;10820;9;9040;29;372520;132;1097333;119;537832;76;264020
10.10.2020 22:00;2;2000;2;2000;32;177786;215;942172;78;665941;82;776426;2;1990;2;2000;0;0;0;0;21;25580;8;8040;38;348322;155;1185217;95;418760;85;337879
10.10.2020 23:00;2;2000;2;2000;26;112650;176;690266;54;423173;58;583713;2;2000;2;1990;0;0;0;0;13;14320;8;8050;17;221331;116;913595;84;394910;52;171530
11.10.2020 00:00;0;0;1;1000;19;142640;113;543325;42;386961;40;656758;0;0;1;1000;0;0;0;0;5;6630;6;6020;19;181258;96;532628;69;195572;47;160450
11.10.2020 01:00;0;0;0;0;10;59390;69;282790;21;308750;33;437516;0;0;0;0;0;0;0;0;2;2120;2;2020;7;97730;62;287706;35;103700;25;81200
11.10.2020 02:00;0;0;0;0;6;33790;47;92634;16;188205;28;437366;0;0;0;0;0;0;0;0;2;2090;2;2010;10;225406;35;119164;32;82600;26;56920
11.10.2020 03:00;0;0;0;0;10;25060;31;139200;6;83540;17;272750;0;0;0;0;0;0;0;0;2;2100;0;0;3;45047;24;105199;15;32490;9;21620
11.10.2020 04:00;0;0;0;0;2;18380;19;10640;10;104780;16;248465;0;0;0;0;0;0;0;0;0;0;0;0;2;30770;18;40950;13;30450;6;13540
11.10.2020 05:00;2;1990;1;1000;4;21110;17;38520;22;190010;29;405493;2;2000;1;1000;0;0;0;0;1;1000;1;1010;3;27000;16;53940;14;57240;17;41100
11.10.2020 06:00;2;2000;2;2000;8;90600;34;118230;17;267874;15;265388;2;1990;2;2000;0;0;0;0;1;1000;0;0;7;78320;23;89511;27;96403;14;40400
11.10.2020 07:00;2;2000;2;1990;3;6810;36;108658;23;307670;22;295920;2;2000;2;2000;0;0;0;0;0;0;0;0;6;99192;31;163850;24;103678;16;51280
11.10.2020 08:00;2;1990;2;2000;12;67657;78;182577;48;379220;45;527926;2;2043;2;1990;0;0;0;0;4;4040;1;1000;13;147230;73;291950;40;277633;31;161012
11.10.2020 09:00;2;1990;2;1990;15;65080;146;505871;80;682390;81;899760;2;2000;2;2000;0;0;0;0;9;9040;4;4030;25;268344;109;748516;93;681166;52;357876
11.10.2020 10:00;2;2000;2;2000;34;145487;249;882732;111;912040;109;926046;2;1990;2;2000;0;0;0;0;21;24110;8;8064;35;427890;130;1208729;103;830973;83;495664
11.10.2020 11:00;2;2000;2;2000;40;254760;303;1145391;136;1079017;135;1221747;2;2000;2;1990;0;0;0;0;16;18560;7;7020;52;513395;159;1572793;115;1153906;106;622394
11.10.2020 12:00;3;2990;3;3000;45;272465;289;1136349;183;1352595;182;1214152;3;3000;3;2990;0;0;0;0;12;12560;9;9040;58;804243;135;1771535;120;1103461;114;714935
11.10.2020 13:00;4;3990;4;4000;56;229661;336;1298104;177;1321058;179;1367203;4;4000;4;4000;0;0;0;0;18;19800;9;9030;48;654102;180;1655446;123;1246583;105;877841
11.10.2020 14:00;4;3990;4;4000;46;353523;395;1356279;202;1287218;210;1559690;4;4000;4;3990;0;0;0;0;17;20942;12;12060;50;733581;184;1952835;149;1384401;116;1022403
11.10.2020 15:00;4;4000;4;4000;50;421591;375;1164562;210;1388055;214;1487074;4;3990;4;4000;0;0;0;0;14;14200;14;14070;50;735181;168;1981555;129;1179911;119;768010
11.10.2020 16:00;4;3990;4;3990;41;234970;322;1328210;164;1085230;197;1476426;4;4000;4;4000;0;0;0;0;21;22390;9;9030;52;652072;177;1848853;115;1099071;103;742564
11.10.2020 17:00;4;4000;4;4000;50;258970;365;1463368;212;1347161;206;1571341;4;4000;4;3990;0;0;0;0;23;24710;5;5020;45;559614;166;2185710;123;1269737;114;812633
11.10.2020 18:00;4;4000;4;4000;49;334304;415;1332466;187;1536410;193;1499320;4;4000;4;4000;0;0;0;0;25;28070;9;9060;50;480861;175;2199912;135;1243122;131;841837
11.10.2020 19:00;2;2000;2;2000;47;237559;306;996406;132;1023053;112;1045071;2;2000;2;2000;0;0;0;0;14;15270;6;6030;50;512874;126;1776882;148;779506;104;372250
11.10.2020 20:00;2;2000;2;2000;44;296530;209;817979;95;845800;97;1021378;2;2000;2;2000;0;0;0;0;14;16890;4;4020;41;385221;140;1118283;116;627597;114;405031
11.10.2020 21:00;2;2000;2;2000;26;235485;162;850295;64;583506;75;786400;2;1990;2;2000;0;0;0;0;5;5670;3;3000;35;735347;122;1058944;95;448930;54;200360
11.10.2020 22:00;2;2000;2;2000;17;135442;111;513951;46;401796;47;735670;2;2000;2;2000;0;0;0;0;1;2680;1;1000;29;350382;90;579264;56;153650;37;120370
11.10.2020 23:00;2;2000;2;2000;12;18410;61;261894;19;263385;14;283330;2;2000;2;2000;0;0;0;0;4;4050;0;0;9;156450;50;169825;34;102990;25;69370
12.10.2020 00:00;0;0;1;1000;4;28210;36;133350;17;153610;24;406323;0;0;1;1000;0;0;0;0;1;1000;0;0;8;97779;25;91750;27;69030;13;36510
12.10.2020 01:00;0;0;0;0;3;70770;25;58040;7;116783;9;227580;0;0;0;0;0;0;0;0;0;0;0;0;1;41000;19;84195;9;33430;12;61992
12.10.2020 02:00;0;0;0;0;0;0;12;7410;5;116544;6;169274;0;0;0;0;0;0;0;0;0;0;0;0;0;0;11;50518;8;20050;11;37720
12.10.2020 03:00;0;0;0;0;3;1380;15;45049;11;82309;11;126050;0;0;0;0;0;0;0;0;0;0;0;0;1;1440;18;65380;11;35960;6;17070
12.10.2020 04:00;1;1000;0;0;7;63950;36;73060;23;297209;21;290965;1;1000;0;0;0;0;0;0;0;0;0;0;4;44520;29;137140;7;48590;10;40750
12.10.2020 05:00;3;3000;3;3000;8;43080;184;554556;56;566558;82;794837;3;2990;3;3000;0;0;0;0;4;4760;1;1010;12;101490;86;929710;38;189020;27;96870
12.10.2020 06:00;4;4000;4;4000;28;240645;433;1226278;127;1121092;171;1540060;4;4000;4;4000;0;0;0;0;4;4090;4;4062;32;406505;96;2386217;112;1125150;90;498971
12.10.2020 07:00;5;5000;4;4000;52;459337;536;1406429;211;1607136;241;1995227;5;5000;4;4000;0;0;0;0;12;12090;6;6010;35;427316;129;3023071;98;1679394;109;865944
12.10.2020 08:00;4;4000;4;3990;67;699840;495;1491973;275;2042503;284;2272174;4;3990;4;4000;0;0;0;0;42;43990;7;7030;56;912418;175;2998668;93;1835108;103;1170775
12.10.2020 09:00;4;4000;4;4000;56;412324;388;1572350;272;1755085;281;1874131;4;3990;4;3990;0;0;0;0;22;25620;8;8030;56;994003;159;2477805;106;1769474;108;1063324
12.10.2020 10:00;4;4000;4;3990;67;504815;390;1334118;235;1764239;242;1959844;4;3980;4;4000;0;0;0;0;23;24600;9;9040;73;1137539;159;2348988;135;1830634;114;898398
12.10.2020 11:00;4;3980;4;4000;74;580930;373;1638132;255;1701659;248;1952900;4;4000;4;4000;0;0;0;0;33;34910;12;12050;70;1171174;155;2519916;136;1914898;107;1060413
12.10.2020 12:00;4;3990;4;4000;77;465657;398;1608088;231;1676324;244;1752856;4;4000;4;3990;0;0;0;0;34;36369;7;7020;81;1118721;148;2428605;129;1744525;133;1245437
12.10.2020 13:00;4;4000;4;3990;83;554641;395;1776260;233;1843343;242;1788253;4;4000;4;4000;0;0;0;0;33;40520;10;10020;82;1070861;135;2624743;110;2051053;110;986240
12.10.2020 14:00;4;4000;4;4048;77;725120;406;1633244;239;1873072;245;1914469;4;4000;4;4000;0;0;0;0;39;43790;13;13060;71;1157221;169;2386926;118;2288028;139;1383284
12.10.2020 15:00;4;4000;4;4000;79;550335;441;1542025;253;2122877;247;2028140;4;4000;4;4000;0;0;0;0;34;35770;16;16100;76;941463;200;2462785;141;2347875;157;1563557
12.10.2020 16:00;4;4000;4;3990;90;718278;525;1548982;248;2480005;246;2149941;4;3990;4;3990;0;0;0;0;37;38450;19;19100;81;1681743;215;2495068;115;2461687;125;1989803
12.10.2020 17:00;4;4000;4;3980;131;1009330;541;1662257;244;2107020;229;2174298;4;4000;4;3990;0;0;0;0;65;67730;18;18070;82;1592309;242;2568111;121;2552081;145;1640247
12.10.2020 18:00;4;4000;4;4000;95;784101;409;1681490;204;1965308;201;1903439;4;3990;4;4000;0;0;0;0;44;46120;15;15010;83;1190492;201;2210488;145;2243659;130;1553610
12.10.2020 19:00;4;3990;4;4000;69;674858;366;1253939;157;1606628;143;1750703;4;3990;4;4000;0;0;0;0;37;39700;9;9020;69;781185;178;1704173;158;1329032;146;968868
12.10.2020 20:00;4;4000;5;5000;45;329360;220;1051533;110;786496;100;818901;4;4000;5;4990;0;0;0;0;12;12340;4;4010;48;790086;139;1218638;127;558580;78;376130
12.10.2020 21:00;2;2000;2;1990;28;154860;156;549470;83;723662;80;596796;2;1990;2;2000;0;0;0;0;19;20960;4;4020;29;316560;118;877967;108;440807;71;285233
12.10.2020 22:00;2;2000;2;2000;20;73760;143;689153;75;432358;67;581986;2;2000;2;2000;0;0;0;0;12;12510;4;4000;62;561283;91;669309;76;295549;65;230530
12.10.2020 23:00;2;2000;2;2000;17;217550;88;209924;32;369946;24;249090;2;1990;2;2062;0;0;0;0;4;4910;3;3000;19;266216;69;269803;36;113040;38;109570
13.10.2020 00:00;0;0;1;1000;5;74310;40;131450;13;154990;19;308330;0;0;1;1000;0;0;0;0;1;1100;1;1010;6;34640;32;128560;21;43720;10;15880
13.10.2020 01:00;0;0;0;0;3;39000;13;5410;9;111490;14;122330;0;0;0;0;0;0;0;0;0;0;0;0;0;0;11;29770;6;39810;15;34398
13.10.2020 02:00;0;0;0;0;5;5340;12;5690;7;102620;6;119810;0;0;0;0;0;0;0;0;0;0;0;0;2;17100;10;23990;6;79730;7;15420
13.10.2020 03:00;0;0;0;0;4;64980;13;6980;6;102222;6;70430;0;0;0;0;0;0;0;0;0;0;0;0;6;66310;13;30990;8;15230;1;2770
13.10.2020 04:00;1;1000;0;0;5;11510;37;97980;27;312790;22;321493;1;1000;0;0;0;0;0;0;0;0;0;0;8;45796;24;137930;12;26480;16;37140
13.10.2020 05:00;3;3000;3;2990;8;68793;156;323970;61;454445;88;757562;3;3000;3;2990;0;0;0;0;2;2020;1;1000;10;138368;102;748433;47;177190;36;96670
13.10.2020 06:00;4;3990;4;4000;22;185950;441;1177540;114;1291765;170;1717200;4;3990;4;4000;0;0;0;0;5;4890;5;5000;33;444043;117;2305810;109;1083363;83;525188
13.10.2020 07:00;5;4990;4;4000;44;583927;503;1513738;226;1957293;246;2100824;5;5000;4;3990;0;0;0;0;16;16100;9;9030;41;940046;145;2846841;102;1434344;105;964109
13.10.2020 08:00;4;3990;4;4000;76;718144;595;1462083;274;2220491;292;2183898;4;3990;4;4000;0;0;0;0;18;18050;8;8010;62;996331;203;3026567;89;2050308;83;1222113
13.10.2020 09:00;4;4000;4;4000;66;499181;468;1663264;276;1975955;283;2069795;4;3990;4;4000;0;0;0;0;21;22729;5;5010;65;833368;164;2959924;95;1936747;105;1063548
13.10.2020 10:00;4;3990;4;4000;72;630005;373;1624961;281;1843193;277;1956106;4;4000;4;4000;0;0;0;0;32;43170;8;8030;69;1301801;148;2353138;112;1766013;120;1375371
13.10.2020 11:00;4;3990;4;3990;80;671244;404;1717370;250;1896611;239;1931966;4;4000;4;3990;0;0;0;0;27;27720;9;9060;65;961418;149;2608830;121;1736363;104;1306367
13.10.2020 12:00;4;3990;4;3980;95;580109;366;1658289;246;1848604;235;1766116;4;4000;4;3990;0;0;0;0;30;33360;13;13030;87;1593770;148;2484694;106;2339565;131;971543
13.10.2020 13:00;4;4000;4;4000;106;826135;409;1480505;219;1601289;219;1712196;4;3990;4;4000;0;0;0;0;35;35980;15;15080;68;1286994;147;2449512;118;2003235;112;1227993
13.10.2020 14:00;3;3000;4;4000;92;832272;371;1605349;240;1845855;243;1956668;3;3000;4;3990;0;0;0;0;31;33100;19;19080;97;1278172;143;2376219;124;2421185;141;1337122
13.10.2020 15:00;4;4000;4;4000;91;753059;484;1674075;256;2278139;253;2048619;4;3990;4;3990;0;0;0;0;31;32813;16;16080;86;1307248;187;2663447;134;2357520;149;1650865
13.10.2020 16:00;4;3990;4;4000;95;834129;514;1546440;256;2295553;245;2218667;4;4000;4;4000;0;0;0;0;54;74817;28;28100;71;1158448;222;2557094;135;2710614;148;1937503
13.10.2020 17:00;4;4000;4;4056;95;603912;436;1825359;259;2363056;242;2051377;4;4000;4;4000;0;0;1;1090;33;36570;21;21110;65;1461092;228;2674776;165;2633205;186;2104710
13.10.2020 18:00;4;4000;4;4000;135;780602;464;1834498;243;2176675;248;2184507;4;4000;4;4000;0;0;0;0;39;44470;15;15090;107;1302506;174;2758032;140;2587049;158;1845521
13.10.2020 19:00;4;4000;4;4000;80;579656;371;1335311;162;1856507;142;1670868;4;4000;4;3990;0;0;0;0;37;49340;13;13040;71;1008011;152;1430723;159;1574865;139;1023272
13.10.2020 20:00;4;3990;5;5000;39;203559;233;1089519;104;652245;100;845558;4;4000;5;4990;0;0;0;0;18;18330;10;10040;52;1071821;135;1372431;130;955669;87;560940
13.10.2020 21:00;2;2000;2;2000;36;225370;191;938583;98;879694;80;629292;2;1990;2;2000;0;0;0;0;11;11550;4;4000;40;298530;118;959822;98;412120;70;308840
13.10.2020 22:00;2;2000;2;2000;27;143430;156;753937;76;711304;70;775472;2;2000;2;2000;0;0;0;0;7;7050;5;5030;28;496867;114;749535;85;294160;79;297787
13.10.2020 23:00;2;2000;2;2000;13;26310;100;358722;42;364704;40;503560;2;1990;2;1980;0;0;0;0;5;5460;2;2010;16;131770;61;303412;44;115060;46;159580
14.10.2020 00:00;0;0;1;1000;5;39430;54;146630;18;156628;16;250958;0;0;1;1000;0;0;0;0;1;1010;0;0;7;52480;38;146380;13;34680;17;55640
14.10.2020 01:00;0;0;0;0;2;21640;17;44590;5;96750;7;207150;0;0;0;0;0;0;0;0;0;0;0;0;0;0;12;39960;13;31130;9;18940
14.10.2020 02:00;0;0;0;0;3;32020;11;48680;5;87150;3;75840;0;0;0;0;0;0;0;0;1;1010;0;0;4;59400;10;25480;6;13900;3;9750
14.10.2020 03:00;0;0;0;0;3;17250;7;17420;6;94295;5;96030;0;0;0;0;0;0;0;0;0;0;1;1000;0;9640;5;20960;5;8700;2;5580
14.10.2020 04:00;1;990;0;0;4;4040;32;93830;20;352430;20;519211;1;1000;0;0;0;0;0;0;0;0;0;0;5;41880;25;106796;14;43600;11;53830
14.10.2020 05:00;3;2990;3;3000;9;39520;157;510324;59;593130;79;972882;3;2990;3;2980;0;0;0;0;2;2060;2;2020;9;74330;111;909094;44;200378;26;79780
14.10.2020 06:00;4;4000;4;4000;24;154400;427;1320296;130;1190965;204;1715801;4;3990;4;4000;0;0;0;0;7;9120;4;4020;34;524885;112;2284616;111;979847;89;464072
14.10.2020 07:00;5;4990;4;4000;35;343361;569;1418939;229;1954764;239;2060148;5;4990;4;4000;0;0;0;0;6;6180;15;15070;29;702591;128;2990181;114;1513578;102;1042174
14.10.2020 08:00;4;4000;4;4000;82;742671;533;1556625;298;1993834;299;2184730;4;4000;4;4000;0;0;0;0;16;17980;7;7030;63;1071679;192;2988892;81;1920891;108;1209168
14.10.2020 09:00;4;4000;4;4000;63;759660;484;1717433;271;2008847;281;2062422;4;4000;4;4033;0;0;0;0;16;16970;8;8020;56;781530;180;2641509;92;1876028;102;1204009
14.10.2020 10:00;5;4990;5;4970;75;602992;377;1643484;242;1618324;248;1912818;5;4980;5;5000;0;0;0;0;29;33440;10;10050;57;1047037;154;2485726;97;2006678;129;918636
14.10.2020 11:00;3;3000;4;3990;71;567621;361;1634263;269;1930822;272;1627954;3;2990;4;4000;0;0;0;0;32;34735;9;9030;85;1530588;136;2329684;122;1853805;122;1147873
14.10.2020 12:00;4;4000;4;3990;79;581190;386;1609202;244;1628301;236;1870970;4;4000;4;4000;0;0;0;0;37;42490;11;11070;83;1131941;155;2533075;133;1937407;126;1095504
14.10.2020 13:00;4;4000;4;3990;97;657101;396;1491032;237;1920738;242;1964799;4;4000;4;3990;0;0;0;0;32;35860;8;8040;87;1287989;144;2332084;120;1961807;147;1346762
14.10.2020 14:00;4;3990;4;4000;79;415691;386;1652173;250;1874090;243;1840266;4;4055;4;4000;0;0;0;0;26;27420;16;16090;86;1421442;160;2519627;138;2130211;147;1218268
14.10.2020 15:00;4;3990;4;3990;99;791748;469;1767140;268;2373198;287;2274210;4;4000;4;4000;0;0;1;410;28;29429;15;15090;85;1347184;169;2949222;123;2457477;137;1534566
14.10.2020 16:00;4;3990;4;4000;114;1068270;456;1978827;241;2379082;247;2330025;4;4000;4;3990;0;0;0;0;42;47280;8;8060;125;1665130;188;2689254;114;2764102;135;1668288
14.10.2020 17:00;4;4000;4;4000;131;1072583;473;2112174;267;2356737;238;2422772;4;3990;4;3980;0;0;0;0;40;42984;20;20090;104;2015073;177;3042983;121;2731808;139;1725380
14.10.2020 18:00;4;4000;4;3990;91;805225;488;1527020;218;2154986;210;1982940;4;4000;4;4000;0;0;0;0;32;34400;17;17154;84;1346925;160;2760007;137;2766669;152;1988730
14.10.2020 19:00;4;4000;4;3990;69;656516;353;1063860;162;1307149;159;1977537;4;4000;4;3990;0;0;0;0;34;45470;11;11020;68;1074660;149;1763444;140;1903606;134;1626122
14.10.2020 20:00;4;3990;5;5000;45;460879;267;1011423;138;1078005;127;1166899;4;4000;5;5000;0;0;0;0;17;18960;7;7020;66;770618;133;1601338;121;1007950;106;884174
14.10.2020 21:00;2;2000;2;2000;23;143520;202;831219;91;835998;81;639893;2;1990;2;2000;0;0;0;0;5;5030;3;3010;39;374288;120;1235132;90;1066702;86;746792
14.10.2020 22:00;2;2000;2;2000;16;116190;170;729890;83;757707;73;739049;2;1990;2;2000;0;0;0;0;4;4020;10;10050;40;512222;107;1065143;78;507646;69;608567
14.10.2020 23:00;2;2000;2;2000;13;74446;93;468657;39;401550;36;423820;2;2000;2;1990;0;0;0;0;8;9510;1;1000;22;175503;79;630854;60;275350;58;313200
15.10.2020 00:00;0;0;1;1000;9;24160;41;157490;19;213575;19;207360;0;0;1;1000;0;0;0;0;4;3420;0;0;11;289845;36;196934;12;49440;19;153060
15.10.2020 01:00;0;0;0;0;4;15560;17;49640;7;129210;9;236910;0;0;0;0;0;0;0;0;1;1150;0;0;3;75500;14;60670;7;19010;10;54240
15.10.2020 02:00;0;0;0;0;4;43290;15;9830;6;96980;5;92120;0;0;0;0;0;0;0;0;1;1010;0;0;1;19580;13;46916;4;12380;9;42110
15.10.2020 03:00;0;0;0;0;1;2110;7;3990;5;50370;7;137549;0;0;0;0;0;0;0;0;0;0;0;0;2;28350;7;23430;5;9490;6;23210
15.10.2020 04:00;1;1000;0;0;6;94470;36;83450;20;267720;20;357102;1;1000;0;0;0;0;0;0;2;2030;0;0;4;54600;25;154275;9;35710;16;81769
15.10.2020 05:00;3;3000;3;2990;8;24620;155;360660;60;544680;93;983745;3;3000;3;3000;0;0;0;0;0;0;0;0;9;23560;95;920471;42;185810;21;168667
15.10.2020 06:00;4;4000;4;3990;28;224448;427;1162487;137;1190078;177;1741743;4;3990;4;3990;0;0;0;0;3;3010;6;6010;28;302541;114;2133705;112;1243733;53;558399
15.10.2020 07:00;5;4990;4;3990;44;480954;546;1463812;208;1768591;239;2053690;5;5000;4;4000;0;0;0;0;15;17640;4;4030;32;594987;79;2959083;93;1854592;93;1137887
15.10.2020 08:00;4;4000;4;4000;65;573640;577;1639303;249;1888176;272;2136147;4;4000;4;4000;0;0;0;0;19;20120;9;9050;63;950753;178;3078360;77;2079818;83;1009524
15.10.2020 09:00;4;4000;4;4000;70;565442;505;1738682;269;2089838;294;2200756;4;3990;4;4000;0;0;0;0;28;30580;16;16130;61;981416;193;2978333;93;1831063;96;997959
15.10.2020 10:00;5;4980;5;5053;72;811796;388;1594406;266;1862521;283;2103965;5;5000;5;4990;0;0;0;0;23;27430;12;12060;71;1198562;160;2539988;118;1962904;128;1352220
15.10.2020 11:00;5;5000;5;5000;77;552065;411;1742767;250;1829051;270;1958134;5;5000;5;4990;0;0;0;0;24;24470;13;13060;79;1283163;141;2489181;125;1822253;126;1203807
15.10.2020 12:00;4;4000;4;3990;89;884189;375;1512444;226;1799792;240;1816268;4;4000;4;3990;0;0;0;0;25;27260;13;13050;75;1394624;139;2316649;130;1822575;141;1124661
15.10.2020 13:00;4;4000;4;4000;83;1019773;410;1528622;252;1632925;254;1914676;4;4000;4;4000;0;0;0;0;35;39896;18;18080;88;1463099;187;2468825;115;1936671;134;1338485
15.10.2020 14:00;4;4000;4;3990;82;699013;396;1716679;268;1821080;278;1854481;4;3990;4;3980;0;0;0;0;33;37520;10;10050;79;1503699;143;2553993;130;2172648;145;1561708
15.10.2020 15:00;4;3990;4;3990;104;687019;452;1650173;268;2025961;274;2162001;4;3990;4;3990;0;0;0;0;44;47030;21;21160;90;1294547;203;2625018;125;2412413;139;1756418
15.10.2020 16:00;4;4000;4;4000;110;818368;512;1648036;299;2416825;279;2298415;4;3990;4;4000;0;0;0;0;36;40890;12;12070;81;1549787;236;2776071;150;2518939;152;1568486
15.10.2020 17:00;4;4000;4;4000;115;729339;526;1983657;253;2455362;235;2367041;4;3990;4;4000;0;0;0;0;40;48460;19;19080;108;1868793;200;2989119;110;2850501;161;1783315
15.10.2020 18:00;4;4000;4;4000;101;775594;485;1360928;223;2458851;212;2211529;4;3990;4;4000;0;0;0;0;36;39400;23;23150;96;1518057;159;2385711;119;2601320;128;1636852
15.10.2020 19:00;4;4000;4;4000;73;792720;369;1303515;182;1723757;182;1621010;4;4000;4;4000;0;0;0;0;31;37850;20;20090;61;747824;154;2044019;127;1506448;115;977393
15.10.2020 20:00;4;3990;5;5000;49;428342;213;1067290;129;947808;119;1033840;4;3990;5;4980;0;0;0;0;17;17663;8;8050;57;509160;133;1463932;107;894298;79;487581
15.10.2020 21:00;2;2000;2;1990;23;145375;197;970544;86;730709;97;889974;2;2000;2;2000;0;0;0;0;16;16520;5;5040;34;289600;129;1203420;115;634609;80;458679
15.10.2020 22:00;2;2000;2;1990;31;186355;184;869412;76;444200;84;749414;2;2000;2;2000;0;0;0;0;7;7150;4;4030;40;507319;106;1126828;109;534759;65;305650
15.10.2020 23:00;2;1990;2;2000;16;140270;107;426750;49;501707;41;480943;2;2000;2;1804;0;0;0;0;8;9200;4;4000;24;308730;81;647083;58;359366;34;183860
16.10.2020 00:00;0;0;1;1000;3;3420;63;224570;26;318708;17;252504;0;0;1;990;0;0;0;0;5;7360;1;1000;8;133756;47;273254;23;98461;22;75120
16.10.2020 01:00;0;0;0;0;5;75860;24;33000;12;199066;13;170876;0;0;0;0;0;0;0;0;1;1000;0;0;3;34520;19;64230;19;39300;20;40020
16.10.2020 02:00;0;0;0;0;3;32490;14;7200;5;62661;2;31173;0;0;0;0;0;0;0;0;0;0;1;1000;5;67020;13;34790;4;9310;4;10217
16.10.2020 03:00;0;0;0;0;0;0;11;6090;3;43431;5;88671;0;0;0;0;0;0;0;0;0;0;0;0;0;0;10;25740;7;13420;8;18520
16.10.2020 04:00;1;990;0;0;7;58920;38;54790;23;333187;18;258801;1;1000;0;0;0;0;0;0;1;1010;0;0;5;85030;28;124530;11;32550;21;59640
16.10.2020 05:00;3;3000;3;3000;11;19120;153;489463;59;636552;84;889342;3;2990;3;3000;0;0;0;0;1;1010;1;1000;11;70430;83;891249;50;274540;32;169570
16.10.2020 06:00;4;3990;4;4000;19;337683;411;1016863;130;1085983;189;1683251;4;4000;4;3990;0;0;0;0;5;5030;4;4020;27;340109;110;1991521;92;1064415;60;607311
16.10.2020 07:00;5;5000;4;4000;34;350025;516;1432944;201;1769683;231;2072280;5;4990;4;4000;0;0;0;0;17;21529;4;4020;35;548963;97;2790522;96;1627645;86;996767
16.10.2020 08:00;4;3980;4;3990;68;653138;518;1606344;254;1918703;266;2185275;4;4000;4;3990;0;0;0;0;14;14100;12;12090;53;1168772;175;2930863;79;1802560;79;1127687
16.10.2020 09:00;4;4000;4;4000;65;468706;443;1589223;281;2024463;291;2075422;4;3990;4;3990;0;0;0;0;20;20550;10;10030;63;1155199;150;2643822;98;2056211;97;1095748
16.10.2020 10:00;5;4990;5;4990;79;937190;386;1709544;271;2174109;284;2326605;5;4990;4;4000;0;0;1;1010;31;32980;17;17100;69;1120077;147;2600791;102;1871553;113;1637143
16.10.2020 11:00;4;4000;5;4990;74;628238;392;1684337;268;1884584;267;1960154;4;3990;5;4990;0;0;0;0;22;25330;13;13080;81;1138658;139;2569330;123;1837642;122;1280026
16.10.2020 12:00;4;4000;5;5000;98;863939;463;1833855;265;2003414;272;2020921;4;4000;4;4000;0;0;1;700;34;34911;13;13050;99;1572537;188;2882099;117;2421319;139;1443355
16.10.2020 13:00;4;3980;4;3990;107;1099579;462;1550923;251;2127704;274;2303564;4;4000;4;4000;0;0;0;0;40;43250;14;14040;75;1535501;218;2436033;118;2325382;138;1727251
16.10.2020 14:00;4;4000;4;3990;100;990084;448;1700847;268;2352549;286;2264727;4;3990;4;4000;0;0;0;0;40;44520;15;15110;85;1741734;215;2502140;126;2183850;140;1693238
16.10.2020 15:00;4;3990;4;4000;119;566798;489;1687186;263;2424977;258;2222136;4;3990;4;3990;0;0;0;0;29;31960;16;16110;99;1427768;211;2479861;123;2482127;135;1735429
16.10.2020 16:00;4;3990;4;3990;87;778138;511;1550173;250;2417343;231;2282180;4;4000;4;3990;0;0;0;0;28;31010;17;16630;79;1393870;234;2340248;131;2461215;135;1462463
16.10.2020 17:00;4;4000;4;4000;97;825765;442;1858065;263;2067807;236;2046223;4;4000;4;3990;0;0;0;0;31;32560;17;17930;90;1432266;229;2423164;153;2435533;140;1543925
16.10.2020 18:00;4;4000;4;3990;93;709458;470;1708531;226;1921880;216;2068383;4;3980;4;4000;0;0;0;0;28;31850;15;15070;85;1491095;193;2554327;143;2108977;139;1595376
16.10.2020 19:00;4;4000;4;4000;68;549283;416;1386966;175;1698648;165;1807679;4;4026;4;4000;0;0;0;0;29;32040;16;16040;77;1170364;138;1981568;163;1618555;140;1127900
16.10.2020 20:00;4;4000;5;5000;58;451050;306;1193744;133;898360;124;1134714;4;4000;5;5000;0;0;0;0;23;23820;7;7060;57;908985;152;1552012;130;1164471;122;715097
16.10.2020 21:00;2;1990;2;2000;27;193550;215;805811;103;667871;105;793104;2;2000;2;2000;0;0;0;0;16;16520;6;6040;44;407414;129;1106144;97;393200;89;418559
16.10.2020 22:00;2;2000;2;2000;25;192851;200;841075;79;597070;71;642790;2;2000;2;2000;0;0;0;0;12;13810;12;12050;44;501061;129;1002950;98;539856;83;296302
16.10.2020 23:00;2;1990;2;2000;29;290540;186;564792;59;553363;53;642673;2;2000;2;2000;0;0;0;0;16;18840;3;3010;34;301350;125;832429;85;378855;56;203300
17.10.2020 00:00;0;0;1;1000;17;170490;71;320430;42;293296;36;454184;0;0;1;990;0;0;0;0;7;7040;5;5020;15;136674;65;369951;55;210960;36;72390
17.10.2020 01:00;0;0;0;0;4;26290;49;185001;24;256530;32;469805;0;0;0;0;0;0;0;0;2;2130;2;2010;8;82250;41;140820;33;91120;19;55680
17.10.2020 02:00;0;0;0;0;11;192735;37;125690;16;135990;17;157012;0;0;0;0;0;0;0;0;0;0;2;2010;6;90600;28;87470;20;41330;10;25220
17.10.2020 03:00;0;0;0;0;7;50710;28;33450;15;95380;15;279240;0;0;0;0;0;0;0;0;0;0;2;2020;5;73000;25;71576;8;18960;10;16740
17.10.2020 04:00;1;1000;0;0;6;32280;19;56110;22;353495;15;279478;1;990;0;0;0;0;0;0;0;0;0;0;5;39020;13;43900;13;32280;10;21570
17.10.2020 05:00;3;2990;3;3000;6;24150;53;118420;27;268750;30;516730;3;3000;3;3000;0;0;0;0;0;0;1;1000;11;167040;42;174294;32;90697;15;47060
17.10.2020 06:00;4;4000;4;3990;13;76490;91;311510;35;503374;35;579125;4;4000;4;4000;0;0;0;0;2;2210;0;0;14;108450;69;421206;36;84140;19;40890
17.10.2020 07:00;4;3990;4;3990;12;25380;136;561372;54;452320;63;697048;4;3990;4;3990;0;0;0;0;2;2010;2;2010;13;80650;97;724474;76;330180;38;154950
17.10.2020 08:00;5;4990;4;4000;31;215980;217;804134;87;905977;97;978848;5;5000;4;4000;0;0;0;0;15;16537;3;3020;27;351130;114;1290909;76;650114;76;417544
17.10.2020 09:00;4;4000;4;3990;32;238200;301;1183995;194;1337892;199;1368660;4;4000;4;4000;0;0;0;0;25;25950;8;8060;39;601826;145;1820789;113;1370976;95;780875
17.10.2020 10:00;4;3990;4;3980;64;523370;354;1381262;236;1592276;222;1702572;4;3990;4;3990;0;0;0;0;20;21760;11;11070;53;970430;159;2039197;103;1335621;110;761088
17.10.2020 11:00;4;4000;4;4000;84;634427;369;1743055;262;1739684;267;1971582;4;4000;4;4000;0;0;0;0;38;40300;15;15090;77;1017852;170;2174484;120;1919503;150;1202331
17.10.2020 12:00;4;4000;4;4000;85;725460;397;1636835;254;1852091;250;1932449;4;3990;4;3990;0;0;0;0;27;27530;13;13110;80;1177140;169;2515966;122;2165975;137;1576265
17.10.2020 13:00;5;4990;5;5000;78;589624;398;1696358;249;1541331;253;1896650;5;5000;5;4990;0;0;0;0;32;32580;11;11070;86;1259477;168;2553717;112;2153428;134;1317400
17.10.2020 14:00;4;4000;4;4000;111;936108;435;1480041;226;1981683;209;1749379;4;3990;4;3990;0;0;0;0;41;45840;5;5030;94;1450573;180;2628673;135;1837511;144;1557491
17.10.2020 15:00;4;4000;4;4000;87;706627;372;1526282;242;1709015;253;1899803;4;4000;4;4000;0;0;0;0;33;35690;12;12050;95;1499478;164;2355489;123;2234306;122;1319002
17.10.2020 16:00;4;4000;4;4000;84;736226;393;1497317;198;1474824;226;1639092;4;4000;4;3980;0;0;0;0;39;41280;14;14135;69;1190707;161;2278399;131;1718730;116;1187688
17.10.2020 17:00;4;4000;5;5000;61;355490;397;1565510;200;1348040;204;1651984;4;4000;5;5000;0;0;0;0;25;25630;12;12360;75;1458390;143;2435984;123;1935827;123;1325354
17.10.2020 18:00;4;4000;4;3990;90;805688;399;1739494;220;1686294;196;1653474;4;4044;4;4000;0;0;0;0;32;35100;7;7020;83;1608081;157;2427020;120;1765671;145;1521987
17.10.2020 19:00;4;3980;4;4000;74;666943;342;1561477;183;1368585;167;1521994;4;4000;4;4000;0;0;0;0;19;19170;11;11094;74;1049993;158;2180660;171;1338062;127;778303
17.10.2020 20:00;2;2000;2;2000;49;335559;271;1152951;108;802379;113;962722;2;2000;2;2000;0;0;0;0;24;25060;6;6050;61;598115;156;1592530;138;1031888;95;465481
17.10.2020 21:00;2;2000;2;2000;29;298762;224;892456;70;548593;62;635913;2;2000;2;2000;0;0;0;0;21;21900;5;5010;36;430469;152;1129146;125;553620;93;395630
17.10.2020 22:00;2;1980;2;2000;33;164899;220;887816;99;823344;68;705021;2;2000;2;2000;0;0;0;0;14;15130;6;6020;41;508708;141;986135;119;610972;97;358810
17.10.2020 23:00;2;2000;2;2000;33;194000;171;709715;71;597370;68;674155;2;2000;2;2000;0;0;0;0;5;6650;5;5020;33;215950;121;895713;94;374010;82;344210
18.10.2020 00:00;0;0;1;1000;17;156620;96;476657;43;246860;44;453860;0;0;1;1000;0;0;0;0;7;7420;6;6030;16;254330;77;441019;46;171210;29;90440
18.10.2020 01:00;0;0;0;0;15;106480;67;193132;23;289972;36;558315;0;0;0;0;0;0;0;0;1;1000;3;3020;8;52440;57;239360;22;79415;27;95558
18.10.2020 02:00;0;0;0;0;6;51025;31;118295;18;327685;19;381175;0;0;0;0;0;0;0;0;1;1000;1;1010;7;65270;24;81080;12;35840;17;56400
18.10.2020 03:00;0;0;0;0;8;44220;35;151719;23;248925;28;582981;0;0;0;0;0;0;0;0;1;1080;1;1000;7;102570;28;87138;7;17640;10;20703
18.10.2020 04:00;0;0;0;0;0;0;20;57625;8;58816;9;125446;0;0;0;0;0;0;0;0;0;0;0;0;4;34340;15;48024;3;7190;4;12910
18.10.2020 05:00;2;2000;1;1000;2;1050;19;86690;21;183040;29;522851;2;2000;1;1000;0;0;0;0;0;0;0;0;5;55880;16;57680;13;26440;13;25290
18.10.2020 06:00;2;2000;2;2000;6;28710;38;100270;15;211210;17;250110;2;1990;2;1990;0;0;0;0;0;0;0;0;6;73410;29;136670;20;36430;10;59650
18.10.2020 07:00;2;1990;2;2000;8;50380;49;129250;14;178850;16;252840;2;2000;2;2000;0;0;0;0;0;0;0;0;5;58510;35;108070;31;100040;34;108869
18.10.2020 08:00;2;2000;2;2000;8;76190;79;364180;48;450017;44;489077;2;2000;2;1990;0;0;0;0;7;7050;0;0;8;117220;60;435280;64;317408;44;139140
18.10.2020 09:00;2;1990;2;2000;18;90610;164;633741;89;686594;96;790661;2;2000;2;2000;0;0;0;0;10;10490;6;6030;15;110212;118;949378;86;606929;56;226159
18.10.2020 10:00;2;2000;2;2000;30;195920;248;958329;120;945286;114;1064792;2;2000;2;2000;0;0;0;0;11;11550;11;11060;20;353428;138;1320958;109;898271;116;572126
18.10.2020 11:00;2;2000;2;2000;31;266300;275;887443;144;1256424;146;1149963;2;2000;2;2000;0;0;0;0;3;3410;10;10070;34;507711;158;1354783;132;1193142;109;723844
18.10.2020 12:00;3;3000;3;2990;35;325310;308;1199035;156;1117653;155;1180511;3;3000;3;3000;0;0;0;0;16;16920;8;8050;22;317163;155;1528699;141;1291176;124;703373
18.10.2020 13:00;4;4000;4;4000;61;285062;319;1313844;186;1151802;179;1317552;4;4000;4;4057;0;0;0;0;13;13450;8;8060;41;615010;145;1819684;121;1522138;103;751705
18.10.2020 14:00;4;4000;4;4000;63;493165;387;1122742;186;1411347;172;1283045;4;4000;4;4000;0;0;0;0;21;22960;4;4030;56;791639;184;1816570;115;1289092;131;924076
18.10.2020 15:00;4;4000;4;4000;53;313442;337;1331315;198;1181817;173;1145659;4;3990;4;4000;0;0;0;0;12;13800;5;5030;51;678006;170;1796529;125;1281434;98;610276
18.10.2020 16:00;4;4000;4;4000;39;356930;369;1134998;174;1085567;170;1251763;4;4000;4;4000;0;0;0;0;16;16450;12;12100;43;602784;180;2057864;130;1135144;91;590845
18.10.2020 17:00;4;4000;4;4000;45;262550;370;1431115;184;1431676;186;1400161;4;4000;4;3990;0;0;0;0;24;25120;12;12060;49;544744;166;2117420;121;1372572;105;760715
18.10.2020 18:00;4;3990;4;4000;56;555388;355;1072734;171;1126186;183;1216016;4;3990;4;4000;0;0;0;0;14;14780;12;12060;69;836376;171;1999406;149;1186422;114;763264
18.10.2020 19:00;2;2000;2;2000;47;365510;278;935395;130;825042;129;935495;2;2000;2;2000;0;0;0;0;22;23210;6;6030;58;419570;150;1504610;139;922927;99;490400
18.10.2020 20:00;2;2000;2;2000;33;249060;207;1062016;94;625848;88;810076;2;1990;2;2000;0;0;0;0;9;9070;14;14070;36;388044;131;1191607;130;582358;80;294060
18.10.2020 21:00;2;2000;2;1990;35;146270;144;541103;67;578114;66;688724;2;1990;2;2000;0;0;0;0;3;3010;2;2000;22;215655;102;692061;85;400014;54;197590
18.10.2020 22:00;2;2000;2;1990;18;121657;86;268033;40;340232;49;521360;2;2000;2;1990;0;0;0;0;4;5070;5;5010;13;187634;59;261706;47;184520;34;109050
18.10.2020 23:00;2;2000;2;2000;6;98150;59;233604;20;243080;27;406674;2;2000;2;2000;0;0;0;0;10;14680;1;1000;16;323400;52;262030;35;88550;31;90620
19.10.2020 00:00;0;0;1;1000;5;19660;24;131517;9;82400;12;195383;0;0;1;1000;0;0;0;0;1;1000;2;2010;7;112390;26;68386;19;47590;9;18360
19.10.2020 01:00;0;0;0;0;0;0;18;38320;6;65060;11;157720;0;0;0;0;0;0;0;0;1;1000;0;0;4;52850;16;53790;11;23594;11;27550
19.10.2020 02:00;0;0;0;0;2;2680;12;41890;2;43860;3;40760;0;0;0;0;0;0;0;0;0;0;0;0;4;57610;11;38940;3;3830;3;5440
19.10.2020 03:00;0;0;0;0;1;160;10;12250;6;148780;9;229315;0;0;0;0;0;0;0;0;0;0;0;0;1;8685;9;29810;5;12900;2;5160
19.10.2020 04:00;1;1000;0;0;5;79000;23;95940;20;323503;22;344570;1;1000;0;0;0;0;0;0;1;1800;1;1000;7;59684;23;65800;11;70236;12;31720
19.10.2020 05:00;3;3000;3;3000;7;26330;178;439715;65;538849;104;939274;3;3000;3;3000;0;0;0;0;3;3210;1;1000;9;91830;110;908195;51;229800;33;127180
19.10.2020 06:00;4;3990;3;3000;28;174930;464;1225919;136;1366405;187;1705915;4;3990;4;3990;0;0;0;0;8;9230;9;9030;32;384773;110;2318128;86;1218901;78;519740
19.10.2020 07:00;7;6980;6;5980;78;715822;569;1777084;301;2137339;344;2403514;7;7000;5;5000;0;0;0;0;26;28130;13;13060;69;1234621;60;3333710;89;2032253;123;1297443
19.10.2020 08:00;8;8000;9;8990;94;505503;488;1625489;339;2068275;347;2238130;8;8000;9;9000;0;0;0;0;24;27804;9;9050;72;1003325;157;3058329;84;2112404;119;1373487
19.10.2020 09:00;4;3990;4;3990;71;564800;439;1473653;281;1878747;280;1961017;4;3990;4;4000;0;0;0;0;28;30970;16;16100;69;1234310;169;2492368;107;1974892;110;1217576
19.10.2020 10:00;3;3000;4;3990;70;708942;368;1527699;251;1816957;254;1896707;4;4000;4;4000;0;0;0;0;41;45319;13;14030;62;1204375;145;2222215;126;1472708;127;978652
19.10.2020 11:00;5;5000;4;3990;122;919438;368;1340619;267;1724047;262;2046461;4;3990;4;4000;0;0;0;0;29;32580;18;18090;93;1529640;154;2471510;132;1546636;140;1326907
19.10.2020 12:00;5;5000;4;4000;108;715404;385;1718831;241;1981784;247;2015314;5;5000;5;4990;0;0;0;0;35;37910;11;11050;96;1634756;150;2578189;125;2019605;136;1065043
19.10.2020 13:00;8;8000;9;8990;115;895353;391;1623689;281;1820941;291;1682310;8;7990;8;8000;0;0;0;0;43;48000;12;12060;80;1398849;137;2569526;120;2274125;130;1313568
19.10.2020 14:00;5;4990;6;6000;121;921639;388;1560994;263;1864429;258;1962213;5;4990;6;5990;0;0;0;0;25;26850;24;24120;95;1627789;153;2564930;122;2276443;131;1306147
19.10.2020 15:00;4;4000;3;2990;119;610437;419;1550976;321;2141858;286;2062784;4;4000;3;3000;0;0;0;0;39;44631;25;25186;96;1461617;176;2417074;114;2522972;134;1362087
19.10.2020 16:00;4;4000;5;5000;136;1160650;486;2055952;280;2642758;293;2519230;4;4000;5;5000;0;0;0;0;75;84769;20;20130;94;1754811;227;2908546;123;2693753;137;1825180
19.10.2020 17:00;4;4000;3;3000;122;572837;484;1714068;268;2200345;272;2216639;4;4000;3;3000;0;0;0;0;42;54250;18;18110;109;1485598;224;2540889;133;2138887;146;1439571
19.10.2020 18:00;4;3990;4;3990;101;761647;417;1182306;201;1918595;194;2053300;4;4000;5;5075;0;0;0;0;35;43630;14;14050;80;1465979;193;2195944;158;2202440;127;1369289
19.10.2020 19:00;5;4990;5;5000;73;726192;359;1092665;154;1534619;154;1803405;5;5000;4;3980;0;0;0;0;27;32160;14;14070;67;1244904;155;1568177;168;1449524;114;704366
19.10.2020 20:00;3;3000;3;3000;35;251960;197;1060681;116;791993;113;976087;3;2990;3;2990;0;0;0;0;7;7090;4;4000;47;797260;122;1218137;134;760005;97;417459
19.10.2020 21:00;2;2000;3;3000;33;181571;178;642339;68;674236;70;607650;2;2000;3;2990;0;0;0;0;17;23090;6;6010;41;434864;113;922999;100;583796;74;317433
19.10.2020 22:00;2;2000;2;2000;21;60940;128;583681;70;503534;62;597614;2;2000;2;2000;0;0;0;0;8;8680;5;5020;33;347501;102;503456;60;275078;57;229194
19.10.2020 23:00;2;2044;2;1990;12;111770;99;236650;24;295171;27;400547;2;2000;2;2000;0;0;0;0;6;6570;4;4030;19;232466;73;337130;44;110679;32;153600
20.10.2020 00:00;0;0;1;1000;3;33010;26;46300;8;203710;10;203893;0;0;1;1000;0;0;0;0;1;1000;2;2020;2;17340;18;61174;16;39600;24;57494
20.10.2020 01:00;0;0;0;0;4;78322;15;8350;4;87973;5;75353;0;0;0;0;0;0;0;0;1;1010;0;0;2;48190;13;33700;10;23720;5;13640
20.10.2020 02:00;0;0;0;0;1;730;12;4940;5;75156;5;113120;0;0;0;0;0;0;0;0;0;0;0;0;2;17430;10;30190;2;4210;6;9780
20.10.2020 03:00;0;0;0;0;1;1530;8;4200;10;117870;5;84140;0;0;0;0;0;0;0;0;0;0;1;1010;3;64465;7;18100;3;3480;7;10950
20.10.2020 04:00;1;1000;0;0;4;41360;28;23590;18;234130;18;254510;1;1000;0;0;0;0;0;0;0;0;0;0;5;54120;23;83470;17;43830;7;27690
20.10.2020 05:00;3;3000;3;3000;8;25680;159;720031;64;428085;105;1034583;3;3000;3;2990;0;0;0;0;3;3120;3;3020;13;102940;96;919397;54;163144;29;167680
20.10.2020 06:00;4;4000;3;3000;21;163274;456;1249584;144;1354519;199;1716397;4;4000;4;4000;0;0;0;0;5;6910;4;4030;24;367644;110;2180241;126;1195597;86;473607
20.10.2020 07:00;7;7000;5;5000;92;831466;551;1845951;313;2303733;329;2384759;7;6980;4;4000;0;0;0;0;21;21610;10;10040;81;1445622;58;3323254;98;2094982;107;1364770
20.10.2020 08:00;8;7990;9;9054;92;619032;560;1796708;340;2272089;348;2301467;8;7980;9;8980;0;0;0;0;19;19230;15;15090;68;1339418;166;3294524;77;2155996;103;1461813
20.10.2020 09:00;4;4000;5;4980;79;747579;481;1390728;286;1871588;274;2178959;4;3990;6;6000;0;0;0;0;29;33200;13;13060;66;960030;169;2503716;132;1856589;88;1133849
20.10.2020 10:00;4;4000;4;4000;70;650974;395;1671613;248;1679051;247;1824676;4;4000;4;3990;0;0;0;0;31;36700;17;17145;60;877666;140;2525351;128;1951845;124;1168938
20.10.2020 11:00;4;3980;4;3970;99;793370;377;1572476;264;1648917;266;2152187;4;4000;3;3000;0;0;0;0;36;38645;6;6030;79;1444456;161;2367133;117;2000493;104;1313027
20.10.2020 12:00;6;5980;6;5980;87;665793;364;1695689;250;1670961;237;1782521;6;6000;6;5990;0;0;0;0;27;32210;13;12900;85;1576215;134;2400160;135;2273847;123;1439528
20.10.2020 13:00;8;7990;7;6990;116;895792;400;2064023;304;2141856;304;2220449;8;7980;8;7990;0;0;0;0;39;45360;16;16250;85;1521212;149;2836111;105;2266119;127;1377721
20.10.2020 14:00;5;4990;6;6000;111;785808;355;1787894;258;1609878;257;1559272;5;4990;5;4990;0;0;0;0;36;41710;15;15280;104;1333747;139;2580031;143;2364715;142;1488474
20.10.2020 15:00;4;3990;4;4000;138;729199;380;1698896;313;2380589;289;2267304;4;3980;4;3990;0;0;0;0;38;41200;13;13060;93;1350216;153;2671424;136;2567210;140;1560265
20.10.2020 16:00;4;3990;4;3990;131;873530;499;1650292;298;2435319;263;2316983;4;4000;5;5000;0;0;0;0;27;28980;26;26130;86;1711300;195;2804476;144;2546580;148;1792417
20.10.2020 17:00;4;4000;4;4000;158;1173199;456;1933001;276;2545440;253;2605721;4;3990;4;4000;0;0;0;0;34;40730;25;25110;104;1950461;214;2679690;118;2591976;164;1787060
20.10.2020 18:00;4;4000;5;5000;133;1175144;449;1886735;225;1896940;218;2066865;4;3990;4;3980;0;0;0;0;32;36170;20;20100;105;1633601;136;2769510;139;2223710;150;1742984
20.10.2020 19:00;4;4000;4;4000;82;669562;402;1297924;175;1828558;164;1732005;5;5037;4;4000;0;0;0;0;35;36060;16;16090;68;1153696;143;1965977;132;1595927;144;995176
20.10.2020 20:00;4;4000;3;3000;42;256562;226;1036460;123;1016429;118;964054;3;2990;3;3000;0;0;0;0;17;18060;4;4000;55;523120;132;1214777;127;716687;94;373230
20.10.2020 21:00;2;2000;3;3000;34;99420;191;752375;83;624398;85;794156;2;1990;3;2990;0;0;0;0;12;12400;9;9020;39;445907;129;1040345;108;654930;79;428619
20.10.2020 22:00;2;2000;2;1980;30;139850;146;764395;78;625864;76;732727;2;2000;2;2000;0;0;0;0;13;13850;1;1000;34;325994;119;860137;84;451749;52;300956
20.10.2020 23:00;2;1990;2;2000;14;15410;89;350772;40;343558;38;615018;2;2000;2;2000;0;0;0;0;8;8404;2;2010;18;221909;74;448226;59;281304;39;180170
21.10.2020 00:00;0;0;1;1000;4;35880;30;70170;11;43400;16;219521;0;0;1;990;0;0;0;0;1;1410;1;1000;3;47390;26;126370;18;57470;18;61280
21.10.2020 01:00;0;0;0;0;4;19860;15;6750;6;65340;6;127850;0;0;0;0;0;0;0;0;0;0;0;0;0;0;17;58762;3;10440;6;17870
21.10.2020 02:00;0;0;0;0;1;1140;11;5610;1;16830;4;77400;0;0;0;0;0;0;0;0;0;0;0;0;2;51640;10;43110;6;48920;3;9860
21.10.2020 03:00;0;0;0;0;1;44270;9;4460;5;85044;3;76374;0;0;0;0;0;0;0;0;0;0;0;0;0;0;7;35470;6;14880;4;9820
21.10.2020 04:00;1;1000;0;0;5;78410;28;60980;19;259730;20;336403;1;1000;0;0;0;0;0;0;0;0;0;0;10;120476;25;134797;10;38220;12;41260
21.10.2020 05:00;3;2990;2;2000;9;10940;155;606020;63;601934;103;1073922;3;2990;3;3000;0;0;0;0;2;2000;0;0;14;152204;98;928839;50;252050;21;82360
21.10.2020 06:00;4;3990;5;5000;27;197240;466;1327694;137;1380402;176;1617272;4;3990;4;4000;0;0;0;0;9;11160;6;6020;27;344751;108;2301740;126;1176612;68;519740
21.10.2020 07:00;5;4980;4;3990;89;913586;516;1896588;301;2418312;324;2656199;6;5990;5;4990;0;0;1;240;24;24299;12;12112;74;1224614;56;3219473;90;2066914;118;1457718
21.10.2020 08:00;8;8000;8;7990;100;797210;550;1825725;328;2155416;325;2523459;7;6990;7;6990;0;0;1;210;29;30920;8;8070;79;1048953;154;3341931;79;2233280;87;1745403
21.10.2020 09:00;4;4000;4;4000;75;833825;427;1500553;281;1859586;271;1938508;4;4000;4;3990;0;0;0;0;31;33300;12;12050;52;1100203;192;2374175;111;2093928;126;1221326
21.10.2020 10:00;4;3990;4;4000;80;638190;362;1721221;238;1707023;267;2022902;4;4000;4;4000;0;0;0;0;22;23010;11;11050;82;1147169;138;2552409;117;1834793;136;1210691
21.10.2020 11:00;5;4990;4;3990;82;524560;346;1775116;253;1661083;234;1806668;5;5000;5;5000;0;0;0;0;28;30400;15;15060;78;1020538;133;2397598;126;1987503;138;1064653
21.10.2020 12:00;5;4990;5;5000;104;755340;369;1824339;268;1722815;245;1522780;5;4990;5;4980;0;0;0;0;24;26440;14;14060;84;1334540;155;2504186;120;2232514;137;1302576
21.10.2020 13:00;8;7980;9;9000;129;914437;365;1810097;289;2162149;285;2083137;8;7990;8;7980;0;0;0;0;51;55019;14;14040;90;1536374;128;2713429;107;2168316;125;1264374
21.10.2020 14:00;5;4990;6;5990;101;657457;379;1697688;272;1892807;276;1754579;5;5000;6;6000;0;0;0;0;27;28510;20;20110;89;1710526;145;2650706;130;2159190;129;1538646
21.10.2020 15:00;4;3970;4;3990;113;929516;413;1951924;303;2114051;283;1983325;4;4000;4;3990;0;0;0;0;16;16880;19;19120;108;1354264;198;2602532;131;2477589;162;1599961
21.10.2020 16:00;4;4000;3;3000;132;986875;548;2053775;282;2544510;282;2378892;4;3990;4;3990;0;0;0;0;40;43808;17;17590;93;1547570;151;2891202;120;2552658;140;1508113
21.10.2020 17:00;4;4000;4;4000;113;1062949;557;2076268;282;2655973;279;2459902;4;3990;4;4000;0;0;0;0;31;35780;23;23100;84;1722764;179;2908541;94;2665045;138;1748966
21.10.2020 18:00;4;3990;5;4880;110;877727;474;1698444;215;1909735;198;1993522;4;4000;4;3980;0;0;0;0;28;31285;22;22100;95;1372419;175;2474957;166;2029717;138;1515706
21.10.2020 19:00;5;4990;4;4120;75;466128;344;1257674;204;1519764;172;1800525;5;5000;4;3990;0;0;0;0;28;29190;12;12060;69;1059371;159;1846068;145;1756740;124;1039278
21.10.2020 20:00;3;2980;3;3000;43;351684;230;1054710;130;853117;124;1037116;3;3000;3;2990;0;0;0;0;30;32180;11;11050;50;451755;143;1360389;120;732027;100;498920
21.10.2020 21:00;2;2000;3;3000;26;213187;179;602100;78;558441;77;642584;2;2000;3;3000;0;0;0;0;7;7160;7;7040;25;276537;116;839810;100;444501;71;254080
21.10.2020 22:00;2;2000;2;2000;28;155160;151;649005;75;644530;57;484230;2;2000;2;2000;0;0;0;0;6;6050;4;4010;31;373260;102;622945;105;506630;73;231760
21.10.2020 23:00;2;2000;2;2000;20;190885;77;333125;30;202180;40;537819;2;2000;2;2000;0;0;0;0;9;9470;4;4010;22;230927;56;370240;57;186360;32;98300
22.10.2020 00:00;0;0;1;1000;6;45236;28;136190;20;182720;16;316257;0;0;1;1000;0;0;0;0;0;0;1;1010;2;37880;22;64980;22;46250;20;58880
22.10.2020 01:00;0;0;0;0;2;900;11;34650;10;165515;7;219495;0;0;0;0;0;0;0;0;2;2530;0;0;3;19590;7;21450;9;25810;6;15030
22.10.2020 02:00;0;0;0;0;2;1380;11;7100;5;77200;2;59710;0;0;0;0;0;0;0;0;0;0;0;0;2;22119;11;37270;3;4710;4;7990
22.10.2020 03:00;0;0;0;0;3;41850;10;31560;6;59380;8;179276;0;0;0;0;0;0;0;0;0;0;1;1010;1;30906;7;20410;1;2380;5;12540
22.10.2020 04:00;1;1000;0;0;6;18830;32;114280;16;237561;25;465463;1;1000;0;0;0;0;0;0;0;0;0;0;10;81780;25;101340;10;24890;16;48200
22.10.2020 05:00;3;2990;3;2990;16;43950;159;559809;48;410191;84;885138;3;2990;3;3054;0;0;0;0;1;1250;3;3020;15;120960;103;938923;51;164220;24;71360
22.10.2020 06:00;4;4000;3;3000;30;161926;438;1207258;131;1359295;187;1924182;4;4000;4;4000;0;0;0;0;7;7030;3;3000;30;808184;124;2173008;115;1150113;67;432434
22.10.2020 07:00;7;7000;6;5990;91;683062;549;1761791;300;2065332;310;2300486;7;7000;6;6000;0;0;0;0;24;26640;14;14110;74;1158159;96;3121548;108;1921064;111;1267411
22.10.2020 08:00;8;7990;8;7990;100;581707;541;1803870;340;2366714;363;2465720;8;7990;7;6990;0;0;0;0;23;25450;8;8030;69;1259427;167;3270921;83;2337140;104;1637515
22.10.2020 09:00;5;5000;5;5000;87;546984;419;1668105;267;1843697;282;2148059;5;4990;6;5990;0;0;0;0;21;21990;12;12060;69;1129262;163;2808962;104;2070378;128;1517940
22.10.2020 10:00;3;3000;4;4000;93;808030;375;1501633;270;1734336;280;1849791;4;3990;4;3980;0;0;0;0;29;33320;11;11030;72;1192813;141;2588271;116;1841108;122;1225526
22.10.2020 11:00;5;4980;5;5000;104;845701;390;1615789;261;1586660;272;2046574;4;4000;4;4000;0;0;0;0;41;48234;16;16060;78;1227596;141;2630967;113;1725273;131;1256911
22.10.2020 12:00;5;4990;5;5000;98;856368;372;1489717;271;1864433;269;1892019;5;4990;5;5000;0;0;0;0;43;57420;16;16100;92;1585150;145;2544703;137;2146335;141;1462042
22.10.2020 13:00;9;9000;8;7980;120;1108163;408;1368345;290;1997339;300;2214130;9;8990;8;7990;0;0;0;0;35;37420;15;15640;103;1790702;143;2848083;111;2491230;138;1374742
22.10.2020 14:00;5;4990;6;5990;93;964891;425;1796343;273;1958107;251;1892781;5;5000;6;5990;0;0;0;0;43;51130;18;18070;90;1483061;149;2674818;124;2343457;141;1521194
22.10.2020 15:00;4;3980;4;4000;128;1009192;436;1715220;292;2246348;292;2363665;4;4000;5;5000;0;0;0;0;22;23210;24;24160;99;1711721;183;2629697;115;2249002;124;1753551
22.10.2020 16:00;4;3990;5;5000;128;875281;426;1991601;294;2653731;280;2440017;4;4000;4;3980;0;0;0;0;43;45850;22;22120;107;1660565;205;2550794;90;2912609;138;2300001
22.10.2020 17:00;4;4000;3;3000;136;754900;468;1942670;296;2617934;285;2487407;4;4000;3;2990;0;0;0;0;36;42220;38;38200;108;1629052;184;2894181;148;2500278;152;1747278
22.10.2020 18:00;4;3990;4;3990;119;938605;457;1535518;232;2403250;234;2214599;4;4000;5;5000;0;0;0;0;40;43445;16;16030;99;1905459;178;2543399;148;2361412;150;1640643
22.10.2020 19:00;4;3990;4;4000;88;658503;367;1188450;196;1799618;179;2099928;5;4220;4;4000;0;0;0;0;42;46620;17;17060;79;1116039;169;1599917;141;1537265;130;719720
22.10.2020 20:00;4;4000;4;3990;45;240180;226;962320;123;740106;119;936898;3;3780;3;2990;0;0;0;0;23;23520;4;4030;71;827076;134;1223820;116;738218;99;581272
22.10.2020 21:00;2;2000;3;3000;42;220230;198;753391;81;596128;83;760460;2;2000;3;2990;0;0;0;0;8;8050;5;5020;43;397086;134;1135693;123;567109;84;308714
22.10.2020 22:00;2;2000;2;2000;28;168026;167;703707;75;571183;72;588316;2;2000;2;2000;0;0;0;0;9;9670;5;5030;34;316770;110;835765;101;584512;91;280292
22.10.2020 23:00;2;2000;2;2000;20;38390;92;364560;43;412975;32;442895;2;2000;2;2000;0;0;0;0;5;5250;4;4000;19;148590;70;528351;64;335771;27;120193
23.10.2020 00:00;0;0;1;1000;6;36880;42;90944;12;172490;17;345064;0;0;1;1000;0;0;0;0;3;3010;1;1010;7;97790;32;195240;18;76130;21;135383
23.10.2020 01:00;0;0;0;0;3;30850;10;7400;10;150580;10;221054;0;0;0;0;0;0;0;0;0;0;0;0;4;36564;12;40020;11;31160;11;48407
23.10.2020 02:00;0;0;0;0;3;3490;19;46230;4;38550;6;93270;0;0;0;0;0;0;0;0;0;0;1;1010;1;32040;19;83029;10;19730;10;35815
23.10.2020 03:00;0;0;0;0;0;0;11;35490;4;148419;7;218389;0;0;0;0;0;0;0;0;0;0;1;1010;2;2220;9;45670;3;10410;2;8410
23.10.2020 04:00;1;1000;0;0;4;44350;38;95790;14;152408;18;310572;1;1000;0;0;0;0;0;0;0;0;0;0;6;111200;31;150886;15;97520;21;97767
23.10.2020 05:00;3;2990;2;2000;15;78290;139;482402;65;576960;98;1024710;3;3000;3;3000;0;0;0;0;1;1010;1;1000;13;128330;86;840826;59;269215;35;208525
23.10.2020 06:00;4;3990;4;4000;24;99050;397;1200092;126;1224184;184;1796308;4;4000;3;2990;0;0;0;0;3;3130;7;7020;28;276626;104;2220645;106;891201;61;472922
23.10.2020 07:00;7;7000;6;5990;98;748461;473;1857700;287;1867456;303;2154283;7;6990;6;5990;0;0;0;0;20;21500;9;9020;67;1137796;69;3150193;91;2045451;87;1170676
23.10.2020 08:00;8;7980;8;7990;93;607060;473;1799940;331;1853978;339;2044011;8;7980;9;9000;0;0;0;0;15;15750;14;14040;70;1103752;128;3009772;84;2189155;99;1402451
23.10.2020 09:00;3;3000;4;4000;97;721555;400;1406945;269;1992860;293;2178527;3;3000;4;4000;0;0;0;0;23;24500;13;14010;74;1256803;182;2436911;101;1865465;102;1467809
23.10.2020 10:00;5;4990;4;4000;111;915990;392;1737040;261;1803854;278;2037814;5;5000;4;3990;0;0;0;0;21;23576;9;9060;82;1640635;155;2747300;109;1952312;113;1137827
23.10.2020 11:00;4;3990;4;4000;103;821144;377;1844827;263;1746758;279;2091665;4;4000;3;3000;0;0;0;0;20;22870;15;15410;80;1242232;158;2527314;118;2055245;138;1452964
23.10.2020 12:00;5;4990;5;5000;124;1118680;449;1971127;284;2615726;283;2570496;5;5000;6;5990;0;0;0;0;42;44982;12;12080;88;1803681;178;2672271;115;2257986;129;1738704
23.10.2020 13:00;7;6990;9;9000;133;988109;481;2123566;268;2528763;278;2515678;7;6990;8;7980;0;0;0;0;28;29730;28;28150;91;1606774;149;3059171;103;2472427;141;1780855
23.10.2020 14:00;6;5980;6;6000;121;988245;502;1707215;264;2616820;259;2419871;7;7000;6;6000;0;0;0;0;27;30900;12;12050;83;1636246;217;2537110;117;2501188;130;1541460
23.10.2020 15:00;5;5000;5;5000;138;932043;509;1804790;274;2437466;287;2527986;4;4000;5;5000;0;0;0;0;24;24480;12;12070;96;1605078;184;3026248;104;2664439;134;1797119
23.10.2020 16:00;4;4000;4;3990;116;896079;529;1514527;255;2664042;256;2512866;4;4000;4;4000;0;0;0;0;46;51230;16;16070;90;1580235;206;2699693;113;2469886;130;1734157
23.10.2020 17:00;4;3990;4;4000;117;1034655;540;1962461;237;2569036;257;2557466;4;4000;4;3990;0;0;0;0;38;42040;14;14060;91;1730324;161;3044106;128;2379251;147;1889998
23.10.2020 18:00;4;3980;4;4000;124;954652;508;1630306;219;2081169;219;2330855;4;4000;4;4000;0;0;0;0;44;45330;14;14120;87;1573857;124;3064614;139;2439034;139;1975226
23.10.2020 19:00;5;4990;4;4000;86;559790;384;1227230;171;1916439;153;1763977;5;5058;4;3990;0;0;0;0;34;39579;19;19090;89;1312925;164;2082406;121;1869654;139;1958977
23.10.2020 20:00;3;3000;3;3000;55;374230;290;1191082;132;973987;128;1281897;3;3000;3;3000;0;0;0;0;31;32940;4;4020;50;854545;139;1775116;123;1249026;103;1067151
23.10.2020 21:00;2;1990;3;3000;32;219724;229;862435;106;794117;82;749886;2;2000;3;3000;0;0;0;0;13;13600;8;8030;36;280509;140;1294127;98;655094;77;545717
23.10.2020 22:00;2;2000;2;2000;30;151024;172;804730;69;638056;70;639356;2;2000;2;2000;0;0;0;0;14;14530;4;4010;40;548550;114;1016852;98;501303;73;417403
23.10.2020 23:00;2;1990;2;2000;23;211980;121;434805;56;473475;55;549355;2;2000;2;2000;0;0;0;0;14;14580;2;2020;26;311080;97;718075;70;303830;56;234980
24.10.2020 00:00;0;0;1;1000;10;39910;64;168980;34;284660;32;435926;0;0;1;990;0;0;0;0;4;5510;4;4030;5;24520;52;299976;52;257180;31;147000
24.10.2020 01:00;0;0;0;0;7;32050;50;153630;20;212440;20;333180;0;0;0;0;0;0;0;0;2;2010;1;1010;7;106315;39;267829;31;274599;18;69750
24.10.2020 02:00;0;0;0;0;4;32600;27;139217;10;127837;14;306817;0;0;0;0;0;0;0;0;0;0;1;1010;3;49986;21;156387;13;46500;8;36460
24.10.2020 03:00;0;0;0;0;4;46228;16;37420;10;106640;11;203394;0;0;0;0;0;0;0;0;2;2430;0;0;3;45240;16;68570;5;11140;6;23490
24.10.2020 04:00;1;990;0;0;3;16380;22;42930;18;258583;16;249973;1;1000;0;0;0;0;0;0;0;0;0;0;7;50880;18;87519;14;35350;12;45630
24.10.2020 05:00;3;3000;3;2990;8;6900;52;212961;32;375086;35;548687;3;3000;3;3000;0;0;0;0;0;0;0;0;8;83734;44;206420;20;75190;22;101810
24.10.2020 06:00;4;4000;4;3990;10;50382;76;253285;21;260324;37;641166;4;4000;4;4000;0;0;0;0;2;2010;0;0;14;150590;68;468884;36;122890;19;63010
24.10.2020 07:00;4;3990;4;3980;19;161190;129;681990;76;533273;70;763143;4;4000;4;3990;0;0;0;0;4;4070;2;2000;17;225524;94;771474;62;435219;30;182703
24.10.2020 08:00;5;5000;4;3990;30;156350;202;744349;114;769170;115;924544;5;4990;4;4000;0;0;0;0;14;15000;4;4010;28;345684;129;1155433;81;675807;65;405539
24.10.2020 09:00;4;4000;4;4000;38;367555;276;1181870;221;1461143;209;1801620;4;4042;4;4000;0;0;0;0;23;24670;8;8060;45;659625;147;1686980;116;1290419;127;809646
24.10.2020 10:00;4;4000;4;4000;66;525680;357;1436146;248;1714361;231;1696980;4;4000;4;4000;0;0;0;0;27;31060;11;11050;64;1139180;153;2212880;123;1499264;138;1031736
24.10.2020 11:00;4;4000;4;4000;84;475243;396;1508261;241;1680375;249;1922043;4;3990;4;4000;0;0;0;0;30;34468;10;10050;60;1022295;161;2325046;140;1871872;146;1213822
24.10.2020 12:00;4;4000;4;3990;101;675660;384;1608026;246;1763368;254;2004993;4;3990;4;4000;0;0;0;0;30;30440;12;12090;72;1444333;150;2420459;126;2143584;139;1820984
24.10.2020 13:00;4;4032;4;3980;77;679462;402;1569528;228;1578193;233;1587350;4;4000;4;4000;0;0;0;0;33;34270;17;17090;72;1298969;164;2348557;138;2090057;154;1311507
24.10.2020 14:00;4;3990;4;3990;85;663144;421;1443211;234;1858634;213;1926441;4;4000;4;4000;0;0;0;0;38;42520;9;9040;68;1199353;150;2486762;132;1915733;130;1659441
24.10.2020 15:00;4;3990;4;3990;95;757582;344;1451438;239;1472462;248;1692655;4;4000;4;4000;0;0;0;0;26;27360;18;18090;72;1326477;160;2116811;113;2021349;122;1561917
24.10.2020 16:00;4;4000;4;4000;72;473130;349;1399673;200;1487468;188;1492289;4;4000;4;3980;0;0;0;0;44;47558;8;8060;66;1236934;149;2242112;118;1656785;131;1329392
24.10.2020 17:00;4;3990;5;4990;80;419232;400;1581670;187;1349465;204;1587863;4;3990;5;4990;0;0;0;0;33;33660;12;12050;72;1427537;170;2477849;128;1912337;105;1419621
24.10.2020 18:00;4;3990;4;3990;78;586356;394;1614958;201;1385065;199;1583379;4;4000;4;4000;0;0;0;0;37;39340;12;12080;75;1114545;157;2546745;147;1882319;136;1447071
24.10.2020 19:00;4;4000;4;4000;69;455435;330;1286529;144;1198434;137;1332396;4;4000;4;4000;0;0;0;0;31;36920;14;14100;68;994002;140;2015888;143;1095744;127;797450
24.10.2020 20:00;2;1990;2;2000;42;203722;244;862479;126;875787;116;1015525;2;2000;2;2000;0;0;0;0;22;24180;7;7040;69;788570;154;1229324;110;505005;80;422449
24.10.2020 21:00;2;2000;2;2000;34;253456;187;856003;80;717872;61;613950;2;2000;2;2000;0;0;0;0;22;24610;11;11070;35;391686;135;1123079;110;499645;76;359278
24.10.2020 22:00;2;2000;2;1990;30;130620;224;747356;73;543377;66;627149;2;1990;2;2000;0;0;0;0;12;12160;4;4020;40;399932;134;1064280;88;425084;83;396434
24.10.2020 23:00;2;2000;2;2000;20;86990;148;578163;55;331134;57;571473;2;2000;2;2055;0;0;0;0;6;6040;5;5020;27;218685;128;772383;70;285590;53;239450
25.10.2020 00:00;0;0;1;1000;16;128410;81;327930;32;362985;40;464646;0;0;1;990;0;0;0;0;9;9720;3;3010;15;202440;58;280640;49;158815;42;90750
25.10.2020 01:00;0;0;0;0;7;35390;55;158005;23;245304;33;352372;0;0;0;0;0;0;0;0;2;2020;1;1010;12;127750;55;212375;30;93420;26;89830
25.10.2020 02:00;0;0;0;0;2;1140;29;95720;16;101610;13;165500;0;0;0;0;0;0;0;0;1;1010;2;2000;10;224272;25;101090;18;37060;20;54240
25.10.2020 02:00;-1;-1;-1;-1;-1;-1;-1;-1;-1;-1;-1;-1;-1;-1;-1;-1;-1;-1;-1;-1;-1;-1;-1;-1;-1;-1;-1;-1;-1;-1;-1;-1
25.10.2020 03:00;0;0;0;0;3;36810;11;5440;4;82530;7;119050;0;0;0;0;0;0;0;0;0;0;0;0;1;18920;7;20450;5;11560;5;7730
25.10.2020 04:00;0;0;0;0;3;33820;11;6830;8;37270;4;79380;0;0;0;0;0;0;0;0;0;0;0;0;3;30850;10;34874;4;8680;4;8310
25.10.2020 05:00;2;2000;1;1000;4;3400;27;58350;19;271717;22;419660;2;1980;1;990;0;0;0;0;0;0;0;0;4;62870;30;101020;12;23550;9;20080
25.10.2020 06:00;2;2000;2;2000;4;43740;28;84360;14;166670;14;264321;2;2000;2;2000;0;0;0;0;0;0;1;1000;8;116980;27;125790;19;56050;6;23000
25.10.2020 07:00;2;2000;2;2000;10;69000;64;194732;26;362535;27;375357;2;2057;2;2000;0;0;0;0;1;1010;2;2000;13;199560;46;208569;18;79260;15;65870
25.10.2020 08:00;2;2000;2;1990;15;48510;91;358515;62;565347;72;743692;2;2000;2;2000;0;0;0;0;7;7480;5;5000;17;154010;83;430535;49;292315;41;155660
25.10.2020 09:00;2;1990;2;2000;19;161855;176;780952;104;751529;104;922242;2;2000;2;2000;0;0;0;0;10;11310;6;6040;21;200145;129;962927;89;655250;65;386602
25.10.2020 10:00;2;1990;2;2000;43;272378;270;1065710;168;1217821;154;1071389;2;2000;2;2000;0;0;0;0;7;7290;5;5010;39;381880;171;1528495;99;1094540;84;638622
25.10.2020 11:00;2;2000;2;1990;57;286945;338;1425003;181;1183456;176;1340260;2;2000;2;2000;0;0;0;0;11;11170;12;12050;52;675222;162;1899837;116;1322792;98;798281
25.10.2020 12:00;3;2990;3;3000;66;492094;324;1256219;167;1202197;191;1363074;3;3000;3;3000;0;0;0;0;16;18010;9;9020;54;520448;182;1812840;134;1128964;137;793468
25.10.2020 13:00;4;4000;4;4000;66;438323;339;1210640;230;1320871;212;1369811;4;4000;4;4000;0;0;0;0;16;19900;7;7030;50;655116;152;2022117;119;1248098;128;1046832
25.10.2020 14:00;4;4000;4;3990;65;622640;379;1380468;220;1552131;218;1537859;4;3990;4;4000;0;0;0;0;22;27810;7;7040;57;767406;169;2077905;126;1171939;131;896507
25.10.2020 15:00;4;3990;4;4000;48;359860;343;1230193;210;1407509;205;1402210;4;3990;4;4000;0;0;0;0;22;29960;6;6030;54;539271;163;1988513;127;1205801;125;1008997
25.10.2020 16:00;4;3990;4;4000;52;331760;338;1318779;204;1382539;215;1513281;4;3990;4;3990;0;0;0;0;18;18620;10;10050;46;787790;180;1954864;133;1333636;117;797440
25.10.2020 17:00;4;4000;4;3980;48;393695;384;1384487;188;1486545;213;1586129;4;3980;4;4000;0;0;0;0;11;11350;10;10050;56;909165;151;2224727;161;1247779;138;910483
25.10.2020 18:00;4;4000;4;4000;59;482008;339;1200439;138;1144271;150;1274034;4;4000;4;3990;0;0;0;0;19;20480;5;5073;48;483830;144;1850548;159;1144339;130;817824
25.10.2020 19:00;2;1990;2;2000;35;169242;271;907680;116;903076;115;1087516;2;2000;2;2000;0;0;0;0;10;10370;6;6020;53;372588;130;1579701;133;1189826;124;967249
25.10.2020 20:00;2;2000;2;2000;30;156930;179;508206;83;623917;95;935663;2;2000;2;2000;0;0;0;0;8;8310;6;6067;33;338607;128;1019985;89;681813;95;659400
25.10.2020 21:00;2;1990;2;2000;23;123350;151;678240;60;439897;61;673167;2;2000;2;2000;0;0;0;0;7;7620;3;3020;26;260575;115;936253;82;425739;61;310104
25.10.2020 22:00;2;1990;2;2000;11;27160;94;275570;39;451435;40;685860;2;2000;2;1990;0;0;0;0;3;3440;1;1000;12;140566;85;582067;55;245540;48;237060
25.10.2020 23:00;2;1990;2;1990;5;4710;43;211613;19;278180;14;201986;2;2000;2;2000;0;0;0;0;2;2020;3;3010;8;123060;40;215438;27;111850;30;162770
26.10.2020 00:00;0;0;1;1000;3;20030;32;40690;8;127930;15;315591;0;0;1;1000;0;0;0;0;0;0;1;1000;2;17550;20;100160;18;78040;26;132231
26.10.2020 01:00;0;0;0;0;3;17850;11;13410;6;77720;4;39010;0;0;0;0;0;0;0;0;0;0;0;0;2;16520;9;47330;2;7920;9;57790
26.10.2020 02:00;0;0;0;0;1;15480;9;4290;4;29260;5;131134;0;0;0;0;0;0;0;0;0;0;0;0;2;20010;8;31850;5;16800;4;18910
26.10.2020 03:00;0;0;0;0;2;18880;20;56100;11;183950;6;138546;0;0;0;0;0;0;0;0;0;0;0;0;0;0;17;83660;2;16150;5;20660
26.10.2020 04:00;1;1000;0;0;7;122320;40;74550;21;352414;23;405754;1;1000;0;0;0;0;0;0;0;0;0;0;6;45370;31;161940;12;48420;24;128563
26.10.2020 05:00;3;3000;3;2990;11;37550;155;498004;70;930741;98;1013800;3;3000;3;2990;0;0;0;0;2;2020;1;1000;15;130010;90;1096841;63;385070;37;233866
26.10.2020 06:00;4;3990;3;2990;32;270585;452;1278009;163;1413765;214;1652740;4;4000;3;3000;0;0;0;0;7;7120;5;5030;33;336097;92;2511967;99;1688600;97;923825
26.10.2020 07:00;5;4990;4;4000;80;977999;488;1988012;331;2268463;361;2562056;5;4990;5;4450;0;0;2;780;21;23820;8;8020;63;1245341;66;3273434;68;2442515;91;1717163
26.10.2020 08:00;6;6000;9;8990;96;822486;541;2036146;352;2343384;381;2498061;6;5980;8;8530;0;0;2;470;19;19690;9;9040;75;942664;72;3529015;69;2468285;110;1724963
26.10.2020 09:00;5;4990;3;3000;80;661376;468;1568479;270;2036574;283;2060539;5;5000;4;3990;0;0;0;0;26;32750;14;14090;79;1323850;131;2791291;103;1762677;106;1399265
26.10.2020 10:00;4;3990;4;3990;69;724900;364;1814877;266;1881071;275;1965434;4;3990;4;4000;0;0;0;0;34;34510;9;9040;66;1268885;136;2410430;109;2000401;130;1452463
26.10.2020 11:00;4;3990;4;3980;92;498040;392;1850875;303;2162582;248;2111550;4;4000;4;4000;0;0;0;0;12;12590;17;17070;89;1619760;152;2595235;100;2209493;124;1443339
26.10.2020 12:00;4;4000;5;5000;86;842480;381;1895409;403;2705636;6;493191;4;3970;4;4000;0;0;0;0;34;35510;11;11050;85;1673561;142;2625231;85;2484644;125;1591254
26.10.2020 13:00;7;6990;6;6000;108;949036;405;1888969;429;2834648;6;56936;7;6990;6;5990;0;0;2;2190;34;38193;16;16060;101;1634287;134;2854886;106;2342143;119;1310240
26.10.2020 14:00;5;4990;7;7000;80;765229;374;1893247;439;2579018;6;5760;5;5000;7;6980;0;0;0;0;40;42947;20;20070;90;1342188;144;2782292;107;2260675;111;1328707
26.10.2020 15:00;4;3990;3;3000;120;748671;433;1698570;452;2876299;0;0;4;3990;4;4000;0;0;0;0;37;40199;15;15050;102;1519342;175;2763776;113;2254659;138;1432793
26.10.2020 16:00;4;4000;4;4000;144;1137778;401;1959499;429;3005982;3;108504;4;4000;3;3000;0;0;0;0;37;41500;16;16050;99;1450171;216;2870371;108;2464435;144;1697953
26.10.2020 17:00;4;4000;4;4000;124;811509;455;1822187;390;3046009;3;2840;4;3990;4;4000;0;0;0;0;48;50425;15;15040;88;1552601;148;2834831;104;2617444;154;1892430
26.10.2020 18:00;4;4000;4;4000;95;555442;403;1518343;335;2446589;3;1420;4;4000;5;5000;0;0;0;0;40;42160;12;12121;92;1183243;138;2286802;160;1905022;149;1209832
26.10.2020 19:00;5;5000;5;4990;58;506630;332;935770;227;2073794;0;0;5;5000;4;3980;0;0;0;0;35;39440;9;9060;58;730262;162;1549799;141;1444389;135;881222
26.10.2020 20:00;3;2980;3;3000;39;294104;205;900526;159;1274781;1;1920;3;3000;3;2980;0;0;0;0;16;16400;6;6030;53;825030;136;1224526;129;859825;79;413707
26.10.2020 21:00;2;2000;3;3000;16;72720;156;556676;101;872195;1;320;2;2000;3;3000;0;0;0;0;9;10720;5;5010;31;495294;104;805590;66;369510;61;232020
26.10.2020 22:00;2;2000;2;2000;17;50800;119;522340;72;692046;0;0;2;2000;2;2000;0;0;0;0;3;3020;3;3010;32;527568;90;538523;63;311647;61;251090
26.10.2020 23:00;2;2000;2;2000;9;58670;61;183230;34;474207;0;0;2;1990;2;2000;0;0;0;0;2;2570;2;2010;15;168916;44;168126;31;115040;31;95020
27.10.2020 00:00;0;0;1;1000;3;3730;29;54930;25;415640;2;57320;0;0;1;1000;0;0;0;0;1;1000;0;0;3;21260;21;98665;14;35876;12;22060
27.10.2020 01:00;0;0;0;0;2;16110;14;30250;16;174510;0;0;0;0;0;0;0;0;0;0;0;0;0;0;0;0;17;51650;4;10620;7;15250
27.10.2020 02:00;0;0;0;0;2;6880;14;7260;4;45840;0;0;0;0;0;0;0;0;0;0;0;0;0;0;4;46730;15;47030;3;4730;8;18760
27.10.2020 03:00;0;0;0;0;0;0;14;32430;6;135758;1;260;0;0;0;0;0;0;0;0;0;0;0;0;0;0;12;39990;4;8400;3;3420
27.10.2020 04:00;1;1000;0;0;5;6720;44;75250;22;422250;4;3740;1;1000;0;0;0;0;0;0;0;0;0;0;6;69006;40;177461;13;25130;19;40334
27.10.2020 05:00;3;2990;3;3000;7;22680;158;643710;128;1099865;7;43220;3;3000;3;3000;0;0;0;0;2;2010;0;0;16;222570;95;987321;48;280938;29;86040
27.10.2020 06:00;4;4000;3;3000;29;257781;436;1351808;277;2009415;4;39270;4;3980;4;4000;0;0;0;0;4;4030;4;4010;32;509765;101;2285424;123;1239649;88;508422
27.10.2020 07:00;6;5980;5;4990;92;882827;522;1927972;494;2796156;1;1360;6;6000;4;4000;0;0;0;0;24;26520;13;13040;70;1052888;121;3343233;90;2189183;103;1493546
27.10.2020 08:00;6;6000;7;7000;86;732408;484;2024645;498;2867939;5;2770;6;6000;8;7990;0;0;0;0;17;19090;10;10030;135;1126369;165;3178203;83;2222869;107;1533168
27.10.2020 09:00;4;3990;5;5000;71;667910;435;1566741;455;2684789;2;1220;4;4000;4;3990;0;0;0;0;40;46040;14;14050;64;1012523;155;2647364;97;1797246;96;1113625
27.10.2020 10:00;5;5000;4;4000;83;702884;353;1694287;474;2758023;3;710;5;5000;4;4000;0;0;0;0;31;33990;12;12070;79;1130624;113;2525000;102;1918392;121;1005690
27.10.2020 11:00;4;4000;4;4000;81;758558;402;1654057;415;2641264;4;5270;4;3990;4;4000;0;0;0;0;33;35850;16;16090;69;1099668;131;2728359;105;2012624;123;1271851
27.10.2020 12:00;5;5000;4;4000;104;844049;387;1914446;411;2508471;4;417337;5;4990;4;3990;0;0;0;0;35;37780;12;12050;87;1395763;139;2698466;119;2301586;130;1254616
27.10.2020 13:00;8;7990;8;7990;98;893637;399;1828139;438;2705031;3;4710;8;8000;8;7980;0;0;0;0;44;51034;16;16020;98;1367651;138;2902723;103;2407900;118;1448676
27.10.2020 14:00;5;5000;6;5990;107;821361;405;1634890;427;2484619;3;3300;5;4980;7;6990;0;0;0;0;37;38810;8;8050;90;1382643;126;2609519;118;2313078;146;1484294
27.10.2020 15:00;4;3990;4;3990;127;833991;573;2099847;386;3088437;3;710;4;3990;3;3000;0;0;0;0;52;55790;25;25390;90;1578782;102;1462429;115;2557562;147;1973289
27.10.2020 16:00;4;4000;4;4000;135;1109622;502;1619080;441;3063148;5;2850;4;3990;5;5000;0;0;0;0;30;31160;11;11040;111;1266283;179;2843955;120;2707849;150;1869615
27.10.2020 17:00;4;3990;4;4000;147;1128834;477;1723854;398;3068296;5;5480;4;4000;3;2990;0;0;0;0;36;50394;19;19050;108;1417098;190;2796703;135;2642691;148;1891814
27.10.2020 18:00;4;3990;5;4980;103;866057;448;1567937;369;2672868;0;0;4;3990;5;4990;0;0;0;0;40;44470;19;19020;85;1513616;138;2538883;111;2630131;141;1801077
27.10.2020 19:00;5;4990;4;4000;64;536147;343;1172616;268;2227072;0;0;5;4990;4;4000;0;0;0;0;30;30970;14;14050;166;1156998;151;1624349;142;1556301;121;882830
27.10.2020 20:00;3;2990;3;3000;52;301840;200;863713;174;1383408;1;710;3;3000;3;2990;0;0;0;0;11;14700;10;10020;48;603575;126;1128907;109;693149;90;454070
27.10.2020 21:00;2;2000;3;2990;27;144165;166;747145;126;1107735;2;1360;2;1990;3;3000;0;0;0;0;10;10200;1;1010;36;335020;124;1005854;105;515007;67;239745
27.10.2020 22:00;2;1990;2;2000;24;110099;125;485545;84;740517;0;0;2;2000;2;2000;0;0;0;0;4;4070;2;2000;26;315899;93;524054;65;310244;55;182080
27.10.2020 23:00;2;1990;2;1990;15;72870;81;473732;12;731011;1;606610;2;2000;2;2000;0;0;0;0;3;3020;2;2010;15;147641;76;393214;37;120606;26;67235
28.10.2020 00:00;0;0;1;1000;1;2840;26;14504;2;15060;2;15600;0;0;1;1000;0;0;1;1470;2;2020;2;2000;3;104330;22;92140;8;18430;17;45430
28.10.2020 01:00;0;0;0;0;5;20510;22;84960;3;656349;1;621559;0;0;0;0;0;0;0;0;0;0;0;0;2;17720;18;64490;6;14560;7;23700
28.10.2020 02:00;0;0;0;0;0;0;14;15409;2;15570;2;25870;0;0;0;0;0;0;0;0;1;1810;1;1010;1;12220;14;46213;5;10140;4;7600
28.10.2020 03:00;0;0;0;0;1;26510;16;10010;1;1160;0;0;0;0;0;0;0;0;1;1540;0;0;0;0;3;104420;14;55740;3;9000;0;0
28.10.2020 04:00;1;1000;0;0;7;29510;40;48698;15;527074;1;1670;1;1000;0;0;0;0;1;1270;0;0;1;1000;4;47930;30;189258;15;93620;15;73465
28.10.2020 05:00;3;3000;3;3000;13;46380;144;471473;117;1007012;8;11850;3;2990;3;3000;0;0;0;0;4;4020;2;2000;15;162150;95;990389;60;390348;58;240043
28.10.2020 06:00;4;4000;3;2990;28;173159;438;1095421;299;2194153;4;3794;4;4000;4;4000;0;0;0;0;4;5190;1;1000;35;493028;93;2426367;106;1487373;67;725917
28.10.2020 07:00;7;7000;6;5990;99;731129;510;2105716;448;2723276;1;2190;7;6990;5;4990;0;0;0;0;23;25264;14;14030;82;1244511;30;3552321;70;2438623;86;1780604
28.10.2020 08:00;7;7000;8;8000;95;791447;521;1969440;467;2823851;8;76040;8;7980;8;7980;0;0;0;0;19;19840;9;9020;76;968761;86;3435227;75;2373375;102;1558234
28.10.2020 09:00;4;3980;4;4000;73;716287;445;1735888;458;2732315;4;36940;3;3000;5;4980;0;0;0;0;27;27870;15;15030;68;1227913;157;2779561;94;2028069;91;1733817
28.10.2020 10:00;6;5990;6;5990;83;616482;356;1845164;399;2407306;3;75860;6;6000;5;4990;0;0;0;0;27;29950;14;14070;87;1110130;136;2475742;90;1834660;109;1097098
28.10.2020 11:00;3;2990;3;3000;108;1053368;387;1742141;456;2779893;2;4010;3;2990;3;3000;0;0;0;0;26;26550;8;8030;77;1235926;143;2484326;109;1738207;124;1457908
28.10.2020 12:00;6;5990;6;5990;95;882349;451;1800388;416;2783048;4;3350;6;6000;6;6000;0;0;0;0;31;32160;17;17110;72;1208814;147;2680745;120;2093555;138;1373887
28.10.2020 13:00;8;8000;6;5990;94;863239;410;1906187;414;2667076;5;41295;8;8000;6;5990;0;0;1;410;34;38150;21;21150;76;1539009;112;2864554;90;2237379;125;1536972
28.10.2020 14:00;5;4980;7;7000;95;807245;382;1709929;430;2613402;2;270;5;4990;8;7980;0;0;0;0;26;27230;13;13030;88;1271253;137;2586481;111;2165275;144;1420921
28.10.2020 15:00;4;4000;4;3990;121;752421;439;1734860;420;2980075;3;3360;4;4000;3;2990;0;0;0;0;40;53698;15;15090;97;1387168;187;2543182;128;2524834;138;1755190
28.10.2020 16:00;4;3990;4;4000;141;696234;474;1777087;414;2926756;2;1030;4;4000;4;3990;0;0;0;0;39;44729;22;22166;103;1569348;206;2645551;143;2390689;163;2012873
28.10.2020 17:00;4;3990;4;4000;132;889652;473;1734686;403;3004248;2;650;4;4000;5;5000;0;0;0;0;37;45320;13;13060;100;1706353;138;2737868;148;2499534;150;1785717
28.10.2020 18:00;4;3990;5;4990;92;827569;410;1529885;372;2484825;2;840;4;4000;4;3990;0;0;0;0;29;30370;24;24100;91;1201936;132;2370186;152;1964422;145;1476181
28.10.2020 19:00;5;5000;4;4000;68;665764;325;1086275;260;2100959;3;75177;5;4980;4;4000;0;0;0;0;25;27580;10;10040;73;936390;148;1645220;146;1610333;118;904708
28.10.2020 20:00;3;3000;3;3000;45;276250;213;933681;179;1378640;1;1490;3;3000;3;2990;0;0;0;0;18;18160;9;9060;106;834612;128;1189063;123;975510;96;485430
28.10.2020 21:00;2;1990;3;3000;31;102020;180;743486;112;887687;0;0;2;2000;3;3000;0;0;0;0;10;10050;3;3010;36;301616;134;1058770;121;548234;75;298960
28.10.2020 22:00;2;1990;2;2000;23;123890;146;519569;11;71370;2;1160;2;2000;2;2000;0;0;1;3000;12;12530;8;8030;26;296087;111;623830;86;343654;58;193730
28.10.2020 23:00;2;2000;2;2000;12;72190;92;250520;17;132213;1;260;2;2000;2;2000;0;0;0;0;6;8510;6;6030;15;221168;84;384880;54;136050;34;90183
29.10.2020 00:00;0;0;1;1000;8;136110;25;59780;2;18460;0;0;0;0;1;1000;0;0;0;0;2;2020;3;3000;2;17360;22;86750;13;27190;15;49400
29.10.2020 01:00;0;0;0;0;4;40250;22;10670;1;3510;1;2990;0;0;0;0;0;0;1;440;1;1000;1;1010;2;32770;15;51860;11;24460;6;11970
29.10.2020 02:00;0;0;0;0;2;19450;9;4456;0;0;0;0;0;0;0;0;0;0;0;0;0;0;1;1000;1;34190;8;23930;4;7030;8;17790
29.10.2020 03:00;0;0;0;0;1;890;16;20000;4;761741;6;567512;0;0;0;0;0;0;0;0;0;0;2;2020;2;1510;16;67500;6;24300;5;26920
29.10.2020 04:00;1;1000;0;0;5;68160;40;250615;2;50720;1;75800;1;1000;0;0;0;0;3;2030;0;0;0;0;8;117453;33;210303;14;56480;22;123257
29.10.2020 05:00;3;2990;2;1990;12;90676;154;491074;110;886765;3;21290;3;2990;3;3000;0;0;1;480;2;2010;1;1000;9;77630;86;996943;53;277529;39;167079
29.10.2020 06:00;4;4000;4;4000;36;288185;439;1213627;269;2150904;3;2180;4;3990;3;3000;0;0;0;0;4;4010;3;3010;29;286225;103;2381907;125;1279543;87;814995
29.10.2020 07:00;6;6000;6;6000;76;550814;472;2112446;489;2791492;4;62310;6;5980;6;5990;0;0;0;0;23;24230;5;5020;80;1215252;72;3313774;74;2395643;79;1712804
29.10.2020 08:00;10;9970;10;10000;87;550633;512;2021325;483;2773973;6;6440;10;9990;10;9980;0;0;0;0;31;31230;8;8060;67;1010058;116;3320778;82;2289241;105;1793213
29.10.2020 09:00;4;3990;4;4000;82;762974;474;1508488;439;2750705;7;4850;4;4000;4;4000;0;0;0;0;20;20820;15;15080;67;1395932;156;2966335;98;2121809;116;1398281
29.10.2020 10:00;4;4000;3;2990;102;984731;504;1568255;386;2981267;4;5290;4;4000;3;3000;0;0;0;0;22;22890;22;22100;75;1310798;158;2954741;125;2001592;117;1277419
29.10.2020 11:00;4;3990;5;5000;91;758425;387;1882986;432;2865450;3;677250;4;4000;4;4000;0;0;1;440;28;30710;6;6030;93;1571335;119;2622683;107;1921959;121;1270896
29.10.2020 12:00;5;4990;6;6000;113;828069;366;1762577;404;2898879;3;127396;5;5053;6;5990;0;0;0;0;30;32140;12;12050;86;1614142;136;2605775;113;2255650;161;1421044
29.10.2020 13:00;9;9000;8;7990;101;929112;404;1905831;422;2878044;5;4390;9;8990;8;8000;0;0;0;0;33;34860;6;6040;81;1548784;127;2887966;104;2037891;127;1481825
29.10.2020 14:00;4;4000;7;7000;106;1097406;437;1775005;418;2761834;1;330;4;3990;7;7000;0;0;0;0;32;41280;10;10050;93;1533635;141;2757782;119;2321880;124;1617923
29.10.2020 15:00;4;4000;3;3000;110;984860;486;1822458;377;2944155;0;0;4;3970;3;3000;0;0;0;0;39;45430;21;21060;87;1739673;126;2913221;95;2623768;127;1693907
29.10.2020 16:00;3;2990;4;4000;127;1044907;486;1912950;389;2974762;1;190;3;3000;4;4000;0;0;0;0;32;33890;31;31170;88;1519116;125;2931624;102;2731767;128;2089672
29.10.2020 17:00;5;5000;4;4000;122;1128416;449;1948809;326;3078862;1;1670;5;4990;4;3990;0;0;0;0;42;47515;20;20320;93;1719087;96;3000129;96;2977378;132;2516136
29.10.2020 18:00;4;4000;4;4000;116;815537;436;1682280;344;2998052;2;900;4;3990;5;4990;0;0;0;0;35;35980;13;13060;103;1260548;102;2934359;158;2422573;167;2115527
29.10.2020 19:00;5;5000;5;4990;48;476656;361;1086445;261;2433959;3;55100;5;5053;4;4000;0;0;0;0;25;25713;11;11030;79;1136942;138;1894713;104;2235640;129;1398359
29.10.2020 20:00;3;3000;3;3000;41;332950;198;1047558;193;1377702;0;0;3;3000;3;3000;0;0;0;0;11;11540;11;11020;65;690731;117;1349872;106;868794;85;608696
29.10.2020 21:00;2;2000;3;3000;40;298511;178;769869;150;1334882;0;0;2;2000;3;3000;0;0;0;0;5;5030;2;2010;46;709625;126;1065799;91;571444;74;505926
29.10.2020 22:00;2;2000;2;1990;29;128410;120;739331;40;1631167;0;0;2;2000;2;2000;0;0;0;0;10;10250;3;3020;35;527550;99;906856;74;479136;61;429640
29.10.2020 23:00;2;1990;2;2000;15;79260;106;297107;0;0;0;0;2;2000;2;1990;0;0;0;0;3;3030;3;3010;11;205351;71;453977;43;161980;50;277440
30.10.2020 00:00;0;0;1;1000;15;211910;33;50820;0;0;0;0;0;0;1;1000;0;0;0;0;0;0;1;1000;4;9420;33;149989;12;35950;21;88640
30.10.2020 01:00;0;0;0;0;4;45500;21;57430;0;0;0;0;0;0;0;0;0;0;0;0;0;0;1;1000;1;19740;21;74590;9;26700;10;38260
30.10.2020 02:00;0;0;0;0;3;4140;15;8050;0;0;0;0;0;0;0;0;0;0;0;0;0;0;1;1010;3;38600;15;76722;5;12910;4;19120
30.10.2020 03:00;0;0;0;0;1;80;21;13070;0;0;0;0;0;0;0;0;0;0;0;0;0;0;1;1010;2;60030;21;94612;4;9680;7;34696
30.10.2020 04:00;1;1000;0;0;8;84770;44;53510;19;281907;4;36688;1;990;0;0;0;0;0;0;1;1010;0;0;5;34170;32;184740;16;59650;21;101939
30.10.2020 05:00;3;2990;2;2000;9;25450;149;410505;114;1053398;11;111520;3;3000;2;2000;0;0;0;0;3;3020;1;1010;11;97950;87;746455;49;252434;33;194700
30.10.2020 06:00;4;4000;5;5000;27;221740;379;1216477;240;1841235;3;1930;4;3990;5;5050;0;0;0;0;5;5030;4;4010;26;233930;101;2004641;116;1029185;59;478290
30.10.2020 07:00;6;6000;5;5000;84;552909;513;1787225;429;2616763;7;5880;6;5990;5;5000;0;0;0;0;21;25980;11;11050;74;1199303;91;3086843;83;2219137;95;1476979
30.10.2020 08:00;9;9000;9;9000;88;560846;497;1831176;487;2440225;10;6830;9;8990;9;8970;0;0;0;0;20;21120;8;8030;70;1021221;155;3181770;79;2155891;92;1418015
30.10.2020 09:00;3;3000;3;3000;74;733544;413;1386304;484;2831821;10;3770;4;4000;4;3990;0;0;0;0;27;28388;13;13090;78;1255778;175;2685995;86;1838135;100;1307791
30.10.2020 10:00;4;3990;4;4000;99;877778;374;1787156;478;2679199;11;83599;3;2990;3;3000;0;0;0;0;25;26570;16;16040;89;1401359;128;2702536;118;2074428;123;1243466
30.10.2020 11:00;4;3990;4;4000;124;791740;365;1951732;440;2796830;9;6340;4;4000;5;5000;0;0;0;0;43;44049;15;15060;94;1529074;132;2723456;111;2206318;143;1520825
30.10.2020 12:00;6;6000;5;4990;147;1008713;405;1983058;430;2912002;10;7560;6;6000;5;5000;0;0;1;1310;44;47290;13;13040;104;1678756;160;2766955;118;2236410;135;1591176
30.10.2020 13:00;6;6000;8;7990;145;964549;465;1880573;413;3001971;11;4530;6;5990;8;8000;0;0;0;0;69;92155;21;21070;105;1801536;202;2876261;141;2298956;144;1900857
30.10.2020 14:00;6;5990;5;5000;128;892681;437;2022143;445;2914887;6;2760;6;5990;4;4000;0;0;1;510;42;45160;15;15070;90;1285226;189;2754894;111;2544629;141;1952443
30.10.2020 15:00;4;3990;4;4000;138;986364;485;1589529;416;2945254;6;69950;4;4000;5;5000;0;0;0;0;41;47429;15;15060;96;1412728;236;2652816;121;2198277;138;1584351
30.10.2020 16:00;4;3990;4;4000;127;786162;451;1878412;413;2933678;5;69200;4;4000;4;3990;0;0;0;0;39;44690;14;14080;95;1502540;215;2674209;113;2501684;129;1645691
30.10.2020 17:00;4;4000;4;4000;144;1103082;474;1861593;380;3026707;6;3050;4;4000;4;4000;0;0;0;0;45;48089;27;27080;97;1371665;97;3208565;154;2089383;156;1592690
30.10.2020 18:00;4;4000;4;4000;103;786559;434;1559629;338;2389921;4;3110;4;4000;3;2990;0;0;0;0;27;27700;23;23080;89;1200080;149;2253057;127;1828007;173;1373892
30.10.2020 19:00;5;5000;4;4000;73;533980;396;1329712;288;2277818;3;1160;5;5000;5;5000;0;0;0;0;32;34650;10;10050;66;966892;171;1886017;155;1562185;134;915619
30.10.2020 20:00;3;2990;4;4000;58;527665;262;1097103;205;1534226;1;200;3;2990;3;3000;0;0;0;0;18;19330;11;11040;55;730939;137;1602731;122;753891;102;477540
30.10.2020 21:00;2;2000;3;2990;27;186850;198;860713;151;1249069;2;510;2;1990;3;3000;0;0;0;0;18;19700;6;6010;44;340980;118;1098827;109;513988;81;431523
30.10.2020 22:00;2;2000;2;2000;30;195302;208;730610;118;931538;1;390;2;2000;2;2000;0;0;0;0;10;10080;11;11060;36;375132;132;949327;105;485744;83;316927
30.10.2020 23:00;2;1990;2;1990;26;158210;132;546881;87;898429;1;16470;2;2000;2;2000;0;0;0;0;5;5460;6;6020;32;313950;122;626394;65;245630;51;140840
31.10.2020 00:00;0;0;1;1000;5;20120;49;213421;34;493797;1;17670;0;0;1;1000;0;0;0;0;1;1010;2;2020;7;117070;47;176972;45;162060;19;43689
31.10.2020 01:00;0;0;0;0;6;29160;44;124850;30;374873;0;0;0;0;0;0;0;0;0;0;0;0;4;4010;7;105773;31;120410;12;37130;23;53860
31.10.2020 02:00;0;0;0;0;5;14590;20;36940;19;233150;0;0;0;0;0;0;0;0;0;0;4;4660;0;0;3;68580;15;45490;15;39750;9;25840
31.10.2020 03:00;0;0;0;0;1;1790;22;20320;19;385520;1;26660;0;0;0;0;0;0;0;0;0;0;0;0;1;5280;14;45480;1;1200;8;11420
31.10.2020 04:00;1;1000;0;0;1;980;20;50710;15;237050;5;37750;1;1000;0;0;0;0;0;0;0;0;0;0;8;115220;13;52220;12;22560;8;11610
31.10.2020 05:00;3;2980;3;3000;7;38500;57;130630;41;587369;3;53500;3;2990;3;3000;0;0;0;0;0;0;0;0;6;58060;44;200600;29;64334;16;30430
31.10.2020 06:00;4;4000;4;4056;11;25800;96;230860;40;616855;1;42010;4;4000;4;4000;0;0;0;0;0;0;0;0;12;125180;71;345585;56;160400;19;44880
31.10.2020 07:00;4;4000;4;3980;12;57960;159;629360;101;1052646;1;520;4;3980;4;3990;0;0;0;0;2;2490;1;1000;24;367754;121;725441;55;375378;41;215970
31.10.2020 08:00;5;4990;4;4000;28;131801;227;822203;196;1350512;2;520;5;5000;4;3990;0;0;0;0;15;18120;4;4010;28;307217;149;1262638;89;630830;62;329936
31.10.2020 09:00;4;4000;4;4000;46;238937;311;1177256;367;2106027;5;3100;4;4000;4;4000;0;0;0;0;17;17780;10;10070;44;577663;137;2077405;113;1554012;107;789701
31.10.2020 10:00;4;4000;4;3990;85;500976;382;1425679;426;2374578;3;2650;4;4000;4;4000;0;0;0;0;28;30492;15;15070;56;893181;154;2205466;110;1993995;128;1346213
31.10.2020 11:00;4;4000;4;4000;101;522777;416;1739735;404;2351312;4;1480;4;4000;4;4058;0;0;0;0;24;27340;9;9050;70;1039821;149;2637634;115;2074517;125;1381313
31.10.2020 12:00;4;3990;4;4000;135;855601;401;1738755;420;2666280;3;1180;4;4000;4;3980;0;0;0;0;31;33640;14;14070;104;1575656;152;2596229;114;2318839;164;1751863
31.10.2020 13:00;4;3990;4;4000;108;761760;383;1532556;413;2617433;2;840;4;4000;4;3990;0;0;0;0;27;27570;14;14060;81;1061773;179;2394515;126;2288016;149;1851135
31.10.2020 14:00;4;4000;4;3990;98;793973;430;1682587;417;2551453;14;6110;4;4000;4;4000;0;0;0;0;33;34130;13;13050;78;1290418;163;2758866;114;2057799;147;1403457
31.10.2020 15:00;4;3980;4;3990;85;688844;378;1528308;386;2330675;7;3500;4;4000;4;3990;0;0;0;0;38;40230;17;17080;82;1331244;167;2448663;113;1810278;143;1529805
31.10.2020 16:00;4;4000;4;4000;94;631813;404;1723629;370;2413791;1;520;4;4000;4;3990;0;0;0;0;39;43730;11;11080;84;1266366;121;2753628;116;1704507;118;1311603
31.10.2020 17:00;4;4000;5;4990;86;842367;418;1820031;372;2524183;4;43960;4;4000;5;4990;0;0;0;0;34;35250;15;15050;76;1409100;95;3078582;132;1846575;165;1231687
31.10.2020 18:00;4;3990;4;4000;79;715922;378;1644042;301;2206453;3;36220;4;4000;4;4000;0;0;0;0;32;32720;10;10050;87;1219080;128;2373505;167;1247190;159;1189229
31.10.2020 19:00;4;4000;4;4000;71;530545;318;1272491;232;1611640;2;33330;4;3990;4;3990;0;0;0;0;36;39950;13;13060;74;1200762;159;1901054;141;1269382;133;800188
31.10.2020 20:00;2;2000;2;2000;48;268814;231;880843;157;1228181;2;1880;2;2000;2;1990;0;0;0;0;12;12680;9;9020;46;549030;161;1263652;122;635312;94;429195
31.10.2020 21:00;2;1980;2;2000;28;194038;183;626585;119;903903;1;650;2;2000;2;2000;0;0;0;0;20;20860;7;7020;29;292010;118;879679;98;421857;77;276748
31.10.2020 22:00;2;2000;2;2000;34;218016;191;719519;105;942349;2;200;2;2000;2;2000;0;0;0;0;14;14610;8;8020;48;432826;133;1045654;86;441183;89;375346
31.10.2020 23:00;2;2000;2;2000;22;150803;158;578103;81;897420;1;260;2;1990;2;2000;0;0;0;0;5;7760;2;2010;33;358826;112;925663;65;350006;52;288095
01.11.2020 00:00;0;0;1;1000;8;136855;86;218380;47;661977;2;32470;0;0;1;1000;0;0;0;0;0;0;3;3000;6;97067;57;397289;53;230798;42;252920
01.11.2020 01:00;0;0;0;0;7;78690;42;176810;29;332566;0;0;0;0;0;0;0;0;0;0;0;0;1;1000;5;62900;39;183590;31;133667;35;152092
01.11.2020 02:00;0;0;0;0;1;1140;24;28440;21;341510;0;0;0;0;0;0;0;0;0;0;1;1010;2;2000;5;33570;22;94014;21;72500;17;81290
01.11.2020 03:00;0;0;0;0;4;18060;18;59680;17;359632;1;29432;0;0;0;0;0;0;0;0;1;1010;0;0;6;41640;15;63560;7;30700;7;33250
01.11.2020 04:00;0;0;0;0;5;65540;22;37485;17;201260;1;17780;0;0;0;0;0;0;0;0;0;0;0;0;3;19180;20;79420;9;24588;11;45358
01.11.2020 05:00;2;1990;1;990;6;4220;26;33000;20;316410;2;3550;2;2000;1;990;0;0;0;0;2;2000;0;0;2;12680;25;115260;12;33660;20;68930
01.11.2020 06:00;2;2000;2;2000;7;9440;28;54806;23;307014;3;52870;2;2000;2;2000;0;0;0;0;0;0;0;0;8;132670;25;108773;22;60210;11;45450
01.11.2020 07:00;2;2000;2;2000;5;22330;32;118890;36;550967;1;19750;2;2000;2;2000;0;0;0;0;0;0;1;1010;6;72930;26;111252;25;204903;14;86000
01.11.2020 08:00;2;2000;2;2000;11;10090;71;313632;67;792803;1;35830;2;2000;2;2000;0;0;0;0;7;7490;2;2010;11;120540;58;270706;30;138784;34;123390
01.11.2020 09:00;2;2000;2;1990;24;117527;142;514665;124;1020446;1;130;2;2000;2;1990;0;0;0;0;13;14550;4;4020;18;228586;101;653727;74;529134;52;354398
01.11.2020 10:00;2;2000;2;2000;17;137920;237;878813;169;1522877;5;36380;2;2000;2;2000;0;0;0;0;4;4240;5;5010;23;255017;146;1105877;88;766129;74;455436
01.11.2020 11:00;2;2000;2;2000;24;158844;233;1014491;228;1585917;0;0;2;1990;2;2000;0;0;0;0;9;9070;6;6050;46;411590;132;1405834;120;1022204;90;601799
01.11.2020 12:00;3;3000;3;3000;65;348064;296;1153428;238;1557474;3;1750;3;3000;3;3000;0;0;0;0;14;15030;4;4085;53;658686;166;1608934;106;1022395;104;637814
01.11.2020 13:00;4;4000;4;4000;55;325424;289;1569864;279;1699509;4;20540;4;4000;4;4045;0;0;0;0;9;9890;8;8040;48;581370;150;1713103;106;1412753;110;763675
01.11.2020 14:00;4;3980;4;3990;54;262889;365;1330057;310;2180401;2;640;4;3980;4;3980;0;0;0;0;8;8660;4;4010;52;718299;137;2052960;130;1158615;111;889977
01.11.2020 15:00;4;4000;4;3990;56;220202;329;1292212;288;1880427;2;2200;4;3990;4;4000;0;0;0;0;23;25320;4;4020;43;604386;154;1798134;103;1180588;98;676491
01.11.2020 16:00;4;4000;4;4000;58;358764;338;1302792;276;1940070;7;29440;4;3990;4;3990;0;0;0;0;23;25130;5;5020;39;463980;135;2008708;119;1276660;122;799929
01.11.2020 17:00;4;3990;4;4000;61;362230;349;1347305;298;2127483;3;64690;4;3990;4;4000;0;0;0;0;17;18210;6;6020;58;717575;129;2199706;154;1389046;116;1097094
01.11.2020 18:00;4;3990;4;4000;75;612857;301;1100663;235;1572569;0;0;4;3990;4;3990;0;0;0;0;11;11870;7;7030;57;485432;108;2142890;144;1011175;105;815737
01.11.2020 19:00;2;1980;2;1990;52;377630;275;1043602;204;1445926;1;4090;2;2000;2;2000;0;0;0;0;21;26670;7;7020;58;648964;138;1778976;113;787068;108;689212
01.11.2020 20:00;2;2000;2;2000;36;198985;227;857554;152;1177324;0;0;2;2000;2;2000;0;0;0;0;14;14440;3;3020;42;300470;135;1336150;104;737328;74;643497
01.11.2020 21:00;2;2000;2;2000;21;109450;167;702668;83;760728;0;0;2;2000;2;2000;0;0;0;0;15;29610;3;3010;37;448710;121;922274;84;368704;60;357241
01.11.2020 22:00;2;1990;2;2000;13;38160;104;384130;72;815883;2;49467;2;2000;2;2000;0;0;0;0;2;2010;0;0;22;257630;74;497331;57;272950;42;182853
02.11.2020 00:00;0;0;1;1000;5;80900;21;105550;18;264200;1;780;0;0;1;990;0;0;0;0;0;0;0;0;7;85810;15;75510;16;46290;9;38380
02.11.2020 01:00;0;0;0;0;1;41360;17;42070;12;231067;1;17480;0;0;0;0;0;0;0;0;1;1000;0;0;3;76650;17;70620;6;24600;5;21590
02.11.2020 02:00;0;0;0;0;3;35600;15;55230;9;118335;0;0;0;0;0;0;0;0;0;0;1;1010;0;0;1;20000;12;54140;4;13200;7;32570
02.11.2020 03:00;0;0;0;0;0;0;12;6590;9;186758;3;75360;0;0;0;0;0;0;0;0;0;0;0;0;0;0;17;57520;4;11400;5;28570
02.11.2020 04:00;1;1000;0;0;5;3020;33;63320;24;392159;7;116037;1;1000;0;0;0;0;0;0;0;0;0;0;4;28815;28;178454;16;52700;11;49320
02.11.2020 05:00;3;3000;3;2990;16;69260;167;527054;129;1267933;12;77130;3;2990;3;2990;0;0;0;0;2;2010;1;1000;13;145100;96;872876;51;282370;20;97880
02.11.2020 06:00;4;4000;3;3000;30;176010;472;1219909;273;1990858;6;3300;4;4000;4;3990;0;0;0;0;7;7040;2;2000;27;332740;88;2375313;139;1269550;70;652633
02.11.2020 07:00;7;6970;6;5970;90;922693;467;1862829;446;2750465;14;59150;7;6990;5;5000;0;0;0;0;25;27210;6;6040;79;1124135;136;3231525;81;2207439;98;1614998
02.11.2020 08:00;8;8000;8;7990;101;672495;478;1799985;487;2717410;8;7840;8;7970;8;7990;0;0;0;0;48;49300;14;14090;71;910847;161;3198834;81;2046793;104;1474265
02.11.2020 09:00;4;4000;4;4000;75;554954;378;1410783;420;2488550;6;2720;4;3990;5;5000;0;0;0;0;28;28870;18;18110;70;1095789;152;2632882;104;2078569;122;1268266
02.11.2020 10:00;5;5000;4;4000;83;717061;364;1378839;389;2443920;6;50270;5;4990;3;3000;0;0;0;0;34;37240;19;19060;78;1178002;159;2458174;111;1747252;128;1285215
02.11.2020 11:00;4;4000;5;4990;101;792070;350;1567594;425;2605136;11;35800;4;4000;6;5970;0;0;0;0;29;31280;22;22140;80;1389977;141;2429158;93;2147302;148;1139659
02.11.2020 12:00;5;5000;6;6000;93;765425;377;1660545;396;2612663;11;50190;5;4980;5;4990;0;0;0;0;36;37920;14;14126;101;1358809;163;2462042;117;1861933;142;1345078
02.11.2020 13:00;8;7980;8;7990;82;638284;338;1826316;449;2320402;2;1360;8;7980;8;7980;0;0;0;0;32;34440;24;24130;98;1590447;134;2788723;124;2039757;130;1924098
02.11.2020 14:00;5;4990;5;4990;91;731826;381;1531798;391;2641870;9;4100;5;5000;5;4990;0;0;0;0;46;51050;16;16070;106;1553801;162;2504199;81;2303212;142;1858790
02.11.2020 15:00;4;4000;4;3990;93;575260;464;1512504;391;2900375;8;3520;4;4055;4;4000;0;0;0;0;51;55520;24;24110;105;1481414;184;2549956;141;2263039;158;2065740
02.11.2020 16:00;4;4000;5;5000;85;527814;417;1596712;424;2919386;10;75133;4;4000;5;4990;0;0;0;0;43;48290;19;19120;119;1611977;189;2594744;142;2340571;166;1950273
02.11.2020 17:00;4;4000;4;4000;97;564097;394;1834365;361;2991997;9;3450;4;3980;4;4000;0;0;0;0;37;38184;20;20090;99;1592834;118;2884911;144;2315684;192;1832477
02.11.2020 18:00;4;3990;4;3990;79;430421;375;1375550;266;1964067;0;0;4;4000;5;4990;0;0;0;0;31;32210;10;10060;101;1371453;159;2322076;140;1630095;159;1484725
02.11.2020 19:00;4;4000;4;4000;47;464917;299;1019292;171;1877956;5;156385;5;4990;4;4000;0;0;0;0;23;24260;8;8050;71;967285;176;1301547;131;948235;142;1109184
02.11.2020 20:00;4;3990;4;3980;30;183410;191;806407;129;1139395;3;910;3;3000;3;3000;0;0;0;0;10;10270;7;7050;36;633072;133;917458;97;591066;116;414910
02.11.2020 21:00;2;2000;3;3000;28;242590;134;574998;96;748810;1;260;2;2000;3;2990;0;0;0;0;5;5230;8;8060;39;419076;89;658089;58;201370;73;276425
02.11.2020 22:00;2;2000;2;1990;11;12930;118;501702;63;693712;1;10050;2;2000;2;2000;0;0;0;0;5;5370;1;1010;23;317200;95;527015;40;111175;63;218220
02.11.2020 23:00;2;2000;2;2000;5;38040;53;182340;24;326953;0;0;2;2000;2;2000;0;0;0;0;1;1470;0;0;17;383930;51;256925;19;69560;40;183570
03.11.2020 00:00;0;0;1;1000;4;16830;26;13370;16;285135;1;31040;0;0;1;1000;0;0;0;0;1;1010;0;0;4;64090;23;86180;12;30340;18;59000
03.11.2020 01:00;0;0;0;0;4;5530;13;46960;11;182502;0;0;0;0;0;0;0;0;0;0;1;1200;0;0;2;18840;9;54580;4;9020;12;42140
03.11.2020 02:00;0;0;0;0;0;0;14;7480;6;93800;0;0;0;0;0;0;0;0;0;0;0;0;1;1010;3;49010;10;43740;3;8730;8;36860
03.11.2020 03:00;0;0;0;0;0;0;9;5850;3;40600;1;18710;0;0;0;0;0;0;0;0;0;0;0;0;0;0;8;34190;2;3920;5;24810
03.11.2020 04:00;1;1000;0;0;2;320;29;46790;23;468515;4;94810;1;1000;0;0;0;0;0;0;0;0;0;0;4;66250;27;125559;12;53090;22;101970
03.11.2020 05:00;4;4000;3;3000;10;206581;161;511867;123;1202285;12;119350;4;3990;3;3000;0;0;0;0;2;2010;1;1000;9;87540;96;834456;50;304613;51;310560
03.11.2020 06:00;4;3990;4;3990;31;198800;458;1419990;286;1995799;11;75600;4;3990;4;4000;0;0;0;0;5;5840;3;3010;37;581287;99;2573652;98;1046006;92;793567
03.11.2020 07:00;6;6000;5;5000;79;594110;518;1801820;434;2609613;10;53510;6;5990;5;4990;0;0;0;0;32;47050;19;19070;78;1180772;137;3238967;76;2369069;95;1764632
03.11.2020 08:00;7;7000;7;6990;85;554719;507;1579348;481;2795635;12;6530;7;7000;8;7990;0;0;0;0;28;30390;14;14090;61;1077543;159;3045380;95;1950880;101;1858249
03.11.2020 09:00;4;4000;4;4000;67;516805;391;1551663;439;2665128;7;3870;4;4000;4;3990;0;0;0;0;35;36300;16;16730;73;1069924;167;2489115;102;1681400;109;1723328
03.11.2020 10:00;3;3000;4;4000;74;381749;363;1568038;410;2453382;9;51880;3;3000;4;4000;0;0;0;0;32;33079;7;7040;89;1409848;146;2390406;122;1469712;152;1224223
03.11.2020 11:00;4;3990;4;4000;90;766806;364;1517078;417;2606264;16;46930;5;5000;4;4000;0;0;0;0;26;28549;9;9030;96;1448087;133;2423481;118;1715058;146;1432346
03.11.2020 12:00;6;5990;5;5000;111;548860;362;1714333;397;2584360;10;10930;5;5000;5;5000;0;0;0;0;25;28250;6;6040;115;1722760;152;2410787;110;1587100;130;1465852
03.11.2020 13:00;8;7980;8;8000;100;596036;366;1670053;402;2485495;10;7090;8;8000;7;6990;0;0;0;0;37;44220;22;22080;102;1644243;145;2677657;109;2243715;127;1572800
03.11.2020 14:00;5;5000;7;7000;82;628352;375;1725946;417;2456976;10;5390;5;5000;7;6990;0;0;0;0;39;40440;12;12030;92;1200355;144;2721955;118;2145059;128;1658820
03.11.2020 15:00;4;3990;4;4000;102;555421;448;1669103;420;2813986;2;590;4;4000;4;4000;0;0;0;0;38;41060;13;13040;92;1252763;158;2645107;123;1964633;149;1859479
03.11.2020 16:00;4;3990;3;2990;115;699098;442;1506067;415;2937678;7;2700;4;3990;3;3000;0;0;0;0;37;46310;17;17080;108;1608643;205;2495187;130;2205723;143;2077655
03.11.2020 17:00;4;4000;5;5000;149;935345;413;1736935;361;2791242;5;2320;4;4000;5;5067;0;0;0;0;54;58030;16;16840;113;1765506;124;2781087;118;2489102;179;2096193
03.11.2020 18:00;4;4000;4;3990;87;622023;395;1562654;291;2252627;4;1340;4;3990;4;4000;0;0;0;0;24;25170;20;20090;103;1486154;148;2142680;149;1948090;135;1653105
03.11.2020 19:00;5;5000;4;4000;43;454282;300;939841;182;1962920;6;3880;5;4980;4;4000;0;0;0;0;25;35450;10;10060;67;1125941;164;1343646;114;902062;140;970460
03.11.2020 20:00;3;3000;3;3000;30;119650;187;722009;135;1084624;1;2000;3;3000;3;3000;0;0;0;0;13;13870;5;5010;50;1032719;113;1098258;71;580626;106;654860
03.11.2020 21:00;2;2000;3;3000;17;94830;140;664839;99;921219;2;15390;2;2000;3;3000;0;0;0;0;8;8380;2;2000;32;439753;81;851871;63;428617;82;504155
03.11.2020 22:00;2;1990;2;2000;13;43350;110;420676;56;620429;0;0;2;2000;2;2000;0;0;0;0;9;10020;9;9030;20;288899;81;514959;42;165200;60;263188
03.11.2020 23:00;2;2000;2;2000;4;6340;54;111680;36;357972;1;15750;2;2000;2;2000;0;0;0;0;2;2010;3;3010;14;105920;55;217743;20;70930;39;86110
04.11.2020 00:00;0;0;1;1000;2;64230;26;78950;19;272503;1;20650;0;0;1;1000;0;0;0;0;0;0;0;0;1;32280;17;60740;4;6150;13;38104
04.11.2020 01:00;0;0;0;0;3;39230;14;16020;12;195902;0;0;0;0;0;0;0;0;0;0;1;1080;0;0;2;17980;13;43084;2;5260;8;18850
04.11.2020 02:00;0;0;0;0;1;1290;12;9170;3;40770;0;0;0;0;0;0;0;0;0;0;0;0;0;0;4;53130;9;33090;0;0;5;9830
04.11.2020 03:00;0;0;0;0;3;3900;17;33660;10;136395;1;22190;0;0;0;0;0;0;0;0;0;0;0;0;7;77128;9;43360;0;0;9;25670
04.11.2020 04:00;1;1000;0;0;7;37095;31;95100;29;499858;7;135400;1;1000;0;0;0;0;0;0;0;0;0;0;7;50333;27;103731;13;24930;20;49295
04.11.2020 05:00;3;3000;3;3000;10;84410;142;510777;127;1065421;12;110330;3;2990;3;2980;0;0;0;0;1;1010;1;1010;8;160750;92;781203;40;181562;47;114800
04.11.2020 06:00;4;4000;4;4000;35;327651;447;1304489;286;1912756;13;57900;4;4000;4;4000;0;0;0;0;4;4170;4;4020;32;457870;103;2321069;96;1243544;110;738334
04.11.2020 07:00;7;6990;5;5000;65;634393;489;2037366;443;2691950;8;4570;7;6980;5;4990;0;0;0;0;32;41059;12;12060;76;1262657;142;3267677;91;2163124;107;1584600
04.11.2020 08:00;8;7990;9;8990;79;322740;453;1838247;463;2591242;7;8750;8;7990;9;8970;0;0;0;0;18;18940;6;6010;69;926117;157;3147546;94;2139460;91;1851890
04.11.2020 09:00;4;3990;4;4000;72;622740;402;1503680;425;2532262;10;594166;4;3980;4;4000;0;0;0;0;16;17590;9;9040;68;1177539;188;2470545;85;1641670;129;1350267
04.11.2020 10:00;4;3990;4;3990;67;492170;337;1737350;386;2218067;9;3950;4;3980;4;3990;0;0;0;0;21;24390;10;10030;92;1221979;131;2424644;103;1680328;145;1209758
04.11.2020 11:00;4;3990;4;4000;66;301840;387;1505372;425;2691338;14;10650;4;3990;4;4039;0;0;0;0;30;33730;10;10070;77;1380502;137;2696543;124;1616147;153;1158799
04.11.2020 12:00;5;5000;5;5000;84;480160;371;1775977;396;2616788;6;5990;5;4990;5;5000;0;0;0;0;34;38080;11;11030;101;1657883;169;2583400;121;1719726;160;1441920
04.11.2020 13:00;8;8000;7;7000;104;944821;395;1702945;400;2802533;4;2960;8;8000;8;7990;0;0;0;0;55;65770;24;24110;110;1596727;143;2717188;120;1976604;142;1588880
04.11.2020 14:00;5;4990;6;6000;85;462654;385;1521678;405;2770913;1;770;5;4990;6;5990;0;0;0;0;34;37250;13;13050;91;1510398;159;2596419;132;2242542;143;1860176
04.11.2020 15:00;4;3980;5;4560;100;590204;446;1475526;409;2789846;8;3500;4;4000;4;4000;0;0;0;0;24;33840;19;19150;103;1431056;191;2533377;127;2478584;141;1653099
04.11.2020 16:00;4;4000;3;3440;109;617200;461;1647694;398;2827429;6;3150;4;4000;4;4000;0;0;0;0;35;38550;16;16060;106;1463710;199;2684282;115;2603611;140;2249745
04.11.2020 17:00;4;4000;4;4000;94;721250;477;1817483;353;3045697;5;45710;4;4000;4;4000;0;0;0;0;42;45180;13;13040;107;1519496;156;2708709;149;2425717;179;2076108
04.11.2020 18:00;4;3990;5;4990;83;572728;415;1448049;283;2131035;4;1740;4;4000;4;3990;0;0;0;0;29;30894;20;20040;77;1007748;150;1928729;144;1977282;137;1379127
04.11.2020 19:00;5;5000;4;4000;52;643487;312;844372;185;1884570;5;3350;5;5000;4;4000;0;0;0;0;26;27520;9;9040;61;825315;146;1153987;135;1430461;127;1024298
04.11.2020 20:00;3;3000;3;3000;19;128205;180;865705;127;1178762;4;3160;3;2990;3;3000;0;0;0;0;10;10140;7;7000;37;360067;115;980204;111;527460;99;399045
04.11.2020 21:00;2;2000;3;2990;14;104190;137;497258;78;783343;5;25740;2;1990;3;3000;0;0;0;0;8;8130;2;2000;22;381532;100;645261;52;199550;73;314153
04.11.2020 22:00;2;1990;2;2000;9;69430;98;357430;58;569083;0;0;2;2000;2;2000;0;0;0;0;7;7930;2;2010;12;143716;76;294870;48;163480;69;205005
04.11.2020 23:00;2;2000;2;2000;7;29210;68;190680;25;317739;1;612014;2;1990;2;1990;0;0;0;0;2;2000;1;1000;11;122550;65;193900;23;66252;41;98824
05.11.2020 00:00;0;0;1;1000;2;47560;22;74080;22;290887;2;152747;0;0;1;1000;0;0;0;0;1;1080;1;1010;2;22780;19;63440;7;34050;19;68710
05.11.2020 01:00;0;0;0;0;1;36930;20;10570;10;163567;0;0;0;0;0;0;0;0;0;0;0;0;0;0;0;0;15;57752;2;3920;5;12030
05.11.2020 02:00;0;0;0;0;1;410;6;3410;4;29090;2;885129;0;0;0;0;0;0;0;0;0;0;0;0;1;560;3;11560;3;50180;4;14150
05.11.2020 03:00;0;0;0;0;1;15880;16;10620;5;82680;0;0;0;0;0;0;0;0;0;0;0;0;0;0;0;0;10;48310;0;51870;4;9134
05.11.2020 04:00;1;1000;0;0;3;35830;36;50290;24;406478;4;49270;1;1000;0;0;0;0;0;0;0;0;0;0;6;99895;29;160118;4;14720;19;56520
05.11.2020 05:00;3;3000;2;2000;9;91570;155;498969;112;1024303;8;83860;3;3000;3;3000;0;0;0;0;0;0;1;1010;9;116800;97;732549;35;197310;41;158920
05.11.2020 06:00;3;3000;5;5000;29;244540;433;1196219;265;1875391;4;32490;3;3000;4;3980;0;0;0;0;3;3000;2;2010;26;242804;93;2400498;104;916560;97;689413
05.11.2020 07:00;7;6990;5;4990;65;511570;492;1892699;446;2743686;6;6260;7;6980;5;5000;0;0;0;0;18;22380;11;11030;78;1213407;127;3251417;105;1938988;96;1588619
05.11.2020 08:00;8;7990;9;9000;82;532986;451;1791750;489;2532972;14;7630;8;7990;9;9000;0;0;0;0;27;28920;6;6050;76;1091759;128;3168014;72;2156390;118;1622849
05.11.2020 09:00;4;4000;3;3000;48;278004;440;1554246;438;2449143;8;4330;4;3980;4;4000;0;0;0;0;27;28490;10;10000;73;879580;152;2548913;91;1804204;123;1665407
05.11.2020 10:00;4;3970;5;5000;68;523078;354;1796982;428;2347300;3;47294;4;4000;4;3990;0;0;0;0;27;28120;12;12060;86;1265656;150;2496014;117;1307649;138;1477249
05.11.2020 11:00;4;3990;3;2990;79;532192;362;1686504;416;2476831;10;6380;4;3990;4;4000;0;0;0;0;30;32350;9;9010;100;1459940;144;2421634;127;1613732;146;1558357
05.11.2020 12:00;5;4990;5;4990;80;800356;362;1745321;417;2581895;9;10140;5;5000;5;5000;0;0;0;0;27;27700;10;10040;101;1381725;130;2726173;109;2081070;147;1745893
05.11.2020 13:00;6;5990;7;7000;102;738071;377;1765473;447;2685493;12;44450;6;5990;6;5990;0;0;0;0;54;57755;22;22100;103;1714832;146;2737225;114;2082344;136;2068643
05.11.2020 14:00;5;4990;6;5990;95;708843;431;1554634;380;2504281;4;3480;5;5000;7;7000;0;0;0;0;33;35260;15;15050;88;1534622;169;2643388;118;1987672;175;1983358
05.11.2020 15:00;4;4000;5;4990;94;620639;411;1697959;449;2816634;5;2710;4;4000;4;4000;0;0;0;0;37;41514;25;25110;97;1548115;169;2671884;111;2477043;146;2149216
05.11.2020 16:00;3;3000;4;3990;100;768751;457;1734825;394;2862631;5;2120;3;3000;4;4000;0;0;0;0;45;53740;14;14060;113;1432508;178;2555955;134;2670717;166;2156725
05.11.2020 17:00;5;5000;4;4052;109;744025;444;1759747;375;3039246;6;1730;5;4990;4;4000;0;0;0;0;49;53016;21;21460;108;1634581;160;2706659;138;2323613;185;2140849
05.11.2020 18:00;4;4000;4;3990;89;878677;443;1511793;301;2626219;2;1870;4;4000;4;4000;0;0;0;0;36;40320;11;11040;123;1587039;141;2160768;157;2164999;155;1709468
05.11.2020 19:00;5;4990;4;4000;55;517076;284;1061467;176;1829436;2;55270;5;5000;4;4000;0;0;0;0;38;44189;13;13080;64;1061054;138;1258928;121;1195153;123;782096
05.11.2020 20:00;3;2990;3;3000;33;243110;199;887650;164;1210563;2;1280;3;3000;3;2990;0;0;0;0;16;17653;12;12030;44;586800;119;1126487;106;602965;118;503535
05.11.2020 21:00;2;2000;3;2990;15;71543;145;402740;115;943090;1;130;2;1990;3;3000;0;0;0;0;6;6190;5;4990;31;373148;92;548126;49;243578;80;351208
05.11.2020 22:00;2;2000;2;2000;10;47970;107;404520;69;739735;0;0;2;2000;2;2000;0;0;0;0;5;5020;0;0;21;209705;91;400660;47;187100;61;257721
05.11.2020 23:00;2;2000;2;2000;4;24320;56;374880;28;352840;0;0;2;2000;2;2000;0;0;0;0;0;0;2;2010;14;98410;47;225329;24;112340;29;78072
06.11.2020 00:00;0;0;1;1000;0;0;32;53460;16;196862;1;1030;0;0;1;1000;0;0;0;0;0;0;0;0;3;36340;21;66460;5;10160;21;52730
06.11.2020 01:00;0;0;0;0;3;5010;7;3080;14;242970;0;0;0;0;0;0;0;0;0;0;0;0;0;0;1;16700;8;19030;4;251374;9;18700
06.11.2020 02:00;0;0;0;0;1;490;18;67920;7;89820;0;0;0;0;0;0;0;0;0;0;0;0;0;0;4;41070;15;87940;5;9320;8;15720
06.11.2020 03:00;0;0;0;0;4;52140;17;9950;8;173770;1;17790;0;0;0;0;0;0;0;0;0;0;0;0;0;0;13;40120;1;240;5;12220
06.11.2020 04:00;1;990;0;0;1;720;29;34930;21;382300;6;144950;1;1000;0;0;0;0;0;0;0;0;0;0;6;95056;22;92550;12;14620;21;51790
06.11.2020 05:00;3;3000;3;3000;10;10660;128;310222;92;885015;6;88229;3;2990;3;3000;0;0;0;0;2;2000;2;2000;13;83030;84;567315;36;194850;38;119070
06.11.2020 06:00;4;4000;4;4000;22;160520;385;1076735;249;1929438;8;5280;4;4000;4;3990;0;0;0;0;4;4920;1;1010;29;715526;112;2096819;102;1026765;93;773695
06.11.2020 07:00;7;6990;5;4990;66;857188;496;1787284;409;2612388;9;137960;7;7000;5;5000;0;0;0;0;17;17730;14;14320;91;1184736;141;3255295;82;1886098;104;1992949
06.11.2020 08:00;9;8980;9;8980;66;590680;432;1889965;458;2600399;5;5920;9;9000;9;8990;0;0;0;0;19;19280;7;7030;74;1036476;164;2812316;78;1911833;96;1618799
06.11.2020 09:00;4;3980;5;5000;78;711244;376;1530894;463;2652987;6;642769;4;3980;5;5000;0;0;0;0;26;28500;10;10030;83;1435637;171;2329079;116;1859284;115;1548900
06.11.2020 10:00;5;5000;3;3000;73;436931;378;1451022;410;2648833;58;440762;5;4990;4;3990;0;0;0;0;48;50110;18;18430;120;1179848;149;2468241;110;1556373;134;1448726
06.11.2020 11:00;4;3990;6;6000;105;760721;372;1626333;388;2574444;11;7540;4;4000;5;5000;0;0;0;0;34;36270;10;10070;110;1350460;152;2421783;145;1976344;165;1740505
06.11.2020 12:00;5;4990;4;4000;115;937050;390;1756611;422;2854655;6;4250;5;5000;4;3990;0;0;0;0;38;39110;16;16070;96;1354767;194;2340075;77;2649972;151;2107171
06.11.2020 13:00;8;8000;8;8000;99;777016;434;1923734;372;3044609;10;114214;8;7980;9;9060;0;0;0;0;34;35380;11;11040;125;2090114;141;2876666;123;2299138;154;1764482
06.11.2020 14:00;5;4990;7;7000;83;616849;452;1739829;394;2839705;11;22980;5;5000;6;6025;0;0;0;0;26;29580;15;15090;110;1625412;224;2445261;105;2305290;126;1873453
06.11.2020 15:00;4;4000;4;3990;93;734131;464;1722202;431;2751850;4;201095;4;3990;4;4000;0;0;0;0;50;55369;12;12070;96;1481407;211;2601068;106;2429083;143;2043578
06.11.2020 16:00;4;3990;3;2990;93;519394;502;1606059;401;2844835;5;3240;4;4000;3;3000;0;0;0;0;36;41910;13;13050;90;1520241;178;2708059;111;2259331;152;1778867
06.11.2020 17:00;4;3990;4;3990;91;417205;463;1332329;354;2553315;6;2780;4;4000;5;5000;0;0;0;0;43;45900;10;10070;114;1480664;156;2668075;137;2265811;160;1712062
06.11.2020 18:00;4;3990;5;5000;74;498817;399;1363167;282;2328486;4;1550;4;4000;4;4000;0;0;0;0;33;34747;13;13060;102;1351388;165;2050498;158;1799415;145;1917406
06.11.2020 19:00;5;5000;3;3000;51;301340;326;1029677;223;2058706;5;70799;5;5000;4;3980;0;0;0;0;30;39120;13;13070;73;1516669;170;1288140;118;1261931;122;1043773
06.11.2020 20:00;3;2990;4;4000;33;260289;202;975492;148;1146712;4;19120;3;3000;3;3000;0;0;0;0;18;20390;10;10050;43;740423;118;1030237;98;663890;108;692061
06.11.2020 21:00;2;2000;3;2990;21;79470;178;663380;106;1055908;1;20280;2;2000;3;3000;0;0;0;0;8;8040;5;5020;36;401120;110;721870;45;308207;98;613217
06.11.2020 22:00;2;2000;2;2000;11;144020;131;496940;67;656318;0;0;2;2000;2;2000;0;0;0;0;8;9520;4;4010;24;277310;92;453331;50;187736;75;302960
06.11.2020 23:00;2;2000;2;2000;12;109780;81;415403;52;587906;2;15630;2;1990;2;1990;0;0;0;0;6;6190;3;3010;12;195590;66;371733;24;83780;52;181938
07.11.2020 00:00;0;0;1;1000;6;115994;55;208203;35;556830;1;28040;0;0;1;1000;0;0;0;0;1;1450;1;1000;9;185842;50;164814;21;52500;35;125250
07.11.2020 01:00;0;0;0;0;3;17140;30;67720;11;173864;0;0;0;0;0;0;0;0;0;0;1;1010;0;0;6;106718;25;68980;8;14950;16;44330
07.11.2020 02:00;0;0;0;0;4;22929;16;48030;13;269073;0;0;0;0;0;0;0;0;0;0;0;0;0;0;1;1200;22;53880;9;14953;15;37680
07.11.2020 03:00;0;0;0;0;4;27680;14;7460;14;192182;1;18420;0;0;0;0;0;0;0;0;0;0;0;0;2;16780;9;23930;4;12250;12;26750
07.11.2020 04:00;1;1000;0;0;3;17800;12;11010;14;245275;3;33520;1;1000;0;0;0;0;0;0;1;1000;0;0;4;52330;9;28960;1;2140;8;24394
07.11.2020 05:00;3;3000;3;3000;6;57710;54;272560;40;560478;6;147623;3;3000;3;3000;0;0;0;0;0;0;1;1000;11;464269;48;257240;23;70510;32;93900
07.11.2020 06:00;4;3980;4;4000;8;59930;83;323686;39;626617;0;0;4;4000;4;3980;0;0;0;0;0;0;0;0;11;80010;72;306339;35;115400;44;115310
07.11.2020 07:00;4;3980;4;3980;10;24420;145;647422;76;774377;0;0;4;4000;4;4000;0;0;0;0;4;4570;2;2010;19;274284;97;787867;38;262025;56;315879
07.11.2020 08:00;5;4980;4;4000;23;167926;204;631164;158;1221888;1;1610;5;5000;4;3980;0;0;0;0;20;22240;1;1000;35;409564;122;1039322;77;499927;87;396691
07.11.2020 09:00;4;3980;4;3990;35;259338;274;1106530;273;1943977;4;2520;4;4000;4;3990;0;0;0;0;29;31230;2;2020;51;665589;151;1830737;80;1338763;134;1202972
07.11.2020 10:00;4;3990;4;4000;55;334050;380;1446980;383;2256843;5;18720;4;4000;4;3990;0;0;0;0;33;35194;9;9080;66;918440;137;2342019;102;1356812;166;1568235
07.11.2020 11:00;4;4000;4;4000;61;563743;359;1548401;367;2392603;9;42960;4;4000;4;4000;0;0;0;0;29;33170;7;7040;89;1225446;153;2272666;129;1496047;132;1690475
07.11.2020 12:00;4;4000;4;4000;94;411660;362;1596358;428;2608846;4;1480;4;4000;4;4000;0;0;0;0;40;43000;14;14090;100;1329369;179;2398123;130;1814100;115;1758939
07.11.2020 13:00;5;5000;4;3990;78;573983;375;1568011;388;2480593;4;1350;5;4990;4;4000;0;0;0;0;32;35780;7;7050;99;1455900;168;2265339;128;1849436;146;1744687
07.11.2020 14:00;4;4000;5;4980;69;627100;370;1619320;377;2459345;4;1680;4;3990;5;5000;0;0;1;1630;24;29900;12;12060;80;1553948;171;2350388;121;1668851;124;1496587
07.11.2020 15:00;4;3980;4;3990;63;366435;387;1448680;356;2246117;2;1100;4;3990;4;3990;0;0;0;0;29;29404;5;5030;76;1129299;181;2286311;108;1565653;127;1338814
07.11.2020 16:00;4;4000;4;4000;64;622007;345;1370772;344;2297621;1;200;4;3990;4;4000;0;0;0;0;35;38580;7;7050;78;1232611;143;2317470;92;1459105;145;1363901
07.11.2020 17:00;4;4000;5;5000;79;426286;327;1670179;336;2161251;5;5920;4;4000;5;4980;0;0;0;0;41;48997;10;10070;84;1482188;123;2332536;125;1530151;155;1448718
07.11.2020 18:00;4;3990;4;4000;43;329988;321;1411767;226;1667280;6;12663;4;4000;4;3990;0;0;0;0;33;34530;7;7050;74;1418990;151;2096790;159;1372499;119;1104909
07.11.2020 19:00;4;4000;4;4000;39;312727;246;1135860;178;1436790;3;2830;4;4000;4;4000;0;0;0;0;25;25660;10;10030;63;1221650;155;1403854;121;797071;128;641807
07.11.2020 20:00;2;2000;2;2000;20;182935;254;1055676;155;1465305;0;0;2;2000;2;2000;0;0;0;0;18;20260;6;6020;55;679085;155;1340054;91;540535;119;612360
07.11.2020 21:00;2;2000;2;2000;17;83870;176;554670;84;755761;0;0;2;2000;2;1990;0;0;0;0;18;18580;6;6040;30;412790;123;732722;66;465208;87;458427
07.11.2020 22:00;2;2000;2;2000;9;53100;163;528285;65;733116;0;0;2;2000;2;2000;0;0;0;0;16;17070;5;5010;35;419055;120;714090;45;198921;78;279175
07.11.2020 23:00;2;2000;2;2000;6;33850;93;273070;59;748493;2;770;2;2000;2;2000;0;0;0;0;2;2020;0;0;10;108330;89;350660;39;120880;62;200413
08.11.2020 00:00;0;0;1;1000;14;107596;60;143060;38;413630;0;0;0;0;1;1000;0;0;0;0;1;1000;2;2020;8;101030;48;190400;23;56799;45;132969
08.11.2020 01:00;0;0;0;0;1;3320;32;90880;22;427197;0;0;0;0;0;0;0;0;0;0;3;3750;0;0;6;60033;31;102750;20;146680;28;88020
08.11.2020 02:00;0;0;0;0;3;19330;19;64410;14;291842;0;0;0;0;0;0;0;0;0;0;0;0;0;0;1;480;15;43780;12;59550;22;42700
08.11.2020 03:00;0;0;0;0;3;23560;15;7720;6;139970;0;0;0;0;0;0;0;0;0;0;0;0;0;0;3;44250;15;48050;3;12080;2;5900
08.11.2020 04:00;0;0;0;0;3;17580;5;1960;4;88670;2;71050;0;0;0;0;0;0;0;0;1;1010;0;0;1;21090;7;18040;8;16980;12;26360
08.11.2020 05:00;1;1000;1;1000;5;37300;23;68180;27;435548;5;75860;1;1000;1;990;0;0;0;0;0;0;0;0;4;27310;17;64600;5;17660;10;24170
08.11.2020 06:00;3;3000;2;2000;5;46630;22;83784;18;250000;2;39910;3;3000;2;2000;0;0;0;0;0;0;0;0;7;87700;16;49450;8;31330;13;34490
08.11.2020 07:00;2;2000;2;2000;2;2830;30;99683;16;329140;1;16780;2;2000;2;2000;0;0;0;0;2;2030;1;1010;8;128810;26;132065;10;28020;16;83700
08.11.2020 08:00;2;2000;2;2000;7;29630;51;144680;64;642369;2;16660;2;2000;2;1990;0;0;0;0;2;2750;0;0;20;361335;52;156806;30;152365;29;124740
08.11.2020 09:00;2;2000;2;2000;16;40810;96;550739;137;1169317;1;460;2;2000;2;2000;0;0;0;0;6;6050;1;1010;30;372295;84;438614;62;329626;67;295340
08.11.2020 10:00;2;1990;2;2000;26;99500;166;724554;166;1135949;1;840;2;2000;2;2000;0;0;0;0;7;7360;2;2020;35;503428;116;794655;82;521012;98;581200
08.11.2020 11:00;2;1990;2;2000;28;165914;199;1007183;214;1403127;2;530;2;2000;2;2000;0;0;0;0;13;14520;5;5030;47;501982;137;1192694;81;568563;117;661379
08.11.2020 12:00;3;3000;3;3000;37;125043;256;998419;277;1811225;3;3800;3;3000;3;3000;0;0;0;0;11;15380;6;6094;44;637477;139;1407615;97;874858;124;1090080
08.11.2020 13:00;4;4000;4;4000;47;296390;305;1161149;249;1856135;3;38774;4;4000;4;3980;0;0;0;0;9;11250;3;3030;46;626798;145;1774629;106;931694;124;883495
08.11.2020 14:00;4;4000;4;4000;46;265826;272;1053484;296;1692258;1;640;4;4000;4;4000;0;0;0;0;26;30020;13;13090;53;469793;152;1584432;114;1024060;118;1000899
08.11.2020 15:00;4;4000;4;4056;38;188319;301;1408655;284;1851685;7;18380;4;3980;4;3990;0;0;0;0;26;29560;6;6010;60;618488;151;1724568;136;1058967;119;805392
08.11.2020 16:00;4;4000;4;3990;38;188660;317;1109527;333;1990582;3;1610;4;3980;4;4000;0;0;0;0;20;21810;13;13050;53;808120;157;1896587;100;889146;102;750393
08.11.2020 17:00;4;4000;4;4000;30;210450;342;1309782;267;1921695;4;1940;4;4000;4;4000;0;0;0;0;23;23019;11;11030;53;654000;150;1950470;138;933490;136;1038561
08.11.2020 18:00;4;4000;4;4000;41;243299;231;1201928;206;1466355;0;0;4;4000;4;3990;0;0;0;0;16;17800;11;11040;54;530207;141;1475502;122;888505;118;580293
08.11.2020 19:00;2;2000;2;2000;20;110152;190;923380;154;1315588;1;190;2;1990;2;2000;0;0;0;0;9;9220;4;4000;40;830436;134;1011884;85;416277;112;623423
08.11.2020 20:00;2;1990;2;2000;19;54206;163;799535;105;1233038;2;1550;2;2000;2;2000;0;0;0;0;10;11350;4;4030;18;235954;124;850298;74;382791;90;422643
08.11.2020 21:00;2;2000;2;2000;14;196780;131;359623;74;718036;0;0;2;2000;2;2000;0;0;0;0;4;4360;2;2000;13;240790;85;662389;44;232677;73;279341
08.11.2020 22:00;2;2000;2;2000;9;81890;74;193544;46;562239;1;17040;2;2000;2;2000;0;0;0;0;5;5030;0;0;11;50075;63;247690;23;64520;44;136610
08.11.2020 23:00;2;2000;2;2000;8;30820;40;172104;30;536515;0;0;2;2000;2;2000;0;0;0;0;0;0;5;5040;9;92130;34;140734;15;83540;27;73130
09.11.2020 00:00;0;0;1;1000;3;53690;28;134440;10;179290;1;16970;0;0;1;1000;0;0;0;0;2;2250;1;1000;4;98740;21;64530;3;12490;13;34845
09.11.2020 01:00;0;0;0;0;2;2270;13;7470;6;81770;0;0;0;0;0;0;0;0;0;0;0;0;0;0;0;0;11;34130;3;6530;8;22350
09.11.2020 02:00;0;0;0;0;0;0;15;7140;5;102293;0;0;0;0;0;0;0;0;0;0;0;0;0;0;2;34840;12;69370;5;12310;6;25680
09.11.2020 03:00;0;0;0;0;3;3800;16;71420;6;94360;0;0;0;0;0;0;0;0;0;0;0;0;0;0;2;68299;13;70100;1;4540;2;16390
09.11.2020 04:00;1;1000;0;0;3;22290;44;76630;22;396850;4;55430;1;1000;0;0;0;0;0;0;1;1010;0;0;4;39010;36;194590;15;56212;19;101620
09.11.2020 05:00;3;2990;3;3000;17;48795;152;489798;119;1090196;4;47020;3;3000;3;3000;0;0;0;0;0;0;1;1000;15;150287;94;904613;39;237368;39;199540
09.11.2020 06:00;4;4000;4;3990;26;242110;449;1216824;268;2209719;7;4770;4;3990;4;3990;0;0;0;0;5;5040;4;4020;32;346754;108;2303953;94;1262682;96;752831
09.11.2020 07:00;7;6990;5;4990;84;526425;539;1807320;447;2684831;7;48547;7;6990;5;4980;0;0;0;0;28;32164;11;11060;71;1072509;76;3361497;92;2057066;110;1770558
09.11.2020 08:00;8;7990;8;7990;79;479590;454;1670726;446;2702469;12;7410;8;8000;9;8980;0;0;0;0;28;28180;10;10050;82;1034548;149;2914069;75;2098482;110;1935685
09.11.2020 09:00;4;4000;5;4990;63;565628;393;1474614;432;2391689;6;3420;4;3990;4;3980;0;0;0;0;18;18760;11;11080;74;901013;172;2574472;102;1718314;111;1547764
09.11.2020 10:00;4;4000;3;3000;72;640901;352;1406106;379;2367480;11;7300;4;3990;4;3990;0;0;0;0;32;36730;12;12090;89;1317818;149;2381927;104;1605491;132;1460640
09.11.2020 11:00;3;2990;4;4000;76;679876;348;1492410;382;2440549;5;4510;4;4000;4;4000;0;0;0;0;30;40500;7;7040;97;1370979;168;2334838;139;1403001;153;1460593
09.11.2020 12:00;5;5000;5;4980;91;745697;367;1721522;383;2640984;10;89450;4;3990;5;4990;0;0;0;0;31;32300;10;10070;93;1507998;165;2340555;107;1912230;121;1998968
09.11.2020 13:00;7;6980;7;7000;105;698701;368;1706310;417;2818816;12;7490;7;7000;6;5990;0;0;0;0;48;51020;17;17100;111;1227955;144;2600162;122;2080412;135;1740532
09.11.2020 14:00;5;5000;5;5000;79;627260;364;1700289;392;2572934;4;49840;5;5000;5;5000;0;0;0;0;25;26480;9;9050;95;1251841;154;2528159;114;2102410;158;1696106
09.11.2020 15:00;4;4000;4;4000;107;578154;484;1921101;413;2972186;3;1290;4;4000;4;4000;0;0;0;0;38;40190;14;14080;101;1814799;178;2832639;124;2456386;139;1541770
09.11.2020 16:00;4;3990;4;4000;123;783561;446;1788208;418;2977668;4;2770;4;3990;5;5000;0;0;0;0;38;39529;11;11103;106;1539319;195;2701354;111;2509658;141;2206239
09.11.2020 17:00;4;4000;4;4000;100;737753;436;1673842;342;2980783;8;3750;4;4000;4;3990;0;0;0;0;36;37740;11;11050;111;1883075;120;2777941;125;2474279;126;2232571
09.11.2020 18:00;4;4000;4;3990;81;579330;371;1098680;252;2279291;6;4080;4;3990;4;4000;0;0;0;0;27;28990;10;10050;93;1772812;161;1842622;125;2083524;153;1627287
09.11.2020 19:00;5;4990;5;5038;46;459982;294;950033;200;1986177;4;76540;5;5000;4;4000;0;0;0;0;21;21760;9;9050;61;1080077;158;1253259;120;1079681;138;1019232
09.11.2020 20:00;3;2990;3;3000;23;152800;175;1059764;151;1379873;2;2260;3;3000;3;3000;0;0;0;0;11;13040;8;8040;56;803551;120;981078;96;584537;103;490152
09.11.2020 21:00;2;1980;3;3000;13;36920;127;570275;61;718270;0;0;2;2000;3;3000;0;0;0;0;19;19670;2;2000;28;335034;96;614592;66;218860;65;317505
09.11.2020 22:00;2;2000;2;2000;14;50340;91;360024;46;711693;0;0;2;1980;2;2000;0;0;0;0;4;4140;0;0;22;259890;79;325890;38;117200;53;185252
09.11.2020 23:00;2;2000;2;1990;5;29530;60;174709;30;423817;0;0;2;2000;2;2000;0;0;0;0;2;2060;0;0;10;88300;53;202890;25;52411;29;94850
10.11.2020 00:00;0;0;1;1000;1;1700;36;79270;12;103240;0;0;0;0;1;1000;0;0;0;0;1;1250;0;0;7;65170;33;88760;9;12930;11;27750
10.11.2020 01:00;0;0;0;0;2;46304;13;23896;5;106665;0;0;0;0;0;0;0;0;0;0;1;1010;0;0;6;94645;15;330690;3;10690;4;6740
10.11.2020 02:00;0;0;0;0;0;0;15;30800;6;87840;0;0;0;0;0;0;0;0;0;0;0;0;0;0;2;16630;9;577544;2;1680;2;7740
10.11.2020 03:00;0;0;0;0;1;22180;11;6990;8;117620;0;0;0;0;0;0;0;0;0;0;0;0;0;0;0;0;11;45942;1;1740;5;21240
10.11.2020 04:00;1;1000;0;0;6;32420;31;15370;20;369120;3;58540;1;1000;0;0;0;0;0;0;0;0;0;0;3;39690;29;114260;11;21810;20;73110
10.11.2020 05:00;3;3000;3;2990;10;69020;166;520780;112;1191706;11;76690;3;2990;3;3000;0;0;0;0;0;0;1;1000;11;87395;98;896421;49;247090;40;263330
10.11.2020 06:00;4;4000;4;4000;24;249867;442;1209517;276;2013604;12;45880;4;4000;4;3990;0;0;0;0;7;7950;4;4020;36;655166;118;2431485;95;1018268;106;784610
10.11.2020 07:00;7;7000;5;4990;65;442518;460;1953264;413;2622778;7;36130;7;6990;5;5000;0;0;0;0;23;25990;11;11050;75;1546345;86;3292760;105;2431586;104;2069897
10.11.2020 08:00;8;8000;8;8000;68;439604;481;1830691;450;2666612;11;5410;8;7980;8;7970;0;0;0;0;25;27330;7;7020;81;1064399;137;3295619;96;2005501;105;1908012
10.11.2020 09:00;4;4000;5;4990;55;459541;356;1621192;476;2697615;3;1230;5;4990;5;5000;0;0;0;0;31;31900;9;9050;71;1093229;164;2648268;90;2017090;149;1608751
10.11.2020 10:00;7;6980;4;4000;88;578566;370;1783314;425;2593595;12;17370;6;5990;4;3990;0;0;0;0;31;37010;6;6040;83;1299810;146;2648061;115;1630736;120;1307353
10.11.2020 11:00;5;5000;8;8000;74;542927;298;1622799;383;2452969;9;14270;5;4980;8;8000;0;0;0;0;31;32780;8;8050;83;1525212;138;2257112;107;1652555;103;1558176
10.11.2020 12:00;5;4990;4;3990;90;800496;402;1675362;387;2658627;8;4310;5;4990;5;4990;0;0;0;0;22;23780;10;10040;84;1386922;158;2609948;121;2074344;123;1728284
10.11.2020 13:00;8;7990;9;8990;99;757187;342;2014728;425;2700802;10;5750;8;8000;8;8000;0;0;0;0;39;44320;13;13100;90;1642767;137;2834762;97;2373026;273;1547810
10.11.2020 14:00;5;5000;5;4990;89;599121;384;1909294;431;2483919;6;2130;5;5000;6;6000;0;0;0;0;38;41720;7;7030;105;1675565;136;2763419;127;1963149;147;1599265
10.11.2020 15:00;4;3990;4;4000;80;470730;457;1441246;377;2803358;3;2050;4;4000;3;3000;0;0;0;0;37;44010;8;8030;97;1352445;175;2475819;125;2279230;159;1575281
10.11.2020 16:00;4;3990;4;3990;111;990764;407;1489542;389;2955590;4;1490;4;3990;4;4000;0;0;0;0;42;45100;17;17080;93;1672578;191;2291630;137;2442513;180;1893132
10.11.2020 17:00;4;4000;4;3990;115;735470;405;1585677;379;2870877;5;2320;4;4000;5;4990;0;0;0;0;37;39820;18;18090;102;1693968;106;2734260;140;2287497;146;2088260
10.11.2020 18:00;4;3990;5;4990;86;725137;383;1441905;307;2246534;6;2590;4;3990;4;4000;0;0;0;0;42;45940;12;12090;102;1194344;154;2230121;149;1702122;150;1357771
10.11.2020 19:00;5;4990;4;4000;66;653669;275;895874;176;1832993;3;1610;5;5000;4;3990;0;0;0;0;25;26800;9;9050;64;976157;152;1129578;130;1006185;133;880859
10.11.2020 20:00;3;2990;3;3000;24;126390;185;892456;148;1196380;2;2190;3;3000;3;3000;0;0;0;0;21;24070;3;3030;43;350145;135;970112;78;445107;81;432510
10.11.2020 21:00;2;2000;3;3000;11;8720;141;506767;99;873230;2;1160;2;2000;3;3000;0;0;0;0;4;4030;3;3010;19;328250;89;655852;78;313135;86;371399
10.11.2020 22:00;2;1990;2;1990;13;78700;100;367117;54;567220;0;0;2;2000;2;2000;0;0;0;0;3;3020;4;4030;19;211910;82;408154;50;177773;72;281460
10.11.2020 23:00;2;2000;2;2000;4;20980;58;304120;38;507439;1;1230;2;2000;2;2000;0;0;0;0;4;4800;0;0;12;172280;45;209153;23;81500;38;107330
11.11.2020 00:00;0;0;1;1000;2;1140;25;38680;19;329091;1;22610;0;0;1;1000;0;0;0;0;1;1010;0;0;3;27810;21;110210;8;25060;15;54040
11.11.2020 01:00;0;0;0;0;3;28200;16;23070;13;271337;0;0;0;0;0;0;0;0;0;0;1;1010;0;0;2;20300;13;68440;4;17440;7;20590
11.11.2020 02:00;0;0;0;0;1;810;12;6030;6;84850;1;14430;0;0;0;0;0;0;0;0;0;0;0;0;2;31940;11;44420;1;1920;7;21140
11.11.2020 03:00;0;0;0;0;0;0;9;5270;6;149329;0;0;0;0;0;0;0;0;0;0;0;0;1;1010;0;0;8;41460;0;0;4;21060
11.11.2020 04:00;1;1000;0;0;4;34110;38;54410;24;399693;5;84960;1;1000;0;0;0;0;0;0;0;0;0;0;2;23900;27;181714;13;38650;24;108246
11.11.2020 05:00;3;2990;3;3000;9;87930;154;465100;116;1023833;8;68750;3;3000;3;2990;0;0;0;0;2;2000;1;1010;9;64450;101;957170;39;240454;41;258660
11.11.2020 06:00;4;4000;4;4000;24;204290;454;1029228;286;2114617;5;3740;4;3990;4;3990;0;0;0;0;8;9380;1;1000;38;455303;116;2174690;83;1507247;88;743833
11.11.2020 07:00;7;6990;5;4990;82;580095;513;1878049;445;2678882;11;76000;7;7000;6;5990;0;0;0;0;25;25250;13;13040;72;1249314;81;3352935;93;1943100;92;1710924
11.11.2020 08:00;8;7980;8;7990;86;506360;462;1936256;444;2610989;13;91890;8;8000;7;6990;0;0;0;0;18;22060;12;12090;69;1036423;136;3189348;78;1973681;104;1685037
11.11.2020 09:00;4;4000;4;4000;69;847513;417;1340086;394;2850156;6;5050;4;4000;5;4990;0;0;0;0;20;20160;9;9030;75;1306986;178;2383958;80;2113974;133;1708607
11.11.2020 10:00;5;5000;5;4990;81;680115;333;1786448;421;2449535;7;3110;5;5000;5;5000;0;0;0;0;26;27250;10;10070;83;1095272;142;2491204;119;1927048;104;1070768
11.11.2020 11:00;3;3000;4;3990;81;660927;338;1722461;411;2627846;14;34580;4;3990;4;3990;0;0;0;0;24;25610;8;8030;92;1387973;127;2506606;101;1928137;122;1569932
11.11.2020 12:00;5;5000;5;5000;89;896754;357;1713983;419;2210772;4;42680;4;4000;4;4000;0;0;0;0;29;32280;9;9030;110;1646507;144;2478554;125;2159989;143;1563456
11.11.2020 13:00;6;5990;6;6000;83;581074;413;1872754;417;2805145;6;3820;6;5990;6;5980;0;0;1;410;38;40390;14;14100;96;1693055;145;2805596;121;2175249;146;1818534
11.11.2020 14:00;5;5000;5;5000;103;905630;371;1711084;402;2506673;0;0;5;5000;5;4990;0;0;0;0;32;34980;16;16100;95;1690596;142;2603440;134;2331211;169;1764892
11.11.2020 15:00;4;4000;4;4000;103;748070;460;1755584;394;2840741;11;5170;4;3990;5;4990;0;0;0;0;36;42150;8;8020;92;1300066;191;2575260;123;2470529;165;1935728
11.11.2020 16:00;4;4000;4;3990;99;624632;463;1698245;388;2668474;5;1480;4;4000;3;2990;0;0;0;0;43;43900;10;10030;99;1279202;179;2812353;154;2586055;140;2153743
11.11.2020 17:00;4;4000;4;4000;103;725650;440;1714502;386;2767100;4;2320;4;4000;5;4990;0;0;0;0;32;34930;9;9010;98;1528500;125;2582811;137;2598487;142;2049628
11.11.2020 18:00;4;4000;4;3990;87;466773;390;1393260;269;2535257;4;1100;4;3990;3;3000;0;0;0;0;28;32890;7;7030;91;1509079;154;2093137;151;1961541;146;1491361
11.11.2020 19:00;5;5000;5;5000;50;304643;273;1027335;188;1813969;1;1930;5;5000;5;5000;0;0;0;0;21;22260;7;7020;62;743909;144;1461103;114;1231238;111;876031
11.11.2020 20:00;3;3000;3;3059;24;102940;207;1141179;131;1212371;3;38700;3;3000;3;3000;0;0;0;0;14;15920;4;4020;48;717439;124;1230614;94;492931;96;389306
11.11.2020 21:00;2;1990;3;3000;13;65700;139;661214;88;876085;1;260;2;2000;3;2990;0;0;0;0;8;8950;2;2000;32;280215;110;721681;91;408114;87;347000
11.11.2020 22:00;2;2000;2;2000;19;146270;114;394728;62;650073;0;0;2;1990;2;2000;0;0;0;0;7;7710;4;4040;20;266510;87;441347;45;180620;59;158940
11.11.2020 23:00;2;1990;2;2000;8;81670;59;147580;30;355570;0;0;2;2000;2;2000;0;0;0;0;7;7200;2;2020;10;151430;52;195900;14;32110;46;100462
12.11.2020 00:00;0;0;1;1000;2;18780;31;69970;21;346139;0;0;0;0;1;1000;0;0;0;0;0;0;1;1000;1;3280;21;77150;11;30810;10;39960
12.11.2020 01:00;0;0;0;0;2;32696;15;21880;13;296166;0;0;0;0;0;0;0;0;0;0;0;0;0;0;2;50140;9;31340;3;6800;12;33120
12.11.2020 02:00;0;0;0;0;2;31570;14;7970;7;111814;0;0;0;0;0;0;0;0;0;0;1;1000;1;1010;2;28630;14;45830;0;0;4;8530
12.11.2020 03:00;0;0;0;0;1;650;16;29680;8;137274;0;0;0;0;0;0;0;0;0;0;0;0;0;0;3;68456;13;48950;1;2720;3;6690
12.11.2020 04:00;1;1000;0;0;4;28360;27;117800;24;406677;2;64330;1;1000;0;0;0;0;0;0;1;1010;0;0;3;21510;26;123993;11;27780;22;96182
12.11.2020 05:00;3;2990;3;3000;11;46190;157;423276;109;1152376;8;79977;3;3000;3;3000;0;0;0;0;1;1010;0;0;12;89540;105;776293;45;214580;39;118680
12.11.2020 06:00;4;3990;3;3000;25;265700;407;1306707;260;1933491;9;38090;4;3990;4;4000;0;0;0;0;5;5050;2;2000;33;685424;101;2351970;110;924380;81;642375
12.11.2020 07:00;7;7000;6;6000;69;746832;521;1751636;432;2740531;14;79558;7;7000;5;5000;0;0;0;0;24;29020;9;9060;71;1302613;96;3210407;116;2188326;108;1671874
12.11.2020 08:00;7;7000;8;7990;84;563840;472;1708373;445;2647399;6;3750;8;7990;8;7970;0;0;0;0;23;25100;8;8050;70;1229652;120;3296547;75;2446606;103;2122362
12.11.2020 09:00;5;4990;5;5000;67;481073;405;1840321;426;2610806;5;3550;4;4000;5;5000;0;0;0;0;31;35880;13;13132;76;1109022;159;2730790;63;2275288;106;1777042
12.11.2020 10:00;3;2980;3;3000;54;447438;347;1718663;409;2541127;5;4900;3;3000;3;3000;0;0;0;0;26;27460;8;8030;71;1460380;137;2435403;100;1594408;162;1368128
12.11.2020 11:00;4;3990;3;2990;91;746191;345;1875830;413;2722428;11;5940;4;4000;3;3000;0;0;0;0;29;30060;11;11070;91;1384590;144;2456663;112;1579512;136;1545032
12.11.2020 12:00;5;4990;5;4980;75;715919;366;1672025;376;2620677;8;27990;5;5000;6;6000;0;0;0;0;35;37211;9;9060;99;1532773;152;2314944;116;1655021;135;1333489
12.11.2020 13:00;8;8000;8;7990;93;753128;404;1731304;419;2842152;12;7320;8;8000;8;7990;0;0;0;0;53;57250;16;16120;101;1557306;153;2711406;89;2304454;133;2257793
12.11.2020 14:00;5;5000;7;7000;83;837320;387;1633841;403;2504359;2;1100;5;4990;6;5990;0;0;0;0;28;29610;12;12050;85;1344149;148;2670507;101;2113191;138;1562379
12.11.2020 15:00;4;4000;3;3000;107;825422;440;1766618;406;2835908;8;2860;4;3990;3;2990;0;0;0;0;34;38168;4;4020;98;1455309;171;2608653;112;2458925;157;1891921
12.11.2020 16:00;4;3990;4;4000;114;991647;443;1758241;413;2936842;9;7240;4;3990;5;4990;0;0;0;0;33;36309;13;13050;96;1809982;221;2473334;114;2736163;144;2175820
12.11.2020 17:00;4;3990;4;4000;99;664340;444;1823505;383;2864468;9;6400;4;3990;4;4000;0;0;0;0;40;42386;17;17155;109;1512249;129;2814711;164;2522767;204;2049646
12.11.2020 18:00;4;4000;5;4980;95;657470;408;1234153;331;2562056;6;1810;4;3980;4;4000;0;0;0;0;34;36016;9;9060;106;1299238;166;2100409;171;1659086;168;1443114
12.11.2020 19:00;5;5000;4;3990;64;488421;305;1200091;210;1954257;9;9420;5;4990;4;3980;0;0;0;0;24;29870;5;5020;76;832095;144;1498506;134;929685;148;915837
12.11.2020 20:00;3;3000;3;2980;28;187672;201;994909;149;1156006;3;1870;3;3000;3;3000;0;0;0;0;18;18340;1;1000;60;653935;135;1208866;92;551545;99;456304
12.11.2020 21:00;2;2000;3;2990;16;101714;158;410005;95;891211;1;580;2;2000;3;2990;0;0;0;0;7;7580;0;0;30;283068;108;704547;72;326104;109;442302
12.11.2020 22:00;2;2000;2;1990;22;136650;108;657291;75;788951;2;320;2;2000;2;2000;0;0;0;0;5;6220;1;1000;20;522402;86;480912;75;334798;63;251315
12.11.2020 23:00;2;2000;2;2000;5;66040;69;182520;38;541734;0;0;2;2000;2;2000;0;0;0;0;4;4570;0;0;10;224470;45;239383;10;21510;35;104570
13.11.2020 00:00;0;0;1;1000;6;91514;31;50040;13;160082;0;0;0;0;1;1000;0;0;0;0;2;2020;0;0;4;97010;27;59385;11;33810;18;55360
13.11.2020 01:00;0;0;0;0;2;19500;19;59840;11;167845;1;17130;0;0;0;0;0;0;0;0;1;1000;0;0;0;0;16;43860;8;21780;17;36460
13.11.2020 02:00;0;0;0;0;0;0;14;8210;7;107470;1;38070;0;0;0;0;0;0;0;0;0;0;0;0;2;5990;9;27210;7;17250;7;25280
13.11.2020 03:00;0;0;0;0;0;0;16;34882;9;81380;1;18440;0;0;0;0;0;0;0;0;0;0;0;0;0;0;13;55500;4;52250;8;28500
13.11.2020 04:00;1;1000;0;0;5;26070;33;22870;21;323132;6;122642;1;1000;0;0;0;0;0;0;0;0;0;0;5;68600;26;140350;4;15260;17;65240
13.11.2020 05:00;3;2990;2;2000;11;15450;153;489451;98;902470;11;141110;3;3000;2;1990;0;0;0;0;1;1160;1;1010;13;135090;97;766251;37;164720;53;160880
13.11.2020 06:00;4;4000;5;5000;24;210500;376;1238664;242;1990987;10;38100;4;4000;5;5000;0;0;0;0;1;1010;2;2010;26;696998;102;2058835;78;857659;103;903122
13.11.2020 07:00;7;7000;5;4990;78;493477;526;1735946;382;2644670;10;71630;7;7000;5;4990;0;0;0;0;23;25100;9;9030;93;1228828;109;3189520;95;2017536;126;1688477
13.11.2020 08:00;8;8000;9;8990;58;290316;437;1686646;440;2519921;7;6250;8;8000;9;8980;0;0;0;0;24;26910;9;9040;70;1173304;178;2783823;89;1972700;104;1863653
13.11.2020 09:00;4;3990;3;3000;71;832215;384;1522675;433;2655344;8;86240;4;4000;4;3990;0;0;0;0;24;24460;10;10060;83;1444139;182;2448381;87;1914901;118;1663742
13.11.2020 10:00;5;5000;5;4990;86;597253;373;1455980;427;2538424;14;42000;5;4980;4;4000;0;0;0;0;31;31290;10;10060;81;1131910;148;2565747;101;1720149;126;1669277
13.11.2020 11:00;4;4000;5;5000;100;781395;391;1687370;414;2550105;6;3680;4;3980;5;5000;0;0;0;0;28;30470;4;4000;93;1522511;141;2543296;107;2071075;160;1451041
13.11.2020 12:00;5;4990;4;3990;117;816562;433;1796378;403;2849638;10;102230;5;5000;5;4990;0;0;0;0;34;38590;9;9060;103;1649093;178;2537438;125;2460536;145;1754805
13.11.2020 13:00;7;6990;9;8990;112;755278;399;1816232;392;2900391;6;2570;8;8054;8;7990;0;0;0;0;43;45570;18;18090;99;1716659;202;2745898;100;2546292;134;2030448
13.11.2020 14:00;6;5970;6;6000;98;794480;450;1625065;396;2858440;14;70295;5;5000;7;6980;0;0;0;0;33;35130;13;13050;89;1331439;191;2391016;109;2265581;145;1986004
13.11.2020 15:00;4;3980;5;5000;92;972260;450;1810884;415;2960520;14;6470;4;4000;4;3990;0;0;0;0;41;44160;12;12060;94;1422966;203;2616799;130;2081370;134;2156736
13.11.2020 16:00;4;3980;4;4000;98;612312;407;1696722;357;2733142;4;1230;4;3990;4;3990;0;0;0;0;39;43620;16;16060;96;1307320;184;2664414;120;2290324;117;2033941
13.11.2020 17:00;4;3980;3;3000;85;785118;494;1342728;353;2857056;8;3980;4;3990;4;4000;0;0;0;0;25;28190;14;14070;87;1338289;160;2545478;143;2240716;164;1830898
13.11.2020 18:00;4;4000;5;4990;75;555582;400;1715560;295;2509591;4;2070;4;4000;4;4000;0;0;0;0;32;35163;10;10050;93;1256517;158;2264653;141;1867095;142;1709589
13.11.2020 19:00;5;5000;4;4000;60;563455;316;1196730;214;1990264;7;29600;5;4990;4;3990;0;0;0;0;18;18590;6;6020;79;1315447;156;1466831;148;1043815;152;1186683
13.11.2020 20:00;3;2990;3;2990;38;138700;226;1022746;174;1361171;4;2710;3;2980;3;3000;0;0;0;0;24;25840;5;5020;58;735060;123;1272057;121;834580;105;710452
13.11.2020 21:00;2;2000;3;2980;16;162804;175;762040;100;773062;2;62187;2;2000;3;3000;0;0;0;0;9;10010;1;1000;43;419205;125;880678;97;423119;85;325470
13.11.2020 22:00;2;2000;2;2000;19;134131;128;737880;83;740792;1;390;2;2000;2;2000;0;0;0;0;11;12020;3;3030;34;334310;117;654435;50;285531;64;279590
13.11.2020 23:00;2;2000;2;1990;11;73370;86;423580;49;564287;0;0;2;2000;2;2000;0;0;0;0;4;5130;0;0;7;61175;67;546174;33;145199;39;139570
14.11.2020 00:00;0;0;1;1000;6;2670;52;284988;40;477280;1;14170;0;0;1;1000;0;0;0;0;4;6000;3;3020;9;100210;34;197679;16;53350;45;143075
14.11.2020 01:00;0;0;0;0;3;32640;38;154460;30;458042;1;43563;0;0;0;0;0;0;0;0;0;0;3;3010;3;70940;33;168738;11;43790;15;37140
14.11.2020 02:00;0;0;0;0;3;26690;16;30630;16;243513;0;0;0;0;0;0;0;0;0;0;1;1000;0;0;1;27773;11;52970;4;14050;22;29185
14.11.2020 03:00;0;0;0;0;4;17340;17;9820;10;269584;0;0;0;0;0;0;0;0;0;0;0;0;0;0;2;17240;12;39992;5;8360;13;25140
14.11.2020 04:00;1;1000;0;0;2;57110;16;81780;20;407440;3;48560;1;1000;0;0;0;0;0;0;0;0;0;0;3;47160;16;57380;7;15230;13;27900
14.11.2020 05:00;3;2990;3;3000;6;5110;53;218190;43;663998;5;47750;3;3000;3;3000;0;0;0;0;0;0;0;0;8;92980;48;201570;20;43230;28;95514
14.11.2020 06:00;4;4000;4;4000;5;6260;85;230207;36;427095;3;15065;4;3990;4;3990;0;0;0;0;2;2020;1;1000;7;54970;76;354633;29;162467;34;148650
14.11.2020 07:00;4;4000;4;3990;14;26600;136;412785;69;755000;3;22300;4;4000;4;4000;0;0;0;0;5;5350;2;2010;21;327891;105;509957;45;255304;54;268064
14.11.2020 08:00;5;5000;4;4000;26;195630;215;758049;164;1293521;3;39840;5;4990;4;3990;0;0;0;0;18;18940;2;2010;31;277077;143;962420;82;529300;74;403997
14.11.2020 09:00;4;3990;4;4000;36;184847;294;1078315;257;1826183;5;37090;4;4000;4;3990;0;0;0;0;21;21400;5;5000;48;675204;154;1843989;97;1075075;98;765480
14.11.2020 10:00;4;4000;4;3990;66;430377;334;1382361;376;2337598;5;1420;4;4000;4;4000;0;0;0;0;31;33730;13;13100;68;765106;151;2134432;92;1451304;150;1218008
14.11.2020 11:00;4;4000;4;3980;73;881083;336;1664930;381;2482923;3;61820;4;4000;4;4000;0;0;0;0;36;37570;12;12110;84;1220987;174;2163270;103;1949573;148;1440242
14.11.2020 12:00;4;4000;4;4000;88;475497;386;1497545;410;2313860;5;2190;4;4000;4;4000;0;0;0;0;29;31470;7;7040;84;1268830;178;2330231;104;1743387;147;1275273
14.11.2020 13:00;4;3990;4;4000;93;693584;387;1503817;378;2372105;2;980;4;4000;4;3990;0;0;0;0;37;41560;13;13060;76;1366952;164;2483869;119;1578537;101;1699857
14.11.2020 14:00;4;4000;4;4000;81;610986;374;1676909;358;2371695;0;0;4;4000;4;4000;0;0;0;0;42;48268;9;9060;80;1221896;146;2397339;129;1800185;124;1613096
14.11.2020 15:00;4;4000;4;3990;72;477894;403;1615372;381;2328345;6;3240;4;3990;4;4000;0;0;0;0;35;37500;15;15100;74;1509569;142;2503713;112;1728317;141;1655789
14.11.2020 16:00;4;3990;4;4000;87;641380;385;1750748;350;2174123;6;2620;4;4000;4;4000;0;0;0;0;38;40350;3;3010;98;1500984;162;2492699;125;1591098;136;1356810
14.11.2020 17:00;4;3990;5;5000;64;298977;397;1445972;328;2235062;5;1760;4;3990;5;5000;0;0;0;0;36;39240;10;10060;81;1382229;118;2469689;123;1653896;154;1494620
14.11.2020 18:00;4;4000;4;4000;57;449584;320;1533371;241;1811929;1;250;4;4000;4;4000;0;0;0;0;36;41970;6;6020;64;1482722;157;2123717;145;1212365;152;979074
14.11.2020 19:00;4;4000;4;4000;40;339598;276;1181606;175;1395042;3;33900;4;4000;4;4000;0;0;0;0;18;19720;5;5020;59;1433576;150;1615474;92;550550;107;583678
14.11.2020 20:00;2;2000;2;1990;19;113648;206;920844;121;927275;0;0;2;2000;2;2000;0;0;0;0;13;18530;5;5010;44;557679;151;1108302;95;557696;117;586449
14.11.2020 21:00;2;2000;2;1990;19;117720;185;635810;103;1086905;1;3470;2;2000;2;2000;0;0;0;0;8;8960;5;5020;38;791560;121;931979;66;266524;79;426980
14.11.2020 22:00;2;2000;2;1990;13;65377;170;805314;72;526130;1;320;2;2000;2;2000;0;0;0;0;18;20429;4;4010;38;261114;129;768569;54;237880;89;424927
14.11.2020 23:00;2;2000;2;2000;9;7900;110;381089;50;648834;1;380;2;2000;2;2000;0;0;0;0;5;5020;0;0;12;130910;89;449220;47;155640;70;231320
15.11.2020 00:00;0;0;1;1000;9;48351;56;205345;48;637051;1;16890;0;0;1;1000;0;0;0;0;4;4930;1;1010;5;22704;43;162490;29;87850;38;151772
15.11.2020 01:00;0;0;0;0;7;37870;43;112470;41;587247;0;0;0;0;0;0;0;0;0;0;0;0;0;0;12;211116;37;164370;18;47060;49;120000
15.11.2020 02:00;0;0;0;0;2;2510;20;69074;23;391821;0;0;0;0;0;0;0;0;0;0;1;1010;0;0;7;88430;16;49360;5;12230;13;37970
15.11.2020 03:00;0;0;0;0;3;22190;16;67440;6;143023;0;0;0;0;0;0;0;0;0;0;1;1000;0;0;4;46960;14;37053;9;13150;18;41390
15.11.2020 04:00;0;0;0;0;1;15662;13;26930;6;113950;0;0;0;0;0;0;0;0;0;0;0;0;0;0;3;91060;12;44280;4;6790;14;27880
15.11.2020 05:00;2;2000;1;990;6;17610;19;16740;23;448170;5;124770;2;1990;1;1000;0;0;0;0;0;0;0;0;2;10740;16;50960;8;19220;11;29620
15.11.2020 06:00;2;1990;2;2000;5;50662;27;77510;19;332704;2;36140;2;2000;2;2000;0;0;0;0;0;0;0;0;6;49432;24;94180;11;31370;16;40650
15.11.2020 07:00;2;1990;2;2000;9;76030;29;42702;28;336650;3;2650;2;1990;2;1990;0;0;0;0;1;1000;2;2000;8;124270;26;83630;16;51360;18;50090
15.11.2020 08:00;2;1990;2;2000;9;20120;59;163090;63;686819;2;20290;2;2000;2;2000;0;0;0;0;5;5860;1;1010;13;186018;44;212110;25;108480;40;126010
15.11.2020 09:00;2;2000;2;2000;23;78020;120;507999;113;1005168;1;34199;2;2000;2;2000;0;0;0;0;11;12070;7;7000;25;281250;101;496120;42;232940;61;342107
15.11.2020 10:00;2;2000;2;2000;35;229350;165;838211;151;1117782;3;910;2;2000;2;2000;0;0;0;0;7;7260;7;7040;33;525580;127;1056711;83;515875;82;491268
15.11.2020 11:00;2;1990;2;1990;33;190273;238;1120453;220;1561022;6;3240;2;1990;2;2000;0;0;0;0;9;9030;4;4020;44;535423;141;1275722;93;744560;116;675799
15.11.2020 12:00;3;3000;3;3000;44;314821;261;976353;260;1656046;5;34340;3;2990;3;3000;0;0;0;0;20;20370;8;8050;56;711663;172;1495870;110;808460;138;1056573
15.11.2020 13:00;4;3980;4;4000;54;232434;317;1395526;349;2258218;8;11090;4;3990;4;3980;0;0;0;0;22;22109;9;9030;62;787780;171;1774740;128;1172002;124;1255473
15.11.2020 14:00;4;4000;4;4000;60;449271;325;1317885;307;2047855;4;54655;4;3990;4;4000;0;0;0;0;23;23850;10;10050;62;886141;177;1955625;115;1224062;143;1261283
15.11.2020 15:00;4;4000;4;4000;45;140500;338;1392729;353;2105948;2;330;4;4000;4;4000;0;0;0;0;14;14059;16;16050;56;570088;163;1982516;112;1081065;115;889270
15.11.2020 16:00;4;4000;4;4000;44;227614;353;1246834;300;1908035;0;0;4;4000;4;4000;0;0;0;0;30;36980;13;13050;56;764023;155;1892196;119;1116283;142;951110
15.11.2020 17:00;4;4000;4;4000;50;257774;319;1373800;281;1895031;1;130;4;4000;4;3990;0;0;0;0;27;28090;7;7040;66;872641;128;1948564;147;884310;146;1088028
15.11.2020 18:00;4;3990;4;4000;44;226390;267;1200286;213;1521372;2;17370;4;3980;4;3990;0;0;0;0;18;18970;4;4030;51;540585;147;1762039;139;689085;145;836410
15.11.2020 19:00;2;2000;2;2000;36;117240;214;957248;173;1330835;0;0;2;2000;2;2000;0;0;0;0;12;13100;3;3000;51;552790;147;1303980;83;530703;105;541916
15.11.2020 20:00;2;2000;2;2000;22;69280;156;767922;111;942595;1;19270;2;2000;2;2000;0;0;0;0;7;7030;1;1010;30;386500;121;851416;90;536425;95;654740
15.11.2020 21:00;2;2000;2;2000;20;108390;120;494280;85;868194;1;44532;2;2000;2;2000;0;0;0;0;2;2020;2;2010;17;333111;91;699860;67;259353;57;379520
15.11.2020 22:00;2;2000;2;2000;8;41950;70;195230;46;628376;0;0;2;2000;2;2000;0;0;0;0;0;0;0;0;13;202630;67;337694;40;174210;50;296059
15.11.2020 23:00;2;2000;2;2000;9;46170;44;109660;15;261492;1;19550;2;2000;2;2000;0;0;0;0;1;1010;0;0;12;180020;36;211920;15;59050;34;205306
16.11.2020 00:00;0;0;1;1000;1;570;37;26320;14;239665;0;0;0;0;1;1000;0;0;0;0;0;0;0;0;1;40040;28;136790;8;25200;15;50580
16.11.2020 01:00;0;0;0;0;1;1950;19;26970;17;249039;1;17970;0;0;0;0;0;0;0;0;0;0;0;0;1;36420;15;76404;7;37660;10;32480
16.11.2020 02:00;0;0;0;0;0;0;20;10290;8;117690;0;0;0;0;0;0;0;0;0;0;0;0;0;0;1;16040;16;81752;1;1440;2;6780
16.11.2020 03:00;0;0;0;0;2;32690;16;8860;9;171890;1;1870;0;0;0;0;0;0;0;0;0;0;0;0;1;1440;11;46910;2;4530;6;14140
16.11.2020 04:00;1;1000;0;0;3;4140;29;83950;24;382130;6;137750;1;990;0;0;0;0;0;0;1;1010;0;0;5;68460;25;124360;8;37460;18;73630
16.11.2020 05:00;3;3000;2;2000;17;71400;153;591945;101;964694;7;58200;3;3000;2;2000;0;0;0;0;0;0;0;0;13;198273;97;885440;44;209363;55;205200
16.11.2020 06:00;4;4000;5;4990;25;321190;426;1311991;268;1960212;9;52020;4;4000;5;5000;0;0;0;0;11;14140;4;4020;32;400103;114;2277319;126;959947;100;642480
16.11.2020 07:00;7;6990;5;4980;87;712848;470;2033946;417;2717894;7;6960;7;6980;5;4990;0;0;0;0;22;26150;12;12060;68;1120720;77;3277280;121;2231319;113;2062480
16.11.2020 08:00;8;8000;9;8990;82;470905;527;1848791;460;2841201;9;4160;8;7980;9;8990;0;0;0;0;29;34370;10;10050;83;1531902;143;3342428;71;2067671;100;1841784
16.11.2020 09:00;3;3000;3;2980;66;512740;383;1404551;436;2659815;9;5960;3;2990;3;2990;0;0;0;0;30;30290;11;11060;81;1014637;179;2375381;107;1958146;135;1762536
16.11.2020 10:00;5;5000;5;5000;80;669896;368;1665837;409;2562646;5;35720;5;4990;5;4990;0;0;0;0;26;28500;6;6040;88;1642893;134;2575155;105;1662493;133;1397921
16.11.2020 11:00;4;3980;3;3000;73;699415;361;1642369;382;2378412;7;30440;4;4000;4;3990;0;0;0;0;32;33350;7;7020;92;1397696;150;2362485;103;1972219;140;1783051
16.11.2020 12:00;5;4990;5;4990;89;787261;365;1704436;371;2588321;7;6670;5;5000;5;5000;0;0;0;0;31;31230;12;12040;84;1450703;140;2662799;112;1864406;144;1387446
16.11.2020 13:00;8;8000;8;7990;95;741960;359;1827550;373;2523253;3;4080;8;7990;7;7000;0;0;0;0;37;40069;14;14070;79;1431956;134;2563714;93;2108676;114;1790645
16.11.2020 14:00;5;4990;7;6990;95;635024;365;1900648;374;2499647;5;2710;5;4990;7;6990;0;0;0;0;42;44930;5;5010;94;1511931;150;2524768;121;1911855;135;1564395
16.11.2020 15:00;-1;-1;-1;-1;-1;-1;-1;-1;-1;-1;-1;-1;-1;-1;-1;-1;-1;-1;-1;-1;-1;-1;-1;-1;-1;-1;-1;-1;-1;-1;-1;-1
16.11.2020 16:00;0;0;0;0;0;0;0;0;0;3600000;0;0;0;0;0;0;0;0;0;0;0;0;0;0;0;3600000;0;3600000;0;0;0;0
16.11.2020 17:00;0;0;0;0;0;0;0;0;0;3600000;0;0;0;0;0;0;0;0;0;0;0;0;0;0;0;3600000;0;3600000;0;0;0;0
16.11.2020 18:00;0;0;0;0;0;0;0;0;0;3600000;0;0;0;0;0;0;0;0;0;0;0;0;0;0;0;3600000;0;3600000;0;0;0;0
16.11.2020 19:00;0;0;0;0;0;0;0;0;0;3600000;0;0;0;0;0;0;0;0;0;0;0;0;0;0;0;3600000;0;3600000;0;0;0;0
16.11.2020 20:00;0;0;0;0;0;0;0;0;0;3600000;0;0;0;0;0;0;0;0;0;0;0;0;0;0;0;3600000;0;3600000;0;0;0;0
16.11.2020 21:00;0;0;0;0;0;0;0;0;0;3600000;0;0;0;0;0;0;0;0;0;0;0;0;0;0;0;3600000;0;3600000;0;0;0;0
16.11.2020 22:00;0;0;0;0;0;0;0;0;0;3600000;0;0;0;0;0;0;0;0;0;0;0;0;0;0;0;3600000;0;3600000;0;0;0;0
16.11.2020 23:00;0;0;0;0;0;0;0;0;0;3600000;0;0;0;0;0;0;0;0;0;0;0;0;0;0;0;3600000;0;3600000;0;0;0;0
17.11.2020 00:00;0;0;0;0;0;0;0;0;0;3600000;0;0;0;0;0;0;0;0;0;0;0;0;0;0;0;3600000;0;3600000;0;0;0;0
17.11.2020 01:00;0;0;0;0;0;0;0;0;0;3600000;0;0;0;0;0;0;0;0;0;0;0;0;0;0;0;3600000;0;3600000;0;0;0;0
17.11.2020 02:00;0;0;0;0;0;0;0;0;0;3600000;0;0;0;0;0;0;0;0;0;0;0;0;0;0;0;3600000;0;3600000;0;0;0;0
17.11.2020 03:00;0;0;0;0;0;0;0;0;0;3600000;0;0;0;0;0;0;0;0;0;0;0;0;0;0;0;3600000;0;3600000;0;0;0;0
17.11.2020 04:00;0;0;0;0;0;0;0;0;0;3600000;0;0;0;0;0;0;0;0;0;0;0;0;0;0;0;3600000;0;3600000;0;0;0;0
17.11.2020 05:00;0;0;0;0;0;0;0;0;0;3600000;0;0;0;0;0;0;0;0;0;0;0;0;0;0;0;3600000;0;3600000;0;0;0;0
17.11.2020 06:00;0;0;0;0;0;0;0;0;0;3600000;0;0;0;0;0;0;0;0;0;0;0;0;0;0;0;3600000;0;3600000;0;0;0;0
17.11.2020 07:00;0;0;0;0;0;0;0;0;0;3600000;0;0;0;0;0;0;0;0;0;0;0;0;0;0;0;3600000;0;3600000;0;0;0;0
17.11.2020 08:00;0;0;0;0;0;0;0;0;0;3600000;0;0;0;0;0;0;0;0;0;0;0;0;0;0;0;3600000;0;3600000;0;0;0;0
17.11.2020 09:00;0;0;0;0;0;0;0;0;0;3600000;0;0;0;0;0;0;0;0;0;0;0;0;0;0;0;3600000;0;3600000;0;0;0;0
17.11.2020 10:00;0;0;0;0;0;0;0;0;0;3600000;0;0;0;0;0;0;0;0;0;0;0;0;0;0;0;3600000;0;3600000;0;0;0;0
17.11.2020 11:00;0;0;0;0;0;0;0;0;0;3600000;0;0;0;0;0;0;0;0;0;0;0;0;0;0;0;3600000;0;3600000;0;0;0;0
17.11.2020 12:00;0;0;0;0;0;0;0;0;0;3600000;0;0;0;0;0;0;0;0;0;0;0;0;0;0;0;3600000;0;3600000;0;0;0;0
17.11.2020 13:00;0;0;0;0;0;0;0;0;0;3600000;0;0;0;0;0;0;0;0;0;0;0;0;0;0;0;3600000;0;3600000;0;0;0;0
17.11.2020 14:00;0;0;0;0;0;0;0;0;0;3600000;0;0;0;0;0;0;0;0;0;0;0;0;0;0;0;3600000;0;3600000;0;0;0;0
17.11.2020 15:00;0;0;0;0;0;0;0;0;0;3600000;0;0;0;0;0;0;0;0;0;0;0;0;0;0;0;3600000;0;3600000;0;0;0;0
17.11.2020 16:00;0;0;0;0;0;0;0;0;0;3600000;0;0;0;0;0;0;0;0;0;0;0;0;0;0;0;3600000;0;3600000;0;0;0;0
17.11.2020 17:00;0;0;0;0;0;0;0;0;0;3600000;0;0;0;0;0;0;0;0;0;0;0;0;0;0;0;3600000;0;3600000;0;0;0;0
17.11.2020 18:00;0;0;0;0;0;0;0;0;0;3600000;0;0;0;0;0;0;0;0;0;0;0;0;0;0;0;3600000;0;3600000;0;0;0;0
17.11.2020 19:00;0;0;0;0;0;0;0;0;0;3600000;0;0;0;0;0;0;0;0;0;0;0;0;0;0;0;3600000;0;3600000;0;0;0;0
17.11.2020 20:00;0;0;0;0;0;0;0;0;0;3600000;0;0;0;0;0;0;0;0;0;0;0;0;0;0;0;3600000;0;3600000;0;0;0;0
17.11.2020 21:00;0;0;0;0;0;0;0;0;0;3600000;0;0;0;0;0;0;0;0;0;0;0;0;0;0;0;3600000;0;3600000;0;0;0;0
17.11.2020 22:00;0;0;0;0;0;0;0;0;0;3600000;0;0;0;0;0;0;0;0;0;0;0;0;0;0;0;3600000;0;3600000;0;0;0;0
17.11.2020 23:00;0;0;0;0;0;0;0;0;0;3600000;0;0;0;0;0;0;0;0;0;0;0;0;0;0;0;3600000;0;3600000;0;0;0;0
18.11.2020 00:00;0;0;0;0;0;0;0;0;0;3600000;0;0;0;0;0;0;0;0;0;0;0;0;0;0;0;3600000;0;3600000;0;0;0;0
18.11.2020 01:00;0;0;0;0;0;0;0;0;0;3600000;0;0;0;0;0;0;0;0;0;0;0;0;0;0;0;3600000;0;3600000;0;0;0;0
18.11.2020 02:00;0;0;0;0;0;0;0;0;0;3600000;0;0;0;0;0;0;0;0;0;0;0;0;0;0;0;3600000;0;3600000;0;0;0;0
18.11.2020 03:00;0;0;0;0;0;0;0;0;0;3600000;0;0;0;0;0;0;0;0;0;0;0;0;0;0;0;3600000;0;3600000;0;0;0;0
18.11.2020 04:00;0;0;0;0;0;0;0;0;0;3600000;0;0;0;0;0;0;0;0;0;0;0;0;0;0;0;3600000;0;3600000;0;0;0;0
18.11.2020 05:00;0;0;0;0;0;0;0;0;0;3600000;0;0;0;0;0;0;0;0;0;0;0;0;0;0;0;3600000;0;3600000;0;0;0;0
18.11.2020 06:00;0;0;0;0;0;0;0;0;0;3600000;0;0;0;0;0;0;0;0;0;0;0;0;0;0;0;3600000;0;3600000;0;0;0;0
18.11.2020 07:00;0;0;0;0;0;0;0;0;0;3600000;0;0;0;0;0;0;0;0;0;0;0;0;0;0;0;3600000;0;3600000;0;0;0;0
18.11.2020 08:00;0;0;0;0;0;0;0;0;0;3600000;0;0;0;0;0;0;0;0;0;0;0;0;0;0;0;3600000;0;3600000;0;0;0;0
18.11.2020 09:00;0;0;0;0;0;0;0;0;0;3600000;0;0;0;0;0;0;0;0;0;0;0;0;0;0;0;3600000;0;3600000;0;0;0;0
18.11.2020 10:00;0;0;0;0;0;0;0;0;0;3600000;0;0;0;0;0;0;0;0;0;0;0;0;0;0;0;3600000;0;3600000;0;0;0;0
18.11.2020 11:00;0;0;0;0;0;0;0;0;0;3600000;0;0;0;0;0;0;0;0;0;0;0;0;0;0;0;3600000;0;3600000;0;0;0;0
18.11.2020 12:00;0;0;0;0;0;0;0;0;0;3600000;0;0;0;0;0;0;0;0;0;0;0;0;0;0;0;3600000;0;3600000;0;0;0;0
18.11.2020 13:00;0;0;0;0;0;0;0;0;0;3600000;0;0;0;0;0;0;0;0;0;0;0;0;0;0;0;3600000;0;3600000;0;0;0;0
18.11.2020 14:00;0;0;0;0;0;0;0;0;0;3600000;0;0;0;0;0;0;0;0;0;0;0;0;0;0;0;3600000;0;3600000;0;0;0;0
18.11.2020 15:00;0;0;0;0;0;0;0;0;0;3600000;0;0;0;0;0;0;0;0;0;0;0;0;0;0;0;3600000;0;3600000;0;0;0;0
18.11.2020 16:00;0;0;0;0;0;0;0;0;0;3600000;0;0;0;0;0;0;0;0;0;0;0;0;0;0;0;3600000;0;3600000;0;0;0;0
18.11.2020 17:00;0;0;0;0;0;0;0;0;0;3600000;0;0;0;0;0;0;0;0;0;0;0;0;0;0;0;3600000;0;3600000;0;0;0;0
18.11.2020 18:00;0;0;0;0;0;0;0;0;0;3600000;0;0;0;0;0;0;0;0;0;0;0;0;0;0;0;3600000;0;3600000;0;0;0;0
18.11.2020 19:00;0;0;0;0;0;0;0;0;0;3600000;0;0;0;0;0;0;0;0;0;0;0;0;0;0;0;3600000;0;3600000;0;0;0;0
18.11.2020 20:00;0;0;0;0;0;0;0;0;0;3600000;0;0;0;0;0;0;0;0;0;0;0;0;0;0;0;3600000;0;3600000;0;0;0;0
18.11.2020 21:00;0;0;0;0;0;0;0;0;0;3600000;0;0;0;0;0;0;0;0;0;0;0;0;0;0;0;3600000;0;3600000;0;0;0;0
18.11.2020 22:00;0;0;0;0;0;0;0;0;0;3600000;0;0;0;0;0;0;0;0;0;0;0;0;0;0;0;3600000;0;3600000;0;0;0;0
18.11.2020 23:00;0;0;0;0;0;0;0;0;0;3600000;0;0;0;0;0;0;0;0;0;0;0;0;0;0;0;3600000;0;3600000;0;0;0;0
19.11.2020 00:00;0;0;0;0;0;0;0;0;0;3600000;0;0;0;0;0;0;0;0;0;0;0;0;0;0;0;3600000;0;3600000;0;0;0;0
19.11.2020 01:00;0;0;0;0;0;0;0;0;0;3600000;0;0;0;0;0;0;0;0;0;0;0;0;0;0;0;3600000;0;3600000;0;0;0;0
19.11.2020 02:00;0;0;0;0;0;0;0;0;0;3600000;0;0;0;0;0;0;0;0;0;0;0;0;0;0;0;3600000;0;3600000;0;0;0;0
19.11.2020 03:00;0;0;0;0;0;0;0;0;0;3600000;0;0;0;0;0;0;0;0;0;0;0;0;0;0;0;3600000;0;3600000;0;0;0;0
19.11.2020 04:00;0;0;0;0;0;0;0;0;0;3600000;0;0;0;0;0;0;0;0;0;0;0;0;0;0;0;3600000;0;3600000;0;0;0;0
19.11.2020 05:00;0;0;0;0;0;0;0;0;0;3600000;0;0;0;0;0;0;0;0;0;0;0;0;0;0;0;3600000;0;3600000;0;0;0;0
19.11.2020 06:00;0;0;0;0;0;0;0;0;0;3600000;0;0;0;0;0;0;0;0;0;0;0;0;0;0;0;3600000;0;3600000;0;0;0;0
19.11.2020 07:00;0;0;0;0;0;0;0;0;0;3600000;0;0;0;0;0;0;0;0;0;0;0;0;0;0;0;3600000;0;3600000;0;0;0;0
19.11.2020 08:00;0;0;0;0;0;0;0;0;0;3600000;0;0;0;0;0;0;0;0;0;0;0;0;0;0;0;3600000;0;3600000;0;0;0;0
19.11.2020 09:00;0;0;0;0;0;0;0;0;0;3600000;0;0;0;0;0;0;0;0;0;0;0;0;0;0;0;3600000;0;3600000;0;0;0;0
19.11.2020 10:00;0;0;0;0;0;0;0;0;0;3600000;0;0;0;0;0;0;0;0;0;0;0;0;0;0;0;3600000;0;3600000;0;0;0;0
19.11.2020 11:00;0;0;0;0;0;0;0;0;0;3600000;0;0;0;0;0;0;0;0;0;0;0;0;0;0;0;3600000;0;3600000;0;0;0;0
19.11.2020 12:00;0;0;0;0;0;0;0;0;0;3600000;0;0;0;0;0;0;0;0;0;0;0;0;0;0;0;3600000;0;3600000;0;0;0;0
19.11.2020 13:00;0;0;0;0;0;0;0;0;0;3600000;0;0;0;0;0;0;0;0;0;0;0;0;0;0;0;3600000;0;3600000;0;0;0;0
19.11.2020 14:00;0;0;0;0;0;0;0;0;0;3600000;0;0;0;0;0;0;0;0;0;0;0;0;0;0;0;3600000;0;3600000;0;0;0;0
19.11.2020 15:00;0;0;0;0;0;0;0;0;0;3600000;0;0;0;0;0;0;0;0;0;0;0;0;0;0;0;3600000;0;3600000;0;0;0;0
19.11.2020 16:00;0;0;0;0;0;0;0;0;0;3600000;0;0;0;0;0;0;0;0;0;0;0;0;0;0;0;3600000;0;3600000;0;0;0;0
19.11.2020 17:00;0;0;0;0;0;0;0;0;0;3600000;0;0;0;0;0;0;0;0;0;0;0;0;0;0;0;3600000;0;3600000;0;0;0;0
19.11.2020 18:00;0;0;0;0;0;0;0;0;0;3600000;0;0;0;0;0;0;0;0;0;0;0;0;0;0;0;3600000;0;3600000;0;0;0;0
19.11.2020 19:00;1;990;1;990;14;89565;57;276500;39;3065749;3;320;1;1000;1;1000;0;0;0;0;4;4530;1;1010;11;2956446;46;2859920;28;281824;20;67774
19.11.2020 20:00;3;3000;3;3000;28;99120;195;861898;136;1345062;4;31790;3;3000;3;3000;0;0;0;0;14;16390;2;2010;46;726286;132;2757695;209;649089;111;757537
19.11.2020 21:00;2;2000;3;3000;18;121253;156;650040;99;851573;2;30640;2;2000;3;3046;0;0;0;0;9;9750;4;4010;32;385392;140;1102932;65;348596;81;425472
19.11.2020 22:00;2;2000;2;2000;8;19270;118;424494;61;679648;0;0;2;1990;2;2000;0;0;0;0;5;5040;1;1010;17;236061;90;544777;42;194350;63;266430
19.11.2020 23:00;2;2000;2;2000;10;114570;72;286710;34;483575;0;0;2;1990;2;1990;0;0;0;0;4;4910;1;1000;8;114400;68;406500;14;44350;36;106665
20.11.2020 00:00;0;0;1;1000;0;0;39;139564;18;332710;0;0;0;0;1;1000;0;0;0;0;1;1070;0;0;6;50140;33;159780;6;22530;16;37560
20.11.2020 01:00;0;0;0;0;2;17820;24;13480;17;218928;0;0;0;0;0;0;0;0;0;0;1;1150;0;0;2;37640;16;82500;9;35720;10;26980
20.11.2020 02:00;0;0;0;0;0;0;16;22180;12;188668;1;15970;0;0;0;0;0;0;0;0;0;0;0;0;3;48990;14;66760;4;4280;9;18373
20.11.2020 03:00;0;0;0;0;1;14400;14;7460;9;209491;1;13600;0;0;0;0;0;0;0;0;0;0;0;0;0;0;11;42710;2;7750;6;14190
20.11.2020 04:00;1;1000;0;0;3;61320;30;75550;18;314318;6;83738;1;1000;0;0;0;0;0;0;1;1000;0;0;2;8390;26;89500;6;16790;15;46170
20.11.2020 05:00;3;2990;3;2990;10;48290;132;394660;96;906313;11;69360;3;2990;3;3000;0;0;0;0;2;2010;2;2010;10;133301;85;784805;45;247830;42;138179
20.11.2020 06:00;4;3990;3;3000;26;297112;374;1010918;228;1913203;2;21190;4;3990;4;4000;0;0;0;0;4;4940;1;1000;32;739269;131;1934848;106;898930;93;548526
20.11.2020 07:00;7;6980;6;5990;82;506694;509;1934746;410;2487392;9;71620;7;7000;5;5000;0;0;0;0;15;17880;12;12040;81;1088006;81;3239518;101;2085057;102;1551582
20.11.2020 08:00;8;8000;9;8980;67;612682;505;1730977;421;2600171;7;3620;7;6990;9;8990;0;0;0;0;18;19010;6;6020;66;975465;149;3112411;89;2193315;97;1658227
20.11.2020 09:00;4;4000;3;3000;63;495179;389;1400338;459;2653040;2;770;4;4000;4;3990;0;0;0;0;22;22920;5;5050;71;1260104;160;2611881;89;1976721;119;1395669
20.11.2020 10:00;4;3990;4;4000;62;517490;354;1705612;431;2480708;6;5610;4;3980;4;3990;0;0;0;0;37;40032;9;9030;89;1446697;159;2573071;104;2110552;123;1234457
20.11.2020 11:00;4;3990;4;4000;90;663309;395;1798094;463;2668289;14;8580;4;4000;4;3990;0;0;0;0;36;41850;7;7030;91;1638628;150;2541932;114;2205332;115;1432297
20.11.2020 12:00;5;4980;5;5044;104;840084;421;1411421;429;2890191;10;8780;5;5000;4;4000;0;0;0;0;29;32250;18;18060;122;1612480;208;2383661;127;2270299;134;1387021
20.11.2020 13:00;6;6000;7;6980;98;823605;446;1791855;388;3001171;8;4246;6;5980;8;7990;0;0;0;0;48;54630;16;16030;100;1596226;203;2593581;110;2618520;133;1539205
20.11.2020 14:00;5;4980;6;5990;91;561604;407;1700548;397;2742340;6;1570;5;5000;5;5000;0;0;1;900;33;34690;8;8040;89;1475185;223;2387740;73;2769670;167;2130584
20.11.2020 15:00;4;3980;3;3000;88;571336;463;1648449;384;2936342;11;4580;4;3980;3;3000;0;0;0;0;52;58320;9;9030;82;1169298;211;2497975;125;2265405;134;1669910
20.11.2020 16:00;4;4000;4;4000;96;637323;483;1816882;384;2899243;1;320;4;4000;4;4000;0;0;0;0;41;44410;13;13050;97;1508950;166;2961760;123;2117299;142;1964956
20.11.2020 17:00;4;4000;4;3990;102;782741;445;1692801;383;2888660;6;2450;4;3990;5;4990;0;0;0;0;33;34880;13;13030;92;1298680;122;2514354;181;2017449;162;2017675
20.11.2020 18:00;4;4000;4;3990;87;552469;411;1513597;302;2329557;4;2070;4;3990;3;3000;0;0;0;0;35;38870;11;11050;92;1513316;167;2062418;159;1681528;155;1648361
20.11.2020 19:00;5;4990;5;4990;50;602319;344;968449;227;1968871;1;16890;5;4990;5;4980;0;0;0;0;21;21390;6;6040;65;891126;157;1525158;128;1235203;145;933421
20.11.2020 20:00;3;2990;3;3000;33;275540;251;1126155;129;1069167;0;0;3;3000;3;3000;0;0;1;1330;14;15740;2;2010;62;882645;134;1431589;91;741868;113;772128
20.11.2020 21:00;2;2000;3;3000;22;148904;174;638132;113;929572;2;20740;2;2000;3;2990;0;0;0;0;14;14700;4;4020;34;349994;121;698997;73;354880;93;426790
20.11.2020 22:00;2;1990;2;2000;11;88603;158;495581;69;701514;0;0;2;2000;2;2000;0;0;0;0;10;11540;2;2020;32;389388;107;570551;44;238040;79;371258
20.11.2020 23:00;2;2000;2;2000;7;39580;86;263995;38;524957;0;0;2;2000;2;2000;0;0;0;0;2;2650;3;3010;13;167830;73;261206;27;82020;61;208810
21.11.2020 00:00;0;0;1;1000;12;138634;48;178290;38;460239;1;1480;0;0;1;990;0;0;0;0;5;6660;0;0;5;62765;36;149420;23;102218;40;116230
21.11.2020 01:00;0;0;0;0;8;64610;30;85350;21;302150;1;1350;0;0;0;0;0;0;0;0;0;0;0;0;4;92520;26;127240;14;44200;21;60690
21.11.2020 02:00;0;0;0;0;0;0;15;7310;16;237302;0;0;0;0;0;0;0;0;0;0;0;0;0;0;6;85230;14;36430;11;27820;16;35960
21.11.2020 03:00;0;0;0;0;2;660;18;10690;7;180470;0;0;0;0;0;0;0;0;0;0;1;1180;0;0;2;32210;10;36840;7;12640;1;2470
21.11.2020 04:00;1;1000;0;0;2;17336;19;42630;17;306263;3;23400;1;1000;0;0;0;0;0;0;0;0;0;0;5;45150;16;54976;3;9010;11;33310
21.11.2020 05:00;3;3000;3;3000;5;6390;58;138880;48;706433;6;40940;3;3000;3;3000;0;0;0;0;0;0;0;0;6;49950;47;177152;28;69650;30;85580
21.11.2020 06:00;4;3980;4;4000;14;120211;82;239980;31;506262;1;15990;4;4000;4;4000;0;0;0;0;2;2210;0;0;13;402142;60;330683;42;190425;34;129972
21.11.2020 07:00;4;3980;4;4000;17;194720;121;547480;88;907965;0;0;4;3990;4;4000;0;0;0;0;3;3010;1;1010;25;657828;85;507201;43;204680;38;163337
21.11.2020 08:00;5;5000;4;4000;22;176270;180;863400;165;1028182;1;580;5;5000;4;4000;0;0;0;0;11;12570;1;1000;36;446550;116;1004142;74;437815;88;411580
21.11.2020 09:00;4;4000;4;3990;37;207600;259;1256882;276;1943913;2;1920;4;4000;4;3990;0;0;0;0;27;29820;5;5030;66;867253;125;1605750;96;941353;104;749218
21.11.2020 10:00;4;3970;4;3990;50;444256;353;1525004;387;2226187;9;5920;4;4000;4;4000;0;0;0;0;25;26633;8;8050;53;869591;132;2365364;107;1312160;121;1002999
21.11.2020 11:00;4;3990;4;4000;77;562939;340;1441861;392;2373874;3;48280;4;4000;4;4000;0;0;0;0;37;39440;14;14050;94;1163877;161;2238226;120;1536045;129;1296204
21.11.2020 12:00;4;3990;4;4000;75;603914;363;1634198;399;2465611;6;3670;4;3990;4;4000;0;0;0;0;37;41589;11;11040;89;1303280;169;2228274;100;1696394;130;1249764
21.11.2020 13:00;4;4000;4;3990;73;524287;379;1446324;397;2618174;4;41310;4;4000;4;3990;0;0;0;0;44;51020;10;10086;81;1535191;155;2361111;130;1821719;138;1401623
21.11.2020 14:00;4;4000;4;4000;71;573830;417;1448289;381;2601251;3;37200;4;4000;4;4000;0;0;1;1350;41;45770;7;7030;83;1591479;162;2529904;99;1740459;128;1428598
21.11.2020 15:00;4;4000;4;4000;69;393693;376;1585440;353;2113116;4;1240;4;4000;4;3990;0;0;0;0;29;29370;9;9030;91;1382175;166;2286844;119;1721734;116;1408084
21.11.2020 16:00;4;4000;4;4000;62;416360;353;1611983;325;1994778;2;840;4;3990;4;3990;0;0;0;0;37;37620;6;6063;77;1130956;151;2438706;117;1680983;127;1170909
21.11.2020 17:00;4;4000;5;4990;72;541088;350;1492583;289;1933436;4;2060;4;4000;5;5000;0;0;0;0;29;33250;8;8020;82;1455364;139;2327309;141;1258286;138;1194445
21.11.2020 18:00;4;4000;4;3990;55;424882;330;1147398;214;1682390;2;970;4;4000;4;4000;0;0;0;0;28;31520;6;6010;85;1325303;142;2056619;111;1298872;142;869319
21.11.2020 19:00;4;3990;4;4000;34;311700;228;1135335;167;1327099;2;42030;4;4000;4;4000;0;0;0;0;34;36480;5;5020;61;1120078;137;1358015;121;837113;117;770470
21.11.2020 20:00;2;1980;2;2000;22;149115;205;895696;138;1068731;2;260;2;2000;2;2000;0;0;0;0;13;13560;2;2020;33;660291;127;1166073;69;441015;102;590450
21.11.2020 21:00;2;2000;2;2000;14;187740;182;755940;91;972411;3;780;2;1990;2;2000;0;0;0;0;12;12100;0;0;36;403160;139;834447;49;249340;87;343675
21.11.2020 22:00;2;2056;2;1980;14;35130;151;776957;99;752108;0;0;2;2000;2;2000;0;0;0;0;6;7370;0;0;35;388530;115;681053;60;234210;84;398422
21.11.2020 23:00;2;2000;2;2000;12;56340;115;398220;63;744679;2;1290;2;1990;2;1990;0;0;0;0;4;4030;1;1010;15;175035;108;567420;56;162650;74;221140
22.11.2020 00:00;0;0;1;1000;7;78554;50;179592;50;623563;1;32130;0;0;1;1000;0;0;0;0;1;1000;1;1000;8;100740;36;200454;37;96362;49;150962
22.11.2020 01:00;0;0;0;0;4;17140;41;74610;27;374070;0;0;0;0;0;0;0;0;0;0;0;0;0;0;11;138224;31;103488;17;46060;26;83736
22.11.2020 02:00;0;0;0;0;2;4120;20;55020;16;282227;0;0;0;0;0;0;0;0;0;0;0;0;0;0;6;114080;15;49680;13;32840;20;49800
22.11.2020 03:00;0;0;0;0;2;46430;22;55110;11;247725;1;19200;0;0;0;0;0;0;0;0;0;0;0;0;1;400;23;78370;0;0;6;16330
22.11.2020 04:00;0;0;0;0;0;0;7;25400;8;152470;2;42270;0;0;0;0;0;0;0;0;0;0;0;0;2;22210;5;18560;1;3110;10;24500
22.11.2020 05:00;1;1000;1;1000;3;1620;25;58220;31;527545;3;64000;2;1990;1;1000;0;0;0;0;0;0;0;0;2;47820;27;99300;10;24560;10;27010
22.11.2020 06:00;3;2990;2;2000;3;6960;27;126160;12;253450;2;64200;2;2000;2;2000;0;0;0;0;0;0;0;0;7;128740;20;69230;9;29620;27;61070
22.11.2020 07:00;2;2000;2;2000;8;107210;25;32750;23;413998;1;390;2;2000;2;2000;0;0;0;0;1;1000;0;0;7;91790;17;46360;15;37990;22;98070
22.11.2020 08:00;2;2000;2;1990;8;22930;47;105754;51;649077;2;2900;2;2000;2;2000;0;0;0;0;3;4030;1;1000;8;113450;41;167306;24;98616;24;89680
22.11.2020 09:00;2;2000;2;2000;11;56618;124;513390;122;1120685;2;970;2;1980;2;2000;0;0;0;0;4;4010;2;2000;22;323768;105;721805;61;328509;60;307109
22.11.2020 10:00;2;2000;2;2000;20;89100;162;637463;167;1216737;1;1290;2;1990;2;2000;0;0;0;0;11;11020;4;4030;34;256700;130;815291;71;498008;84;371548
22.11.2020 11:00;2;2000;2;2000;24;102664;239;1123461;221;1744986;5;19760;2;2000;2;2000;0;0;0;0;9;9470;1;1000;34;469740;154;1226380;94;766881;93;773253
22.11.2020 12:00;3;3000;3;2990;55;409008;245;1091139;258;1552256;3;20290;3;3000;3;3000;0;0;0;0;10;10690;3;3010;53;724015;131;1540564;94;739885;111;864636
22.11.2020 13:00;4;4000;4;4000;33;241494;260;1170553;302;1901199;3;55390;4;4000;4;3990;0;0;0;0;16;17150;2;2010;54;738859;145;1731741;105;1140618;112;733364
22.11.2020 14:00;4;4000;4;4000;40;291320;291;1151398;275;1880911;2;31770;4;3990;4;4000;0;0;0;0;17;17610;6;6010;54;600710;137;1747334;122;1008255;145;924383
22.11.2020 15:00;4;3990;4;3990;34;197470;315;1363816;278;1827814;0;0;4;3990;4;3990;0;0;0;0;9;8936;6;6020;58;603244;164;1944210;116;1008872;136;779416
22.11.2020 16:00;4;4000;4;4000;35;132774;314;1059749;273;1942537;1;580;4;4000;4;3990;0;0;0;0;23;23240;6;6000;54;585250;143;1897316;122;842740;122;904928
22.11.2020 17:00;4;3990;4;4000;37;218004;289;1193279;250;1707504;2;710;4;4000;4;4000;0;0;0;0;17;18550;10;10040;48;686586;156;1735605;114;791569;128;878593
22.11.2020 18:00;4;4000;4;4000;35;320508;287;1079208;180;1435909;1;570;4;4000;4;4000;0;0;0;0;15;16360;4;4020;52;641896;141;1518741;106;800285;111;527261
22.11.2020 19:00;2;2000;2;2000;29;262320;224;858885;133;1179101;0;0;2;1980;2;2000;0;0;0;0;13;13290;4;4000;34;354114;136;1206435;97;604187;122;551174
22.11.2020 20:00;2;2000;2;2000;17;114983;174;651443;99;946994;0;0;2;2000;2;1990;0;0;0;0;12;13380;2;2010;30;366287;119;878478;84;323127;96;381467
22.11.2020 21:00;2;2000;2;2000;14;89180;118;411064;66;682120;2;36754;2;1990;2;2000;0;0;0;0;4;4320;3;3010;17;261674;99;554004;56;168867;61;198020
22.11.2020 22:00;2;1990;2;2000;10;99780;86;406600;49;648500;0;0;2;2000;2;2000;0;0;0;0;3;3020;3;3010;10;163038;67;365317;41;159668;59;201745
22.11.2020 23:00;2;2000;2;2000;4;36830;32;157905;46;539334;0;0;2;2000;2;1990;0;0;0;0;3;3010;1;1010;8;48460;37;157452;17;58880;27;74590
23.11.2020 00:00;0;0;1;1000;2;19040;28;31150;11;173936;0;0;0;0;1;1000;0;0;0;0;0;0;0;0;2;24670;19;81965;13;26610;7;21280
23.11.2020 01:00;0;0;0;0;4;25570;18;9440;9;233846;0;0;0;0;0;0;0;0;0;0;0;0;0;0;2;35610;15;56170;3;4790;9;19390
23.11.2020 02:00;0;0;0;0;1;8820;11;7230;7;135915;1;14480;0;0;0;0;0;0;0;0;0;0;0;0;6;47080;9;45760;1;2460;3;16730
23.11.2020 03:00;0;0;0;0;3;62250;16;8710;9;192320;1;36990;0;0;0;0;0;0;0;0;0;0;0;0;1;16940;15;70640;2;4600;2;3740
23.11.2020 04:00;1;1000;0;0;3;24790;35;74790;17;356014;6;81810;1;1000;0;0;0;0;0;0;0;0;0;0;3;33620;29;127000;10;39260;20;63130
23.11.2020 05:00;3;2990;3;3000;13;111680;160;426827;115;1140393;12;58070;3;3000;3;2990;0;0;0;0;1;1010;0;0;9;36290;84;919379;42;235747;54;285992
23.11.2020 06:00;4;4000;4;4000;27;222406;439;1164482;258;1975092;2;960;4;4000;4;3980;0;0;0;0;3;3910;4;4010;35;443836;97;2242530;103;1238748;83;870528
23.11.2020 07:00;6;5990;4;3990;87;677226;499;1800615;447;2611948;10;7020;6;5980;4;4000;0;0;0;0;27;28340;7;7060;72;907420;43;3496056;95;2241040;120;1934838
23.11.2020 08:00;7;7000;7;7000;73;1162515;513;1745368;435;2934383;14;161520;7;7000;8;7990;0;0;0;0;16;16510;2;2010;66;1429235;143;3083396;56;2590522;119;2260763
23.11.2020 09:00;5;4980;5;4990;59;360857;395;1639656;414;2484678;6;3170;5;5000;5;4990;0;0;0;0;29;30750;8;8040;80;1165014;141;2664380;109;1941277;160;1520855
23.11.2020 10:00;4;4000;5;5000;65;532170;352;1457301;385;2685949;6;4070;4;3990;5;5000;0;0;0;0;33;34870;7;7050;78;1321812;147;2206362;89;1917477;104;1516006
23.11.2020 11:00;4;4000;4;4000;89;527489;371;1782899;393;2495289;6;4920;4;4000;4;4000;0;0;0;0;31;33190;5;5020;91;1195448;143;2562125;133;1881422;127;1590368
23.11.2020 12:00;5;5000;4;4000;109;896912;402;1781554;375;2563808;9;55990;5;5000;4;4000;0;0;0;0;37;42450;5;5010;97;1670771;167;2592023;117;1854865;126;1362915
23.11.2020 13:00;8;8000;8;8000;90;811538;376;1602083;396;2431275;9;124360;8;7990;8;7990;0;0;0;0;35;40230;5;5075;86;1690929;146;2754644;96;1997282;143;1363734
23.11.2020 14:00;5;4990;7;7000;80;555559;393;1479419;405;2519997;7;43250;5;5000;7;6970;0;0;1;470;30;32890;9;9010;96;1463970;167;2602123;113;2216600;146;1548793
23.11.2020 15:00;4;3990;3;2990;108;749367;426;1683309;410;2899919;8;8410;4;4000;3;3000;0;0;0;0;34;35600;13;13070;99;1729474;192;2490644;120;2426465;153;1691897
23.11.2020 16:00;4;4000;5;5000;111;746038;420;1622352;422;2946490;6;3420;4;3990;5;4990;0;0;0;0;31;37580;11;11050;123;1599284;176;2589370;116;2363834;153;1631515
23.11.2020 17:00;4;4000;3;2990;80;773473;483;1393850;332;2789472;6;2250;4;4000;3;3000;0;0;0;0;39;45080;17;17050;108;1385959;155;2609088;149;2189944;146;1411920
23.11.2020 18:00;4;4000;4;3990;83;450905;369;1132803;275;2357769;2;1480;4;3990;4;4000;0;0;1;350;29;30580;11;11050;95;1261384;147;1838438;153;1855971;160;1266619
23.11.2020 19:00;5;5000;5;5000;54;412243;277;912836;171;1837438;3;36530;5;5000;5;5000;0;0;0;0;18;22110;8;8020;63;1004528;167;1335913;149;1126325;118;744898
23.11.2020 20:00;3;3000;3;3000;33;143022;171;832799;142;1190342;1;2510;3;2990;3;3000;0;0;0;0;23;23270;7;7010;44;676712;106;1039859;94;545583;79;305044
23.11.2020 21:00;2;1990;3;3000;9;64740;97;411254;74;648212;1;450;2;2000;3;3000;0;0;0;0;12;13560;2;2010;35;393716;72;401020;59;208960;52;203520
23.11.2020 22:00;2;2000;2;1990;15;33590;108;448384;55;719131;0;0;2;1990;2;2000;0;0;0;0;5;5030;0;0;22;197520;87;498791;46;112910;37;107700
23.11.2020 23:00;2;2000;2;2000;3;4770;50;853053;28;511121;1;320;2;2000;2;2000;0;0;0;0;1;1010;0;0;6;104425;55;193199;19;52370;26;56560
24.11.2020 00:00;0;0;1;1000;2;41800;38;55440;15;295440;1;16260;0;0;1;1000;0;0;0;0;0;0;0;0;3;18040;36;93596;6;17920;13;28530
24.11.2020 01:00;0;0;0;0;2;48240;16;44116;12;293870;2;40960;0;0;0;0;0;0;0;0;0;0;0;0;1;17180;12;107060;2;5040;6;13390
24.11.2020 02:00;0;0;0;0;1;1300;13;8110;8;131310;1;580;0;0;0;0;0;0;0;0;0;0;0;0;2;37140;10;27500;5;10000;4;5280
24.11.2020 03:00;0;0;0;0;1;44030;16;9850;6;125780;0;0;0;0;0;0;0;0;0;0;0;0;0;0;0;0;12;42100;1;3090;4;13800
24.11.2020 04:00;1;1000;0;0;3;4940;36;132340;25;530386;5;88240;1;1000;0;0;0;0;0;0;0;0;0;0;5;66400;29;159845;12;36950;16;42725
24.11.2020 05:00;3;3000;3;2990;8;85070;162;516666;108;1002154;7;37360;3;3000;3;3000;0;0;0;0;0;0;1;1000;13;114854;95;943113;56;205734;34;113060
24.11.2020 06:00;4;4000;4;4000;25;388753;430;1216020;246;2129195;5;5460;4;3990;4;4000;0;0;0;0;3;3020;9;9010;35;466819;119;2311031;80;1623495;95;742043
24.11.2020 07:00;7;7000;5;5000;82;978464;539;1546840;437;2723398;12;25730;7;7000;5;4990;0;0;0;0;15;16930;11;11030;73;1171373;84;3260264;121;2264521;130;1984295
24.11.2020 08:00;8;8000;8;8039;70;624296;510;1806829;434;2972837;16;9840;8;7990;8;8000;0;0;0;0;34;36470;12;12030;73;1311047;158;3136645;81;2061624;107;1623317
24.11.2020 09:00;6;6000;4;3980;66;617710;512;1868540;414;2611069;9;122060;6;5990;5;4990;0;0;0;0;30;30810;6;6040;69;1154891;158;3050309;86;1803827;102;1408599
24.11.2020 10:00;5;5000;6;5970;82;650377;431;1657075;429;2700360;6;4400;5;5000;5;4990;0;0;0;0;30;33284;10;10050;86;1193266;129;2865891;107;2047250;120;1445821
24.11.2020 11:00;6;6000;7;7000;92;603798;399;1761997;405;2544235;9;7560;6;5990;8;8000;0;0;0;0;30;32710;9;9050;93;1307165;156;2783463;116;2268108;104;1087539
24.11.2020 12:00;5;4990;5;5000;99;724284;395;1840387;385;2370381;4;1540;5;5000;4;3990;0;0;0;0;23;23430;6;6030;111;1698348;160;2697325;128;2203306;138;1367601
24.11.2020 13:00;6;6000;7;6980;102;1017729;370;1835852;431;2813481;13;110840;6;6000;7;7000;0;0;0;0;35;36990;13;13040;100;1583375;148;2832505;116;2398674;146;1348002
24.11.2020 14:00;5;5000;5;5000;102;680492;401;1714261;393;2588498;9;42325;5;5000;6;6000;0;0;0;0;32;33390;9;9050;103;1594682;153;2739671;106;2682294;135;1430496
24.11.2020 15:00;4;4000;4;3990;99;837172;415;1550864;385;2893556;7;4030;4;4000;4;4000;0;0;0;0;46;52166;6;6020;97;1416819;182;2748928;132;2477954;154;2098331
24.11.2020 16:00;4;3990;4;4000;117;754060;429;1796744;380;3011764;10;72970;4;4000;4;4000;0;0;0;0;44;48469;11;11131;98;1694394;147;2792251;126;2863506;134;2239811
24.11.2020 17:00;4;3990;4;4000;104;755925;475;1692043;360;2902769;8;4260;4;4000;3;2990;0;0;0;0;40;42110;23;23112;108;1474953;138;2663526;134;2672199;184;2248326
24.11.2020 18:00;4;4000;5;5000;91;746478;389;1168928;309;2416210;6;32733;4;4000;5;5000;0;0;0;0;38;41280;9;9030;88;1319784;154;2115531;177;2104138;170;1513302
24.11.2020 19:00;5;5000;4;4000;54;415113;298;951971;198;1974492;9;3250;5;4990;4;3980;0;0;0;0;15;16460;6;6000;65;840742;153;1342030;152;1134010;138;1162169
24.11.2020 20:00;3;3000;3;3000;32;192770;190;1115686;130;1170458;1;1540;3;3000;3;3000;0;0;0;0;15;15500;3;3000;41;1703561;119;1239210;111;687265;87;507767
24.11.2020 21:00;2;2000;3;3000;20;126249;140;503080;87;735427;0;0;2;2000;3;2990;0;0;0;0;9;9260;1;1010;32;324940;103;514183;85;338777;62;280880
24.11.2020 22:00;2;2000;2;1990;13;58410;105;446354;65;778836;0;0;2;2000;2;1990;0;0;0;0;7;7440;2;2010;22;295530;84;408276;50;192486;47;127726
24.11.2020 23:00;2;2000;2;2000;10;60310;67;131740;30;470630;0;0;2;1990;2;1990;0;0;0;0;6;6910;0;0;8;78103;59;219706;23;60380;21;61830
25.11.2020 00:00;0;0;1;1000;1;490;33;82210;14;284756;1;17730;0;0;1;1000;0;0;0;0;1;1310;0;0;7;97140;26;75470;16;31850;23;61390
25.11.2020 01:00;0;0;0;0;2;27030;21;22630;17;179230;0;0;0;0;0;0;0;0;0;0;0;0;0;0;4;53769;14;42680;5;12324;9;21650
25.11.2020 02:00;0;0;0;0;0;0;7;4310;12;233560;1;1030;0;0;0;0;0;0;0;0;0;0;0;0;0;0;5;15330;2;3740;2;5830
25.11.2020 03:00;0;0;0;0;1;15770;15;16450;6;109080;3;47110;0;0;0;0;0;0;0;0;0;0;0;0;0;0;8;52800;1;3040;4;7760
25.11.2020 04:00;1;1000;0;0;4;20890;28;94470;22;391006;7;94583;1;1000;0;0;0;0;0;0;0;0;0;0;3;27410;28;91572;9;25345;14;40940
25.11.2020 05:00;3;3000;2;2000;9;41430;181;541757;110;1051558;8;92480;3;2990;3;3000;0;0;0;0;1;1010;2;2010;16;84000;105;1096156;54;185523;31;111200
25.11.2020 06:00;4;3980;4;4000;25;308070;441;1066852;241;1851135;9;6510;4;3990;4;3990;0;0;0;0;6;6030;4;4010;31;488540;126;2270458;123;1200040;73;512019
25.11.2020 07:00;6;6000;5;5000;84;576755;514;1936158;449;2715101;11;65110;6;6000;4;3990;0;0;0;0;19;19710;8;8040;74;1351323;57;3342836;110;1976739;98;1393261
25.11.2020 08:00;7;6990;8;8000;80;723135;510;1368841;439;2757244;10;5140;7;7000;8;7990;0;0;1;620;23;23790;3;3076;70;1171999;134;3225253;98;2121547;105;1777218
25.11.2020 09:00;4;4000;4;4000;73;382082;387;1487393;439;2510911;5;56280;4;4000;4;4000;0;0;0;0;26;30540;12;12080;90;1069937;153;2797992;102;1728298;112;1430327
25.11.2020 10:00;4;3970;3;2990;68;313970;373;1528291;389;2295596;5;31590;4;3990;3;3000;0;0;0;0;24;25150;4;4020;71;1148899;149;2439543;109;1596864;124;1208382
25.11.2020 11:00;4;4000;4;3990;95;609280;354;1690271;407;2322779;11;9850;4;4043;4;4000;0;0;0;0;23;23470;8;8030;99;1165601;143;2420481;114;1916680;152;1128937
25.11.2020 12:00;5;4990;6;6000;95;831700;369;1904838;401;2646856;6;7420;5;4990;6;6000;0;0;0;0;29;32750;4;4010;102;1680143;141;2602779;110;1936103;131;1410575
25.11.2020 13:00;8;7980;7;7000;103;593731;421;1889389;442;2779770;4;2570;8;7990;8;7990;0;0;0;0;33;35890;13;13060;103;1474028;155;2818754;110;2253736;133;1579520
25.11.2020 14:00;5;5000;7;6990;91;489010;376;1501340;397;2305200;5;3810;5;5000;6;6000;0;0;0;0;28;34980;19;19154;107;1463436;149;2538343;115;2123686;141;1581357
25.11.2020 15:00;4;4000;3;3000;100;648087;454;1700724;399;2730679;7;116600;4;3980;3;3000;0;0;0;0;40;46390;16;16090;93;1617277;201;2581803;119;2430558;134;1682197
25.11.2020 16:00;4;4000;4;4000;100;1007574;479;1468245;370;2969588;3;1370;4;3990;4;4000;0;0;0;0;48;51170;16;16090;99;1483702;197;2519547;143;2427555;193;1849433
25.11.2020 17:00;4;3990;5;4990;100;782012;443;1714437;377;2805066;7;6290;4;4032;5;5000;0;0;0;0;33;34270;11;11020;104;1431810;115;2682427;158;2266032;177;1782799
25.11.2020 18:00;4;4000;3;3000;91;539838;416;1486894;286;2571726;6;4260;4;4000;3;3000;0;0;0;0;28;29310;14;14080;85;1303274;165;2203151;146;1797735;145;1290870
25.11.2020 19:00;5;5000;5;5000;52;533754;278;903134;215;1857359;7;32070;5;4990;5;5000;0;0;0;0;34;36040;10;10040;80;1022599;136;1148792;115;1334356;102;791059
25.11.2020 20:00;3;3000;3;3000;25;107403;206;1011599;119;1183261;2;1550;3;3000;3;2990;0;0;0;0;14;14920;6;6000;43;462393;129;1106085;104;744800;107;483605
25.11.2020 21:00;2;2000;3;3000;26;134120;140;580741;102;779759;1;450;2;2000;3;2990;0;0;0;0;8;8390;2;2000;35;363149;105;653854;61;356720;71;256740
25.11.2020 22:00;2;1990;2;2000;11;85135;114;405020;63;763306;0;0;2;2000;2;2000;0;0;0;0;6;6270;3;3000;22;182963;88;392447;56;253760;57;177890
25.11.2020 23:00;2;2000;2;1990;4;4620;67;199240;26;299593;0;0;2;2000;2;1990;0;0;0;0;0;0;1;1000;14;125265;72;268150;25;63710;18;52550
26.11.2020 00:00;0;0;1;1000;3;24400;35;118380;27;345381;1;32460;0;0;1;1000;0;0;0;0;0;0;0;0;3;22300;28;99979;9;30219;18;55260
26.11.2020 01:00;0;0;0;0;1;16410;22;63190;9;179076;0;0;0;0;0;0;0;0;0;0;0;0;0;0;1;4230;18;82900;4;23710;7;23000
26.11.2020 02:00;0;0;0;0;2;1620;13;5990;3;53880;0;0;0;0;0;0;0;0;0;0;0;0;0;0;2;32840;9;31540;0;0;7;16370
26.11.2020 03:00;0;0;0;0;1;810;16;10930;9;211100;1;36870;0;0;0;0;0;0;0;0;0;0;0;0;1;1100;11;36860;1;1360;4;6250
26.11.2020 04:00;1;990;0;0;3;25270;27;70850;25;435113;3;21780;1;1000;0;0;0;0;0;0;0;0;0;0;4;32020;28;123680;8;19160;9;27380
26.11.2020 05:00;3;3000;3;2990;10;44960;171;605290;116;1175157;7;75830;3;3000;3;3000;0;0;0;0;2;2010;1;1000;15;173310;100;888222;52;246890;36;135790
26.11.2020 06:00;4;3990;4;4000;17;72150;436;1113129;237;1846413;7;5990;4;4000;4;4000;0;0;0;0;4;5260;2;2020;23;291600;107;2108037;97;947381;80;464890
26.11.2020 07:00;7;6990;5;4990;82;706481;503;2001791;441;2666684;13;10820;7;7000;5;4980;0;0;0;0;31;32560;11;11040;77;959726;62;3326432;125;2134787;122;1708760
26.11.2020 08:00;7;7000;8;7990;76;468345;505;1771595;454;2550526;10;6760;7;7034;8;8000;0;0;0;0;26;26230;4;4010;69;877230;133;3223400;88;2090728;102;1463495
26.11.2020 09:00;5;5000;5;5000;56;373380;432;1485324;432;2474603;6;3300;5;5000;5;5000;0;0;0;0;24;25285;5;5020;68;1042473;164;2822577;99;1733280;127;1441064
26.11.2020 10:00;4;4000;3;3000;62;557727;352;1598120;380;2228192;12;56550;4;3990;4;4000;0;0;0;0;28;34170;8;8040;72;1107831;130;2479646;110;1656689;133;1461654
26.11.2020 11:00;4;3990;5;4980;93;779585;363;1734368;406;2406389;12;33610;4;4000;4;4000;0;0;0;0;20;20380;12;12050;103;1502174;165;2437222;110;1866502;114;1136691
26.11.2020 12:00;5;5000;4;4000;93;745710;376;1676506;427;2711467;9;9340;5;4990;5;5043;0;0;0;0;41;44070;6;6020;115;1795198;152;2615979;124;1892046;131;1208061
26.11.2020 13:00;8;7980;8;7990;91;687804;405;1734077;454;2711911;11;59875;8;8000;7;7034;0;0;0;0;36;42040;17;17100;100;1439206;134;2848104;102;2166715;122;1206661
26.11.2020 14:00;5;5000;6;6000;105;911223;397;1619315;409;2597200;6;3340;5;5000;7;7000;0;0;0;0;33;34200;12;12040;117;1681938;157;2572239;131;2167568;141;1451784
26.11.2020 15:00;4;4000;4;4000;106;900392;407;1905567;403;2793693;7;49990;3;3000;3;3000;0;0;0;0;39;44215;18;18120;105;1365466;183;2645733;132;2622170;156;1653566
26.11.2020 16:00;4;3990;4;3990;110;733787;467;1568397;387;2908873;7;3630;4;3990;4;4000;0;0;0;0;47;54306;13;13030;108;1718657;174;2850297;129;2546377;161;1988538
26.11.2020 17:00;4;4000;5;5000;97;976289;475;1733948;339;3087759;4;1800;4;3990;5;4990;0;0;0;0;38;40360;16;16060;92;1769369;162;2537347;135;2756827;178;2627742
26.11.2020 18:00;4;3990;4;4000;98;722302;421;1327984;319;2503718;10;22640;4;4000;4;4000;0;0;0;0;37;39700;14;14060;95;1612193;175;1951211;148;1931923;147;1442734
26.11.2020 19:00;5;4990;4;4000;56;579395;307;986754;213;1803863;4;3730;5;4990;4;3990;0;0;0;0;29;31510;9;9050;72;1108032;160;1355388;134;1123342;102;1014044
26.11.2020 20:00;3;3000;3;3000;25;138475;196;1085950;159;1386993;3;436779;3;3000;3;3000;0;0;0;0;17;17890;4;4000;70;953824;116;1066855;93;677730;80;418520
26.11.2020 21:00;2;2000;3;3000;17;84184;167;616573;96;950654;0;0;2;2000;3;3000;0;0;0;0;9;9160;2;2010;30;307477;109;803668;75;396320;69;327920
26.11.2020 22:00;2;1990;2;2000;12;140494;119;462829;69;630854;1;42840;2;2000;2;2000;0;0;0;0;10;11040;3;3020;26;326494;90;420350;62;271075;55;200910
26.11.2020 23:00;2;1990;2;1990;11;42251;75;304300;31;486080;0;0;2;2000;2;2000;0;0;0;0;3;3030;0;0;10;142140;69;282151;27;90260;33;116720
27.11.2020 00:00;0;0;1;1000;5;42910;41;63870;14;230130;1;21390;0;0;1;1000;0;0;0;0;2;2010;0;0;6;143960;31;107040;14;46670;14;48620
27.11.2020 01:00;0;0;0;0;2;47873;22;43824;9;117540;0;0;0;0;0;0;0;0;0;0;0;0;0;0;4;30004;20;54764;10;23570;9;24260
27.11.2020 02:00;0;0;0;0;2;18820;12;29350;10;192735;0;0;0;0;0;0;0;0;0;0;0;0;0;0;3;84475;11;43410;4;8790;8;24870
27.11.2020 03:00;0;0;0;0;1;570;13;6580;7;122290;1;2250;0;0;0;0;0;0;0;0;0;0;0;0;1;44190;13;44350;3;5910;4;8040
27.11.2020 04:00;1;1000;0;0;4;8340;38;96570;29;496007;3;32250;1;1000;0;0;0;0;0;0;0;0;0;0;2;25660;32;136152;10;28019;13;48980
27.11.2020 05:00;3;3000;3;2990;16;126300;152;479530;105;1205723;11;79370;3;3000;3;3000;0;0;0;0;1;1150;0;0;15;75820;95;867251;48;375986;32;148350
27.11.2020 06:00;4;3990;3;2990;24;275764;386;1100224;227;2019584;3;2650;4;3990;4;4000;0;0;0;0;5;5030;4;4010;23;348124;114;2083337;110;1036544;75;504327
27.11.2020 07:00;7;6970;6;5990;80;516508;461;2067119;404;2501759;9;65678;7;7000;5;4980;0;0;0;0;27;27710;8;8030;65;1184768;77;3249966;119;1796045;111;1432680
27.11.2020 08:00;8;8000;9;8990;82;634214;494;1470919;415;2613310;4;5520;8;7990;9;8980;0;0;0;0;28;29285;5;5020;60;1115587;148;2984711;75;1936338;97;1557457
27.11.2020 09:00;4;3990;3;3000;71;782086;398;1395791;454;2570533;12;6590;4;3990;3;3000;0;0;0;0;25;29080;11;11060;68;1127410;156;2550002;99;2023449;136;1436880
27.11.2020 10:00;4;3990;4;4000;66;378160;370;1735430;487;2676049;11;6020;4;3990;5;5000;0;0;0;0;34;38360;15;15070;84;1144416;140;2724118;107;1770546;106;1303225
27.11.2020 11:00;4;3990;4;4000;84;661495;381;1601506;414;2646340;8;55770;5;5000;4;4000;0;0;0;0;24;24520;12;12070;101;1482024;154;2381622;96;1944018;145;1367242
27.11.2020 12:00;6;5980;6;6000;118;801104;457;1825909;400;3002321;15;10690;5;4980;5;5000;0;0;0;0;29;32460;9;9040;124;1690017;196;2710847;131;2056276;150;1672793
27.11.2020 13:00;8;7980;8;7980;129;803222;390;2177730;374;2917133;4;1690;8;7990;8;7980;0;0;1;1350;40;43310;18;18110;126;1962542;151;2997058;97;2644191;116;2072513
27.11.2020 14:00;5;4980;6;6000;98;906711;434;1645091;428;2842918;6;78010;5;4990;6;6000;0;0;0;0;37;42960;11;11070;110;1697689;203;2601318;118;2315907;129;1809807
27.11.2020 15:00;4;3990;4;4000;116;797601;503;1858714;415;2963242;7;2410;4;4000;4;4000;0;0;0;0;39;41580;7;7020;101;1319254;196;2942713;116;2444455;142;1695955
27.11.2020 16:00;4;3990;4;3990;115;940984;489;1716525;425;3003540;8;3510;4;4000;5;4990;0;0;0;0;36;39210;18;18050;105;1552976;153;2967585;113;2244965;126;1896070
27.11.2020 17:00;4;4000;4;4000;94;819786;493;1680337;379;2556300;3;1410;4;3990;3;3000;0;0;0;0;32;36030;20;20080;102;1585360;120;2859417;154;2110867;151;1682202
27.11.2020 18:00;4;4053;4;4000;89;759285;417;1502929;262;2566209;6;3170;4;4000;5;4990;0;0;0;0;47;55550;16;15990;94;1868043;146;2360387;155;1941982;126;1534711
27.11.2020 19:00;5;5000;4;3990;53;538896;320;1065453;210;2082621;2;510;5;4990;4;3990;0;0;0;0;27;32760;6;6050;73;1201809;155;1538607;144;1300109;131;979788
27.11.2020 20:00;3;2990;4;4000;36;223310;233;1049730;173;1390840;3;27830;3;3000;3;3000;0;0;0;0;24;24680;4;4010;80;761276;130;1339242;99;690864;111;666153
27.11.2020 21:00;2;2000;3;3000;28;92299;182;805513;130;1029156;0;0;2;2000;3;3000;0;0;0;0;11;11400;6;6040;37;479711;114;925902;109;494766;91;466700
27.11.2020 22:00;2;2000;2;2000;11;70790;150;616859;94;812562;0;0;2;2000;2;2000;0;0;0;0;4;4020;0;0;20;250206;121;517949;64;262300;88;396120
27.11.2020 23:00;2;2000;2;2000;6;66044;95;348750;55;760200;0;0;2;2000;2;2000;0;0;0;0;5;6190;0;0;19;172149;74;341560;38;100216;43;113044
28.11.2020 00:00;0;0;1;1000;9;8570;66;275001;40;660301;1;16830;0;0;1;1000;0;0;0;0;2;2287;0;0;6;85400;51;231881;32;92681;26;73730
28.11.2020 01:00;0;0;0;0;3;6800;35;37750;25;303041;0;0;0;0;0;0;0;0;0;0;1;1050;0;0;1;16380;30;85290;9;20990;17;41510
28.11.2020 02:00;0;0;0;0;6;31140;21;138453;16;231750;0;0;0;0;0;0;0;0;0;0;0;0;0;0;6;127940;20;80200;7;18770;12;27120
28.11.2020 03:00;0;0;0;0;5;67910;21;10570;12;298978;2;57490;0;0;0;0;0;0;0;0;0;0;0;0;2;4870;12;45710;6;10440;10;27450
28.11.2020 04:00;1;1000;0;0;3;5420;24;59810;23;355230;4;67120;1;1000;0;0;0;0;0;0;0;0;0;0;6;108790;18;47590;16;35530;15;36700
28.11.2020 05:00;3;2990;3;3000;7;97517;39;172630;39;560973;3;72750;3;2990;3;3000;0;0;0;0;1;1000;0;0;7;24890;36;191230;23;69422;21;63140
28.11.2020 06:00;4;3990;4;3990;8;11240;87;199945;41;588280;1;250;4;4000;4;3990;0;0;0;0;2;2020;1;1000;9;113620;77;366790;33;101253;25;74280
28.11.2020 07:00;5;5000;4;3990;11;30030;123;612779;83;916111;0;0;5;4990;4;4000;0;0;0;0;5;5010;0;0;22;334670;100;676994;72;320337;34;136290
28.11.2020 08:00;5;4990;5;4990;22;81430;179;710239;119;1148722;3;2900;5;4990;5;4980;0;0;0;0;17;18850;5;5010;23;252941;111;967362;66;513367;70;316970
28.11.2020 09:00;4;3980;4;4000;35;328330;290;1202003;281;2105987;5;3930;4;4000;4;4000;0;0;0;0;27;30103;6;6030;49;727655;121;1756066;97;1235113;98;944409
28.11.2020 10:00;5;5000;4;4000;53;344000;312;1275977;377;2090793;5;2460;5;5000;4;3990;0;0;0;0;28;31290;5;5000;66;1008645;143;2083428;110;1408281;114;911286
28.11.2020 11:00;4;4000;5;5000;78;391109;411;1531569;378;2408093;8;4660;4;4000;5;4990;0;0;0;0;31;32710;8;8030;87;951777;129;2477674;104;1632946;128;1335874
28.11.2020 12:00;4;3980;4;4000;89;561071;382;1802069;398;2334572;3;780;4;4000;4;4000;0;0;0;0;36;37220;8;8030;93;1359514;154;2603305;150;1663717;136;1375666
28.11.2020 13:00;4;4000;4;4000;78;651915;374;1792758;359;2305886;5;2650;4;4000;4;4000;0;0;0;0;41;41730;12;12080;96;1289540;128;2517901;133;1643280;145;1587897
28.11.2020 14:00;4;4000;4;4000;74;596537;403;1810036;355;2483025;2;1220;4;4000;4;4000;0;0;0;0;31;35000;13;13040;102;1509028;155;2424753;122;1661843;122;1385435
28.11.2020 15:00;4;4000;4;4000;65;569730;380;1543333;371;2297703;6;4890;4;3990;4;3980;0;0;0;0;38;42932;15;15050;89;1380076;156;2328341;103;1740280;107;1354460
28.11.2020 16:00;4;3980;4;4000;61;447404;390;1455859;319;2151153;3;1880;4;4000;4;4000;0;0;0;0;38;42080;7;7010;92;1316464;149;2321430;126;1696351;144;1483245
28.11.2020 17:00;4;3990;5;4990;63;463529;377;1568057;297;1951548;6;4260;4;3990;5;4990;0;0;0;0;35;36020;7;7020;90;1421846;127;2507915;151;1425911;146;1137249
28.11.2020 18:00;4;4000;4;4000;53;328730;354;1286733;237;1828275;1;640;4;4000;4;4000;0;0;0;0;26;28460;2;2020;74;964931;134;2099796;142;1007961;122;961125
28.11.2020 19:00;4;4000;4;4000;43;332590;271;1193283;183;1638686;3;5340;4;4000;4;4000;0;0;0;0;27;30660;5;5020;68;1098492;132;1364628;107;1060762;125;792440
28.11.2020 20:00;2;1990;2;2000;33;179210;240;796999;137;1153041;1;33720;2;1990;2;1990;0;0;0;0;16;19850;4;4020;48;559355;150;1274920;98;446756;106;522534
28.11.2020 21:00;2;2000;2;1990;18;66260;191;833804;90;708827;0;0;2;2000;2;2000;0;0;0;0;19;19969;1;1000;31;355666;114;1039339;69;303445;88;483541
28.11.2020 22:00;2;2000;2;2000;20;187265;176;808579;71;735004;1;9090;2;1990;2;2000;0;0;0;0;7;7190;3;3000;50;883588;137;802990;56;313371;75;403303
28.11.2020 23:00;2;2000;2;2000;12;148430;123;388563;44;442514;1;200;2;2000;2;2000;0;0;0;0;3;3020;2;2000;20;459846;95;436228;41;136500;48;135630
29.11.2020 00:00;0;0;1;1000;12;40540;75;243434;49;616238;2;2950;0;0;1;1000;0;0;0;0;5;5030;2;2010;8;68790;64;224087;32;120553;45;165900
29.11.2020 01:00;0;0;0;0;8;48976;43;91410;29;560096;0;0;0;0;0;0;0;0;0;0;1;1000;0;0;6;70930;40;175257;25;63720;33;86040
29.11.2020 02:00;0;0;0;0;4;50990;14;10334;21;278884;0;0;0;0;0;0;0;0;0;0;0;0;0;0;4;100550;10;23070;15;32260;23;51080
29.11.2020 03:00;0;0;0;0;4;7440;16;11960;12;209907;1;23300;0;0;0;0;0;0;0;0;0;0;0;0;1;18220;13;39340;7;24820;14;35340
29.11.2020 04:00;0;0;0;0;1;35260;19;62020;7;176965;1;17265;0;0;0;0;0;0;0;0;0;0;0;0;1;15350;12;31310;9;69820;13;36600
29.11.2020 05:00;2;2000;1;1000;4;20250;13;65330;26;357306;4;34010;2;2000;1;1000;0;0;0;0;0;0;0;0;2;12700;12;39117;7;23010;9;24420
29.11.2020 06:00;2;2000;2;2000;6;24260;25;55110;15;286571;3;71060;2;2000;2;2000;0;0;0;0;0;0;0;0;8;145771;25;82520;11;19730;4;6640
29.11.2020 07:00;2;2000;2;1990;6;9720;29;64350;24;439107;1;22760;2;2000;2;2000;0;0;0;0;1;1000;0;0;7;105153;16;60340;15;40530;15;60020
29.11.2020 08:00;2;2000;2;1990;8;9290;52;286300;49;628512;1;1480;2;2000;2;2000;0;0;0;0;1;1000;2;2010;18;232250;49;199929;20;90432;24;73050
29.11.2020 09:00;2;2000;2;1990;16;74920;133;648008;91;767141;2;20830;2;1980;2;2000;0;0;0;0;7;7400;4;4010;19;160730;97;435970;48;322404;61;195029
29.11.2020 10:00;2;1990;2;2000;17;72470;174;777504;152;1186173;0;0;2;2000;2;2000;0;0;0;0;8;8780;3;3010;27;308493;128;1091339;77;506564;81;365575
29.11.2020 11:00;2;2000;2;2000;34;231043;250;837672;207;1323733;1;260;2;2000;2;2000;0;0;0;0;9;9250;8;8030;54;623527;142;1233085;86;696315;93;625244
29.11.2020 12:00;3;3000;3;3000;43;231450;234;943908;242;1545237;4;29710;3;3000;3;3000;0;0;0;0;9;10130;4;4020;47;479470;133;1230849;95;1002883;101;754006
29.11.2020 13:00;4;4000;4;3990;39;193590;283;1215207;264;1786787;3;19540;4;4000;4;4000;0;0;0;0;13;14930;7;7010;62;680487;168;1641094;114;1145098;112;992297
29.11.2020 14:00;4;4000;4;4000;46;402556;321;1233617;315;2097309;1;840;4;4000;4;3990;0;0;0;0;26;26800;7;7020;65;1096711;200;1837799;118;1156761;137;964052
29.11.2020 15:00;4;3990;4;4000;37;162880;327;1161880;313;1782910;3;510;4;4000;4;3990;0;0;0;0;30;31803;6;6000;52;626658;175;1684752;116;1202491;130;964959
29.11.2020 16:00;4;3990;4;4000;38;174200;345;1337125;289;2064893;4;1360;4;4000;4;4000;0;0;0;0;27;27650;9;9030;63;725830;143;2110831;113;1149604;114;896531
29.11.2020 17:00;4;3980;4;4000;43;306050;328;1302360;227;1661807;1;520;4;4000;4;3990;0;0;0;0;16;18210;5;5010;48;781959;147;1832233;119;1302440;125;754132
29.11.2020 18:00;4;4000;4;4000;45;158204;306;1037124;205;1412311;2;1930;4;3980;4;4000;0;0;0;0;7;7720;2;2010;53;640043;144;1801871;131;653909;119;532508
29.11.2020 19:00;2;2000;2;1990;27;181490;221;835534;160;1280081;0;0;2;2000;2;2000;0;0;0;0;9;9070;2;2000;48;610890;130;1272010;116;661355;95;450850
29.11.2020 20:00;2;2000;2;2000;24;89190;171;641550;124;973310;0;0;2;1990;2;2000;0;0;0;0;6;6050;3;3010;44;300770;113;739624;99;493833;81;349420
29.11.2020 21:00;2;1990;2;2000;12;73430;119;453920;76;796587;2;330;2;2000;2;2000;0;0;0;0;2;2220;4;4010;31;410653;103;585011;55;308131;68;252240
29.11.2020 22:00;2;2000;2;2000;9;21800;82;425216;50;677107;0;0;2;2000;2;2055;0;0;0;0;2;2430;4;4000;15;127300;64;283368;49;119467;41;143007
29.11.2020 23:00;2;2000;2;2000;8;33673;55;158560;27;402327;0;0;2;1990;2;2000;0;0;0;0;5;5020;2;2010;12;189333;47;210420;21;54800;31;91570
30.11.2020 00:00;0;0;1;990;1;16950;32;71360;17;225030;1;2440;0;0;1;1000;0;0;0;0;1;1010;0;0;6;141800;24;91870;13;15920;21;61665
30.11.2020 01:00;0;0;0;0;3;47570;22;11600;6;86610;1;39620;0;0;0;0;0;0;0;0;0;0;0;0;0;0;15;46620;8;17860;9;20780
30.11.2020 02:00;0;0;0;0;4;21070;16;45930;6;101610;0;0;0;0;0;0;0;0;0;0;1;1000;0;0;6;85340;14;63060;5;9910;14;27340
30.11.2020 03:00;0;0;0;0;1;45890;17;9180;7;147310;1;510;0;0;0;0;0;0;0;0;0;0;0;0;3;77720;17;52090;6;15650;3;8200
30.11.2020 04:00;0;0;0;0;2;18760;33;107700;26;400007;5;44610;0;0;0;0;0;0;0;0;0;0;0;0;3;73292;27;121710;10;31540;14;40810
30.11.2020 05:00;3;3000;1;1000;8;10820;147;439422;114;1043674;11;104380;3;3000;2;2000;0;0;1;500;1;1000;2;1990;13;168090;115;777140;56;235780;26;81350
30.11.2020 06:00;4;4000;5;5000;27;265810;398;1344850;260;1987436;15;188310;4;4000;4;4000;0;0;0;0;14;14980;3;3010;30;575896;110;2287801;107;1057927;72;468790
30.11.2020 07:00;7;6990;5;4990;78;636766;499;1855268;444;2739731;12;10920;7;7000;5;4990;0;0;0;0;21;23460;10;10040;77;952465;63;3308829;102;2104500;119;1829731
30.11.2020 08:00;8;7980;8;8000;76;795433;567;1781393;441;2759436;10;64770;8;8033;8;7980;0;0;0;0;19;19520;8;8101;80;1303511;114;3502465;95;2129089;137;2121147
30.11.2020 09:00;4;4000;5;4990;61;460320;479;1600101;420;2727014;7;41860;4;4000;5;4990;0;0;0;0;28;33586;6;6040;75;1193107;153;2895330;75;1657741;167;1922051
30.11.2020 10:00;4;3990;4;3990;60;553228;405;1492467;397;2510877;6;20700;4;4000;4;4000;0;0;0;0;35;36249;11;11010;82;1173317;160;2399965;123;1533431;167;1611736
30.11.2020 11:00;4;4000;4;4000;110;700570;396;1578114;405;2668796;11;51770;4;4000;4;3990;0;0;0;0;36;42690;13;13040;98;1600523;156;2644376;111;1451710;145;1816708
30.11.2020 12:00;5;4980;5;5000;91;694394;409;1713487;433;2700993;14;45070;5;5000;5;4980;0;0;0;0;36;39060;8;7990;103;1250804;167;2402613;127;2260394;137;2044286
30.11.2020 13:00;8;7970;7;6990;100;838540;388;1957310;437;2498454;5;2640;8;7990;7;6990;0;0;0;0;31;34198;11;11020;114;1805163;138;2887676;101;2199236;121;1728367
30.11.2020 14:00;5;4980;7;6990;91;836647;405;1847328;439;2673201;6;99015;5;4980;7;6990;0;0;0;0;46;47220;5;5020;110;1647951;182;2594582;110;2245665;123;1467362
30.11.2020 15:00;4;4000;3;3000;118;774383;503;1533435;427;2922904;9;2590;4;4000;3;2990;0;0;0;0;41;44450;14;14030;105;1773992;197;2690144;128;2392629;141;1780897
30.11.2020 16:00;4;4000;4;3990;105;754837;470;1953928;392;3069174;12;6630;4;4000;4;3990;0;0;0;0;37;53520;14;14040;101;1513612;185;2700447;133;2515114;146;2060900
30.11.2020 17:00;4;3990;5;4990;98;852312;464;1656042;382;2718880;9;4330;4;3990;5;5000;0;0;0;0;36;41330;16;16050;112;1441234;133;2749302;160;2601982;179;2226831
30.11.2020 18:00;4;4000;4;3990;74;458978;453;1259047;266;2352153;3;55110;4;4000;4;4000;0;0;0;0;31;38190;9;9010;91;1444356;156;2085653;178;1700742;140;1283883
30.11.2020 19:00;5;5000;4;4000;68;608206;276;708895;182;1671039;3;450;5;4980;4;4000;0;0;0;0;13;14770;7;7030;83;961058;154;1110295;142;848132;118;618552
30.11.2020 20:00;3;3000;3;3000;22;223370;185;817681;146;1146088;1;2760;3;2990;3;3000;0;0;0;0;15;15470;3;3000;50;598488;112;1147345;95;482082;80;432570
30.11.2020 21:00;2;2000;3;3000;8;22170;138;804872;93;1031278;2;1750;2;1990;3;2990;0;0;0;0;5;6170;2;2000;30;309319;83;829985;89;360520;79;390642
30.11.2020 22:00;2;2000;1;1000;15;187347;109;256048;52;480825;0;0;2;2000;1;1000;0;0;1;1090;9;10690;0;0;23;201949;81;555998;56;308543;69;348644
30.11.2020 23:00;2;2000;2;2000;7;40890;52;106640;28;444955;4;4460;2;2000;2;2000;0;0;0;0;2;2280;2;2010;8;88990;49;314465;28;159180;38;151450
01.12.2020 00:00;0;0;1;1000;5;59780;17;36960;21;315930;0;0;0;0;1;1000;0;0;0;0;0;0;0;0;5;54350;13;52940;11;41090;22;81150
01.12.2020 01:00;0;0;0;0;3;63624;16;48850;11;276784;0;0;0;0;0;0;0;0;0;0;0;0;0;0;1;560;17;40980;10;22190;11;277404
01.12.2020 02:00;0;0;0;0;1;1950;7;5750;8;212560;0;0;0;0;0;0;0;0;0;0;0;0;0;0;3;5680;8;34390;2;6300;5;14650
01.12.2020 03:00;0;0;0;0;2;25490;16;27140;9;178518;1;35204;0;0;0;0;0;0;0;0;0;0;0;0;0;0;16;48240;8;26390;11;34240
01.12.2020 04:00;1;990;0;0;4;18100;24;114730;29;480305;3;27930;1;1000;0;0;0;0;0;0;0;0;0;0;5;974222;27;115220;26;82430;20;90680
01.12.2020 05:00;3;2990;3;2990;15;99670;151;767667;111;1064845;2;12090;3;2990;3;2990;0;0;0;0;1;1010;0;0;16;647387;98;869389;73;259447;72;365457
01.12.2020 06:00;3;3000;3;3000;30;224480;396;1460793;258;2108126;3;2890;3;3000;4;4000;0;0;0;0;4;4030;1;1010;38;436395;99;2282758;211;1431897;133;749550
01.12.2020 07:00;7;7000;5;4990;74;590178;493;2136812;333;2906360;9;6340;7;7000;4;4000;0;0;0;0;26;31400;9;9020;77;1302624;62;3276658;126;2419910;135;1972304
01.12.2020 08:00;7;6980;7;7000;69;827463;544;1947612;353;2997482;1;640;7;6990;7;6980;0;0;0;0;32;33210;11;11050;64;1204918;56;3499108;172;2469599;96;2086018
01.12.2020 09:00;4;3980;6;5990;58;530529;452;1755607;382;2546759;2;1230;4;4000;6;6000;0;0;0;0;27;30442;7;7010;64;920172;99;2894800;183;1724461;94;1298856
01.12.2020 10:00;4;4000;4;4000;52;545132;329;1819835;348;2416893;5;3020;5;5000;4;4000;0;0;0;0;32;34350;8;8020;84;1182693;130;2397549;200;1405061;99;1074279
01.12.2020 11:00;5;4990;4;4000;61;368584;332;1867456;362;2186422;6;28360;4;4000;4;3990;0;0;0;0;33;35780;9;9030;87;1096067;141;2499049;127;1753975;119;1112510
01.12.2020 12:00;5;4990;5;4990;75;482336;395;1764225;365;2434684;5;2950;5;4990;5;5000;0;0;0;0;40;41750;8;8030;104;1328085;160;2501992;113;2016473;128;1535201
01.12.2020 13:00;9;9000;9;8980;86;782372;421;1754997;375;2475323;11;8420;9;8970;9;9000;0;0;0;0;36;38540;6;6000;111;1601241;143;2795409;105;2146670;155;2185030
01.12.2020 14:00;5;4990;5;4990;62;505348;412;1797563;422;2689286;2;510;5;5000;5;5000;0;0;0;0;36;42890;9;9020;82;1357919;163;2666664;124;2312347;154;2047353
01.12.2020 15:00;4;4000;4;4000;108;798860;420;1875049;356;2907736;5;108360;4;3990;4;3980;0;0;0;0;31;32210;8;8000;98;1750354;153;2524728;105;2702983;165;1871656
01.12.2020 16:00;4;4000;4;4000;87;725158;414;1649996;371;2828507;3;74643;4;4000;4;3990;0;0;0;0;52;53230;8;8050;90;1341011;126;2968953;125;2600325;159;2144912
01.12.2020 17:00;4;3970;4;4000;92;645955;458;1471313;354;2878269;8;3760;4;3990;4;3980;0;0;0;0;30;31910;13;13075;98;1622067;88;3031879;116;2668212;140;2057584
01.12.2020 18:00;4;4000;4;4000;92;795413;393;1396763;261;2554676;2;1160;4;4000;5;5000;0;0;0;0;57;64550;11;11060;108;1533712;141;2365190;138;1999684;111;1510593
01.12.2020 19:00;5;4990;5;4990;47;346507;297;921180;177;1977952;1;2050;5;5000;4;4000;0;0;0;0;31;33880;8;8040;69;1230720;148;1422574;108;1596328;115;1352113
01.12.2020 20:00;3;3000;3;3000;22;261134;199;887530;159;1378004;1;570;3;2990;3;2990;0;0;0;0;13;13080;5;5010;38;606429;118;1353212;90;589007;72;462173
01.12.2020 21:00;2;2000;3;3000;17;70950;137;637496;93;799737;0;0;2;2000;3;3000;0;0;0;0;9;9370;1;1010;30;319311;113;830521;54;351220;50;215476
01.12.2020 22:00;2;2000;2;2000;13;42510;111;356944;62;826126;0;0;2;2000;2;1990;0;0;0;0;5;5040;3;3000;19;144575;74;540689;51;223674;51;207460
01.12.2020 23:00;2;2000;2;2000;8;87664;70;159394;26;250110;0;0;2;2000;2;1990;0;0;0;0;3;3270;0;0;12;155950;52;268890;20;85262;25;95420
02.12.2020 00:00;0;0;1;1000;0;0;38;76370;13;221969;0;0;0;0;1;990;0;0;0;0;2;2020;0;0;5;86030;31;161650;10;33850;16;53990
02.12.2020 01:00;0;0;0;0;3;55117;22;14530;6;80330;0;0;0;0;0;0;0;0;0;0;1;1010;0;0;0;0;15;57740;5;15200;10;32020
02.12.2020 02:00;0;0;0;0;1;44950;12;6010;7;136265;0;0;0;0;0;0;0;0;0;0;0;0;0;0;1;1360;11;58740;3;7590;7;19460
02.12.2020 03:00;0;0;0;0;1;810;14;8670;5;110870;1;36200;0;0;0;0;0;0;0;0;0;0;0;0;0;0;8;46090;1;3910;3;13170
02.12.2020 04:00;1;1000;0;0;2;1290;36;69510;23;395310;4;53414;1;990;0;0;0;0;0;0;0;0;0;0;3;30280;28;126090;11;38810;14;41790
02.12.2020 05:00;3;2990;2;2000;8;11900;163;538480;120;1180126;9;93440;3;3000;3;3000;0;0;0;0;1;1000;0;0;9;80181;107;1017713;52;282277;35;123560
02.12.2020 06:00;4;4000;5;4090;19;228847;400;1135607;260;1926257;8;41700;4;3990;4;4000;0;0;0;0;4;4180;6;6030;25;273501;104;2217011;109;1206770;83;638356
02.12.2020 07:00;6;5990;5;5910;61;436618;505;1929406;465;2651308;10;7340;7;7000;5;5000;0;0;0;0;27;28200;6;6030;70;1166895;42;3344486;91;2110834;103;1646015
02.12.2020 08:00;9;8990;9;8980;81;517256;515;1893069;441;2638863;7;3433;8;7980;8;8000;0;0;1;1110;24;24380;14;14030;72;1072725;84;3399297;83;2119366;102;1549229
02.12.2020 09:00;4;4000;4;4000;73;568366;414;1637915;425;2463202;11;46480;4;4000;4;4000;0;0;0;0;22;23330;2;2000;71;1141140;159;2610983;98;2064584;110;1252058
02.12.2020 10:00;4;3990;3;2990;68;573123;354;1771746;417;2610975;10;40380;4;4000;4;4000;0;0;0;0;33;37260;8;8020;76;1023058;144;2436852;110;1622946;165;1329556
02.12.2020 11:00;4;4000;5;4990;92;798233;373;1743155;422;2565999;8;48745;4;4000;4;4000;0;0;0;0;32;33520;4;4010;91;1287834;128;2557794;110;1921368;142;1167629
02.12.2020 12:00;5;4990;5;5000;98;1106839;386;1740948;389;2531559;7;6950;5;5000;5;5000;0;0;0;0;41;42710;6;6010;103;1839966;147;2622976;120;1872188;135;1649800
02.12.2020 13:00;9;8970;7;6990;90;700854;401;1768683;438;2557367;6;3270;8;7990;7;6990;0;0;0;0;34;35450;7;7040;108;1660329;140;2791543;108;2147258;137;1770579
02.12.2020 14:00;5;4990;7;7000;92;560525;389;1710391;387;2443933;1;580;5;5000;7;6990;0;0;0;0;31;34290;6;6010;106;1464226;158;2589840;116;2285472;129;1500004
02.12.2020 15:00;4;4000;3;3000;84;454855;429;1695702;428;2890891;4;2180;4;4000;4;4000;0;0;0;0;45;47800;15;15060;112;1371290;158;2512972;112;2251546;155;1815319
02.12.2020 16:00;4;3990;4;3990;91;796692;500;1424388;356;2767541;8;5330;4;3990;3;2990;0;0;0;0;43;46320;12;12060;90;1433677;175;2834789;171;2480912;161;2117233
02.12.2020 17:00;4;3990;4;4000;91;696643;445;1637363;350;2468912;4;1600;4;4000;4;3990;0;0;0;0;37;40790;10;10050;103;1109448;146;2533186;167;2091070;173;1576800
02.12.2020 18:00;4;4000;4;4000;74;651894;409;1015454;270;2269712;1;830;4;4000;4;3990;0;0;0;0;31;34020;6;6030;97;1407606;184;2057882;169;1813293;158;1264344
02.12.2020 19:00;5;5000;4;3990;58;438932;318;917822;207;1999679;1;1410;5;5000;5;5000;0;0;0;0;26;27580;10;10040;77;986150;178;1161177;150;1345062;130;849292
02.12.2020 20:00;3;3000;4;4000;28;137820;180;747918;122;1131602;1;39330;3;2980;3;2990;0;0;0;0;19;23047;2;2020;54;520964;122;973070;103;666860;120;409594
02.12.2020 21:00;2;2000;3;3000;17;134864;153;556995;86;848568;0;0;2;2000;3;3000;0;0;0;0;10;10080;5;5010;32;462516;123;726804;65;316150;68;253360
02.12.2020 22:00;2;1990;2;2000;10;88750;106;596305;75;916862;0;0;2;2000;2;2000;0;0;0;0;5;5440;1;1010;19;288585;76;480824;45;213490;38;216046
02.12.2020 23:00;2;2000;2;2000;8;42844;80;256360;30;430014;0;0;2;2000;2;2000;0;0;0;0;1;1010;0;0;15;168090;59;362728;29;105940;32;107710
03.12.2020 00:00;0;0;1;1000;4;18430;34;64320;20;232380;0;0;0;0;1;1000;0;0;0;0;2;2000;0;0;2;26490;28;122654;11;42450;13;61570
03.12.2020 01:00;0;0;0;0;7;30170;17;24740;11;245138;0;0;0;0;0;0;0;0;0;0;0;0;0;0;0;0;16;67320;3;9000;9;43800
03.12.2020 02:00;0;0;0;0;2;40090;19;8200;6;116880;0;0;0;0;0;0;0;0;0;0;0;0;0;0;2;45470;17;77620;7;13500;10;46080
03.12.2020 03:00;0;0;0;0;0;0;18;22480;5;89850;1;22300;0;0;0;0;0;0;0;0;0;0;0;0;0;0;15;66980;2;5690;3;13330
03.12.2020 04:00;1;1000;0;0;5;36380;33;59686;24;447128;2;36210;1;1000;0;0;0;0;0;0;0;0;1;1000;5;56245;24;122820;11;41670;17;73130
03.12.2020 05:00;3;3000;3;3000;8;96924;147;485275;114;1137858;11;57660;3;2990;3;3000;0;0;0;0;0;0;0;0;11;197104;99;951775;46;208580;36;181998
03.12.2020 06:00;4;3990;3;2990;29;253978;417;984622;248;1812411;5;4690;4;4000;3;3000;0;0;0;0;4;4220;5;5030;33;372635;111;2151352;105;1257534;71;703458
03.12.2020 07:00;6;5990;5;5000;61;454518;495;1523220;393;2699656;8;5870;6;6000;5;5000;0;0;0;0;35;45890;15;15050;68;1071003;110;2769765;121;2219820;130;1772481
03.12.2020 08:00;6;5980;7;6990;83;628334;535;2079112;447;2739768;8;3740;6;6000;7;7000;0;0;1;1120;23;24290;8;8000;76;1133483;89;3482297;82;2318495;105;1801679
03.12.2020 09:00;3;2990;2;2000;70;781812;443;1788337;437;2594787;7;3100;3;3000;2;2000;0;0;2;650;31;33860;6;6010;66;1285647;151;2797980;111;2103557;102;1853383
03.12.2020 10:00;4;3990;5;4990;68;742160;377;1723092;419;2568924;8;43957;5;5000;5;5000;0;0;0;0;21;22680;15;15060;73;1253573;155;2542554;109;1724091;133;1323290
03.12.2020 11:00;6;5990;3;2980;98;788881;385;1718641;427;2657240;4;3290;5;5000;3;3000;0;0;0;0;29;32024;9;9030;95;1496599;155;2506232;118;1762847;137;1325633
03.12.2020 12:00;5;4990;7;6990;97;946026;366;1910655;406;2583430;13;42016;5;5000;7;7000;0;0;0;0;39;39560;11;11050;113;1657966;152;2709037;113;2224885;158;1803044
03.12.2020 13:00;8;7990;8;8000;82;782662;387;1921666;433;2701594;10;55440;8;7990;8;8000;0;0;0;0;37;39840;10;10030;101;1357640;151;2644207;119;2039366;143;1569179
03.12.2020 14:00;5;4970;6;6000;101;824581;434;1878267;404;2767837;4;1880;5;4990;6;5990;0;0;0;0;41;42521;8;8010;95;1617606;170;2558789;107;2129651;139;1551519
03.12.2020 15:00;3;3000;3;2990;99;808434;511;1728179;412;2986106;9;4790;3;2990;3;2990;0;0;0;0;32;34390;19;19080;101;1749229;198;2602353;121;2527407;154;1987886
03.12.2020 16:00;5;4980;4;4000;105;868980;470;1837542;396;2927891;9;3910;5;5000;4;4000;0;0;0;0;42;47730;12;12030;110;1518517;208;2799873;156;2512196;180;2023327
03.12.2020 17:00;4;4000;5;4990;126;1079493;512;1639488;353;3013900;3;1410;4;4000;5;5000;0;0;0;0;40;41800;17;17060;111;1688146;145;2626757;183;2413096;165;2013636
03.12.2020 18:00;4;3990;4;4000;87;693839;433;1433676;310;2425156;6;42834;4;3990;4;4000;0;0;0;0;39;41330;10;10030;110;1320225;138;2253069;178;1809473;181;1283898
03.12.2020 19:00;5;4990;4;4000;50;348516;305;1244281;218;2016638;2;710;5;5000;4;3990;0;0;0;0;31;35480;4;4020;67;883539;154;1305382;145;1364356;120;849444
03.12.2020 20:00;3;3000;3;3000;27;275170;227;1063381;147;1394140;2;18580;3;3000;3;2980;0;0;0;0;15;18510;3;3000;50;584986;124;1253226;107;637217;99;503924
03.12.2020 21:00;2;2000;3;2980;14;83363;165;606391;93;949652;0;0;2;2000;3;3000;0;0;0;0;10;10060;2;2000;29;317664;122;762511;74;365138;79;339156
03.12.2020 22:00;2;2000;2;2000;11;21050;122;432180;70;740349;0;0;2;2000;2;1980;0;0;0;0;3;3100;0;0;24;295298;93;424626;54;124181;53;164081
03.12.2020 23:00;2;1990;2;2000;6;30740;75;204856;38;483343;0;0;2;2000;2;2000;0;0;0;0;5;5200;0;0;10;176674;71;249000;19;182630;25;58560
04.12.2020 00:00;0;0;1;1000;0;0;31;42724;26;373979;0;0;0;0;1;1000;0;0;0;0;3;3180;0;0;6;102000;32;114740;13;27535;11;31540
04.12.2020 01:00;0;0;0;0;4;69234;21;42640;8;310870;1;1030;0;0;0;0;0;0;0;0;0;0;0;0;0;0;20;97026;7;24780;12;62250
04.12.2020 02:00;0;0;0;0;3;21140;13;28490;9;642319;1;15660;0;0;0;0;0;0;0;0;0;0;0;0;5;28020;13;66310;6;25090;3;13433
04.12.2020 03:00;0;0;0;0;0;0;20;10990;7;120250;0;0;0;0;0;0;0;0;0;0;0;0;0;0;0;0;18;84040;5;21270;3;8550
04.12.2020 04:00;1;990;0;0;4;48190;30;64280;31;500052;6;129390;1;1000;0;0;0;0;0;0;0;0;1;1000;4;51390;23;108960;16;68480;21;117510
04.12.2020 05:00;3;3000;2;2000;11;76080;132;443574;109;1209392;11;51990;3;3000;3;3000;0;0;0;0;0;0;1;1010;15;152144;81;841814;55;363198;44;222638
04.12.2020 06:00;4;3990;5;4990;20;166390;392;930926;235;2004942;7;76720;4;4000;4;4000;0;0;0;0;5;5040;6;6020;23;407318;107;1953450;94;1485903;82;805011
04.12.2020 07:00;6;6000;4;4000;68;600652;482;1891616;371;2587884;8;8200;6;6000;4;3990;0;0;1;820;25;25010;8;8020;77;1098578;69;3255774;61;2452421;134;2163426
04.12.2020 08:00;6;6000;8;8000;75;663593;457;1877979;427;2749225;7;3650;7;6980;8;7970;0;0;1;710;17;19690;12;12080;68;1345011;97;3116729;98;2209805;120;1591482
04.12.2020 09:00;5;4990;3;2990;70;598770;416;1622677;447;2643766;7;4050;4;3990;4;4000;0;0;0;0;26;27010;8;8030;77;1124870;151;2676390;99;1999090;113;1523483
04.12.2020 10:00;6;5980;5;5000;75;547978;378;1815706;434;2680560;5;3790;6;5990;4;4000;0;0;0;0;35;36960;10;10060;88;1670247;134;2512883;100;1907687;115;1442695
04.12.2020 11:00;5;4990;6;6000;82;794171;416;1815673;427;2596747;2;3210;5;5000;6;5990;0;0;0;0;35;42590;7;7074;100;1557498;124;2924358;106;1817999;122;1384488
04.12.2020 12:00;5;4990;5;5000;135;1233839;412;1981766;405;2823828;9;4890;5;5000;5;4990;0;0;0;0;31;33390;14;14020;118;2009410;159;2783795;109;2329556;116;1726255
04.12.2020 13:00;8;8000;8;7990;108;909916;439;1743029;393;2961965;3;1290;8;7990;8;8000;0;0;0;0;41;47110;9;9000;123;1648307;171;2864175;103;2522601;150;2090611
04.12.2020 14:00;6;6000;8;7990;92;801863;433;1823419;414;2883620;2;1280;6;5990;8;7990;0;0;0;0;31;32290;9;9050;93;1621157;229;2565480;112;2271793;125;1884074
04.12.2020 15:00;4;3990;3;2990;103;924359;492;1724789;369;2725638;5;4870;4;4000;3;3000;0;0;0;0;41;43142;7;7030;85;1487713;178;2866049;102;2424212;119;2197003
04.12.2020 16:00;4;4000;4;4000;101;627570;520;1779650;353;2832075;5;3210;4;4000;4;3990;0;0;0;0;33;36160;7;7030;77;1409014;131;2786993;105;2611519;146;2179054
04.12.2020 17:00;4;4000;5;5000;106;669950;465;1424237;365;3022584;6;3140;4;4000;5;5000;0;0;0;0;34;39280;16;16040;104;1661367;118;2753301;144;2332443;142;2479732
04.12.2020 18:00;4;4000;4;4000;93;590693;409;1415320;299;2739506;2;1100;4;3990;4;4000;0;0;0;0;55;59480;13;13010;94;1503805;167;1932167;181;2351112;142;2184450
04.12.2020 19:00;5;4980;4;4000;53;545130;361;1131970;175;1730840;2;63330;5;4990;4;3990;0;0;0;0;27;27220;3;3020;76;1148394;151;1654879;137;1543048;109;1178706
04.12.2020 20:00;3;3000;3;3000;36;260285;226;978809;143;1188381;2;20620;3;3000;3;3000;0;0;0;0;21;24490;3;3010;50;767710;124;1303690;104;853960;100;554890
04.12.2020 21:00;2;2000;3;2990;22;166380;156;788909;101;894119;2;17860;2;2000;3;3000;0;0;0;0;14;15220;3;3020;36;369695;111;730623;100;518561;82;371770
04.12.2020 22:00;2;2000;2;2000;14;96710;153;705069;74;806171;1;260;2;2000;2;2000;0;0;0;0;9;9780;5;5010;34;352036;123;798458;60;264660;76;287491
04.12.2020 23:00;2;2000;2;2000;11;80746;96;214270;45;577146;1;190;2;1990;2;2000;0;0;0;0;8;10090;0;0;19;238046;83;499168;34;89360;42;109000
05.12.2020 00:00;0;0;1;1000;4;37860;68;214145;30;459930;1;14400;0;0;1;1000;0;0;0;0;0;0;3;3000;7;62400;56;199640;19;60570;40;99820
05.12.2020 01:00;0;0;0;0;6;38720;38;131950;22;280365;0;0;0;0;0;0;0;0;0;0;1;1010;1;1000;1;1440;35;191850;13;59950;13;54300
05.12.2020 02:00;0;0;0;0;4;41850;35;135530;20;517867;0;0;0;0;0;0;0;0;0;0;1;2620;0;0;6;73360;25;128300;10;117253;18;89620
05.12.2020 03:00;0;0;0;0;4;35720;22;66540;16;330505;1;37110;0;0;0;0;0;0;0;0;0;0;0;0;4;39860;16;83810;15;44145;14;59795
05.12.2020 04:00;0;0;0;0;4;63920;29;106757;18;379597;1;17170;1;1000;0;0;0;0;0;0;0;0;0;0;5;81500;23;163710;13;43940;16;92140
05.12.2020 05:00;3;3000;3;3000;5;8250;52;142640;41;635527;2;66550;3;3000;3;3000;0;0;0;0;2;2020;0;0;4;34290;44;260120;22;96520;25;131560
05.12.2020 06:00;4;4000;4;4000;8;16350;89;224836;29;444686;2;2370;4;3980;4;4000;0;0;0;0;4;4010;1;1000;8;50640;71;493524;43;202736;50;209060
05.12.2020 07:00;4;4000;4;4000;13;71730;129;558468;73;879562;1;16740;4;3990;4;3990;0;0;0;0;4;4360;3;3020;13;181095;77;783508;61;384660;59;395920
05.12.2020 08:00;5;5000;4;4000;26;335178;212;840964;139;1223177;3;1300;5;5000;4;3980;0;0;0;0;16;16950;9;9000;30;347950;133;1135072;84;673045;67;428540
05.12.2020 09:00;4;3990;4;4000;47;467391;274;1150587;272;1834472;3;2370;4;3990;4;4000;0;0;0;0;17;18230;5;5040;46;612051;147;1601013;95;1260763;118;1177189
05.12.2020 10:00;4;4000;4;4000;65;502902;339;1550050;323;2107116;1;380;4;4000;4;3990;0;0;0;0;29;30460;5;5010;64;1056693;140;2235380;29;583308;115;2154936
05.12.2020 11:00;4;4000;4;4000;76;618242;393;1560858;349;2236845;1;510;4;3990;4;3990;0;0;0;0;40;42699;10;10030;99;1372180;142;2451756;108;1939239;127;1645027
05.12.2020 12:00;4;4044;4;4000;83;779545;404;1616744;340;2345351;4;80160;4;4000;4;4000;0;0;0;0;41;46680;10;10020;93;1315542;165;2509954;122;1614239;145;1589621
05.12.2020 13:00;4;4000;4;4000;73;688019;398;1463050;301;2160794;6;4440;4;4000;4;4000;0;0;0;0;34;36370;8;8030;100;1348897;167;2396790;116;1778417;150;1697870
05.12.2020 14:00;4;4000;4;4000;76;821536;368;1747238;329;2295026;3;1290;4;3990;4;4000;0;0;0;0;36;38400;6;6030;93;1273941;159;2468221;114;1791460;133;1954968
05.12.2020 15:00;4;4000;4;3990;75;797036;375;1527955;304;2332103;4;2380;4;3990;4;4000;0;0;0;0;48;54248;8;8020;77;1309670;154;2380330;128;1929295;140;1580457
05.12.2020 16:00;4;4000;4;3990;58;396635;375;1338336;216;1957031;0;0;4;4000;4;4000;0;0;0;0;39;45090;8;8040;74;1311576;130;2378009;133;1745361;164;1308996
05.12.2020 17:00;4;3990;5;5000;73;522012;363;1402890;243;1763731;0;0;4;3990;5;5000;0;0;0;0;39;50070;10;10010;93;1471189;132;2376410;175;1326713;177;1358558
05.12.2020 18:00;4;4000;4;4000;64;465460;321;1180382;177;1523196;1;450;4;4000;4;4000;0;0;0;0;29;31279;7;7020;88;1350326;139;1937903;157;1126895;166;822868
05.12.2020 19:00;4;4000;4;3990;43;331582;254;1066477;146;1100814;2;710;4;3990;4;4000;0;0;0;0;21;23260;8;8010;72;1194230;152;1458846;157;876451;127;656394
05.12.2020 20:00;2;2000;2;2000;32;242600;221;1122655;133;1108563;0;0;2;2000;2;1990;0;0;0;0;21;22780;5;5020;50;509184;147;1210692;98;448334;124;464898
05.12.2020 21:00;2;1990;2;2000;17;106510;211;896381;100;1023898;1;130;2;2000;2;2000;0;0;0;0;9;10120;4;4010;39;405613;140;1155580;74;343713;95;484724
05.12.2020 22:00;2;2071;2;1990;9;11960;186;848723;70;821568;3;2640;2;2000;2;2000;0;0;0;0;14;14740;2;2010;34;337265;132;808505;63;273437;85;335773
05.12.2020 23:00;2;2000;2;2000;9;88220;131;378800;41;518548;2;390;2;2000;2;1990;0;0;0;0;1;1010;2;2000;17;185323;108;642932;55;169600;57;233970
06.12.2020 00:00;0;0;1;1000;7;118190;73;267911;24;376062;1;32680;0;0;1;1000;0;0;0;0;2;2000;0;0;11;158120;58;313842;36;157071;33;150281
06.12.2020 01:00;0;0;0;0;10;117643;49;133490;20;327230;1;37400;0;0;0;0;0;0;0;0;0;0;1;1000;11;69120;49;212749;21;414240;27;130480
06.12.2020 02:00;0;0;0;0;1;2260;34;49360;10;142479;0;0;0;0;0;0;0;0;0;0;0;0;0;0;6;28710;27;115680;9;419594;24;125408
06.12.2020 03:00;0;0;0;0;1;410;15;8420;12;181960;1;17000;0;0;0;0;0;0;0;0;0;0;0;0;3;46570;16;66410;6;15630;13;67580
06.12.2020 04:00;0;0;0;0;2;31560;13;22030;5;118369;0;0;0;0;0;0;0;0;0;0;0;0;1;1010;5;49490;12;55020;7;27921;8;38231
06.12.2020 05:00;2;1990;1;1000;5;24210;19;15810;22;354120;3;36410;2;1990;1;1000;0;0;0;0;0;0;0;0;3;12560;18;73830;8;36096;17;72836
06.12.2020 06:00;2;2000;2;2000;4;4140;24;50330;17;291360;1;23220;2;2000;2;2000;0;0;0;0;0;0;0;0;7;50480;23;94910;11;32480;18;67100
06.12.2020 07:00;2;2000;2;1990;4;6070;37;51530;18;290530;1;41680;2;2000;2;2000;0;0;0;0;2;2010;0;0;5;105950;30;138450;15;38170;17;101024
06.12.2020 08:00;2;2000;2;2000;8;57095;53;242706;54;691177;0;0;2;1990;2;2000;0;0;0;0;11;11070;0;0;11;115421;48;275059;28;170654;34;156663
06.12.2020 09:00;2;2000;2;2000;14;167843;122;481612;97;930761;0;0;2;2000;2;2000;0;0;0;0;5;5590;1;1010;24;341809;91;500627;65;469884;53;223340
06.12.2020 10:00;2;2000;2;2000;12;45200;235;673366;137;1225208;3;13390;2;2000;2;2000;0;0;0;0;6;6140;4;4030;31;467660;156;1070663;85;551048;86;402657
06.12.2020 11:00;2;2000;2;2000;27;176928;266;1089913;204;1613760;4;1620;2;2000;2;2000;0;0;0;0;15;15490;6;6000;55;561278;137;1596102;97;918110;106;801793
06.12.2020 12:00;3;3000;3;3000;45;361684;297;1231641;205;1563726;3;80350;3;3000;3;3000;0;0;0;0;10;10100;3;3020;65;788373;156;1722825;108;1201283;131;894068
06.12.2020 13:00;4;4000;4;4000;39;303348;290;1010711;201;1404001;0;0;4;3990;4;3990;0;0;0;0;13;13220;6;6030;39;629445;168;1504324;131;964140;147;877031
06.12.2020 14:00;4;4000;4;4000;40;288210;316;1360891;262;1826799;1;30380;4;3990;4;4000;0;0;0;0;10;10070;8;8040;65;1018825;164;1807059;124;1184935;130;1109338
06.12.2020 15:00;4;3990;4;4000;43;337980;301;1120212;232;1732622;1;200;4;4000;4;4000;0;0;0;0;25;32170;5;5010;62;760510;144;1947425;110;915919;126;1018597
06.12.2020 16:00;4;4000;4;4000;41;211330;344;1103248;215;1849904;1;218697;4;4000;4;3990;0;0;0;0;18;20710;3;3010;55;652743;129;2206806;139;1089105;115;937709
06.12.2020 17:00;4;3990;4;4000;38;246834;348;1058763;203;1613837;2;710;4;4000;4;3990;0;0;0;0;22;25840;5;5030;61;713335;143;1990062;157;1044244;127;799840
06.12.2020 18:00;4;3970;4;4000;38;137100;286;1101505;183;1287626;2;15960;4;4000;4;4000;0;0;0;0;14;14300;6;6020;52;661269;133;1709773;109;980001;111;864326
06.12.2020 19:00;2;2000;2;2000;22;74480;258;903427;145;1293783;2;1490;2;2000;2;2000;0;0;0;0;11;11060;2;2000;54;637457;119;1550256;117;786452;101;867877
06.12.2020 20:00;2;2000;2;2000;17;104310;192;831369;96;845405;1;130;2;1990;2;2000;0;0;0;0;16;18180;4;4010;37;594866;114;1187360;90;475279;82;604144
06.12.2020 21:00;2;2000;2;1990;11;141800;154;534180;57;640293;0;0;2;2000;2;2000;0;0;0;0;3;3010;2;2020;30;451942;100;835145;74;379873;85;492978
06.12.2020 22:00;2;2000;2;2000;15;91970;98;337663;54;723742;0;0;2;2000;2;2000;0;0;0;0;4;4030;1;1010;16;212982;81;523942;49;202838;61;309156
06.12.2020 23:00;2;2000;2;2000;8;76188;59;133431;20;294680;1;16360;2;2000;2;2000;0;0;0;0;3;3180;0;0;6;52470;51;255220;23;83010;29;166689
07.12.2020 00:00;0;0;1;1000;1;16120;39;94880;12;220240;0;0;0;0;1;1000;0;0;0;0;1;1010;0;0;1;1120;35;158416;29;138800;25;120650
07.12.2020 01:00;0;0;0;0;2;34400;15;42660;8;111430;1;6160;0;0;0;0;0;0;0;0;0;0;0;0;2;40110;15;63290;3;36470;8;54890
07.12.2020 02:00;0;0;0;0;3;17560;16;47040;5;81470;0;0;0;0;0;0;0;0;0;0;0;0;0;0;3;6940;11;50750;1;2240;8;44630
07.12.2020 03:00;0;0;0;0;2;29420;16;8760;6;100610;1;18740;0;0;0;0;0;0;0;0;0;0;0;0;1;17500;15;61369;4;30260;5;20430
07.12.2020 04:00;1;1000;0;0;3;46060;45;137210;23;474614;5;104430;1;990;0;0;0;0;0;0;0;0;0;0;4;46670;38;274700;19;122018;23;125216
07.12.2020 05:00;3;3000;3;3000;14;100300;169;427547;71;909666;8;143500;3;3000;3;2990;0;0;0;0;1;1000;2;2000;15;172950;89;813714;49;244852;46;256492
07.12.2020 06:00;4;4000;4;4000;28;210843;425;1004375;214;2034287;8;57750;4;4000;4;4000;0;0;0;0;6;7090;3;3000;38;414270;100;2298107;89;1665791;114;1016801
07.12.2020 07:00;7;6980;5;4990;79;757369;537;1837399;393;2743169;15;68730;7;6990;5;4990;0;0;0;0;25;24520;7;7040;81;1311669;61;3381404;77;2583175;122;2013642
07.12.2020 08:00;8;7990;9;8980;63;464315;519;2094542;377;2577375;6;2590;8;7990;9;8990;0;0;0;0;17;17990;4;4020;59;875212;63;3350171;82;2379459;87;1925747
07.12.2020 09:00;5;5000;4;4000;65;543272;468;1799300;390;2431320;7;3230;5;4990;4;4000;0;0;0;0;23;24010;13;13060;76;984681;145;2876632;103;1855680;97;1312984
07.12.2020 10:00;4;4000;4;3990;72;598987;382;1679313;343;2211990;8;4300;4;4000;5;5000;0;0;0;0;33;37210;7;7020;68;1072796;167;2399157;127;1289813;151;1479280
07.12.2020 11:00;4;4000;4;4000;78;813570;392;1693926;362;2550618;10;6890;4;3980;4;4000;0;0;0;0;37;37790;10;10050;87;1404900;163;2530855;129;1595070;139;1521695
07.12.2020 12:00;5;5000;6;5990;86;891475;371;1970678;333;2349175;13;102700;5;5000;5;4980;0;0;0;0;30;32190;10;10040;90;1554917;157;2585464;125;1961874;138;1361974
07.12.2020 13:00;8;7980;8;7990;76;558977;396;1945140;344;2250562;4;4820;8;7970;8;7980;0;0;0;0;35;38120;18;18080;92;1464189;120;2919822;97;2360175;127;1472235
07.12.2020 14:00;5;5000;6;6000;82;591807;384;1811252;322;2160865;6;3360;5;5000;6;6000;0;0;0;0;34;35910;8;8040;91;1416904;156;2598087;132;1934286;134;1299465
07.12.2020 15:00;4;3990;3;2990;111;982574;456;1504887;376;2633938;6;3560;4;3990;4;3990;0;0;0;0;39;42680;14;14100;118;1648405;205;2621940;137;2340690;168;1466099
07.12.2020 16:00;4;4000;4;4000;114;932587;501;1589993;341;2891014;11;5160;4;4000;3;3000;0;0;0;0;34;37220;10;10050;104;1346708;154;2627207;135;2543909;183;1882223
07.12.2020 17:00;4;3990;4;4000;77;654573;468;1613102;314;2651180;2;1410;4;4000;4;4000;0;0;0;0;53;60450;17;17040;85;1272201;135;2379847;154;1987478;185;1608120
07.12.2020 18:00;4;3990;5;5000;74;812674;402;1257295;220;2111138;1;1020;4;4000;5;5000;0;0;0;0;30;32700;2;2000;92;1325318;155;1928850;162;1862641;156;1178517
07.12.2020 19:00;5;5000;4;4000;61;463208;284;810559;155;1702631;3;920;5;5000;4;4000;0;0;0;0;22;23013;9;9060;68;853872;139;1163895;134;1056231;113;799429
07.12.2020 20:00;3;3000;3;3000;29;173896;178;1012442;101;987439;1;1930;3;3000;3;2990;0;0;0;0;15;15160;4;4020;47;625836;129;1056284;110;565082;76;234258
07.12.2020 21:00;2;1990;3;3000;17;150330;141;497829;71;727238;0;0;2;2000;3;3000;0;0;0;0;8;8890;2;2000;34;516403;96;542678;70;299040;57;234880
07.12.2020 22:00;2;2000;2;2000;11;85620;109;356091;45;616313;1;16080;2;1990;2;2000;0;0;0;0;8;8060;3;3010;17;212824;86;368920;46;146580;48;133573
07.12.2020 23:00;2;2000;2;2000;2;5590;57;177010;23;450845;0;0;2;2000;2;2000;0;0;0;0;3;3030;0;0;7;31580;50;224851;29;57680;25;48700
08.12.2020 00:00;0;0;1;1000;4;25860;32;61814;18;297450;0;0;0;0;1;1000;0;0;0;0;1;1000;1;1000;6;79120;28;101807;13;21884;18;30250
08.12.2020 01:00;0;0;0;0;0;0;10;5860;9;197472;0;0;0;0;0;0;0;0;0;0;0;0;0;0;2;43690;8;27800;4;8790;9;17545
08.12.2020 02:00;0;0;0;0;0;0;19;9650;5;89290;0;0;0;0;0;0;0;0;0;0;0;0;0;0;3;3590;16;65630;2;2960;2;4070
08.12.2020 03:00;0;0;0;0;2;16060;21;10780;8;224972;2;44112;0;0;0;0;0;0;0;0;0;0;0;0;1;15200;14;46610;6;10050;9;15310
08.12.2020 04:00;1;1000;0;0;6;98020;38;130715;15;361723;2;33480;1;1000;0;0;0;0;0;0;0;0;0;0;6;95140;31;185400;20;44130;17;29793
08.12.2020 05:00;3;3000;2;2000;10;61390;151;437497;59;1009984;8;89003;3;3000;3;3045;0;0;0;0;0;0;1;1000;15;124100;105;836954;47;137140;31;76250
08.12.2020 06:00;4;3990;5;5000;26;265192;398;1059481;192;1609048;6;71900;4;4000;4;4000;0;0;0;0;8;8160;3;3010;36;465834;123;2194312;107;1076186;85;481168
08.12.2020 07:00;7;7000;6;5990;78;789596;551;1884515;377;2503855;6;4000;7;7000;6;5990;0;0;0;0;22;25052;6;6010;89;1421663;75;3354259;113;1897059;122;1365551
08.12.2020 08:00;8;8000;7;6990;92;743732;573;1756723;323;2393297;4;28390;8;8000;8;7980;0;0;0;0;25;25710;6;6030;86;1126149;144;3237834;92;2107611;110;1507091
08.12.2020 09:00;3;3000;4;3990;60;616619;435;1352542;358;2409785;6;57240;3;3000;4;4000;0;0;0;0;28;30330;7;7020;72;1209953;181;2660720;109;1416989;120;1519840
08.12.2020 10:00;5;5000;4;4000;67;387864;381;1636397;332;2230912;6;3550;5;4990;3;3000;0;0;0;0;42;46140;11;11030;88;1232287;168;2578501;114;1531308;128;1081373
08.12.2020 11:00;4;4000;4;4000;78;774590;386;1730837;359;2402468;8;7600;4;4000;4;4000;0;0;0;0;45;48960;7;7020;107;1439883;153;2616291;117;1883025;131;1568797
08.12.2020 12:00;5;4990;6;5980;102;914640;397;2009846;335;2354324;5;4120;5;4990;6;5990;0;0;0;0;35;37200;6;6020;101;1724950;160;2741626;117;1899505;137;1678737
08.12.2020 13:00;8;7980;7;7000;105;889997;404;1678667;355;2326617;7;6620;8;7990;8;7990;0;0;0;0;32;35830;10;10030;110;1482266;142;2765638;124;2204951;153;1578865
08.12.2020 14:00;5;5000;7;7000;84;595318;410;1690321;306;2172669;5;3890;5;5000;6;5990;0;0;0;0;31;43230;11;10450;94;1469847;172;2433395;140;2193999;151;1400199
08.12.2020 15:00;4;3980;4;4000;106;934397;490;1649328;373;2720805;8;3930;4;4000;4;4000;0;0;0;0;46;52000;9;9630;100;1664174;189;2831422;108;2375648;142;1663012
08.12.2020 16:00;2;2000;3;2980;87;697314;472;1690942;331;2831532;6;46730;2;2000;3;2990;0;0;0;0;39;41050;10;10040;98;1499989;156;2748728;153;2497168;169;1817809
08.12.2020 17:00;0;0;0;0;149;1363706;506;1583975;294;2996769;4;62910;0;0;0;0;0;0;0;0;43;45220;20;20080;118;2375250;142;2813217;196;2455864;207;2246891
08.12.2020 18:00;0;0;0;0;132;1191721;438;1437662;281;2627653;7;83710;0;0;0;0;0;0;0;0;44;47050;15;15040;115;2644219;153;2138607;165;2156807;214;2139360
08.12.2020 19:00;1;990;0;0;66;548370;350;879430;157;1969265;9;87994;1;1000;0;0;0;0;0;0;40;44010;16;16010;86;779356;179;1464767;155;1376324;136;858683
08.12.2020 20:00;3;3000;3;3000;26;215410;173;679592;127;974204;3;23614;3;2990;3;3000;0;0;0;0;14;15705;1;1010;47;752529;103;988124;99;578129;80;374645
08.12.2020 21:00;2;1990;3;3000;18;105339;151;569179;82;845068;0;0;2;2000;3;2980;0;0;0;0;5;5020;5;5020;29;493680;118;741538;70;281238;49;177337
08.12.2020 22:00;2;2000;2;1990;13;118480;109;409083;52;601910;0;0;2;1990;2;2000;0;0;0;0;11;12990;5;5010;24;240760;91;526361;56;146706;46;110840
08.12.2020 23:00;2;1990;2;2000;5;50750;61;113780;20;250272;0;0;2;2000;2;1990;0;0;0;0;4;6250;0;0;7;67180;56;193640;30;50670;27;68460
09.12.2020 00:00;0;0;1;1000;2;49050;39;73530;13;152702;0;0;0;0;1;1000;0;0;0;0;0;0;2;2000;7;135990;36;122990;10;58180;22;64860
09.12.2020 01:00;0;0;0;0;0;0;12;6470;4;59240;2;54540;0;0;0;0;0;0;0;0;0;0;0;0;0;0;11;27220;2;4050;8;15720
09.12.2020 02:00;0;0;0;0;2;1780;22;12960;5;110560;1;34890;0;0;0;0;0;0;0;0;0;0;0;0;3;96530;16;67920;8;8870;13;19710
09.12.2020 03:00;0;0;0;0;3;18110;15;7950;11;257874;2;77280;0;0;0;0;0;0;0;0;0;0;0;0;2;44910;12;36490;5;8720;2;3200
09.12.2020 04:00;1;1000;0;0;3;20500;34;79430;11;231491;3;84860;1;1000;0;0;0;0;0;0;0;0;0;0;5;12600;26;78701;10;18550;13;33600
09.12.2020 05:00;3;3000;2;2000;14;58610;150;414540;50;780044;11;140529;3;3000;3;2990;0;0;0;0;0;0;1;1000;13;113509;105;707722;50;184170;35;81230
09.12.2020 06:00;4;4000;4;3990;25;351527;417;1187727;147;1517973;3;21040;4;3990;3;3000;0;0;0;0;5;5720;5;5000;28;900187;106;2184563;113;1046344;78;420444
09.12.2020 07:00;7;6990;6;5990;69;685212;515;1780955;346;2240138;9;9010;7;6980;6;5990;0;0;0;0;22;24000;10;10040;75;1220757;76;3138277;126;1761817;117;1286435
09.12.2020 08:00;8;8000;8;8000;81;647515;447;1914623;339;2389180;5;5220;8;8000;9;8990;0;0;0;0;29;36680;5;5030;73;1237875;118;3316713;79;2212546;97;1681479
09.12.2020 09:00;5;5000;5;5000;64;747919;457;1696219;343;2411887;5;2650;5;5000;4;3990;0;0;0;0;31;34599;6;6010;75;1306356;175;2721212;89;1841631;97;1329786
09.12.2020 10:00;4;4000;5;5000;65;591162;380;1623743;322;2381706;5;2710;4;4000;5;4990;0;0;0;0;27;27430;14;14040;77;1198331;134;2512219;126;1810673;111;1343015
09.12.2020 11:00;3;3000;4;3990;79;831391;380;1702043;318;2252808;6;50553;4;3990;4;4000;0;0;0;0;21;22580;1;1010;87;1395338;159;2338880;106;1851098;123;1246971
09.12.2020 12:00;6;6000;4;4000;89;714524;372;1818876;298;2038555;13;14678;5;4990;5;5000;0;0;0;0;35;38340;9;9020;104;1520933;144;2705838;117;1881497;121;1485655
09.12.2020 13:00;8;8000;9;8980;87;783442;435;1989810;346;2454884;7;5720;8;8000;8;7980;0;0;0;0;47;49900;14;14030;100;1673535;152;2849794;153;2250588;201;1556493
09.12.2020 14:00;5;5000;5;5000;81;518110;417;1905405;310;2188306;2;1410;5;5000;6;6000;0;0;0;0;33;41790;13;13050;95;1333304;136;2620888;116;2368732;135;1555123
09.12.2020 15:00;4;4000;4;4000;93;714285;428;1776540;321;2454717;5;2503;4;3990;3;2980;0;0;0;0;37;39664;10;10040;98;1852078;183;2677339;108;2275168;153;1402600
09.12.2020 16:00;4;4000;5;4990;96;1011083;521;1605501;269;2736586;3;1090;4;4000;5;5000;0;0;0;0;50;73227;10;10070;101;1515590;157;2740485;129;2472615;167;1780956
09.12.2020 17:00;4;4000;4;3980;93;838390;528;1590828;267;2296334;2;590;4;4000;4;4000;0;0;0;0;44;52339;10;10010;106;1368968;152;2639738;151;2277855;174;1412036
09.12.2020 18:00;4;4000;3;2980;91;581700;441;1506266;233;2294531;4;4120;4;4000;4;4000;0;0;0;0;38;40150;8;8010;89;1322794;165;2131497;170;1736903;183;1427577
09.12.2020 19:00;5;5043;4;3990;72;577310;342;892573;155;1908233;4;3410;5;5000;4;3990;0;0;0;0;27;28360;5;5010;71;968260;178;1413676;140;1260047;125;608308
09.12.2020 20:00;3;3000;4;3990;20;224127;201;1087137;94;824394;1;200;3;3000;3;3000;0;0;0;0;13;13810;6;6030;48;729814;114;1319244;103;537970;96;441695
09.12.2020 21:00;2;2000;3;3000;18;133390;146;544490;58;704383;1;260;2;2000;3;2990;0;0;0;0;9;9110;2;2020;24;295830;108;638590;66;277094;67;189534
09.12.2020 22:00;2;2000;2;2000;14;96620;128;420605;48;462850;0;0;2;2000;2;2000;0;0;0;0;6;7020;2;2010;25;240928;102;532946;56;184849;56;202693
09.12.2020 23:00;2;2000;2;2000;5;20280;72;253064;22;363690;0;0;2;1990;2;2000;0;0;0;0;2;2020;1;1000;10;70150;58;258486;34;115120;25;72220
10.12.2020 00:00;0;0;1;1000;3;33470;40;73000;22;302442;1;1940;0;0;1;1000;0;0;0;0;2;2020;0;0;1;16540;38;117505;25;80590;22;35670
10.12.2020 01:00;0;0;0;0;3;3480;17;11750;3;16420;0;0;0;0;0;0;0;0;0;0;0;0;0;0;0;0;17;61260;4;10220;7;12130
10.12.2020 02:00;0;0;0;0;0;0;16;8290;5;77300;1;13980;0;0;0;0;0;0;0;0;0;0;0;0;1;21920;12;52350;1;2790;4;12590
10.12.2020 03:00;0;0;0;0;1;17450;22;12840;7;181238;0;0;0;0;0;0;0;0;0;0;0;0;0;0;3;18280;17;64100;4;7090;4;9430
10.12.2020 04:00;1;1000;0;0;3;21870;40;45250;10;236844;0;0;1;1000;0;0;0;0;0;0;1;1010;0;0;3;26070;31;155180;15;28290;14;26460
10.12.2020 05:00;3;3000;2;2000;11;16840;148;329240;37;489613;5;87520;3;2990;3;2990;0;0;0;0;1;1530;2;2000;14;79440;100;601537;46;112110;32;90260
10.12.2020 06:00;4;4000;4;4000;17;260150;410;1177275;114;1449643;2;54420;4;3990;4;4000;0;0;0;0;7;7040;6;6020;25;750337;120;2036954;105;836126;83;381629
10.12.2020 07:00;7;6990;6;5990;67;1023240;503;1843645;330;2476087;6;7080;7;6970;6;5990;0;0;0;0;23;28130;7;7010;73;1223803;74;3173087;121;2059184;135;1631317
10.12.2020 08:00;8;7990;9;8990;76;884905;532;1667845;311;2139417;6;2430;8;7990;8;7980;0;0;0;0;20;22620;13;13070;65;1118962;127;3138536;87;1971440;125;1427699
10.12.2020 09:00;3;2990;4;3990;54;589648;437;1526728;299;2112014;5;55880;3;3000;4;4000;0;0;0;0;20;20810;11;11030;68;963580;180;2611934;105;1827340;107;1146836
10.12.2020 10:00;5;4990;4;4000;37;417776;428;1895102;307;2208568;7;69880;5;4990;4;4000;0;0;0;0;27;28640;11;11020;72;1024972;150;2698174;118;1916109;104;834838
10.12.2020 11:00;4;3990;4;3990;80;765006;394;1633462;319;2350121;5;2430;4;4000;4;4000;0;0;0;0;32;38170;11;11060;101;1522660;155;2569460;104;2195218;128;1255730
10.12.2020 12:00;5;5000;5;4990;96;548313;347;1815518;311;2122633;4;38940;5;5000;5;5000;0;0;0;0;33;36690;15;15050;106;1553132;156;2365324;126;2062843;142;1398908
10.12.2020 13:00;8;8000;7;7000;113;735673;406;1635085;368;2532129;5;3350;8;7990;7;7000;0;0;0;0;41;44570;6;6030;107;1582215;162;2746537;113;2231118;134;1396728
10.12.2020 14:00;5;5000;7;6990;90;818665;442;1721944;324;2362420;5;1740;5;4990;7;6990;0;0;0;0;36;45010;11;11040;95;1659402;147;2806085;115;2219648;143;1488775
10.12.2020 15:00;2;2000;3;3000;110;843220;450;1588312;352;2673964;6;3600;2;1990;3;2990;0;0;0;0;36;39628;13;13070;106;1729439;197;2653821;136;2490751;150;1550564
10.12.2020 16:00;5;4990;4;4000;106;915807;454;1698671;289;2341351;5;2570;5;4990;4;3990;0;0;0;0;37;40250;16;16090;105;1498388;145;2803134;171;2280052;172;1834881
10.12.2020 17:00;4;4000;4;4000;98;823766;465;1573749;296;2552180;5;1870;4;4000;4;4000;0;0;0;0;31;31990;17;17040;111;1410864;135;2518147;159;2290758;176;1457747
10.12.2020 18:00;4;3990;4;4000;78;883517;422;1424200;218;2027958;3;1090;4;4000;4;4000;0;0;0;0;28;29420;8;8020;102;1255841;154;2036052;178;1755662;162;1287519
10.12.2020 19:00;5;4990;3;3000;53;311510;329;1018183;142;1868618;2;65680;5;4990;4;4000;0;0;0;0;38;40480;3;3010;100;1070323;163;1555930;137;1191269;132;682625
10.12.2020 20:00;3;3000;4;3990;35;293991;208;859440;108;1074066;1;640;3;3000;3;2990;0;0;0;0;11;12720;8;8040;72;890676;128;1164010;121;745155;81;411470
10.12.2020 21:00;2;2000;3;3000;14;187400;139;755301;59;651049;0;0;2;1990;3;3000;0;0;0;0;14;14520;3;3020;29;700213;116;675876;79;298570;70;278130
10.12.2020 22:00;2;1990;2;2000;18;170520;118;616529;53;462676;1;320;2;2000;2;2000;0;0;0;0;5;5320;3;3000;30;392981;96;609095;44;183150;54;214284
10.12.2020 23:00;2;2000;2;2000;3;21053;74;236730;32;455802;0;0;2;2000;2;2000;0;0;0;0;4;4030;1;1000;12;201931;61;279942;30;123490;24;57680
11.12.2020 00:00;0;0;1;1000;4;83860;34;30400;14;152680;1;1860;0;0;1;1000;0;0;0;0;1;1010;0;0;6;123320;27;98750;13;34510;17;27180
11.12.2020 01:00;0;0;0;0;2;23370;24;56450;13;233480;1;710;0;0;0;0;0;0;0;0;0;0;1;1000;4;88440;21;81450;7;18320;6;14550
11.12.2020 02:00;0;0;0;0;1;17360;15;28470;4;66890;1;14800;0;0;0;0;0;0;0;0;1;1010;0;0;4;22650;15;41281;4;9230;9;21590
11.12.2020 03:00;0;0;0;0;3;29880;23;35280;5;154980;0;0;0;0;0;0;0;0;0;0;0;0;0;0;1;17400;17;63746;3;4870;4;9440
11.12.2020 04:00;1;1000;0;0;1;17530;32;51870;7;159194;0;0;1;990;0;0;0;0;0;0;0;0;0;0;5;37330;26;90480;12;27940;15;27020
11.12.2020 05:00;3;2990;2;2000;9;86140;149;409170;28;522453;3;58580;3;3000;3;2990;0;0;0;0;1;1050;1;1010;13;138800;98;583170;58;137891;38;124540
11.12.2020 06:00;4;3990;5;4900;16;148650;369;973140;108;1422831;3;41820;4;3990;4;3990;0;0;0;0;7;8810;3;3020;27;501628;143;1787170;116;858021;79;297441
11.12.2020 07:00;7;6990;6;6090;80;895685;516;1829204;292;2345105;9;65849;7;7000;6;5990;0;0;0;0;20;23320;9;9050;70;1069472;83;3042887;115;1745111;123;1125569
11.12.2020 08:00;8;7990;8;8000;75;634463;504;1597458;299;2312372;4;1790;8;7990;8;7990;0;0;0;0;24;26072;4;4010;72;1166841;170;2918721;110;1942867;114;1647180
11.12.2020 09:00;4;4000;4;3990;53;529902;467;1552469;337;2313858;9;4130;4;4000;4;4000;0;0;0;0;29;30940;9;9060;76;1000477;186;2590825;95;1833351;136;1264868
11.12.2020 10:00;6;6000;5;5000;69;646995;411;1646482;327;2147370;5;41693;6;6000;5;4980;0;0;0;0;29;30753;7;7020;87;1411729;150;2681033;124;1616638;141;1393928
11.12.2020 11:00;4;4000;5;5000;78;730538;393;1706381;341;2366252;10;35660;4;4000;5;5000;0;0;0;0;33;36090;7;7030;93;1634766;147;2562707;119;1758174;130;1543985
11.12.2020 12:00;5;4990;4;3990;104;915527;404;1789843;317;2603964;2;1040;5;5000;5;4990;0;0;0;0;32;35080;9;9040;109;1984484;181;2664394;125;2303471;151;1565610
11.12.2020 13:00;8;7990;9;8990;124;1051457;464;2055609;352;2540722;7;3680;8;8000;8;8000;0;0;0;0;32;35340;29;29100;115;1573136;211;2870743;94;2345773;134;2081883
11.12.2020 14:00;5;4990;6;5990;89;767074;455;1804908;314;2528891;2;1160;5;4990;6;6000;0;0;0;0;32;32230;7;7020;105;1529713;211;2717268;135;2366554;128;1582313
11.12.2020 15:00;4;4000;3;3000;93;712154;467;1569610;325;2301332;5;3290;4;4000;4;3990;0;0;0;0;37;39260;14;14040;95;1353945;189;2516574;136;2338016;141;1666853
11.12.2020 16:00;4;4000;4;3990;90;852308;481;1646443;312;2741079;5;2580;4;3980;4;4000;0;0;0;0;38;40250;11;11060;88;1392619;139;2919092;126;2378631;149;1847062
11.12.2020 17:00;4;3990;4;4000;83;638410;493;1566183;243;2324783;2;650;4;4000;4;3980;0;0;0;0;34;38130;11;11020;109;1426274;123;2844089;144;2075205;130;1641927
11.12.2020 18:00;4;3990;5;4980;78;694416;427;1407130;240;2094964;3;1950;4;4054;4;4000;0;0;0;0;30;33100;8;8010;84;1491640;132;2567468;122;2050243;121;1807193
11.12.2020 19:00;5;5000;4;4000;59;395635;328;890694;149;1840040;2;770;5;4990;4;4000;0;0;0;0;27;31740;4;4020;75;1153921;152;2009478;119;1216782;119;1059937
11.12.2020 20:00;3;2990;3;2990;38;288360;233;891438;107;1184154;0;0;3;3000;3;3000;0;0;0;0;22;24080;9;9050;61;977485;121;1303417;100;829649;90;776347
11.12.2020 21:00;2;2000;3;3000;17;108730;170;613380;81;999266;0;0;2;2000;3;3000;0;0;0;0;11;12310;1;1000;30;393267;117;859896;73;358126;66;445846
11.12.2020 22:00;2;2000;2;2000;13;65610;141;551363;58;692854;0;0;2;1990;2;1980;0;0;0;0;7;7610;3;3020;27;332150;93;767043;41;256038;62;392369
11.12.2020 23:00;1;1000;2;2000;16;131507;91;333560;37;401109;0;0;1;1000;2;2000;0;0;0;0;1;1010;2;2000;7;115658;74;472617;37;174082;39;162823
12.12.2020 00:00;1;1000;1;1000;8;47030;55;88710;20;323520;0;0;1;1000;1;990;0;0;0;0;2;2020;0;0;10;62400;50;232306;26;86970;38;169823
12.12.2020 01:00;0;0;0;0;4;57400;38;101695;13;217785;0;0;0;0;0;0;0;0;0;0;0;0;1;1010;5;75230;30;168240;16;72370;16;90640
12.12.2020 02:00;0;0;0;0;1;16300;33;31830;9;93800;0;0;0;0;0;0;0;0;0;0;1;1130;0;0;1;48900;32;148487;7;25620;12;56045
12.12.2020 03:00;0;0;0;0;2;41840;24;12660;12;187140;0;0;0;0;0;0;0;0;0;0;0;0;0;0;3;42050;18;96720;6;23350;10;44810
12.12.2020 04:00;1;1000;0;0;3;22140;22;42960;13;335200;3;108070;1;990;0;0;0;0;0;0;0;0;1;1010;2;7060;18;91520;9;25190;9;43855
12.12.2020 05:00;3;2990;3;3000;6;77410;46;93105;15;304115;1;1610;3;3000;3;3000;0;0;0;0;0;0;1;1000;7;109740;41;182220;29;82350;26;121986
12.12.2020 06:00;4;3990;4;3990;11;68957;87;206660;38;511326;0;0;4;3990;4;4000;0;0;0;0;1;1000;0;0;11;133810;62;498208;40;170450;32;141715
12.12.2020 07:00;4;4000;4;3990;13;42100;111;420922;56;730502;2;58130;4;4000;4;3990;0;0;0;0;5;5720;3;3010;15;157830;79;686140;55;257848;50;266068
12.12.2020 08:00;5;5000;4;4000;17;70922;217;808448;115;1104104;0;0;5;5000;4;4000;0;0;0;0;17;19027;1;1000;30;467645;130;1144947;71;610637;69;448020
12.12.2020 09:00;4;4000;4;4000;32;258869;299;1195900;177;1699552;1;1290;4;4000;4;3990;0;0;0;0;20;21260;4;4030;53;937220;142;1687922;105;1213087;107;877732
12.12.2020 10:00;4;3980;4;4000;50;222803;347;1528984;311;2169257;2;1160;4;4000;4;4000;0;0;0;0;41;44516;8;8040;65;817940;151;2379209;104;1536691;142;988441
12.12.2020 11:00;4;4000;4;4000;84;803928;360;1739285;285;2013845;4;2380;4;4000;4;4000;0;0;0;0;46;52210;12;12060;90;1486069;149;2415994;121;1937994;135;1286663
12.12.2020 12:00;4;3990;4;4000;83;633077;390;1651902;308;1967102;1;960;4;3990;4;4000;0;0;0;0;29;29600;8;8020;86;1167342;149;2445352;116;1915080;146;1473406
12.12.2020 13:00;4;3990;4;4000;68;599050;390;1390999;268;1917546;1;260;4;3990;4;3990;0;0;0;0;30;32434;11;11050;99;1409146;156;2408068;129;1986878;168;1431674
12.12.2020 14:00;4;4000;4;3980;77;589116;456;1658028;260;2080390;4;2590;4;4000;4;4000;0;0;0;0;33;34020;9;9050;82;1388279;135;2576714;165;1867228;144;1274015
12.12.2020 15:00;4;4000;4;3990;55;314232;372;1499516;209;1579168;2;260;4;3990;4;3990;0;0;0;0;24;26420;1;1000;78;1281444;131;2382386;101;1790622;131;1237609
12.12.2020 16:00;4;4000;4;4000;57;386384;338;1342479;177;1580533;0;0;4;3990;4;4000;0;0;0;0;37;39980;14;14090;81;1376035;128;2373611;132;1526065;140;1497994
12.12.2020 17:00;4;4000;5;5000;73;530635;380;1394289;185;1670132;3;1740;4;4000;5;5000;0;0;0;0;44;46970;8;8020;95;1572918;129;2570422;121;1201968;107;1368765
12.12.2020 18:00;4;4000;4;4000;48;750776;314;1283909;185;1510892;1;710;4;3990;4;3990;0;0;0;0;25;29849;6;6030;83;1187292;143;2307385;112;950483;100;939770
12.12.2020 19:00;4;4000;4;4000;45;437306;281;1087898;126;1282485;2;530;4;4000;4;3980;0;0;0;0;29;35010;4;4000;70;1251649;142;1680233;131;1061263;115;982568
12.12.2020 20:00;2;2000;2;2000;27;230820;228;1015937;110;1206729;3;20840;2;2000;2;1990;0;0;0;0;21;22980;7;7010;47;356628;137;1380626;94;517518;101;706877
12.12.2020 21:00;2;1990;2;2000;17;86034;169;765873;55;740077;0;0;2;2000;2;2000;0;0;0;0;11;11130;2;2010;34;308970;133;896998;53;264980;61;316504
12.12.2020 22:00;2;2000;2;2000;14;110068;137;515080;48;607180;0;0;2;1990;2;2000;0;0;0;0;8;8050;2;2010;35;284480;94;771608;44;189400;53;301222
12.12.2020 23:00;2;2000;2;2000;12;44140;113;174349;38;528397;1;1170;2;2000;2;2000;0;0;0;0;2;2010;1;1010;16;320890;78;563033;45;171232;40;192522
13.12.2020 00:00;0;0;1;1000;7;43460;48;190971;30;406640;0;0;0;0;1;1000;0;0;0;0;4;4770;0;0;6;12370;47;217761;22;76530;28;125980
13.12.2020 01:00;0;0;0;0;1;17060;40;80580;17;188203;1;650;0;0;0;0;0;0;0;0;2;2020;0;0;3;31730;33;150220;19;56420;23;95330
13.12.2020 02:00;0;0;0;0;5;118420;17;8610;9;116714;0;0;0;0;0;0;0;0;0;0;0;0;1;1000;2;18700;15;60650;8;26590;9;37470
13.12.2020 03:00;0;0;0;0;4;67649;14;27800;7;69754;0;0;0;0;0;0;0;0;0;0;1;1130;0;0;3;79639;11;52320;8;17800;12;54630
13.12.2020 04:00;0;0;0;0;2;52553;12;7040;7;123416;1;44540;0;0;0;0;0;0;0;0;0;0;0;0;4;79640;11;47360;4;11430;7;22640
13.12.2020 05:00;2;1990;1;1000;5;30790;11;37040;8;122650;1;28304;2;2000;1;1000;0;0;0;0;0;0;0;0;3;27950;11;47990;14;52840;11;50915
13.12.2020 06:00;2;2000;2;2000;2;3570;24;76410;11;206447;2;46587;2;2000;2;2000;0;0;0;0;0;0;0;0;5;43620;24;113310;14;41720;14;43110
13.12.2020 07:00;2;1990;2;2000;8;106472;33;129780;19;271970;0;0;2;2000;2;2000;0;0;0;0;0;0;0;0;5;102890;31;162130;21;61320;23;113390
13.12.2020 08:00;2;2000;2;2000;10;71690;44;175350;45;637925;0;0;2;1980;2;2000;0;0;0;0;2;2260;2;2010;13;208510;32;195559;27;161784;32;174412
13.12.2020 09:00;2;2000;2;2000;12;134320;126;496575;59;633238;1;260;2;2000;2;2000;0;0;0;0;5;5330;1;1010;13;140366;96;495977;62;349908;56;287989
13.12.2020 10:00;2;1990;2;2000;17;139340;151;589761;122;1081166;2;2840;2;2000;2;2000;0;0;0;0;17;18780;1;1010;27;317782;101;730865;83;608294;92;473687
13.12.2020 11:00;2;2000;2;1990;26;178050;229;869954;134;1294380;1;970;2;2000;2;2000;0;0;0;0;15;15880;6;6030;37;475450;146;1100358;83;676376;94;499075
13.12.2020 12:00;3;3000;3;3000;32;244020;271;1084305;146;1171952;1;320;3;3000;3;3000;0;0;0;0;11;11700;2;2000;35;333840;150;1460375;99;836653;104;676276
13.12.2020 13:00;4;3990;4;3990;35;226550;289;971323;203;1448126;1;19480;4;4000;4;4000;0;0;0;0;14;15870;4;4020;54;669142;154;1651355;110;813303;120;735670
13.12.2020 14:00;4;4000;4;4000;44;293057;321;1171967;201;1546988;1;200;4;4000;4;4000;0;0;0;0;16;16120;9;9050;54;707733;165;1864783;110;1127979;107;797446
13.12.2020 15:00;4;4000;4;4000;43;377405;261;996725;214;1563655;2;580;4;3990;4;3990;0;0;0;0;22;24060;8;8040;49;656534;147;1556436;101;914224;111;815115
13.12.2020 16:00;4;4000;4;4000;32;195276;366;1193709;181;1375338;1;44047;4;4000;4;3990;0;0;0;0;26;27630;7;7030;59;658245;148;1928059;99;922307;122;905826
13.12.2020 17:00;4;4000;4;3980;40;292302;299;1119915;158;1224566;1;130;4;4000;4;3990;0;0;0;0;24;25360;7;7000;53;520953;136;1716725;141;990951;92;521105
13.12.2020 18:00;4;3990;4;4000;32;213665;271;1009727;140;1197740;0;0;4;3990;4;3980;0;0;0;0;15;15851;5;5020;48;537294;148;1405472;127;719418;118;505886
13.12.2020 19:00;2;2000;2;2000;26;144650;232;758000;116;1186471;0;0;2;2000;2;2000;0;0;0;0;7;8470;2;2010;39;421295;153;1288174;129;587650;101;392220
13.12.2020 20:00;2;2000;2;2000;22;236390;173;677002;82;672643;2;4063;2;2000;2;1990;0;0;0;0;7;7200;1;1000;37;480944;120;731566;82;330443;79;239192
13.12.2020 21:00;2;2000;2;2000;14;105520;125;595874;39;452791;1;36200;2;2000;2;2000;0;0;0;0;5;5230;1;1010;28;343471;102;579467;57;229300;47;128390
13.12.2020 22:00;2;2000;2;2000;13;80080;81;319660;35;378554;0;0;2;2000;2;1990;0;0;0;0;2;2300;1;1000;18;247890;60;348179;24;57470;26;62260
13.12.2020 23:00;2;2000;2;2000;10;71520;33;114763;11;184978;0;0;2;2000;2;2000;0;0;0;0;1;1000;0;0;11;99920;35;141852;17;42080;24;52320
14.12.2020 00:00;0;0;1;990;3;41710;32;57000;13;336373;0;0;0;0;1;1000;0;0;0;0;0;0;0;0;3;33210;26;105860;5;11510;20;40370
14.12.2020 01:00;0;0;0;0;4;37460;18;21270;11;176373;1;20010;0;0;0;0;0;0;0;0;1;1010;0;0;2;32270;11;59870;1;1420;9;22460
14.12.2020 02:00;0;0;0;0;0;0;14;8550;3;48930;0;0;0;0;0;0;0;0;0;0;0;0;0;0;2;2880;11;35780;6;6160;8;9360
14.12.2020 03:00;0;0;0;0;1;490;26;71920;9;161285;1;25415;0;0;0;0;0;0;0;0;0;0;0;0;0;0;18;76890;1;2080;10;15980
14.12.2020 04:00;1;1000;0;0;4;65850;32;16790;9;201330;1;2700;1;1000;0;0;0;0;0;0;0;0;0;0;2;19100;25;102655;10;24040;13;29330
14.12.2020 05:00;3;3000;3;3000;8;66940;161;419726;42;690205;1;16340;3;3000;3;3000;0;0;0;0;0;0;1;1010;11;77010;100;832576;52;208050;35;88390
14.12.2020 06:00;4;3980;4;4000;22;292290;431;1032654;102;1074786;1;32650;4;4000;4;4000;0;0;0;0;4;4030;3;3010;39;590586;130;2035111;106;769770;80;355630
14.12.2020 07:00;6;5980;6;6000;73;711128;474;1906674;305;2352740;7;37560;6;6053;6;5980;0;0;0;0;27;41975;11;11090;69;1171111;77;3119017;131;1739325;141;1426446
14.12.2020 08:00;9;9000;7;6980;81;606577;556;1796973;329;2457040;2;1300;9;9000;7;7000;0;0;0;0;19;19160;13;13820;77;1231573;139;3254954;102;2068555;105;1374514
14.12.2020 09:00;4;4000;4;4000;74;670425;469;1674179;324;2246635;5;1300;4;3990;5;5000;0;0;0;0;31;31910;10;10030;72;1096682;184;2858066;102;1673050;109;1310194
14.12.2020 10:00;4;4000;4;4000;88;859647;477;1850055;332;2396046;8;49770;4;4000;4;3980;0;0;0;0;27;30310;13;13070;90;1613636;165;2815760;107;1895111;131;1364549
14.12.2020 11:00;5;4990;4;4000;123;1077956;412;1813689;347;2319299;8;3750;5;5000;3;3000;0;0;0;0;34;35670;21;22750;118;1606773;159;2672029;112;2139739;123;1495295
14.12.2020 12:00;4;3990;6;6000;122;892911;427;1486670;297;2299880;7;50480;4;3990;6;5980;0;0;0;0;37;38780;14;14060;109;1747968;157;2694200;123;1999881;163;1508938
14.12.2020 13:00;5;4990;5;4990;134;994147;426;1818205;354;2706625;6;3430;5;5000;5;5000;0;0;0;0;45;48989;17;17080;107;2061213;147;2741168;120;2292744;124;1612079
14.12.2020 14:00;3;3000;6;5980;105;790425;420;1755397;312;2169242;5;1750;3;2990;6;6054;0;0;0;0;32;33870;13;13100;105;1723617;163;2689085;110;2025337;132;1496577
14.12.2020 15:00;5;5000;3;3000;121;866922;506;1801270;328;2824345;2;910;5;5000;3;3000;0;0;0;0;56;62410;13;13080;102;1790801;174;2990969;109;2599625;195;2001118
14.12.2020 16:00;4;4000;4;3990;137;861943;498;1735848;324;2798502;5;3220;4;4000;4;3990;0;0;0;0;67;71900;11;11060;103;1724842;153;2968743;119;2596469;154;2122328
14.12.2020 17:00;3;3000;4;4000;115;1146118;487;1675219;307;2617315;8;65973;3;3000;4;4000;0;0;0;0;47;56300;22;22090;119;1619611;127;2889911;194;2129966;179;1220246
14.12.2020 18:00;4;4000;4;4000;93;915055;377;1204601;217;2090843;3;2320;4;3990;4;4000;0;0;0;0;37;39050;15;15060;109;1372725;153;1850952;180;1611463;179;1152740
14.12.2020 19:00;5;5030;4;4000;68;397819;293;853771;166;1682157;1;2000;5;5051;4;3990;0;0;0;0;26;33620;11;11060;83;814504;142;1352652;190;1087144;124;647696
14.12.2020 20:00;3;3000;4;3990;23;265280;204;1092060;94;904041;1;460;3;3000;4;4000;0;0;0;0;18;21730;5;5030;65;704234;130;1121801;115;647916;98;348409
14.12.2020 21:00;2;2000;2;2000;15;99070;153;568426;68;538570;0;0;2;2000;2;2000;0;0;0;0;9;9090;2;2000;28;328310;104;644654;77;278504;65;226535
14.12.2020 22:00;2;2000;2;2000;14;107875;105;304484;42;430083;1;200;2;2000;2;2000;0;0;0;0;2;2000;0;0;34;404335;80;333925;40;146670;51;154040
14.12.2020 23:00;2;1990;2;1990;3;6000;67;73090;30;414983;1;1940;2;2000;2;2000;0;0;0;0;2;2000;0;0;5;78768;45;194870;31;88120;33;70650
15.12.2020 00:00;0;0;1;1000;2;1460;33;66150;10;157580;0;0;0;0;1;990;0;0;0;0;1;1000;0;0;7;135130;23;122484;11;62849;15;36410
15.12.2020 01:00;0;0;0;0;2;38230;16;14700;8;112410;1;14440;0;0;0;0;0;0;0;0;0;0;0;0;1;960;11;47990;2;4540;8;17270
15.12.2020 02:00;0;0;0;0;1;15300;17;11610;5;85730;0;0;0;0;0;0;0;0;0;0;0;0;0;0;1;17590;13;53590;6;12530;6;18860
15.12.2020 03:00;0;0;0;0;1;28320;20;11190;4;53160;1;17320;0;0;0;0;0;0;0;0;0;0;0;0;2;59950;13;70385;3;6560;4;17200
15.12.2020 04:00;1;1000;0;0;1;17080;26;15770;10;193986;0;0;1;1000;0;0;0;0;0;0;0;0;0;0;4;51090;23;109260;9;35410;12;59620
15.12.2020 05:00;3;2990;3;3000;9;96081;149;356086;35;538067;3;37130;3;2990;3;2990;0;0;0;0;0;0;1;1000;11;128270;88;871058;54;284236;46;295900
15.12.2020 06:00;4;4000;4;4000;20;394235;406;941088;117;1693173;0;0;4;4000;4;4000;0;0;0;0;5;6190;3;3010;22;185210;111;2090781;78;1649038;95;867298
15.12.2020 07:00;7;6340;5;5000;86;573281;527;1786448;330;2510053;11;79933;7;6990;5;5000;0;0;0;0;18;20480;16;16090;78;1437465;61;3235734;114;2020825;120;1772609
15.12.2020 08:00;7;7650;8;8000;92;852728;524;2040751;334;2460498;5;1490;7;6980;8;8032;0;0;0;0;28;29740;8;8020;82;1441174;48;3483237;89;2223750;103;1946844
15.12.2020 09:00;4;3990;4;3970;77;539504;484;1904040;354;2693063;5;58962;4;4000;4;4000;0;0;1;1230;35;36120;8;8040;74;1437717;119;2972660;95;1904036;113;1541335
15.12.2020 10:00;4;3990;4;3990;105;877555;450;1857854;345;2475728;1;330;4;4000;5;4990;0;0;0;0;27;27500;11;11070;100;1676492;142;2808631;117;1863768;133;1616153
15.12.2020 11:00;5;4990;5;5000;106;613907;539;1843138;344;2640361;5;54070;5;5000;4;3990;0;0;0;0;39;39420;6;6030;102;1626140;147;3191920;111;2318622;156;1672428
15.12.2020 12:00;5;5000;4;4000;104;919314;513;1780567;335;2787976;6;56550;5;4990;4;3980;0;0;0;0;34;34430;10;10060;124;1931873;138;3161780;113;2574338;156;1770116
15.12.2020 13:00;8;7980;9;8980;111;1102208;441;2020419;372;2805147;8;6830;8;7990;9;8970;0;0;0;0;41;42279;12;12070;126;2039801;128;2982203;96;2409106;143;1276626
15.12.2020 14:00;5;4990;6;6000;102;790005;457;1849757;334;2763218;6;3470;5;4990;6;5990;0;0;0;0;42;46410;9;9100;100;1668472;119;2843934;99;2544048;128;1508382
15.12.2020 15:00;4;3990;3;2990;115;890872;530;2142152;357;2773049;6;2790;4;4000;3;2990;0;0;0;0;43;47560;19;19080;117;1858726;115;3203531;107;2616010;142;1874682
15.12.2020 16:00;4;3990;4;4000;133;1169800;466;1737634;305;2892493;3;2640;4;3990;4;3990;0;0;0;0;34;36561;14;14080;101;1776722;88;3076187;117;2725734;150;2376705
15.12.2020 17:00;4;3990;4;3990;114;1004315;540;1531634;284;2829185;4;1150;4;3990;4;3990;0;0;0;0;52;61279;12;12050;107;1674831;89;3278166;133;2524622;152;2260946
15.12.2020 18:00;4;3990;4;4000;106;874958;469;1284184;214;2627812;2;1100;4;4000;4;4000;0;0;0;0;22;23320;3;3020;106;1631925;118;2814194;138;2396990;148;2117884
15.12.2020 19:00;5;4990;4;4000;70;413702;316;954171;158;1623302;1;650;5;5000;5;5000;0;0;0;0;22;23410;9;9050;78;1005594;146;1422355;126;1471050;125;1369302
15.12.2020 20:00;3;3000;4;4000;38;372906;219;941215;114;890905;0;0;3;3000;3;2980;0;0;0;0;18;19220;6;6020;63;812859;123;1647798;122;806931;88;554142
15.12.2020 21:00;2;1990;3;3000;18;48420;150;561985;69;835967;0;0;2;2000;3;3000;0;0;0;0;10;10080;3;3000;33;383154;112;794923;65;360380;46;242190
15.12.2020 22:00;2;2000;2;2000;12;52460;102;297706;45;494378;1;780;2;2000;2;2000;0;0;0;0;5;5100;4;4020;24;287475;80;473766;46;244885;48;210306
15.12.2020 23:00;2;2000;2;2000;9;6000;61;66895;18;276790;0;0;2;1990;2;2000;0;0;0;0;5;5630;1;1010;10;96366;51;278520;26;121970;31;105390
16.12.2020 00:00;0;0;1;1000;3;24870;40;92006;13;289483;0;0;0;0;1;1000;0;0;0;0;5;5260;1;1000;2;45751;30;219770;9;30210;15;60356
16.12.2020 01:00;0;0;0;0;1;810;18;40150;7;169380;1;34410;0;0;0;0;0;0;0;0;0;0;0;0;2;38680;14;87550;6;17320;8;23880
16.12.2020 02:00;0;0;0;0;2;25430;18;9310;7;116270;0;0;0;0;0;0;0;0;0;0;0;0;0;0;1;15900;14;74680;3;5120;4;15140
16.12.2020 03:00;0;0;0;0;1;400;16;38010;8;164110;0;0;0;0;0;0;0;0;0;0;1;1000;0;0;0;0;13;65180;1;2800;5;21880
16.12.2020 04:00;1;1000;0;0;4;92630;27;67305;4;69310;1;710;1;990;0;0;0;0;0;0;0;0;0;0;3;17800;23;106160;13;28170;16;72640
16.12.2020 05:00;3;3000;3;3000;13;51480;157;483194;34;605299;1;450;3;2990;3;3000;0;0;0;0;0;0;1;1052;15;149940;103;895272;45;183170;32;181070
16.12.2020 06:00;4;4000;4;4000;23;337264;388;711804;85;1299000;1;580;4;3990;4;4000;0;0;0;0;5;5630;5;5030;24;459003;112;1902427;107;888936;78;597809
16.12.2020 07:00;7;6970;6;5980;38;408276;534;1667662;202;1997939;5;6630;7;6990;6;5990;0;0;0;0;32;32840;8;8040;45;727781;77;3267873;103;1609647;103;1217626
16.12.2020 08:00;8;7990;8;7990;69;762051;474;1338720;260;2122818;5;2070;8;8000;8;7970;0;0;0;0;19;22854;6;6040;62;848855;139;2690881;109;1713620;111;1472911
16.12.2020 09:00;4;3990;4;3990;66;528703;392;1512339;260;2018581;6;49370;4;4000;4;4000;0;0;0;0;26;28530;5;5106;74;1315753;162;2335907;110;1970398;119;1614728
16.12.2020 10:00;4;3980;4;4000;67;548675;391;1434773;240;1774162;3;1420;4;4000;4;3990;0;0;0;0;31;31820;5;5040;65;1030825;158;2363511;113;1582272;145;1459793
16.12.2020 11:00;4;4000;4;4000;64;591183;371;1682871;288;2110730;3;1370;4;4000;4;4000;0;0;0;0;29;29870;7;7040;92;1179315;121;2645123;74;1486241;138;1789864
16.12.2020 12:00;5;4990;4;4000;81;857080;386;1625535;267;1954585;5;744608;5;5000;5;4990;0;0;0;0;43;44973;8;8050;88;1525821;161;2278173;116;1900890;133;1530865
16.12.2020 13:00;8;7990;9;9000;68;581305;379;1620549;289;1869482;2;1090;8;8000;8;8000;0;0;0;0;40;41280;5;5020;85;1461862;160;2317336;117;2112015;137;1539589
16.12.2020 14:00;5;5000;6;5980;82;522486;385;1398759;260;1945395;1;260;5;5000;6;6000;0;0;0;0;25;31670;11;11070;110;1552434;165;2385946;109;2074776;144;1355016
16.12.2020 15:00;4;3990;3;3000;71;790562;431;1577343;249;2065159;1;520;4;4000;4;3960;0;0;0;0;38;43650;19;19080;86;1066873;212;2219639;115;2200282;153;1493375
16.12.2020 16:00;4;4000;5;5000;70;777472;442;1529344;253;1977431;2;790;4;3990;4;4000;0;0;0;0;31;33120;8;8050;75;1578808;169;2543863;145;2249349;145;2013293
16.12.2020 17:00;4;4000;3;2990;72;710842;464;1367771;217;2305181;2;780;4;4000;4;4000;0;0;0;0;46;52880;12;12060;76;1518225;147;2669956;165;2262942;168;2276945
16.12.2020 18:00;4;3990;5;4990;47;315990;380;1273832;198;1988647;2;1690;4;4000;4;3990;0;0;0;0;27;27850;8;8010;80;956403;159;1837045;139;1939362;147;1389099
16.12.2020 19:00;5;5000;4;3990;33;327463;281;839818;148;1463637;0;0;5;4990;4;3990;0;0;0;0;26;28930;5;5030;53;971946;156;1249421;129;1334950;87;550104
16.12.2020 20:00;3;2990;4;4000;23;156961;179;842913;82;871363;1;330;3;3000;4;4000;0;0;0;0;13;14180;8;8040;44;475826;126;1015934;113;697896;91;419494
16.12.2020 21:00;2;1990;2;2000;12;62840;122;518574;64;624489;1;130;2;2000;2;2063;0;0;0;0;13;13590;1;1000;29;271029;96;711950;69;278190;52;174815
16.12.2020 22:00;2;2000;2;1990;10;53880;102;200690;40;612556;0;0;2;2000;2;2000;0;0;0;0;4;4270;3;3000;20;165386;77;442929;51;196739;46;161380
16.12.2020 23:00;2;2000;2;2000;9;88986;59;197850;17;275276;0;0;2;2000;2;2000;0;0;0;0;4;8940;3;3010;10;124280;51;230085;23;58890;20;62680
17.12.2020 00:00;0;0;1;1000;3;39980;35;126380;11;130590;0;0;0;0;1;1000;0;0;0;0;2;2760;0;0;6;87480;30;132361;15;54670;13;46470
17.12.2020 01:00;0;0;0;0;2;30969;23;31460;8;128250;0;0;0;0;0;0;0;0;0;0;1;1010;0;0;1;570;20;98580;6;19090;7;17880
17.12.2020 02:00;0;0;0;0;1;17190;15;7040;8;28730;0;0;0;0;0;0;0;0;0;0;0;0;0;0;0;0;11;50060;5;15940;9;27060
17.12.2020 03:00;0;0;0;0;1;16390;13;61110;8;164845;0;0;0;0;0;0;0;0;0;0;0;0;1;1010;0;0;11;76490;2;6710;0;0
17.12.2020 04:00;1;1000;0;0;3;29540;30;27500;10;150205;0;0;1;1000;0;0;0;0;0;0;0;0;0;0;3;24586;21;127830;10;25960;11;37834
17.12.2020 05:00;3;3000;2;2000;7;81240;140;339770;39;556000;1;19980;3;3000;3;3000;0;0;0;0;2;2100;1;1010;14;210313;105;731340;48;210121;21;109400
17.12.2020 06:00;4;4000;4;4000;18;146304;351;722790;78;1050746;2;46322;4;3990;4;4000;0;0;0;0;9;9940;2;2010;27;524084;124;1738730;98;641245;62;339285
17.12.2020 07:00;7;7000;7;6990;43;456201;461;1388871;214;2069891;3;1090;7;7000;6;5990;0;0;0;0;18;18330;6;6020;51;905006;126;2638089;120;1344103;99;1021356
17.12.2020 08:00;7;6990;8;7980;76;735394;445;1443750;227;2075555;3;1550;8;7980;8;8000;0;0;0;0;18;18560;3;3010;70;1184960;196;2522394;106;1733643;100;1576852
17.12.2020 09:00;5;5000;3;3000;58;502689;387;1569103;273;1982248;0;0;4;4000;4;4000;0;0;0;0;29;30640;7;7050;81;1021637;174;2375143;90;1370372;130;1279957
17.12.2020 10:00;4;3990;5;5000;62;547501;365;1702360;257;1838533;1;390;4;4000;4;4000;0;0;0;0;27;33370;4;4030;74;1306535;168;2391799;109;1605338;113;1211828
17.12.2020 11:00;4;4000;4;4000;64;599262;373;1654118;270;1948898;3;38460;4;3990;4;3990;0;0;0;0;29;29610;3;3020;77;1448169;162;2401905;129;1891588;131;1091347
17.12.2020 12:00;5;5000;5;5000;90;759707;400;1889741;267;1947942;5;56400;5;4990;5;4990;0;0;0;0;34;36616;9;9060;99;1601819;155;2552262;112;2000491;143;1155153
17.12.2020 13:00;8;7990;8;7990;64;483908;361;1682044;294;1781195;5;47160;8;7980;8;8000;0;0;0;0;29;32190;5;5040;94;1335418;153;2526785;121;1835491;145;1480750
17.12.2020 14:00;5;5000;5;4990;69;589832;428;1659871;263;2215858;1;320;5;4980;5;5000;0;0;0;0;40;42507;13;13070;79;1356880;181;2512702;121;2002572;132;1701153
17.12.2020 15:00;4;3990;4;4000;71;571285;430;1477048;262;2296076;1;1030;4;4000;4;4000;0;0;0;0;42;44599;8;8050;81;1466922;209;2274246;117;2433584;152;1556299
17.12.2020 16:00;4;4000;4;4000;79;732630;465;1437588;272;2562203;3;1730;4;3990;5;5000;0;0;0;0;33;44390;15;15050;74;1409544;207;2427253;164;2150183;170;1574738
17.12.2020 17:00;4;3990;4;4000;75;544554;465;1422663;247;2271322;2;2070;4;3990;4;4000;0;0;0;0;38;44490;8;8050;101;1538782;142;2611217;158;2296940;169;1458060
17.12.2020 18:00;4;3990;5;4990;75;696412;371;1070983;211;2128380;4;1550;4;4000;4;4000;0;0;0;0;25;25980;10;10030;103;1473146;136;2116459;174;1620311;148;1015710
17.12.2020 19:00;5;5000;4;4000;50;373400;293;810825;137;1619915;0;0;5;4990;4;3990;0;0;0;0;31;38960;5;5020;73;870320;167;1456681;139;990844;118;725003
17.12.2020 20:00;3;2990;4;4000;27;201640;217;892179;105;957410;0;0;3;3000;4;3990;0;0;0;0;14;15230;4;4020;45;503946;152;1240456;125;577578;108;374470
17.12.2020 21:00;2;2000;2;2000;10;90501;137;491978;53;548315;0;0;2;2000;2;1990;0;0;0;0;7;7400;5;5020;21;282280;105;678495;55;225900;68;246070
17.12.2020 22:00;2;2000;2;1990;8;58050;107;321530;48;616110;0;0;2;2000;2;2000;0;0;0;0;5;5240;0;0;19;247730;81;437719;62;229871;59;202000
17.12.2020 23:00;2;2000;2;2000;9;25140;56;116520;20;152997;0;0;2;2000;2;1990;0;0;0;0;1;1000;3;3010;9;130990;46;195062;32;97780;29;101930
18.12.2020 00:00;0;0;1;1000;2;21870;28;130940;14;281925;0;0;0;0;1;1000;0;0;0;0;1;1010;0;0;4;44190;30;140230;6;26173;10;44930
18.12.2020 01:00;0;0;0;0;1;570;28;15920;6;78620;0;0;0;0;0;0;0;0;0;0;0;0;0;0;2;16713;21;93640;4;14590;8;30310
18.12.2020 02:00;0;0;0;0;0;0;17;8760;3;61900;0;0;0;0;0;0;0;0;0;0;0;0;0;0;3;67880;14;49510;1;390;6;26880
18.12.2020 03:00;0;0;0;0;1;17400;21;33990;7;78970;0;0;0;0;0;0;0;0;0;0;0;0;0;0;1;17670;17;87360;5;28130;5;18850
18.12.2020 04:00;1;1000;0;0;5;69700;32;118070;5;122100;1;38560;1;990;0;0;0;0;0;0;0;0;1;1010;4;48650;29;121110;13;46520;20;69571
18.12.2020 05:00;3;3000;3;2990;10;69310;153;312990;38;725774;0;0;3;3000;3;3000;0;0;0;0;0;0;0;0;15;262270;97;669774;55;232965;29;123074
18.12.2020 06:00;4;3990;4;4000;22;176110;311;766952;88;1092838;0;0;4;4000;4;4000;0;0;0;0;8;8050;1;1010;27;337903;124;1499002;111;641649;51;366226
18.12.2020 07:00;7;7000;6;5980;36;364381;451;1120091;189;2114280;7;4890;7;7000;6;5990;0;0;0;0;15;16080;10;10070;47;828419;139;2665267;87;2130478;156;1541785
18.12.2020 08:00;7;6970;8;7990;46;512056;437;1437744;224;1840552;0;0;7;6980;8;7990;0;0;0;0;28;32357;6;6010;49;674810;124;2670070;88;1829881;85;1311280
18.12.2020 09:00;4;3990;4;4061;69;528386;400;1736044;275;2129186;0;0;5;4980;4;3990;0;0;0;0;24;25090;2;2010;77;1181204;156;2531267;113;1594157;106;1179095
18.12.2020 10:00;5;5000;3;2990;66;398380;396;1437013;260;2039542;0;0;4;4000;4;3990;0;0;0;0;20;21127;11;11105;77;999239;165;2373550;126;1804643;119;1179706
18.12.2020 11:00;4;3990;5;5000;86;901353;427;1886047;325;2355904;0;0;4;3980;4;4000;0;0;0;0;19;19490;9;9010;87;1600809;144;2580186;112;1857844;116;1425439
18.12.2020 12:00;5;5000;5;5000;78;727118;465;1478974;272;2395319;0;0;5;5000;5;5000;0;0;0;0;33;37100;17;17159;84;1271224;213;2558566;136;1871986;134;1185776
18.12.2020 13:00;8;7990;8;8000;91;789147;460;1369964;252;2307248;1;580;8;8000;8;7990;0;0;0;0;31;33430;7;7040;91;1481223;225;2413930;110;2226146;132;1515289
18.12.2020 14:00;5;5000;6;6000;74;641777;433;1546460;268;2189865;2;1090;5;5000;6;6000;0;0;0;0;22;22150;5;5020;91;1451671;199;2303151;133;1923676;136;1577152
18.12.2020 15:00;4;3990;4;4000;68;593544;431;1517298;264;2325869;0;0;4;3980;4;3980;0;0;0;0;43;52940;10;10070;83;1273009;216;2377100;151;1940488;152;1580435
18.12.2020 16:00;4;4000;4;4000;76;670467;435;1037979;227;2239353;2;1610;4;4000;4;3990;0;0;0;0;37;40010;7;7030;85;1338801;181;2220923;142;1976998;137;1254842
18.12.2020 17:00;4;4000;4;4000;78;631386;430;1318806;250;2297424;4;1300;4;4000;4;3990;0;0;0;0;48;52090;13;13010;84;1200236;167;2277525;174;1539725;162;882423
18.12.2020 18:00;4;4000;4;3990;45;222856;365;943921;210;2028633;2;1090;4;3990;4;4000;0;0;0;0;30;32080;4;4040;61;911932;163;1763891;141;1169781;140;876361
18.12.2020 19:00;5;5000;4;4000;47;473536;271;931664;134;1602037;0;0;5;4990;4;4000;0;0;0;0;32;33010;3;3000;59;754655;153;1380572;132;905742;95;550351
18.12.2020 20:00;3;3000;4;4000;31;251440;185;843778;97;987205;0;0;2;2000;4;3990;0;0;0;0;18;20820;1;1010;54;716024;140;952887;100;505069;96;299876
18.12.2020 21:00;2;2000;2;2000;15;90782;129;643216;65;737514;0;0;2;2000;2;1990;0;0;0;0;11;11440;1;1010;20;288262;106;609011;58;242160;52;149850
18.12.2020 22:00;2;2063;2;1990;13;138089;109;406143;47;414826;0;0;2;2000;2;2000;0;0;0;0;5;5600;3;3020;27;390453;89;407129;41;144490;47;119490
18.12.2020 23:00;2;1990;2;2000;6;13710;63;151693;35;402260;1;43040;2;2000;2;1990;0;0;0;0;3;3220;1;1000;10;65240;50;286069;41;138562;37;80800
19.12.2020 00:00;0;0;1;1000;5;48800;38;667925;26;417080;0;0;0;0;1;990;0;0;0;0;2;2020;2;2000;12;243184;41;167440;9;21990;27;47754
19.12.2020 01:00;0;0;0;0;1;35670;24;111499;15;192400;0;0;0;0;0;0;0;0;0;0;0;0;0;0;4;47440;15;72995;6;11390;11;20220
19.12.2020 02:00;0;0;0;0;2;17070;17;14340;14;145741;0;0;0;0;0;0;0;0;0;0;0;0;0;0;5;85390;7;21230;4;6880;14;32380
19.12.2020 03:00;0;0;0;0;1;37970;17;25360;6;116114;0;0;0;0;0;0;0;0;0;0;0;0;0;0;2;3070;17;42024;2;4710;7;17400
19.12.2020 04:00;1;1000;0;0;3;27140;12;29940;10;210565;0;0;1;1000;0;0;0;0;0;0;0;0;0;0;4;52820;11;58220;4;9340;7;19060
19.12.2020 05:00;3;3000;3;3000;8;33690;55;195450;15;267210;0;0;3;3000;3;3000;0;0;0;0;0;0;0;0;12;133620;44;167500;23;52339;19;50930
19.12.2020 06:00;4;3990;4;3990;10;35540;68;287069;22;442996;0;0;4;4000;4;3990;0;0;0;0;3;3010;1;1010;17;208636;61;220900;33;84825;35;88050
19.12.2020 07:00;4;4000;4;3980;13;187824;90;418039;56;514653;0;0;4;4000;4;3990;0;0;0;0;3;3170;0;0;23;426642;71;459930;46;208610;35;141110
19.12.2020 08:00;5;4990;4;4000;24;163845;174;612916;89;870412;0;0;5;4990;4;4000;0;0;0;0;14;14310;2;2010;32;374710;116;877118;60;410898;56;226110
19.12.2020 09:00;4;3990;4;4000;40;144236;241;885269;173;1635404;2;970;4;4000;4;3980;0;0;0;0;29;30610;6;6020;43;814601;142;1386614;100;1002260;82;663126
19.12.2020 10:00;4;3990;4;4000;39;181793;274;1279170;238;1798368;3;640;4;3990;4;3990;0;0;0;0;24;25150;9;9040;53;822458;141;1888228;150;1212244;123;864893
19.12.2020 11:00;4;4000;4;3990;54;320163;323;1288727;256;1861630;1;1100;4;4000;4;3990;0;0;0;0;27;28070;4;4000;73;1036953;149;1917684;121;1533940;138;1344890
19.12.2020 12:00;4;3990;4;3990;62;404463;350;1443555;259;1983493;3;2380;4;4000;4;4000;0;0;0;0;36;39520;8;8030;77;990407;151;2103741;116;1637959;123;1282832
19.12.2020 13:00;4;3990;4;3990;48;343729;348;1457621;230;1792556;3;770;4;4000;4;4000;0;0;0;0;21;21350;7;7040;64;898533;161;2101172;127;1782305;115;1202427
19.12.2020 14:00;4;3990;4;4000;55;419750;371;1402414;199;1714579;1;260;4;4000;4;4000;0;0;0;0;35;37550;12;12050;85;1087296;148;2282253;124;1584893;150;1435317
19.12.2020 15:00;4;4000;4;4000;44;297594;389;1486778;225;1819109;0;0;4;3990;4;3990;0;0;0;0;27;31460;3;3020;65;1140276;205;2301570;116;1505605;142;1114297
19.12.2020 16:00;4;3990;4;4000;48;295730;343;1209239;202;1679154;1;22970;4;4000;4;3990;0;0;0;0;37;40570;6;6040;54;788225;157;1948236;142;1230387;127;928710
19.12.2020 17:00;4;4000;5;5000;44;568474;334;1436523;167;1379414;0;0;4;3990;5;5066;0;0;0;0;34;38226;6;6010;69;1101430;145;2022905;146;1138742;129;749492
19.12.2020 18:00;4;3990;4;4000;41;248920;302;1466119;158;1451739;0;0;4;3990;4;3990;0;0;0;0;16;16740;7;7020;55;727274;161;1774648;138;754073;133;570470
19.12.2020 19:00;4;3990;4;4000;29;246830;229;969016;114;1066922;0;0;4;4000;4;4000;0;0;0;0;23;23250;6;6020;50;684385;137;1220526;112;655392;87;239729
19.12.2020 20:00;2;2000;2;2000;22;143190;195;971624;95;895220;1;580;2;2000;2;2000;0;0;0;0;19;19770;2;2000;35;597940;130;1008980;91;227460;93;401800
19.12.2020 21:00;2;2000;2;2000;19;116254;155;598550;46;557240;2;790;2;2000;2;1990;0;0;0;0;19;19400;1;1010;31;445374;119;796250;46;188910;54;185529
19.12.2020 22:00;2;1990;2;2000;11;77527;105;411008;39;447352;0;0;2;2000;2;1990;0;0;0;0;9;9060;1;1000;26;276002;74;359192;48;107930;56;195490
19.12.2020 23:00;2;1990;2;1990;10;42580;81;241339;28;321989;0;0;2;2000;2;2000;0;0;0;0;4;4040;0;0;15;106150;59;233417;22;67930;29;72260
20.12.2020 00:00;0;0;1;1000;10;87610;37;188390;20;271887;0;0;0;0;1;1000;0;0;0;0;3;3230;0;0;10;156429;30;190760;14;42480;20;78380
20.12.2020 01:00;0;0;0;0;3;40610;30;68088;9;159300;0;0;0;0;0;0;0;0;0;0;0;0;0;0;5;27550;27;117228;12;33750;22;59109
20.12.2020 02:00;0;0;0;0;0;0;13;7550;4;88450;0;0;0;0;0;0;0;0;0;0;0;0;0;0;2;29170;11;38730;7;28460;13;69150
20.12.2020 03:00;0;0;0;0;0;0;12;23340;8;129230;0;0;0;0;0;0;0;0;0;0;0;0;0;0;1;3840;12;53360;5;17150;6;21370
20.12.2020 04:00;0;0;0;0;3;48980;9;35290;3;40570;0;0;0;0;0;0;0;0;0;0;1;1000;0;0;6;90140;9;36890;4;16710;5;18790
20.12.2020 05:00;1;1000;1;1000;3;45120;20;17030;14;238806;0;0;2;1990;1;1000;0;0;0;0;0;0;0;0;2;28690;17;73320;8;30250;15;71710
20.12.2020 06:00;3;3000;2;2000;3;5020;27;43630;5;97953;0;0;2;1990;2;1980;0;0;0;0;1;1010;0;0;7;89730;20;89940;14;56310;15;71340
20.12.2020 07:00;2;2000;2;2000;5;7450;27;86609;19;327730;0;0;2;2000;2;2000;0;0;0;0;0;0;0;0;7;114670;21;124809;20;71006;28;136716
20.12.2020 08:00;2;2000;2;2000;12;92360;44;175765;35;405095;0;0;2;1990;2;2000;0;0;0;0;3;3020;0;0;10;127940;37;220395;19;130680;33;122760
20.12.2020 09:00;2;2000;2;2000;11;161378;105;416180;49;498178;0;0;2;1990;2;2000;0;0;0;0;9;9260;1;1000;19;202490;84;562443;53;397481;37;140430
20.12.2020 10:00;2;2000;2;2000;18;143710;165;569650;79;735869;0;0;2;2000;2;2000;0;0;0;0;5;5020;7;7040;31;519543;107;595417;61;365410;70;275710
20.12.2020 11:00;2;2000;2;2000;15;98087;204;890463;137;1322381;1;320;2;2000;2;2000;0;0;0;0;6;6420;2;2010;37;594849;132;892304;74;596472;81;509603
20.12.2020 12:00;3;3000;3;2990;36;267260;260;1139778;142;1409063;0;0;3;2990;3;2990;0;0;0;0;13;15910;1;1010;41;584162;161;1359673;100;904493;90;503580
20.12.2020 13:00;4;4000;4;4000;43;241600;262;1019485;148;1192397;0;0;4;4000;4;4000;0;0;0;0;13;13940;4;4020;57;655440;129;1433630;95;993166;94;626714
20.12.2020 14:00;4;3990;4;3980;35;245554;295;1237534;178;1393724;0;0;4;4000;5;4980;0;0;0;0;13;15060;8;8070;55;641176;149;1617603;112;1049313;107;791187
20.12.2020 15:00;4;3990;4;4000;35;245394;275;1086440;181;1411048;0;0;4;4000;4;4000;0;0;0;0;21;25050;5;5040;55;694538;130;1556600;96;1101008;111;921634
20.12.2020 16:00;4;4000;4;4000;31;211245;308;1166307;132;1181936;0;0;4;4000;4;3990;0;0;0;0;20;21320;6;6040;49;656734;145;1719634;103;773713;109;885753
20.12.2020 17:00;4;3990;4;3990;47;257040;259;967727;128;1181504;0;0;4;3990;4;4000;0;0;0;0;11;12710;3;3020;51;574432;138;1756748;98;624217;89;646552
20.12.2020 18:00;4;4000;4;4000;37;250460;218;1019298;125;1113743;0;0;4;4000;4;3990;0;0;0;0;14;14130;2;2010;49;540520;117;1443972;101;576818;105;840206
20.12.2020 19:00;2;2000;2;2000;32;196159;192;589005;84;842489;1;390;2;2000;2;1990;0;0;0;0;4;4030;4;4020;36;452487;124;1060159;73;414315;74;563021
20.12.2020 20:00;2;2000;2;1990;21;108780;178;700264;78;786350;0;0;2;2000;2;2000;0;0;0;0;5;5090;2;2010;41;684271;108;1099012;73;351415;71;423661
20.12.2020 21:00;2;2000;2;2000;18;81370;119;325303;50;621846;0;0;2;2000;2;2000;0;0;0;0;4;4000;2;2010;25;292050;97;636018;40;167440;41;235370
20.12.2020 22:00;2;2000;2;1990;5;48082;63;129530;31;532861;0;0;2;2000;2;2000;0;0;0;0;2;2010;1;1000;10;158002;56;309005;28;106646;28;116700
20.12.2020 23:00;2;1990;2;2000;5;7630;40;28390;16;286212;0;0;2;2000;2;2000;0;0;0;0;1;1010;0;0;9;80490;34;167877;11;32010;22;78970
21.12.2020 00:00;0;0;1;1000;3;52660;34;91197;14;188690;0;0;0;0;1;1000;0;0;0;0;1;1000;0;0;2;32580;29;178187;11;27890;12;44670
21.12.2020 01:00;0;0;0;0;3;17540;18;34030;6;106150;0;0;0;0;0;0;0;0;0;0;0;0;0;0;2;3040;14;79122;6;18180;5;21300
21.12.2020 02:00;0;0;0;0;0;0;19;9480;5;82170;0;0;0;0;0;0;0;0;0;0;0;0;0;0;1;20700;18;83150;3;9900;4;19410
21.12.2020 03:00;0;0;0;0;2;16120;16;8610;7;205416;1;23350;0;0;0;0;0;0;0;0;0;0;0;0;1;34891;12;67350;3;9200;5;16820
21.12.2020 04:00;1;1000;0;0;4;20950;26;70451;8;153830;0;0;1;1000;0;0;0;0;0;0;0;0;0;0;5;29010;29;116224;11;36800;11;38410
21.12.2020 05:00;3;3000;3;3000;9;132790;133;282169;27;442327;1;34070;3;3000;3;3000;0;0;0;0;1;2870;0;0;15;158010;82;617839;34;142750;31;166120
21.12.2020 06:00;4;4000;4;3990;16;425224;282;744997;70;1168019;0;0;4;4000;4;4000;0;0;0;0;3;3230;2;2010;24;368134;116;1484097;69;663723;48;392560
21.12.2020 07:00;5;4980;4;4000;45;553099;376;1013123;170;1810925;1;260;5;5000;4;3990;0;0;0;0;11;11420;4;4010;47;670485;122;2082080;114;1042950;83;968368
21.12.2020 08:00;4;3990;4;3990;47;467928;454;1307606;177;1907751;0;0;4;4000;4;4000;0;0;0;0;15;15160;1;1010;47;888258;154;2436199;72;1452898;70;834321
21.12.2020 09:00;4;4000;4;3990;62;542830;383;1424228;256;2132428;2;1360;4;3990;4;4057;0;0;0;0;47;48440;12;12060;78;1276369;171;2208371;105;1702207;123;1222509
21.12.2020 10:00;4;4000;4;4000;87;828748;430;1478143;271;1929267;1;450;4;3990;4;3990;0;0;0;0;22;23920;2;2010;80;1244260;158;2484037;123;1636924;112;939674
21.12.2020 11:00;4;4000;4;3990;70;769087;376;1740744;285;2171200;3;1490;4;3990;4;4000;0;0;0;0;26;27950;8;8960;81;1161886;164;2573049;112;1901701;140;1336350
21.12.2020 12:00;4;3990;4;4000;72;673752;390;1680440;292;2125051;1;520;4;4000;4;3990;0;0;0;0;38;39830;7;7020;79;1237527;179;2435026;126;1827990;119;1528948
21.12.2020 13:00;4;4000;4;3990;87;675219;408;1565508;251;1889017;1;320;4;3990;4;4000;0;0;0;0;41;45990;5;5030;92;1279735;161;2579474;121;1641302;129;1229252
21.12.2020 14:00;4;3990;4;3990;68;666960;402;1586899;261;1920471;1;850;4;4000;4;3990;0;0;0;0;32;34440;8;8050;76;1255907;150;2404577;131;1847333;126;1454742
21.12.2020 15:00;4;4000;4;4000;83;571978;464;1524035;267;2245588;4;1490;4;4000;4;3990;0;0;0;0;37;38720;10;10070;81;1338660;160;2635501;120;1960507;133;1356240
21.12.2020 16:00;4;3990;4;4000;86;760484;490;1374540;263;2619521;3;7490;4;4000;4;3990;0;0;0;0;46;55460;8;8050;81;1590445;116;2840643;976;2482510;145;2178498
21.12.2020 17:00;4;4000;4;4000;69;688833;461;1296347;193;2088611;0;0;4;4000;4;4000;0;0;0;0;27;30780;13;13080;86;1614673;143;2456503;128;2535017;130;1818294
21.12.2020 18:00;4;4000;4;4000;53;434089;351;1095683;173;1706652;2;1360;4;4000;4;4000;0;0;0;0;28;31085;2;2020;83;1013200;196;1847059;138;1520273;127;1051100
21.12.2020 19:00;4;4000;4;4000;46;600198;241;632099;110;1462497;2;840;4;3990;4;3990;0;0;0;0;11;11080;4;4040;72;778213;131;1281567;112;1140069;95;721813
21.12.2020 20:00;4;4000;5;5000;30;248470;206;779068;69;825791;0;0;4;3990;5;5000;0;0;0;0;9;10170;1;1010;43;600370;126;1165430;77;594285;77;417215
21.12.2020 21:00;2;1990;2;2000;8;69680;117;375236;42;661282;0;0;2;2000;2;2000;0;0;0;0;8;8070;1;1010;22;188654;77;566076;56;314810;43;226672
21.12.2020 22:00;2;2000;2;2000;4;50080;90;371488;28;493264;0;0;2;2000;2;2000;0;0;0;0;2;2020;0;0;19;167280;70;451355;35;216526;41;196443
21.12.2020 23:00;2;2000;2;2000;7;68240;37;89540;10;136440;0;0;2;2000;2;2000;0;0;0;0;2;2080;0;0;5;77694;31;221020;12;66360;11;73840
22.12.2020 00:00;0;0;1;1000;2;6580;28;60470;9;157290;0;0;0;0;1;1000;0;0;0;0;0;0;0;0;7;83290;20;100900;8;23900;8;39450
22.12.2020 01:00;0;0;0;0;2;13360;18;28400;11;154280;0;0;0;0;0;0;0;0;0;0;0;0;0;0;4;69350;17;78580;3;12440;4;19670
22.12.2020 02:00;0;0;0;0;1;1460;16;10560;4;60930;0;0;0;0;0;0;0;0;0;0;0;0;0;0;4;36280;14;67840;4;8480;2;1320
22.12.2020 03:00;0;0;0;0;0;0;19;16570;5;67090;0;0;0;0;0;0;0;0;0;0;0;0;0;0;1;25900;15;86494;3;9819;5;19800
22.12.2020 04:00;1;1000;0;0;5;56800;22;14640;7;141070;0;0;1;1000;0;0;0;0;0;0;1;1000;0;0;5;39580;20;100420;9;33020;9;43050
22.12.2020 05:00;3;3000;3;3000;14;130060;115;309011;27;456924;3;1740;3;3000;3;2980;0;0;0;0;0;0;0;0;12;69740;85;600868;39;139827;30;144445
22.12.2020 06:00;4;3990;4;4000;21;160890;269;933489;64;957903;0;0;4;3980;4;4000;0;0;0;0;2;2010;2;2000;26;506947;116;1526073;80;655193;55;442100
22.12.2020 07:00;5;4980;4;4000;26;250260;367;911931;130;1661627;1;520;5;5000;4;3990;0;0;0;0;11;11220;2;2020;40;542390;129;1848286;113;1412893;94;966355
22.12.2020 08:00;4;4000;4;4000;45;653580;420;1072859;198;2111171;1;460;4;3990;4;4000;0;0;0;0;16;17700;6;6060;48;1064998;137;2514255;103;1380194;94;929892
22.12.2020 09:00;4;3980;4;4000;42;510020;385;1411808;225;1849680;1;40250;4;4000;4;4000;0;0;0;0;24;31099;4;4010;71;1198296;174;2061261;118;1451123;107;1112775
22.12.2020 10:00;4;4000;4;4000;81;540433;395;1659724;301;2040555;4;2010;4;4000;4;4000;0;0;0;0;38;38700;7;7050;84;1223777;150;2516698;106;1587893;120;935488
22.12.2020 11:00;4;4000;4;4000;87;674685;378;1775599;317;2081962;5;43590;4;4000;4;4000;0;0;0;0;27;28938;8;8020;86;1158675;157;2562563;105;1856420;135;1478459
22.12.2020 12:00;4;3990;4;4000;72;455160;388;1669623;260;1803943;1;260;4;4000;4;4000;0;0;0;0;36;38650;8;8040;98;1461100;165;2275509;133;1790019;145;1462855
22.12.2020 13:00;4;3990;4;4000;80;486951;372;1761844;291;2057509;6;7630;4;3990;4;3990;0;0;0;0;43;56200;7;7050;92;1560321;149;2559567;111;1928268;132;1540436
22.12.2020 14:00;4;4000;4;3990;81;541247;440;1638934;291;1967455;3;1550;4;3990;4;4000;0;0;0;0;38;39710;6;6030;91;1414019;175;2613328;119;1528540;151;1468698
22.12.2020 15:00;4;4000;4;3990;86;543570;399;1685300;295;2262717;2;770;4;4000;4;3990;0;0;0;0;43;45980;15;15040;92;1525420;181;2622638;147;2107319;140;1553338
22.12.2020 16:00;4;4000;4;4000;89;813754;472;1482513;267;2380846;0;0;4;4000;4;3990;0;0;0;0;42;43180;10;10050;93;1229934;168;2654657;141;1884803;153;1728895
22.12.2020 17:00;4;4000;4;3990;89;591365;417;1317731;220;2496474;1;780;4;4000;4;3990;0;0;0;0;30;32570;12;12060;98;1380492;144;2622585;159;2086461;136;1944377
22.12.2020 18:00;4;4000;4;4000;63;467480;377;998624;162;2026353;0;0;4;3990;4;4000;0;0;0;0;20;22310;6;6040;75;1292141;148;2249796;133;1658818;150;1849391
22.12.2020 19:00;4;3980;4;4000;44;276594;272;886686;132;1536293;0;0;4;3990;4;4000;0;0;0;0;18;20170;3;3020;58;709789;139;1393322;119;970715;86;630218
22.12.2020 20:00;4;3990;5;5000;34;200670;195;1005866;88;1041744;0;0;4;3990;5;4990;0;0;0;0;13;13150;1;1000;31;390563;118;1384066;74;586210;85;693590
22.12.2020 21:00;2;2000;2;1990;19;178420;123;427373;53;579155;1;19700;2;2000;2;2000;0;0;0;0;8;8060;3;3010;25;210655;94;712381;53;272069;56;253330
22.12.2020 22:00;2;2000;2;2000;10;95130;87;282836;41;442074;0;0;2;2000;2;1990;0;0;0;0;4;4020;0;0;20;200144;68;428755;37;194495;43;235884
22.12.2020 23:00;2;1990;2;2000;11;77750;54;114990;18;133194;0;0;2;2000;2;2000;0;0;0;0;0;0;1;1010;8;76310;42;261773;17;58850;21;131170
23.12.2020 00:00;0;0;1;1000;2;36940;29;25560;6;92790;0;0;0;0;1;1000;0;0;0;0;1;1010;0;0;2;20400;21;110340;4;6230;8;35830
23.12.2020 01:00;0;0;0;0;4;41460;14;24140;7;121910;1;18430;0;0;0;0;0;0;0;0;1;1010;0;0;6;34940;16;51480;4;10100;9;34030
23.12.2020 02:00;0;0;0;0;0;0;14;8430;5;118597;1;970;0;0;0;0;0;0;0;0;0;0;0;0;3;37800;13;50540;3;15260;3;10390
23.12.2020 03:00;0;0;0;0;1;2200;15;14990;7;83440;0;0;0;0;0;0;0;0;0;0;0;0;0;0;1;18780;13;68250;3;9850;3;9920
23.12.2020 04:00;1;1000;0;0;4;34345;33;49640;9;265934;0;0;1;1000;0;0;0;0;0;0;0;0;0;0;6;25630;31;166588;16;45670;15;67950
23.12.2020 05:00;3;3000;3;2990;11;112880;110;259634;29;424183;0;0;3;3000;3;2990;0;0;0;0;3;3800;1;1010;14;91224;74;525239;35;168260;37;182080
23.12.2020 06:00;4;4000;4;4000;22;274170;231;542055;56;890625;0;0;4;4000;4;4000;0;0;0;0;2;2020;2;2010;26;442857;105;1043879;64;531545;68;398817
23.12.2020 07:00;5;5000;4;3990;20;94806;382;992563;135;1769863;0;0;5;4990;4;4000;0;0;0;0;8;8480;5;5050;31;390883;127;1914374;90;1025913;83;810569
23.12.2020 08:00;4;3990;4;3980;32;176884;318;836082;192;1913800;1;460;4;4000;4;3990;0;0;0;0;20;20640;12;12050;58;1045106;154;1853248;88;1128841;98;933981
23.12.2020 09:00;4;4000;4;4000;42;260840;367;1391836;251;1996839;2;1160;4;4000;4;4000;0;0;0;0;26;27840;4;4040;56;984268;121;2188848;88;1479369;92;1165094
23.12.2020 10:00;4;4000;4;3990;68;555230;433;1652016;279;2227379;2;450;4;3990;4;4000;0;0;0;0;29;30070;8;8060;70;1183390;126;2725234;100;1729468;100;1365193
23.12.2020 11:00;4;4000;4;4000;70;551514;418;1787846;317;2263161;3;1540;4;3990;4;4000;0;0;0;0;29;29342;7;7020;105;1481347;165;2530577;93;1921060;125;1484856
23.12.2020 12:00;4;3990;4;4000;77;764394;425;1809791;299;2296355;1;260;4;3980;4;3980;0;0;0;0;30;33030;5;5020;102;1707305;153;2572124;118;2021016;140;1437652
23.12.2020 13:00;4;4000;4;4000;72;603120;425;1449340;250;1884108;0;0;4;3990;4;4000;0;0;0;0;30;32000;3;3020;92;1556975;148;2557772;128;1902853;138;1474119
23.12.2020 14:00;4;4000;4;4000;83;663991;425;1643694;299;2103891;1;450;4;3990;4;4000;0;0;0;0;22;26970;2;2020;76;1299514;151;2674722;115;2093844;130;1830636
23.12.2020 15:00;4;3990;4;4000;73;812543;469;1704972;247;2186188;1;640;4;3990;4;4000;0;0;0;0;26;27450;11;11080;86;1485243;125;2763983;131;2046333;126;1661964
23.12.2020 16:00;4;3990;4;3990;79;687537;438;1286857;243;2441500;2;1300;4;4000;4;3990;0;0;0;0;30;31060;3;3020;74;1287979;136;2701574;118;2277388;138;1899220
23.12.2020 17:00;4;4000;4;4000;78;519798;431;1101394;210;2136678;0;0;4;3990;4;4000;0;0;0;0;27;28320;3;3020;101;1540779;135;2078605;161;1853372;149;1574268
23.12.2020 18:00;4;3980;4;3990;60;521840;361;1057353;189;1971716;1;260;4;3980;4;4000;0;0;0;0;18;20770;4;4020;84;1157525;145;1832232;125;1695577;115;1285963
23.12.2020 19:00;4;4000;4;4000;58;565501;278;836677;111;1413569;1;510;4;3990;4;4000;0;0;0;0;13;15300;0;0;72;1013847;142;1230977;126;1086831;105;899972
23.12.2020 20:00;4;3990;5;4990;30;218186;214;901652;88;1024045;1;43070;4;4000;5;4990;0;0;0;0;6;6010;0;0;38;450866;137;1278506;80;803167;92;657006
23.12.2020 21:00;2;2000;2;2000;9;53778;128;511963;45;525024;0;0;2;2000;2;2000;0;0;0;0;6;7620;1;1000;35;465046;87;533920;48;184369;47;219970
23.12.2020 22:00;2;1990;2;2000;10;115440;89;342810;36;402480;0;0;2;2000;2;2000;0;0;0;0;9;9770;0;0;17;259014;73;513309;45;191850;32;190070
23.12.2020 23:00;2;2000;2;1990;11;43707;45;112734;19;251110;0;0;2;2000;2;2000;0;0;0;0;1;1010;0;0;6;90420;39;196934;18;48700;16;57484
24.12.2020 00:00;0;0;1;1000;5;87747;13;9260;19;286226;0;0;0;0;1;1000;0;0;0;0;0;0;0;0;4;79950;11;49690;6;14230;6;20290
24.12.2020 01:00;0;0;0;0;1;15920;20;53130;6;154330;0;0;0;0;0;0;0;0;0;0;0;0;0;0;2;39190;16;65510;6;22830;6;16940
24.12.2020 02:00;0;0;0;0;1;1170;8;3570;1;9760;0;0;0;0;0;0;0;0;0;0;0;0;0;0;2;33390;8;20660;2;9830;4;16310
24.12.2020 03:00;0;0;0;0;0;0;17;44720;5;100220;1;14540;0;0;0;0;0;0;0;0;0;0;0;0;2;34040;12;36430;2;5270;2;1220
24.12.2020 04:00;1;1000;0;0;3;36730;16;48640;8;151980;0;0;1;1000;0;0;0;0;0;0;0;0;0;0;4;43160;16;52400;7;15580;10;18006
24.12.2020 05:00;3;3000;3;3055;7;103170;43;45170;17;319868;0;0;3;3000;3;2990;0;0;0;0;0;0;1;1010;10;67930;38;146020;14;27730;16;29190
24.12.2020 06:00;4;3980;4;4000;10;49710;63;197300;29;521100;0;0;4;4000;4;4000;0;0;0;0;0;0;0;0;15;220161;51;215783;28;93790;22;47570
24.12.2020 07:00;4;4000;4;4000;14;86410;100;233255;49;730953;0;0;4;4000;4;3990;0;0;0;0;4;4070;3;3010;13;586065;81;409586;53;257110;36;176120
24.12.2020 08:00;5;5000;4;4000;24;305200;177;719866;93;1275414;0;0;5;4980;4;3980;0;0;0;0;16;16110;2;2010;33;726413;108;873895;55;589393;65;523807
24.12.2020 09:00;4;4000;4;4000;35;331231;260;1056201;146;1637569;2;1030;4;4000;4;4000;0;0;0;0;26;26800;6;6020;49;850760;134;1503196;82;713138;74;712584
24.12.2020 10:00;4;4000;4;4000;48;402674;315;1409760;214;1506273;1;190;4;3990;4;3990;0;0;0;0;22;22390;3;3010;67;1049110;136;1849303;119;1161320;98;691187
24.12.2020 11:00;4;3990;4;3990;50;227700;361;1535612;245;1972992;2;710;4;3990;4;4000;0;0;0;0;24;25270;3;3030;87;988382;155;2377462;107;1605443;124;1384179
24.12.2020 12:00;4;4000;4;4000;62;539539;370;1627158;236;1703938;1;260;4;4000;4;4000;0;0;0;0;31;32940;5;5000;79;1331888;167;2274302;111;1465297;120;1389398
24.12.2020 13:00;4;3980;4;3990;55;390504;364;1355881;211;1917964;2;650;4;4000;4;3990;0;0;0;0;16;17090;7;7030;73;1008430;166;1985310;119;1846355;121;1410876
24.12.2020 14:00;4;3980;4;4000;56;397183;333;1369727;231;1738892;1;320;4;4000;4;3990;0;0;0;0;23;23340;1;1010;73;1011405;158;2089889;114;1910191;114;1491669
24.12.2020 15:00;4;4000;4;3980;51;501846;396;1358813;198;1938297;1;770;4;3990;4;4000;0;0;0;0;12;13070;2;2010;63;1162611;186;2091599;117;1546864;121;1430594
24.12.2020 16:00;4;3990;4;4000;36;465627;370;943480;192;2020420;0;0;4;3990;4;3990;0;0;0;0;11;12490;4;4030;57;878204;159;1588133;133;1562728;143;1468172
24.12.2020 17:00;4;4000;5;5000;36;363314;295;724775;144;1741843;0;0;4;4000;5;5000;0;0;0;0;8;8520;5;5040;47;657982;140;1461283;85;1995995;115;1196761
24.12.2020 18:00;4;4000;4;3990;22;180475;178;467935;74;1013736;0;0;4;3990;4;4000;0;0;0;0;5;5050;1;1000;32;540547;99;834965;84;823534;87;565968
24.12.2020 19:00;4;4000;4;4000;16;90350;113;322249;49;906293;1;44770;4;4000;4;3990;0;0;0;0;7;7060;2;2000;25;281120;82;463792;76;487345;85;503670
24.12.2020 20:00;2;1990;2;2000;17;180323;154;733125;62;800677;0;0;2;2000;2;2000;0;0;0;0;5;5530;3;3020;20;298714;92;865127;66;677119;79;511893
24.12.2020 21:00;2;2000;2;2000;16;122281;179;612300;97;1135381;0;0;2;1990;2;2000;0;0;0;0;5;5040;3;3010;35;418001;96;957767;86;820375;71;484067
24.12.2020 22:00;2;1990;2;2000;13;131390;161;618923;83;853123;0;0;2;2000;2;2000;0;0;0;0;7;7320;1;1000;30;289690;108;948173;86;513873;74;444932
24.12.2020 23:00;2;2000;2;2046;16;90370;168;399700;75;770127;0;0;2;2000;2;2000;0;0;0;0;5;5010;0;0;22;368310;113;879488;77;429224;75;440460
25.12.2020 00:00;0;0;1;1000;8;78400;74;274580;46;524679;0;0;0;0;1;1000;0;0;0;0;1;1000;1;1010;14;272866;51;385271;30;177110;44;253130
25.12.2020 01:00;0;0;0;0;2;29870;27;37750;22;309810;0;0;0;0;0;0;0;0;0;0;1;1150;0;0;3;3490;22;108103;11;51180;12;45897
25.12.2020 02:00;0;0;0;0;1;6650;19;47240;8;156331;0;0;0;0;0;0;0;0;0;0;0;0;0;0;6;39070;18;73985;0;0;10;44830
25.12.2020 03:00;0;0;0;0;1;410;8;6230;2;25080;0;0;0;0;0;0;0;0;0;0;0;0;0;0;3;15810;6;20290;6;22760;5;30830
25.12.2020 04:00;0;0;0;0;0;0;5;2990;3;90462;0;0;0;0;0;0;0;0;0;0;0;0;0;0;0;0;3;12050;2;4480;1;2960
25.12.2020 05:00;2;1990;1;1000;4;5820;11;5440;4;66020;0;0;2;1990;1;1000;0;0;0;0;0;0;0;0;6;93280;11;46600;7;22860;4;21180
25.12.2020 06:00;2;2000;2;2000;3;2840;17;33260;9;253831;0;0;2;2000;2;2000;0;0;0;0;0;0;1;1000;5;74570;12;46690;9;37700;6;24300
25.12.2020 07:00;2;2000;2;2000;4;13200;22;31490;3;38110;0;0;2;2000;2;2000;0;0;0;0;1;1010;0;0;8;65160;22;78260;15;40120;13;36760
25.12.2020 08:00;2;2000;2;2000;9;128550;47;156935;30;467460;0;0;2;2000;2;2000;0;0;0;0;2;2040;0;0;7;102440;37;156052;8;26900;15;78326
25.12.2020 09:00;2;2000;2;2000;8;131793;70;107880;46;589848;2;33830;2;1990;2;2000;0;0;0;0;1;1000;0;0;15;246632;95;228783;32;174420;44;132210
25.12.2020 10:00;2;2000;2;2000;12;119640;167;702280;64;914776;0;0;2;2000;2;2000;0;0;0;0;6;6030;1;1000;19;172250;118;732894;80;453755;70;310760
25.12.2020 11:00;2;2000;2;1990;19;143770;261;861028;106;916671;0;0;2;2000;2;1990;0;0;0;0;9;12520;2;2000;31;511490;163;1056797;98;852458;92;562220
25.12.2020 12:00;3;3000;3;3000;36;237520;301;964982;171;1355438;0;0;3;3000;3;3000;0;0;0;0;11;11570;4;4020;47;653583;149;1580985;91;697959;157;1016926
25.12.2020 13:00;4;3980;4;4000;33;264230;272;811034;160;1417787;0;0;4;4000;4;3990;0;0;0;0;25;26108;3;3020;49;594631;148;1501626;108;923572;102;644422
25.12.2020 14:00;4;3990;4;3990;24;130644;282;1166416;186;1398585;0;0;4;4000;4;4000;0;0;0;0;15;16670;2;2010;45;630655;158;1661818;106;749448;128;902910
25.12.2020 15:00;4;3990;4;4000;40;340324;279;1045025;154;1159279;0;0;4;4000;4;4000;0;0;0;0;13;13470;5;5020;47;576123;161;1370690;109;598676;137;940620
25.12.2020 16:00;4;3990;4;4000;44;178580;300;1038464;138;1294325;1;460;4;4000;4;4000;0;0;0;0;15;15710;2;2010;54;533839;171;1628775;182;691892;125;863524
25.12.2020 17:00;4;4000;4;3990;21;144230;293;898634;117;1179873;0;0;4;4000;4;4000;0;0;0;0;10;10140;1;1000;50;574856;154;1483643;128;762159;126;488640
25.12.2020 18:00;4;3990;4;4000;30;275620;214;918344;83;889191;0;0;4;3980;4;4000;0;0;0;0;8;9060;2;2020;42;382827;121;1258846;107;463899;99;360183
25.12.2020 19:00;2;2000;2;2000;20;162740;200;549466;58;742240;1;520;2;2000;2;2000;0;0;0;0;5;5130;2;2000;33;394949;155;1058950;93;336883;67;198750
25.12.2020 20:00;2;1990;2;2000;19;187749;172;456094;67;750039;0;0;2;2000;2;1990;0;0;0;0;9;9550;0;0;30;302000;119;754625;92;346600;85;248402
25.12.2020 21:00;2;2000;2;2000;14;136399;172;616723;66;866621;1;13420;2;2000;2;2000;0;0;0;0;9;9060;2;2020;25;353685;103;808806;82;357410;75;269381
25.12.2020 22:00;2;2000;2;2000;8;42640;91;344838;29;600615;0;0;2;2000;2;2000;0;0;0;0;1;1350;0;0;22;385080;75;345170;34;57090;37;76254
25.12.2020 23:00;2;1990;2;2000;8;66990;39;38645;20;302347;0;0;2;1990;2;1990;0;0;0;0;2;2120;0;0;9;177720;27;92975;15;33220;23;53970
26.12.2020 00:00;0;0;1;1000;3;23220;16;7640;16;252380;0;0;0;0;1;1000;0;0;0;0;0;0;0;0;3;75200;12;30410;8;15890;15;26130
26.12.2020 01:00;0;0;0;0;2;44540;16;7390;8;113510;1;17300;0;0;0;0;0;0;0;0;0;0;0;0;0;0;17;45090;8;9860;5;8840
26.12.2020 02:00;0;0;0;0;3;50390;15;8740;6;150495;1;900;0;0;0;0;0;0;0;0;0;0;0;0;1;3670;15;43320;4;9490;4;5840
26.12.2020 03:00;0;0;0;0;2;23290;3;1860;5;123630;0;0;0;0;0;0;0;0;0;0;0;0;0;0;0;0;2;8860;0;0;0;0
26.12.2020 04:00;0;0;0;0;0;0;4;1950;5;40820;0;0;0;0;0;0;0;0;0;0;0;0;0;0;0;0;5;11990;2;3730;0;0
26.12.2020 05:00;1;1000;1;1000;2;19490;14;7150;3;63850;0;0;2;2000;1;1000;0;0;0;0;0;0;0;0;5;66040;10;31760;10;20820;10;16200
26.12.2020 06:00;3;3000;2;2000;4;4290;16;37280;11;153196;0;0;2;2000;2;1990;0;0;0;0;0;0;0;0;12;203138;15;52400;10;13250;5;7900
26.12.2020 07:00;2;2000;2;2000;3;4940;25;133880;19;340153;0;0;2;1990;2;2000;0;0;0;0;4;4385;0;0;4;33740;23;141470;10;20040;9;12920
26.12.2020 08:00;2;2000;2;2000;4;3800;36;142830;24;360200;0;0;2;2000;2;1990;0;0;0;0;0;0;1;1010;10;257906;41;118470;11;40600;14;28800
26.12.2020 09:00;2;2000;2;2000;12;115260;95;288445;35;454341;0;0;2;2072;2;2000;0;0;0;0;4;4078;3;3092;9;154440;67;362451;36;171270;40;137920
26.12.2020 10:00;2;2000;2;2000;21;176636;167;674106;83;1092354;0;0;2;2000;2;2000;0;0;0;0;6;6150;3;3020;20;250450;124;687618;74;394914;61;230733
26.12.2020 11:00;2;2055;2;2000;25;124940;260;769047;144;1283725;0;0;2;2000;2;2000;0;0;0;0;9;9050;5;5030;40;597600;154;1165340;107;941597;96;488370
26.12.2020 12:00;3;3000;3;3000;21;269940;276;1010832;145;1241078;2;24330;3;2990;3;3000;0;0;0;0;8;8080;4;4030;48;708892;152;1470199;124;1022455;106;634785
26.12.2020 13:00;4;3990;4;4000;33;243660;271;876832;163;1312956;1;320;4;4000;4;4000;0;0;0;0;19;25710;2;2000;43;530255;146;1370626;116;1014410;118;804279
26.12.2020 14:00;4;4000;4;4000;37;293908;312;894377;153;1321774;3;2650;4;4000;4;4000;0;0;0;0;13;14080;2;2000;50;692243;154;1637355;105;1342143;159;992590
26.12.2020 15:00;4;3990;4;4000;41;238630;290;1158114;153;1500829;1;770;4;4000;4;3980;0;0;0;0;16;17875;6;6040;48;746286;172;1591465;102;802360;126;730660
26.12.2020 16:00;4;4000;4;4000;27;170690;316;955494;140;1397187;0;0;4;3990;4;4000;0;0;0;0;20;23080;7;7040;39;368100;144;1879444;125;934473;98;676110
26.12.2020 17:00;4;4000;4;4000;26;242517;274;954771;136;1186000;0;0;4;4000;4;3990;0;0;0;0;15;17150;4;4030;48;683238;167;1584071;180;791625;106;423711
26.12.2020 18:00;4;4000;4;4000;28;135570;226;946782;109;1063923;2;15470;4;3990;4;4000;0;0;0;0;10;10320;2;2074;43;512714;138;1297535;114;481746;94;346411
26.12.2020 19:00;2;2000;2;2000;29;210800;200;701061;77;785252;0;0;2;2000;2;2000;0;0;0;0;12;12500;1;1010;37;438004;127;907182;110;465294;82;243076
26.12.2020 20:00;2;2000;2;2000;17;226150;184;723804;62;731340;0;0;2;2000;2;2000;0;0;0;0;9;9810;0;0;22;332940;118;832891;82;411799;75;181228
26.12.2020 21:00;2;2000;2;2000;15;123340;156;640730;54;735716;0;0;2;1990;2;2000;0;0;0;0;3;3030;4;4010;23;333614;115;753459;71;224283;61;147750
26.12.2020 22:00;2;1990;2;2000;7;104591;85;189898;28;448683;0;0;2;2000;2;2000;0;0;0;0;4;4030;0;0;17;167056;65;368715;28;91290;47;122960
26.12.2020 23:00;2;1990;2;2000;3;5270;35;90180;21;266854;0;0;2;2000;2;2000;0;0;0;0;3;3830;1;1000;12;164860;36;120874;15;30580;24;41640
27.12.2020 00:00;0;0;1;990;2;39130;23;34400;16;158720;0;0;0;0;1;1000;0;0;0;0;0;0;1;1000;6;68460;19;55960;14;25230;11;23650
27.12.2020 01:00;0;0;0;0;2;5250;18;10390;15;184690;0;0;0;0;0;0;0;0;0;0;1;1010;0;0;0;0;14;50120;11;24140;3;4640
27.12.2020 02:00;0;0;0;0;2;18590;16;7950;4;84904;0;0;0;0;0;0;0;0;0;0;0;0;0;0;1;27650;14;47450;2;2960;10;19270
27.12.2020 03:00;0;0;0;0;0;0;7;3660;4;62100;0;0;0;0;0;0;0;0;0;0;0;0;1;1010;4;21230;8;18520;0;0;7;11120
27.12.2020 04:00;0;0;0;0;2;17630;4;1720;2;42790;0;0;0;0;0;0;0;0;0;0;0;0;0;0;2;63105;4;10400;2;3350;2;4080
27.12.2020 05:00;2;2000;1;1000;4;63845;19;25300;4;71200;0;0;2;2000;1;1000;0;0;0;0;0;0;0;0;3;15170;17;54831;6;12870;4;6980
27.12.2020 06:00;2;2000;2;2000;4;47740;14;6540;8;148940;0;0;2;1990;2;1990;0;0;0;0;0;0;0;0;7;85250;13;50380;10;15040;12;22750
27.12.2020 07:00;2;2000;2;2000;5;6950;22;23610;10;143558;0;0;2;2000;2;2000;0;0;0;0;0;0;0;0;8;130410;15;60530;8;12220;11;20150
27.12.2020 08:00;2;2000;2;2000;6;13830;34;94364;27;483104;0;0;2;2000;2;2000;0;0;0;0;1;1000;2;2020;10;149920;25;112654;11;35830;12;31830
27.12.2020 09:00;2;2000;2;2000;9;59450;85;327328;46;600848;0;0;2;2000;2;2000;0;0;0;0;8;8730;3;3020;18;217436;70;286950;49;232782;34;118030
27.12.2020 10:00;2;2000;2;2000;18;156874;133;386270;76;877603;0;0;2;2000;2;1990;0;0;0;0;14;16270;1;1000;22;145710;103;537476;64;414858;47;184333
27.12.2020 11:00;2;2000;2;2000;18;146650;206;626615;96;967445;2;510;2;2000;2;1990;0;0;0;0;9;9990;2;2010;30;478990;130;867717;77;539841;72;433970
27.12.2020 12:00;3;3000;3;2990;30;213940;241;799855;136;1380307;0;0;3;3046;3;3000;0;0;0;0;6;6110;3;3020;41;468685;159;1252683;87;561732;91;457058
27.12.2020 13:00;4;4000;4;4000;36;187336;238;822489;155;1257484;0;0;4;4000;4;4000;0;0;0;0;9;10170;4;4030;36;468950;151;1247415;90;804381;98;622980
27.12.2020 14:00;4;3990;4;4000;35;253152;281;981727;160;1480372;0;0;4;4000;4;3990;0;0;0;0;10;11080;4;4020;44;503700;163;1495158;97;1009672;125;732388
27.12.2020 15:00;4;3990;4;4000;45;313680;251;1130661;168;1147486;0;0;4;4000;4;4000;0;0;0;0;14;16790;8;8030;44;538880;140;1430271;108;926122;114;648080
27.12.2020 16:00;4;4000;4;3990;31;213080;277;876951;110;959781;1;640;4;4000;4;3990;0;0;0;0;20;22220;6;6030;37;525231;158;1597115;119;1053035;119;822737
27.12.2020 17:00;4;4000;4;4000;28;184056;261;766290;117;1096232;0;0;4;4000;4;4033;0;0;0;0;11;12830;1;1010;38;523336;136;1322689;111;603043;124;426807
27.12.2020 18:00;4;4000;4;4000;25;227100;213;956889;95;888212;0;0;4;4000;4;4000;0;0;0;0;9;9890;5;5030;43;601033;141;1133351;109;387762;92;369613
27.12.2020 19:00;2;2000;2;2000;16;195010;176;619091;88;753519;0;0;2;2000;2;2000;0;0;0;0;12;13180;3;3010;28;330833;124;834580;102;620065;86;482570
27.12.2020 20:00;2;1990;2;2000;20;156871;154;737175;73;963142;0;0;2;2000;2;1990;0;0;0;0;4;4030;2;2020;25;293820;118;954691;83;410731;88;487197
27.12.2020 21:00;2;2000;2;1990;14;103620;83;287830;42;530719;0;0;2;1990;2;2000;0;0;0;0;3;3010;0;0;13;138215;66;360356;44;208475;34;166520
27.12.2020 22:00;2;1990;2;2000;8;111440;60;174070;21;350738;0;0;2;2000;2;2000;0;0;0;0;3;3020;1;1000;11;218840;47;239640;21;97590;30;133022
27.12.2020 23:00;2;2000;2;2000;6;41860;22;563297;20;489019;0;0;2;2000;2;2000;0;0;0;0;0;0;1;1000;7;112250;18;84960;19;83330;25;123560
28.12.2020 00:00;0;0;1;990;1;970;26;77920;13;128130;0;0;0;0;1;1000;0;0;0;0;1;1060;0;0;4;37070;23;97363;11;36850;15;62730
28.12.2020 01:00;0;0;0;0;1;490;11;4470;8;108430;0;0;0;0;0;0;0;0;0;0;0;0;0;0;1;17100;10;36100;0;0;4;27180
28.12.2020 02:00;0;0;0;0;2;16020;13;8050;7;91020;0;0;0;0;0;0;0;0;0;0;1;1010;0;0;4;79073;14;56350;3;13635;8;34845
28.12.2020 03:00;0;0;0;0;0;0;7;3650;4;75790;0;0;0;0;0;0;0;0;0;0;0;0;0;0;2;18450;4;14960;2;8690;4;18300
28.12.2020 04:00;1;1000;0;0;4;23900;22;26690;3;58985;0;0;1;1000;0;0;0;0;0;0;0;0;0;0;10;58000;17;89100;9;36290;15;67570
28.12.2020 05:00;3;3000;3;3000;10;109960;84;219705;23;404245;0;0;3;2980;3;3000;0;0;0;0;1;2050;1;1000;17;189664;61;414269;33;150888;26;147961
28.12.2020 06:00;4;3980;4;4000;16;129520;162;525527;51;914344;1;1220;4;4000;4;4000;0;0;0;0;6;6040;1;1010;21;180070;92;860537;51;326290;46;249318
28.12.2020 07:00;5;4990;4;4000;25;364614;224;483190;82;1456753;0;0;5;4990;4;3990;0;0;0;0;3;3010;1;1000;27;475859;130;1089275;99;649845;51;274551
28.12.2020 08:00;4;3990;4;3990;30;289410;271;848170;90;1254276;0;0;4;3990;4;4000;0;0;0;0;14;18260;3;3020;42;576312;137;1332356;64;740161;68;491638
28.12.2020 09:00;4;3990;4;4000;37;339239;287;1068509;137;1663809;2;51885;4;3990;4;4000;0;0;0;0;15;15640;4;4040;44;702791;177;1544492;86;1078163;90;752135
28.12.2020 10:00;4;4000;4;4000;46;339790;309;1371056;196;1626474;1;910;4;4000;4;4000;0;0;0;0;15;16050;2;2000;59;1130157;148;2099090;100;1145181;111;742899
28.12.2020 11:00;4;4000;4;4000;59;512194;359;1571841;248;1995278;4;1310;4;4000;4;4000;0;0;0;0;21;23470;5;5020;67;977151;127;2283679;121;1329704;102;1038937
28.12.2020 12:00;4;4000;4;4000;69;637223;367;1435393;231;1665130;1;1360;4;3990;4;3980;0;0;0;0;31;33090;4;4010;70;1205558;159;2076514;107;1671338;137;1108626
28.12.2020 13:00;4;4000;4;4000;67;532639;356;1448536;201;1598138;4;80215;4;4000;4;3990;0;0;0;0;34;40490;4;4020;80;1168203;144;2136438;119;1787137;128;1086815
28.12.2020 14:00;4;4000;4;4000;64;602438;408;1668666;227;1783954;1;710;4;4000;4;3980;0;0;0;0;29;30760;6;6030;71;1343539;149;2562809;119;1714939;123;1369139
28.12.2020 15:00;4;4000;4;3980;55;547710;377;1421269;185;1813216;2;260;4;3990;4;3990;0;0;0;0;28;29820;8;8060;72;1173002;162;2107713;115;1676697;127;1128486
28.12.2020 16:00;4;3990;4;3990;51;430098;399;1218741;188;1821897;0;0;4;4000;4;4000;0;0;0;0;39;40330;9;9030;64;896621;183;2166944;147;1764876;149;1229041
28.12.2020 17:00;4;3980;4;4000;50;691277;352;1169273;163;1933901;1;650;4;4000;4;4000;0;0;0;0;25;26420;6;6020;64;995272;137;1855187;124;1340845;117;1169094
28.12.2020 18:00;4;3990;4;4000;38;337480;277;921742;116;1510063;0;0;4;3990;4;4000;0;0;0;0;30;32309;4;4010;62;800152;147;1541047;128;1129996;95;801801
28.12.2020 19:00;4;3980;4;4000;30;116970;216;511673;106;1404141;0;0;4;4000;4;4000;0;0;0;0;12;12140;2;2000;61;631066;127;931978;102;649033;80;518354
28.12.2020 20:00;4;4000;5;5000;26;287013;161;1037156;85;896402;2;890;4;4000;5;5000;0;0;0;0;14;15840;2;2010;37;395869;126;964165;78;419117;59;329285
28.12.2020 21:00;2;2000;2;2000;10;110030;134;406330;44;449378;1;200;2;1990;2;2000;0;0;0;0;31;33110;1;1000;22;423090;89;649377;33;268481;47;183068
28.12.2020 22:00;2;2000;2;2000;12;119684;78;196300;25;483243;0;0;2;2000;2;2000;0;0;0;0;7;7060;1;1000;15;184113;56;339010;31;89458;38;151840
28.12.2020 23:00;2;1990;2;2000;3;41990;46;98240;13;117316;0;0;2;2000;2;2000;0;0;0;0;3;3020;0;0;6;57960;36;195900;19;69880;22;71444
29.12.2020 00:00;0;0;1;1000;4;2850;24;31100;9;116590;0;0;0;0;1;990;0;0;0;0;0;0;1;1010;2;54567;21;78967;12;36350;12;51900
29.12.2020 01:00;0;0;0;0;1;16190;11;6020;15;214000;0;0;0;0;0;0;0;0;0;0;2;2020;1;1000;3;53270;11;46020;7;40590;11;37120
29.12.2020 02:00;0;0;0;0;2;4780;17;38850;7;123250;0;0;0;0;0;0;0;0;0;0;0;0;0;0;1;40270;16;62130;0;0;6;22370
29.12.2020 03:00;0;0;0;0;2;47409;10;5830;4;108691;1;17140;0;0;0;0;0;0;0;0;0;0;0;0;1;17040;10;41190;4;14140;3;11740
29.12.2020 04:00;1;1000;0;0;3;4700;22;37316;9;168170;0;0;1;990;0;0;0;0;0;0;0;0;0;0;6;66320;18;113776;7;38540;7;23970
29.12.2020 05:00;3;2990;3;3000;12;144490;85;201520;19;307357;2;1930;3;3000;3;2990;0;0;0;0;0;0;0;0;14;203310;64;470831;30;112570;27;124640
29.12.2020 06:00;4;4000;4;3990;12;116350;183;456550;52;757630;0;0;4;4000;4;4000;0;0;0;0;1;1000;3;3020;17;181930;90;890913;40;284260;34;200201
29.12.2020 07:00;5;5000;4;4000;27;404907;210;450182;77;1288202;0;0;5;4990;4;4000;0;0;0;0;5;5940;2;2010;21;488473;124;1127718;65;591898;39;335137
29.12.2020 08:00;4;4000;4;4000;32;178206;273;723323;111;1635232;1;710;4;3990;4;3990;0;0;0;0;13;14710;2;2010;29;520056;134;1374493;76;732340;68;597340
29.12.2020 09:00;4;3990;4;4000;39;456518;295;1153175;158;1616852;6;3230;4;4000;4;3990;0;0;0;0;16;17720;4;4030;76;871294;135;1622658;93;1089110;97;818755
29.12.2020 10:00;4;3980;4;4000;47;340450;309;1336034;201;1529638;1;840;4;4000;4;4000;0;0;0;0;22;25070;10;10050;55;941692;147;1847384;101;1152856;96;632378
29.12.2020 11:00;4;4000;4;3990;50;423839;324;1511332;217;1642762;1;580;4;4000;4;4000;0;0;0;0;26;29650;6;6040;79;1046023;150;2119563;116;1383916;120;932995
29.12.2020 12:00;4;4000;4;4000;54;480449;328;1466422;243;1853674;2;77811;4;3990;4;3990;0;0;0;0;20;22324;5;5030;73;1012176;157;1782431;103;1317460;118;1295808
29.12.2020 13:00;4;4000;4;4000;64;614831;351;1499339;250;1922368;1;200;4;4000;4;3980;0;0;0;0;26;27010;6;6083;71;1137531;158;2231146;104;1654779;134;1241567
29.12.2020 14:00;3;3000;1;1000;53;370290;389;1669643;242;1854766;2;3030;3;3000;1;1000;0;0;0;0;29;30720;13;13060;61;1073673;168;2092826;111;1617813;153;1112371
29.12.2020 15:00;5;4970;7;7000;61;777625;420;1508956;241;2117695;1;510;5;5000;7;6990;0;0;0;0;21;21200;13;13060;84;1266565;170;2268980;120;1601921;140;1318129
29.12.2020 16:00;4;3990;4;4000;61;511620;430;1342484;204;2015644;1;520;4;4000;4;4000;0;0;0;0;32;36050;6;6030;75;1267585;212;2013490;140;1947128;135;1321025
29.12.2020 17:00;4;4000;4;4000;67;613831;396;1234661;173;1920292;0;0;4;4000;4;3990;0;0;0;0;29;32940;1;1000;95;1063544;165;1905081;138;1214814;142;695287
29.12.2020 18:00;4;3990;4;4000;46;291036;285;925960;124;1548460;0;0;4;4000;4;4000;0;0;0;0;38;41020;4;4020;55;965710;154;1518361;150;1088307;142;817735
29.12.2020 19:00;4;3990;4;4000;29;208660;259;685777;133;1616410;0;0;4;3990;4;4000;0;0;0;0;36;36860;7;7030;49;693200;159;1098626;111;723903;105;486416
29.12.2020 20:00;3;3000;5;5000;18;69926;187;737514;83;807364;0;0;3;2990;5;5000;0;0;0;0;9;10090;4;4020;32;493493;120;957166;115;481504;95;340069
29.12.2020 21:00;2;2000;2;2000;15;117681;121;293087;45;553240;1;580;2;2000;2;2000;0;0;0;0;14;19850;1;1000;19;278921;91;478846;50;155726;50;122250
29.12.2020 22:00;2;2000;2;2000;6;37950;74;236832;30;364558;1;27130;2;1990;2;2000;0;0;0;0;4;4270;1;1010;17;251780;66;212487;32;62222;31;75471
29.12.2020 23:00;2;2000;2;1990;5;62230;53;140820;14;191260;0;0;2;1980;2;2000;0;0;0;0;5;8090;0;0;9;101767;40;206200;17;64480;18;88637
30.12.2020 00:00;0;0;1;1000;7;49700;29;45610;11;88914;0;0;0;0;1;1000;0;0;0;0;0;0;1;1010;5;68670;23;95064;14;35330;14;64870
30.12.2020 01:00;0;0;0;0;3;17150;19;20260;12;175200;1;320;0;0;0;0;0;0;0;0;0;0;0;0;1;23180;14;53900;8;19100;10;35490
30.12.2020 02:00;0;0;0;0;2;36040;7;3660;6;89410;0;0;0;0;0;0;0;0;0;0;0;0;0;0;2;25740;6;27130;3;3000;8;39010
30.12.2020 03:00;0;0;0;0;3;36945;13;34460;5;110500;0;0;0;0;0;0;0;0;0;0;0;0;0;0;0;0;12;46030;6;11830;11;49390
30.12.2020 04:00;1;1000;0;0;6;14660;18;66290;5;129894;0;0;1;990;0;0;0;0;0;0;0;0;0;0;3;37970;17;88350;8;30180;7;39360
30.12.2020 05:00;3;3000;3;2990;11;89804;78;238220;19;455164;0;0;3;3000;3;2990;0;0;0;0;0;0;0;0;17;172980;62;437080;22;112020;26;133860
30.12.2020 06:00;4;3990;4;4000;11;122758;158;726992;40;530350;1;840;4;4000;4;4000;0;0;0;0;2;2000;2;2000;13;1524243;98;976812;51;254005;39;168440
30.12.2020 07:00;5;5000;4;4000;20;214734;224;646140;70;1127337;2;780;5;4990;4;3990;0;0;0;0;10;13660;3;3030;22;411847;135;1167554;67;496550;61;492640
30.12.2020 08:00;4;4000;4;3990;35;315612;252;719100;122;1705037;0;0;4;3990;4;3990;0;0;0;0;18;20140;0;0;36;466858;170;1228725;74;829188;67;522776
30.12.2020 09:00;4;4000;4;4000;33;376071;303;1042997;181;1809493;2;2720;4;4000;4;4000;0;0;0;0;22;22880;1;1000;85;550823;155;1844658;82;876179;102;780343
30.12.2020 10:00;4;4000;4;4000;33;262332;354;1373746;231;1670204;0;0;4;3980;4;4000;0;0;0;0;15;15090;7;7030;57;995663;143;2238287;100;1442472;95;813938
30.12.2020 11:00;4;4000;4;3990;62;457556;361;1659660;270;1768560;2;720;4;4000;4;4000;0;0;0;0;34;36150;7;7030;69;1132405;152;2211362;129;1806264;114;1122481
30.12.2020 12:00;4;3990;4;4055;77;629228;406;1620866;256;1859990;1;390;4;3990;4;4000;0;0;0;0;39;47182;3;3010;86;1219890;150;2525492;110;1708026;144;1172021
30.12.2020 13:00;4;4000;4;4000;67;644072;392;1410949;259;1936246;3;2050;4;4000;4;3990;0;0;0;0;25;26430;10;10040;88;1210651;145;2502204;113;1817390;125;1375596
30.12.2020 14:00;4;4000;4;4000;62;526228;404;1729728;245;1982974;0;0;4;3990;4;4000;0;0;0;0;29;30419;7;7050;83;1465232;161;2296089;135;1668431;146;1301083
30.12.2020 15:00;4;3990;4;4000;67;628721;441;1637482;246;2152438;1;640;4;3990;4;4000;0;0;0;0;37;38920;6;6020;79;1415867;196;2339133;117;1877746;121;1545567
30.12.2020 16:00;4;4000;4;3970;51;635536;456;1254003;233;2171191;1;30370;4;4000;4;4000;0;0;0;0;40;42600;7;7030;85;1124408;179;2370956;116;2203392;129;1534718
30.12.2020 17:00;4;4000;4;4000;60;542415;436;1459888;200;2224067;0;0;4;4000;4;4000;0;0;0;0;42;45490;8;8310;78;1166190;141;2335067;153;1610410;115;1466555
30.12.2020 18:00;4;3990;4;4000;42;509791;367;960527;168;1840230;0;0;4;4000;4;4000;0;0;0;0;30;38720;8;8010;63;1187974;159;1673594;146;1281472;122;962700
30.12.2020 19:00;4;4000;4;3990;38;326254;267;891876;127;1449621;0;0;4;4000;4;4000;0;0;0;0;21;25370;2;2010;55;797318;146;1203102;112;861706;96;648773
30.12.2020 20:00;4;3980;5;4990;25;277610;210;834657;82;958115;1;1030;4;4000;5;5000;0;0;0;0;32;33330;2;2010;38;537190;189;1299226;105;634350;92;469411
30.12.2020 21:00;2;1990;2;2000;11;122936;154;428110;47;515601;0;0;2;2000;2;1990;0;0;0;0;7;7850;1;1000;29;334274;103;818001;56;260620;52;244704
30.12.2020 22:00;2;2000;2;2000;9;44020;105;369350;34;490832;0;0;2;2000;2;2000;0;0;0;0;3;3010;0;0;24;249158;85;575678;29;97250;31;120832
30.12.2020 23:00;2;1990;2;2000;9;66500;48;132960;20;207590;0;0;2;2000;2;2000;0;0;0;0;5;5020;0;0;7;71410;44;232234;14;31860;19;57390
31.12.2020 00:00;0;0;1;1000;4;51266;25;52706;22;364358;0;0;0;0;1;1000;0;0;0;0;1;1000;0;0;5;103530;24;89270;8;20780;9;36140
31.12.2020 01:00;0;0;0;0;2;13360;18;36340;15;239933;0;0;0;0;0;0;0;0;0;0;1;1010;0;0;4;68460;18;61810;2;5840;5;17790
31.12.2020 02:00;0;0;0;0;2;810;11;5370;5;97920;0;0;0;0;0;0;0;0;0;0;1;1010;0;0;5;38560;9;26290;4;7680;3;4970
31.12.2020 03:00;0;0;0;0;2;31840;10;6820;5;141540;1;37500;0;0;0;0;0;0;0;0;0;0;0;0;3;67540;8;25750;5;7390;10;16260
31.12.2020 04:00;1;1000;0;0;2;63936;16;18200;5;138712;0;0;1;1000;0;0;0;0;0;0;0;0;0;0;8;32780;18;44800;4;7750;6;17800
31.12.2020 05:00;3;3000;3;3000;10;108210;40;67150;15;179900;0;0;3;3000;3;2990;0;0;0;0;0;0;0;0;7;79100;26;114450;13;33810;20;69220
31.12.2020 06:00;4;4000;4;4000;7;39880;63;194950;19;442330;0;0;4;3990;4;4053;0;0;0;0;4;4010;0;0;13;131740;56;226213;24;48260;16;36520
31.12.2020 07:00;4;4000;4;4000;7;61105;98;178310;42;922430;0;0;4;4000;4;4000;0;0;0;0;9;9115;1;1000;23;459572;73;374553;49;179253;20;46180
31.12.2020 08:00;5;4990;4;3990;15;90460;139;434505;85;1487687;3;1150;5;5000;4;3990;0;0;0;0;17;22880;2;2020;22;291100;106;422937;64;555079;59;266180
31.12.2020 09:00;4;3990;4;4000;43;592780;216;957543;131;1456133;1;2250;4;4000;4;3990;0;0;0;0;35;35150;2;2010;30;672385;136;1209209;52;469103;70;371570
31.12.2020 10:00;4;3990;4;4000;42;497000;268;1149974;176;1715241;1;640;4;3990;4;4000;0;0;0;0;22;23550;8;8050;66;979726;146;1719493;98;860574;98;632960
31.12.2020 11:00;4;4000;4;4000;49;331365;338;1479165;210;1496131;2;900;4;4000;4;3980;0;0;0;0;21;21120;7;7050;65;1185485;159;2141790;105;1063249;122;794880
31.12.2020 12:00;4;4000;4;4000;55;511435;361;1632827;200;1484366;1;1160;4;3990;4;3990;0;0;0;0;45;47830;5;5010;86;1365107;163;2199159;107;1739891;132;1165329
31.12.2020 13:00;4;4000;4;3990;53;430089;319;1473281;193;1748926;1;260;4;4000;4;3990;0;0;0;0;26;29030;3;2990;58;925328;145;1924484;108;1485753;125;1137796
31.12.2020 14:00;4;3980;4;4000;50;489304;328;1288411;156;1310751;2;1230;4;4000;4;4000;0;0;0;0;23;24754;5;5030;70;1143819;158;1947215;111;1270383;119;992525
31.12.2020 15:00;4;4000;4;4000;45;325237;278;998042;173;1521595;1;710;4;4000;4;3980;0;0;0;0;15;19100;5;5030;52;732257;159;1396550;110;911191;129;711336
31.12.2020 16:00;4;3990;4;4000;48;348581;298;1109121;152;1792501;1;1030;4;3990;4;4000;0;0;0;0;16;17030;7;7050;53;806616;165;1288170;114;1322616;135;1435089
31.12.2020 17:00;4;3990;5;5000;37;373032;288;805125;153;1655148;0;0;4;3990;5;5000;0;0;0;0;20;22434;7;7020;35;658689;133;1280272;119;1140697;87;549402
31.12.2020 18:00;4;4000;4;3990;44;179582;259;765380;121;1389359;1;53170;4;3990;4;3990;0;0;0;0;18;20640;3;3010;36;567180;130;1136238;97;619576;82;606902
31.12.2020 19:00;4;3990;4;4000;20;144950;198;686405;105;1707576;0;0;4;4000;4;3990;0;0;0;0;9;9660;6;6030;41;490090;119;1046293;97;890225;93;564413
31.12.2020 20:00;2;2000;2;2000;12;174652;151;603467;63;864807;0;0;2;1990;2;2000;0;0;0;0;6;6360;4;4010;17;387922;93;948056;64;394808;68;386022
31.12.2020 21:00;2;1990;2;2000;14;81070;54;498565;29;363020;0;0;2;2000;2;2000;0;0;0;0;3;3010;0;0;12;421896;46;293130;19;74470;28;124850
31.12.2020 22:00;2;2000;2;1990;7;57825;36;127480;29;535460;0;0;2;2000;2;2000;0;0;0;0;1;1010;1;1010;10;148110;30;131872;14;102630;20;96334
31.12.2020 23:00;2;2000;2;2000;11;98400;24;55110;23;392787;0;0;2;2000;2;2000;0;0;0;0;1;1010;1;1010;11;139130;17;80660;10;48600;12;59920
01.01.2021 00:00;0;0;1;990;5;32927;31;125530;27;323397;0;0;0;0;1;1000;0;0;0;0;1;1010;2;2000;7;88590;27;156533;7;19030;15;99720
01.01.2021 01:00;0;0;0;0;7;129850;53;151080;43;393874;1;17080;0;0;0;0;0;0;0;0;3;3160;4;4020;14;219740;52;253570;16;86996;27;139096
01.01.2021 02:00;0;0;0;0;8;88010;42;191840;24;291566;0;0;0;0;0;0;0;0;0;0;1;1010;1;1000;9;85600;36;168834;24;70470;24;134554
01.01.2021 03:00;0;0;0;0;7;27250;30;56910;28;311390;0;0;0;0;0;0;0;0;0;0;1;1000;0;0;10;94480;25;96030;13;46150;13;62030
01.01.2021 04:00;0;0;0;0;4;37910;25;92702;13;200341;0;0;0;0;0;0;0;0;0;0;0;0;1;1000;7;91240;18;83920;6;15980;14;78668
01.01.2021 05:00;1;1000;1;1000;4;50120;42;75115;14;167440;1;17020;2;2000;1;1000;0;0;0;0;1;1010;0;0;6;86850;32;164240;14;49150;14;88760
01.01.2021 06:00;3;3000;2;2000;5;23530;17;56790;11;133020;0;0;2;2000;2;2000;0;0;0;0;1;1000;1;1000;6;52950;20;87849;15;39546;14;70156
01.01.2021 07:00;2;1990;2;2000;4;42630;17;10360;6;56940;0;0;2;2000;2;2000;0;0;0;0;0;0;0;0;5;73636;13;58490;11;41230;13;46600
01.01.2021 08:00;2;1990;2;2000;4;20220;34;52900;16;172447;1;1090;2;2000;2;1990;0;0;0;0;0;0;0;0;6;94630;32;119430;9;31510;9;30780
01.01.2021 09:00;2;1990;2;1990;10;108860;43;153050;18;301635;0;0;2;2000;2;2000;0;0;0;0;2;9440;1;1000;11;182200;36;157310;23;110287;19;47350
01.01.2021 10:00;2;2000;2;1990;7;76260;80;267757;34;546063;0;0;2;2000;2;2000;0;0;0;0;8;8030;0;0;16;191430;65;356574;43;219070;34;111720
01.01.2021 11:00;2;2000;2;2000;15;138393;105;482210;74;951672;0;0;2;2000;2;2000;0;0;0;0;2;3010;2;2020;21;262177;78;438255;58;392475;60;230775
01.01.2021 12:00;3;2990;3;3000;11;57390;190;658065;98;908684;0;0;3;3000;3;2990;0;0;0;0;12;12370;1;1000;24;358283;119;991654;75;561444;83;347358
01.01.2021 13:00;4;4000;4;3990;27;155440;226;833697;130;1039839;0;0;4;4000;4;4000;0;0;0;0;17;17980;2;2000;39;486135;154;1165628;94;605487;82;481018
01.01.2021 14:00;4;4000;4;4000;32;224730;222;917201;115;1067386;0;0;4;3990;4;4000;0;0;0;0;11;12240;2;2010;40;420550;157;1295974;104;843313;120;618670
01.01.2021 15:00;4;4000;4;4000;21;204189;249;833695;140;1068871;0;0;4;4000;4;3990;0;0;0;0;18;18100;5;5030;42;436079;169;1215693;93;809038;83;405850
01.01.2021 16:00;4;3990;4;4000;21;130660;230;873098;127;1273496;0;0;4;4000;4;3980;0;0;0;0;32;33160;5;5071;35;328840;130;1456750;103;681931;91;444255
01.01.2021 17:00;4;3990;4;3990;22;107860;236;1026921;119;990209;0;0;4;4000;4;3990;0;0;0;0;19;20760;10;10040;41;422407;142;1319561;115;505437;115;383990
01.01.2021 18:00;4;3980;4;3990;21;128360;181;892360;100;1039460;0;0;4;4000;4;3990;0;0;0;0;9;10340;3;3000;49;450780;123;1034176;78;551233;87;252236
01.01.2021 19:00;2;2000;2;2000;18;39070;151;597220;74;684205;0;0;2;2000;2;2000;0;0;0;0;11;11690;10;10020;29;339740;131;796863;81;270895;76;209231
01.01.2021 20:00;2;1990;2;2000;14;156960;142;636571;63;676185;0;0;2;2000;2;2000;0;0;0;0;2;2010;0;0;26;239864;111;649473;74;243942;71;177033
01.01.2021 21:00;2;1990;2;2000;11;32806;104;349666;32;437934;0;0;2;2000;2;2000;0;0;0;0;3;3360;1;1010;21;238302;80;350148;43;93165;49;91470
01.01.2021 22:00;2;1990;2;2000;5;23090;42;240318;22;282710;0;0;2;1990;2;2000;0;0;0;0;1;1010;1;1000;14;165414;33;147090;16;33030;12;18680
01.01.2021 23:00;2;2000;2;2000;8;54343;30;38550;11;142980;0;0;2;2000;2;2000;0;0;0;0;1;1010;2;2010;8;106170;26;114840;8;17890;9;44360
02.01.2021 00:00;0;0;1;1000;2;60860;11;25900;12;187940;0;0;0;0;1;1000;0;0;0;0;0;0;0;0;2;41800;8;29640;8;14770;6;8835
02.01.2021 01:00;0;0;0;0;0;0;16;8200;8;90270;1;770;0;0;0;0;0;0;0;0;0;0;0;0;2;37690;15;38670;2;3340;7;8610
02.01.2021 02:00;0;0;0;0;1;40090;8;3640;3;55660;1;14340;0;0;0;0;0;0;0;0;0;0;0;0;0;0;6;15520;2;3990;4;6300
02.01.2021 03:00;0;0;0;0;1;2990;10;5510;3;64520;0;0;0;0;0;0;0;0;0;0;0;0;0;0;0;0;7;21930;0;0;3;7320
02.01.2021 04:00;1;1000;0;0;1;1620;15;12050;8;170670;1;24560;1;1000;0;0;0;0;0;0;0;0;0;0;6;51839;10;40220;2;1660;6;12860
02.01.2021 05:00;3;3000;3;2990;4;21590;39;81390;8;139446;0;0;3;3000;3;3000;0;0;0;0;0;0;0;0;8;77310;35;128790;12;21790;23;52765
02.01.2021 06:00;4;4000;4;4000;10;68002;35;55729;11;242430;1;770;4;3990;4;4000;0;0;0;0;1;1330;0;0;7;55454;36;129024;19;45860;14;24070
02.01.2021 07:00;4;4000;4;4000;7;19330;54;176880;30;272780;0;0;4;4000;4;3980;0;0;0;0;2;2000;0;0;17;231780;52;218908;28;85424;21;45400
02.01.2021 08:00;5;4980;4;4000;11;32910;87;375375;52;764843;0;0;5;5000;4;4000;0;0;0;0;6;6030;1;1000;18;147970;72;503248;40;222500;37;133280
02.01.2021 09:00;4;3990;4;4054;26;222870;161;533190;92;895677;0;0;4;4000;4;4000;0;0;0;0;17;17170;5;5020;34;492143;112;850152;68;546074;52;179984
02.01.2021 10:00;4;4000;4;4000;32;252960;232;1033850;145;1409749;1;510;4;3990;4;4000;0;0;0;0;24;25390;5;5010;40;545070;149;1163165;96;1006151;82;501749
02.01.2021 11:00;4;4000;4;4000;37;274320;278;1205473;181;1374571;1;260;4;3980;4;4000;0;0;0;0;32;33630;7;7030;58;849651;152;1464275;95;1012754;104;787916
02.01.2021 12:00;4;3990;4;3990;53;614164;311;1182633;205;1669835;1;1290;4;4000;4;4000;0;0;0;0;42;45782;8;8050;57;1022272;142;1952138;122;1274121;132;874971
02.01.2021 13:00;4;4000;4;3990;41;355971;322;1241333;197;1678638;0;0;4;3990;4;4000;0;0;0;0;43;47210;5;5020;54;995909;165;1795501;113;1180568;131;1103148
02.01.2021 14:00;4;4000;4;4000;41;299130;317;1191218;196;1617941;2;640;4;4000;4;4000;0;0;0;0;29;33200;6;6030;75;1096906;148;1926536;110;1239438;121;1027167
02.01.2021 15:00;4;4000;4;3990;39;391790;311;1398726;226;1595248;1;190;4;4000;4;3990;0;0;0;0;35;41490;10;10020;49;622442;168;1892496;126;1353388;130;995110
02.01.2021 16:00;4;3990;4;4000;39;381556;321;1423438;146;1449675;1;390;4;3990;4;4000;0;0;0;0;41;44080;5;5030;55;709963;158;1960200;129;1298878;131;931714
02.01.2021 17:00;4;4000;5;5000;35;362063;303;1156780;156;1536938;2;580;4;3990;5;5000;0;0;0;0;34;34460;8;8020;63;729478;163;1900343;159;1056025;147;635110
02.01.2021 18:00;4;4000;4;3980;33;278040;253;923793;120;1072893;0;0;4;4000;4;3990;0;0;0;0;22;23720;1;1000;68;1072927;154;1558741;120;872597;131;570791
02.01.2021 19:00;4;3990;4;4000;35;421875;247;1179185;128;1220355;0;0;4;3990;4;4000;0;0;0;0;17;17460;2;2010;47;797339;133;1602845;116;728329;93;456410
02.01.2021 20:00;2;2000;2;2000;14;149310;221;940531;97;992120;0;0;2;2000;2;1990;0;0;0;0;19;19730;3;3010;28;308440;151;1225476;92;402401;70;209890
02.01.2021 21:00;2;2000;2;2000;13;89740;123;510257;46;601477;2;310;2;2000;2;2000;0;0;0;0;6;7130;1;1000;20;167307;87;437530;49;164217;48;149073
02.01.2021 22:00;2;1990;2;2000;6;7300;94;274554;34;503139;0;0;2;2000;2;1990;0;0;0;0;3;3440;0;0;15;263944;87;368843;28;93765;39;110690
02.01.2021 23:00;2;2000;2;2000;6;26720;41;103940;23;343995;1;510;2;2000;2;1990;0;0;0;0;2;2000;0;0;7;73820;43;184238;19;36130;19;29240
03.01.2021 00:00;0;0;1;1000;5;49050;27;12510;19;259153;0;0;0;0;1;990;0;0;0;0;1;1010;0;0;7;85750;27;84160;16;28740;10;22320
03.01.2021 01:00;0;0;0;0;2;56120;15;10743;9;89750;0;0;0;0;0;0;0;0;0;0;0;0;0;0;1;24290;12;34333;4;345830;8;23090
03.01.2021 02:00;0;0;0;0;0;0;12;23240;7;160244;1;390;0;0;0;0;0;0;0;0;2;2020;0;0;2;63690;9;27720;3;481216;8;19985
03.01.2021 03:00;0;0;0;0;4;74860;9;6050;4;46980;0;0;0;0;0;0;0;0;0;0;0;0;0;0;1;5130;5;14060;3;8000;10;21840
03.01.2021 04:00;0;0;0;0;0;0;6;30340;4;46290;0;0;0;0;0;0;0;0;0;0;0;0;0;0;2;59724;8;21390;1;1670;1;2390
03.01.2021 05:00;1;1000;1;1000;2;2500;14;35200;10;259590;0;0;2;2000;1;1000;0;0;0;0;0;0;0;0;3;35360;13;48970;4;8790;14;22440
03.01.2021 06:00;3;2990;2;2000;5;9230;19;37907;6;83950;0;0;2;2000;2;2000;0;0;0;0;1;1010;0;0;8;91000;19;54170;11;22430;7;11580
03.01.2021 07:00;2;2000;2;2000;4;6150;24;40370;19;240393;0;0;2;1990;2;2000;0;0;0;0;0;0;0;0;7;138240;23;74570;18;48500;8;10450
03.01.2021 08:00;2;2000;2;2000;7;31280;46;127220;26;320080;0;0;2;2000;2;2000;0;0;0;0;3;3230;1;1000;10;182080;43;155131;24;70890;18;46410
03.01.2021 09:00;2;2000;2;2000;15;81034;98;352089;52;541296;0;0;2;2000;2;2000;0;0;0;0;6;6050;5;5040;10;217127;82;388215;43;183666;49;180760
03.01.2021 10:00;2;2000;2;2000;19;91084;148;482734;77;746678;0;0;2;1990;2;2000;0;0;0;0;8;10580;1;1010;23;432930;107;781085;77;439120;92;404809
03.01.2021 11:00;2;2000;2;1990;18;120044;183;822149;94;924206;0;0;2;2000;2;2000;0;0;0;0;7;7030;3;3000;37;401481;129;952540;82;631046;66;399719
03.01.2021 12:00;3;3000;3;3000;26;141505;254;858591;148;1235518;0;0;3;3000;3;2990;0;0;0;0;15;15810;0;0;35;527499;155;1194730;103;729615;90;545284
03.01.2021 13:00;4;4000;4;3990;25;133190;267;1028312;141;1299312;1;250;4;4000;4;4000;0;0;0;0;10;10080;3;3020;36;543919;163;1263989;100;938415;92;576150
03.01.2021 14:00;4;3990;4;3990;43;352375;306;1097630;160;1282790;3;1747;4;4000;4;4000;0;0;0;0;15;15290;3;3010;50;619545;162;1688199;101;902267;104;786077
03.01.2021 15:00;4;4000;4;3990;26;197200;266;989130;148;1308637;0;0;4;3990;4;4000;0;0;0;0;14;14100;3;3010;40;522179;155;1364607;79;767042;95;714175
03.01.2021 16:00;4;4000;4;4000;33;184030;290;1219058;121;1032739;0;0;4;4000;4;4000;0;0;0;0;13;13220;5;5010;59;689472;125;1938210;90;880010;112;840598
03.01.2021 17:00;4;4000;4;3990;32;229420;260;951944;124;975850;0;0;4;4000;4;4000;0;0;0;0;17;17860;4;4020;46;526610;135;1408380;109;747510;93;730679
03.01.2021 18:00;4;4000;4;4000;30;254640;240;745008;106;1173905;0;0;4;4000;4;3990;0;0;0;0;14;15690;6;6040;49;624138;145;1684759;93;671734;90;634812
03.01.2021 19:00;2;2000;2;2000;20;131773;224;699007;86;953115;2;39080;2;2000;2;1990;0;0;0;0;8;8490;4;4020;32;386900;123;1246490;96;487230;79;511437
03.01.2021 20:00;2;2000;2;1990;19;87420;154;631564;83;875281;0;0;2;2000;2;1990;0;0;0;0;12;12224;2;2000;37;404184;121;940228;109;523726;69;410884
03.01.2021 21:00;2;2000;2;2000;12;156128;100;224218;29;484919;0;0;2;2000;2;2000;0;0;0;0;2;2020;4;4010;15;310465;77;523849;45;175800;33;141314
03.01.2021 22:00;2;1990;2;2000;8;69920;53;197212;30;448461;0;0;2;2000;2;2000;0;0;0;0;5;5030;1;1000;9;145860;55;259959;18;77600;19;87737
03.01.2021 23:00;2;2000;2;2000;8;91100;23;58120;18;260590;0;0;2;2000;2;2000;0;0;0;0;0;0;2;2010;7;66900;23;94365;10;25430;10;43860
04.01.2021 00:00;0;0;1;1000;2;16818;22;48150;8;134737;0;0;0;0;1;1000;0;0;0;0;0;0;0;0;4;99130;15;106870;5;10270;8;27150
04.01.2021 01:00;0;0;0;0;1;16290;13;6750;7;138195;1;16450;0;0;0;0;0;0;0;0;0;0;0;0;2;32511;12;49400;4;9060;6;18420
04.01.2021 02:00;0;0;0;0;1;15270;13;6830;5;118275;0;0;0;0;0;0;0;0;0;0;0;0;0;0;2;58810;11;59550;5;12670;4;13460
04.01.2021 03:00;0;0;0;0;2;46070;16;9660;8;90231;1;1220;0;0;0;0;0;0;0;0;0;0;0;0;1;16820;14;68593;3;7590;7;19232
04.01.2021 04:00;1;1000;0;0;4;35750;24;34920;9;166690;0;0;1;1000;0;0;0;0;0;0;1;1010;0;0;5;56570;24;111550;13;40995;12;71684
04.01.2021 05:00;3;2990;3;2980;11;94020;149;306650;30;540433;0;0;3;3000;3;3000;0;0;0;0;0;0;3;3020;11;141334;103;762228;38;215793;35;170950
04.01.2021 06:00;4;3990;4;4000;17;240210;300;770120;79;1337045;0;0;4;4000;4;4000;0;0;0;0;4;4030;3;3010;21;297623;107;1649471;87;504657;43;284500
04.01.2021 07:00;5;4990;4;4000;31;330263;422;960056;124;1634665;0;0;5;5000;4;4000;0;0;0;0;11;11180;4;4010;38;704013;141;2242981;118;1131663;83;800120
04.01.2021 08:00;4;3990;4;3990;38;452048;418;906708;192;1992305;2;640;4;3970;4;4000;0;0;0;0;20;21130;6;6020;58;1278519;163;2412270;94;1317396;73;850974
04.01.2021 09:00;4;3990;4;4000;43;328410;346;1041525;186;1621550;2;840;4;4053;4;4000;0;0;0;0;28;28860;9;9050;57;1112534;156;1912311;92;1301045;83;812900
04.01.2021 10:00;4;3990;4;4000;53;449370;309;1274295;193;1442142;2;11310;4;3990;4;4000;0;0;0;0;20;21120;11;11030;72;1098270;149;2006480;124;1288518;104;867312
04.01.2021 11:00;4;4000;4;4000;58;503442;312;1338621;200;1598261;0;0;4;4000;4;4000;0;0;0;0;30;33480;8;8040;74;1161684;157;2016567;100;1300812;105;924832
04.01.2021 12:00;4;4000;4;4000;67;612677;305;1247184;210;1600885;2;1100;4;4000;4;4000;0;0;0;0;30;31190;12;12030;74;1257726;158;1971671;96;1939730;118;1006199
04.01.2021 13:00;4;4000;4;4000;52;367750;327;1320721;213;1797037;1;650;4;4000;4;3990;0;0;0;0;41;46210;6;6020;83;1360967;153;2168160;127;1565762;102;1162311
04.01.2021 14:00;4;4000;4;4000;52;531336;358;1377116;218;1741229;0;0;4;4000;4;3980;0;0;0;0;53;65750;9;9050;80;1312216;146;2467442;116;1493307;129;1050429
04.01.2021 15:00;4;3980;4;3990;55;433801;397;1298305;227;1801716;4;1870;4;4000;4;4000;0;0;0;0;41;44060;12;12060;85;1140818;172;2296014;124;1862950;124;1140217
04.01.2021 16:00;4;3990;4;3990;75;644825;448;1339186;224;2243848;2;1230;4;3990;4;4000;0;0;0;0;41;45270;10;10030;80;1460134;191;2468434;152;1957268;145;1524561
04.01.2021 17:00;4;3990;4;4000;56;631171;425;1215870;165;1798961;1;15220;4;4000;4;4000;0;0;0;0;48;52239;16;16050;94;1459727;177;2064066;193;1624771;182;958683
04.01.2021 18:00;4;4000;4;4000;49;537931;329;873794;164;1896683;1;640;4;4000;4;3990;0;0;0;0;30;34450;3;3020;62;766124;170;1185210;147;1103256;155;866416
04.01.2021 19:00;4;3990;4;4000;31;196849;224;633572;91;1310106;0;0;4;3990;4;3990;0;0;0;0;22;22890;4;4000;55;739568;129;846472;116;673042;85;354642
04.01.2021 20:00;4;3980;5;5000;23;194310;175;712566;76;694041;0;0;4;4000;5;5000;0;0;0;0;12;13400;1;1000;29;490297;115;888931;76;315507;89;269442
04.01.2021 21:00;2;1990;2;2000;11;77410;104;360951;43;417456;1;580;2;2000;2;1990;0;0;0;0;7;7030;12;12030;31;495503;95;452419;50;127226;49;126263
04.01.2021 22:00;2;2000;2;2000;4;21120;88;192573;32;506875;2;18020;2;2000;2;2000;0;0;0;0;4;4020;0;0;17;234530;76;344610;34;122928;34;78029
04.01.2021 23:00;2;2000;2;2000;4;64160;29;48290;16;330796;0;0;2;1990;2;1990;0;0;0;0;1;1010;0;0;8;87810;29;105610;7;14660;14;30230
05.01.2021 00:00;0;0;1;1000;2;45220;33;57610;10;269241;0;0;0;0;1;1000;0;0;0;0;0;0;0;0;1;1810;24;91643;9;15437;11;19110
05.01.2021 01:00;0;0;0;0;2;44110;21;31750;10;191205;0;0;0;0;0;0;0;0;0;0;1;1010;0;0;0;0;20;66510;5;12130;11;19280
05.01.2021 02:00;0;0;0;0;0;0;11;5435;3;62985;1;26945;0;0;0;0;0;0;0;0;0;0;0;0;5;42910;10;42720;1;3160;2;4480
05.01.2021 03:00;0;0;0;0;3;41010;15;63440;6;145253;0;0;0;0;0;0;0;0;0;0;0;0;0;0;1;34490;9;40130;5;9020;3;4550
05.01.2021 04:00;1;1000;0;0;3;29130;29;60081;9;143860;0;0;1;1000;0;0;0;0;0;0;0;0;0;0;5;60490;23;130961;13;25389;11;27470
05.01.2021 05:00;3;2990;3;3000;10;93879;140;439940;32;532238;3;1870;3;3000;3;3000;0;0;0;0;1;1010;0;0;6;83010;98;592734;33;61369;39;107780
05.01.2021 06:00;4;4000;4;4000;15;158497;319;769680;79;1015826;0;0;4;3980;4;3990;0;0;0;0;3;3030;3;3000;25;343797;128;1577862;98;546536;54;177503
05.01.2021 07:00;5;5000;4;4000;27;245790;403;1136655;145;1854520;0;0;5;4980;4;4000;0;0;0;0;9;9520;2;2010;34;688484;136;2203073;128;995807;119;546329
05.01.2021 08:00;4;3980;4;3990;51;367416;422;1017317;198;1978430;3;770;4;4000;4;4000;0;0;0;0;23;24750;5;5020;60;994322;161;2264390;96;1189289;98;842780
05.01.2021 09:00;5;4990;5;4990;44;370104;376;1043786;204;1921828;1;1160;5;4990;5;4990;0;0;0;0;29;29930;10;10030;60;848966;159;2076636;94;1354227;113;1079370
05.01.2021 10:00;4;4000;4;4000;71;386674;356;1430982;236;1891347;0;0;4;4000;4;3990;0;0;0;0;29;30140;8;8040;87;1318783;144;2273489;102;1180583;135;829253
05.01.2021 11:00;4;4000;4;4000;60;533777;311;1357297;221;1709209;1;450;4;4000;4;3990;0;0;0;0;39;41130;10;10080;78;1230186;154;1990004;124;1365926;139;1067440
05.01.2021 12:00;4;4000;4;4000;60;465066;326;1576109;209;1708570;4;3420;4;4000;4;3990;0;0;0;0;23;23630;13;13060;85;1097494;148;2207536;126;1710518;133;1117234
05.01.2021 13:00;4;3980;4;3980;62;527379;348;1561105;248;1978594;0;0;4;4000;4;4000;0;0;0;0;29;32720;6;6030;70;1120874;156;2217676;123;1724572;127;1000680
05.01.2021 14:00;4;4000;4;3990;56;431878;343;1374974;250;1753418;0;0;4;3990;4;4000;0;0;0;0;28;30960;9;9030;70;1009186;153;2211583;122;1610939;139;973486
05.01.2021 15:00;4;3990;4;3990;76;420944;373;1323125;228;1941204;1;320;4;3990;4;4000;0;0;0;0;27;29040;10;10020;92;1444267;192;2117519;142;1891159;139;1026224
05.01.2021 16:00;4;3990;4;4000;93;764395;486;1401709;228;2063797;0;0;4;3990;4;4000;0;0;0;0;47;51070;8;8040;92;1178808;217;2241869;136;2388646;151;1636146
05.01.2021 17:00;4;3990;4;4000;71;615832;422;1281086;217;2059837;1;260;4;4000;4;3990;0;0;0;0;30;34750;13;13070;90;1276176;162;2098191;160;1947520;151;1303961
05.01.2021 18:00;4;3990;4;3990;50;298697;343;675410;155;2035085;4;1810;4;4000;4;4000;0;0;0;0;26;30170;7;7020;77;1168742;141;1718259;151;1870590;141;1641580
05.01.2021 19:00;4;4000;4;4000;34;535661;260;690281;101;1265037;1;190;4;4000;4;4000;0;0;0;0;18;19490;3;3010;52;812529;144;1216849;116;1040131;103;891442
05.01.2021 20:00;4;4000;5;5044;20;181760;169;588764;74;790564;0;0;4;4000;5;5000;0;0;0;0;13;13590;1;1000;47;521148;119;1203842;86;557088;65;416580
05.01.2021 21:00;2;2000;2;2000;14;135493;125;455200;54;612467;0;0;2;2000;2;2000;0;0;0;0;3;3030;3;3065;25;272265;103;653341;59;254020;37;205430
05.01.2021 22:00;2;2000;2;1990;9;51060;83;329540;34;533158;0;0;2;2000;2;1990;0;0;0;0;4;4170;1;1000;19;250932;67;503271;41;141310;36;246079
05.01.2021 23:00;2;2000;2;2000;7;45380;60;133830;15;267990;1;250;2;1990;2;2000;0;0;0;0;1;1050;1;1054;11;138580;50;257264;20;84985;22;106040
06.01.2021 00:00;0;0;1;1000;4;46830;26;40950;11;192570;0;0;0;0;1;990;0;0;0;0;1;1000;1;1000;1;23810;23;111370;12;32570;16;64970
06.01.2021 01:00;0;0;0;0;2;38055;25;27670;6;124680;2;49720;0;0;0;0;0;0;0;0;0;0;0;0;1;16595;21;94079;6;16430;6;15360
06.01.2021 02:00;0;0;0;0;0;0;19;8610;1;14960;0;0;0;0;0;0;0;0;0;0;0;0;0;0;0;0;17;68954;4;10400;4;12400
06.01.2021 03:00;0;0;0;0;1;30820;14;8430;7;163390;0;0;0;0;0;0;0;0;0;0;0;0;0;0;1;16950;8;49600;6;13340;5;21350
06.01.2021 04:00;1;990;0;0;3;20800;31;42180;12;220779;0;0;1;1000;0;0;0;0;0;0;0;0;0;0;4;37880;27;171126;13;36610;12;49100
06.01.2021 05:00;3;3000;3;3000;10;77560;129;409806;30;356836;0;0;3;3000;3;3000;0;0;0;0;0;0;2;2000;15;177458;90;732101;40;141890;35;175010
06.01.2021 06:00;4;3990;4;4000;14;106120;316;634760;73;1219344;0;0;4;3980;4;4000;0;0;0;0;9;9110;3;3020;19;304825;127;1411607;84;754965;50;355010
06.01.2021 07:00;5;5000;4;4000;22;269394;423;914243;123;1744665;2;970;5;5000;4;3990;0;0;0;0;7;7160;4;4010;32;704129;144;2140794;110;1023467;72;625162
06.01.2021 08:00;4;3980;4;3990;48;521425;360;1282144;188;1734056;1;780;4;3980;4;3990;0;0;0;0;17;18730;10;10010;44;840261;148;2243519;86;1171906;91;903006
06.01.2021 09:00;4;3990;4;4000;50;408350;324;1096697;218;1942584;4;1940;4;4050;4;3990;0;0;0;0;21;21990;6;6020;63;1075874;145;2138535;88;1096132;91;924585
06.01.2021 10:00;4;3990;4;3990;43;320307;309;1115477;216;1700497;1;450;4;4000;4;3990;0;0;0;0;20;20740;1;1000;57;957715;140;2039788;97;1344449;103;1103901
06.01.2021 11:00;4;4000;4;4000;62;590506;327;1386341;219;1776364;3;17330;4;3990;4;3990;0;0;0;0;17;19240;4;4030;80;1469747;139;2197777;104;1342155;126;1055749
06.01.2021 12:00;4;4000;4;4000;70;694627;334;1458146;218;1826174;1;390;4;4000;4;4000;0;0;0;0;30;30900;3;3020;76;1416837;158;2271494;120;1234905;122;1069955
06.01.2021 13:00;4;4000;4;4000;46;418027;331;1419978;188;1489368;1;320;4;4000;4;4000;0;0;0;0;27;29530;6;6010;65;1086072;157;1931012;118;1169522;142;840037
06.01.2021 14:00;4;3990;4;4000;57;508880;309;1322758;218;1752470;3;1230;4;3980;4;3980;0;0;0;0;17;22040;6;6020;72;1063408;169;2165277;142;1706158;144;947399
06.01.2021 15:00;4;4000;4;4000;66;631928;349;1404562;214;1782468;4;2260;4;4000;4;3990;0;0;0;0;32;33300;12;12040;83;1253265;190;1958657;145;1612340;134;1194415
06.01.2021 16:00;4;4000;4;4000;68;598671;436;1131701;226;2046184;0;0;4;4000;4;4000;0;0;0;0;36;39360;9;9030;94;1300118;183;2326411;148;1897834;146;1330783
06.01.2021 17:00;4;4000;4;4000;71;588123;435;1096743;203;2238746;3;840;4;4000;4;4000;0;0;0;0;37;40061;6;6082;98;1363967;158;1726463;176;1965970;128;1243689
06.01.2021 18:00;4;4000;4;3990;50;403584;353;1162215;141;1741750;1;390;4;3990;4;4000;0;0;0;0;41;43330;13;13060;85;1170243;170;1765612;172;1491758;123;1041811
06.01.2021 19:00;4;4000;4;3990;36;258583;237;573710;103;1444727;6;28464;4;3990;4;4000;0;0;0;0;21;23826;7;7030;52;744621;129;1036503;118;718438;98;451375
06.01.2021 20:00;4;4000;5;5000;24;259410;171;796106;97;1093000;1;2000;4;3990;5;5045;0;0;0;0;12;12210;0;0;43;532076;136;961500;94;417717;85;226171
06.01.2021 21:00;2;2000;2;2000;16;67770;103;365887;62;726315;0;0;2;2000;2;2000;0;0;0;0;7;7040;4;3990;19;295337;74;491486;67;237036;48;147484
06.01.2021 22:00;2;2000;2;2000;6;34890;100;446558;41;391964;0;0;2;1990;2;2000;0;0;0;0;7;7040;3;3010;24;361400;85;437300;44;120934;43;147027
06.01.2021 23:00;2;2000;2;2000;7;32700;46;194090;19;281830;0;0;2;2000;2;2000;0;0;0;0;5;5010;0;0;8;86040;43;195260;25;60206;13;23620
07.01.2021 00:00;0;0;1;1000;3;56120;41;92140;14;222913;0;0;0;0;1;1000;0;0;0;0;0;0;0;0;2;60950;31;109247;15;27810;16;32870
07.01.2021 01:00;0;0;0;0;0;0;21;11070;4;73340;0;0;0;0;0;0;0;0;0;0;0;0;0;0;2;20390;13;64111;5;16130;8;10320
07.01.2021 02:00;0;0;0;0;2;27980;14;6320;5;16830;1;510;0;0;0;0;0;0;0;0;0;0;0;0;0;0;15;47400;3;6790;5;9500
07.01.2021 03:00;0;0;0;0;2;16530;16;37583;5;72700;1;14490;0;0;0;0;0;0;0;0;0;0;0;0;1;25630;15;79870;3;6110;2;2720
07.01.2021 04:00;1;1000;0;0;4;37250;31;63870;11;187473;0;0;1;1000;0;0;0;0;0;0;0;0;0;0;2;35310;27;104017;13;24910;13;29620
07.01.2021 05:00;3;3000;3;3000;10;56276;148;338937;26;387390;0;0;3;3000;3;2990;0;0;0;0;0;0;2;2000;15;151210;107;727114;41;99450;34;66290
07.01.2021 06:00;4;4000;4;3990;18;118570;305;703743;100;1157970;0;0;4;4000;4;3990;0;0;0;0;1;1010;2;2000;26;426923;123;1607303;97;680328;53;210381
07.01.2021 07:00;5;5000;4;3990;30;261905;430;1095890;141;1486682;1;590;5;4980;4;4000;0;0;0;0;8;9270;2;2020;37;596042;145;2042925;121;868465;104;642951
07.01.2021 08:00;4;3990;4;4000;46;553369;401;1095308;188;1958834;2;640;4;3990;4;3990;0;0;0;0;17;18910;10;10030;52;952631;185;2180953;99;1480658;98;757727
07.01.2021 09:00;4;3990;4;4000;43;430819;337;1079550;207;1637745;2;81610;4;3990;4;4000;0;0;0;0;27;28110;7;7040;53;1034081;176;1944185;99;1534322;86;680002
07.01.2021 10:00;4;3980;4;3990;55;533857;300;1401233;225;1803125;1;46090;4;4000;4;4000;0;0;0;0;32;35490;4;4020;58;872084;136;2046404;104;1336767;108;850331
07.01.2021 11:00;4;4000;4;4000;65;554200;324;1236775;230;1813745;2;840;4;4000;4;3990;0;0;0;0;23;24060;9;9020;74;1366115;152;2273656;138;1653966;110;845292
07.01.2021 12:00;4;3990;4;4000;61;548570;337;1371438;228;1614031;1;8660;4;4000;4;4000;0;0;0;0;26;28640;2;2000;81;1202496;153;2191411;138;1467543;117;817624
07.01.2021 13:00;4;4000;4;4000;59;486645;344;1414309;224;1811764;2;13400;4;3990;4;3990;0;0;0;0;31;33439;7;7030;79;1030155;175;2201350;135;1631023;123;963134
07.01.2021 14:00;4;4000;4;4000;57;318634;331;1573964;220;1788535;2;18180;4;3990;4;3990;0;0;0;0;30;32000;9;9020;80;1098473;134;2169056;117;1780780;120;1089141
07.01.2021 15:00;4;4000;4;4000;79;711534;436;1179262;254;2136062;2;21320;4;3990;4;3990;0;0;0;0;34;39979;7;7020;80;1544748;190;2235794;128;2066554;136;1226012
07.01.2021 16:00;4;4000;4;3990;69;610612;489;1506446;242;2389117;1;450;4;3980;4;4000;0;0;0;0;33;34140;7;7010;71;1306403;186;2514954;151;2144800;135;1496020
07.01.2021 17:00;4;4000;4;4000;86;578150;427;1504737;202;2156081;0;0;4;4000;4;4000;0;0;0;0;36;38070;12;12020;84;1273606;154;2384368;162;1894841;166;1242073
07.01.2021 18:00;4;3990;4;3990;69;560583;346;1044177;186;1948822;2;450;4;4000;4;4000;0;0;0;0;42;58690;7;7010;87;1204107;150;1862187;138;1732965;150;1781602
07.01.2021 19:00;4;4000;4;4000;32;338910;249;588703;113;1366232;0;0;4;4000;4;3990;0;0;0;0;21;23540;6;6010;64;932604;123;1220362;114;1213247;107;848770
07.01.2021 20:00;4;4000;5;5000;26;273836;164;664956;90;951958;0;0;4;3990;5;5000;0;0;0;0;16;17160;3;3010;28;387166;117;1054665;83;589329;84;504308
07.01.2021 21:00;2;2000;2;2000;12;92540;129;442613;58;657637;1;580;2;2000;2;1990;0;0;0;0;12;13890;4;4030;30;327997;91;687005;46;204470;53;334795
07.01.2021 22:00;2;2000;2;2000;5;43000;115;410573;37;399330;0;0;2;1990;2;2043;0;0;0;0;6;7200;4;4020;18;191520;87;584590;42;184895;46;266115
07.01.2021 23:00;2;2000;2;2000;6;42414;47;158480;9;216420;0;0;2;2000;2;2000;0;0;0;0;0;0;0;0;10;119520;35;246506;29;92560;20;125110
08.01.2021 00:00;0;0;1;1000;4;46920;37;88090;16;243600;0;0;0;0;1;1000;0;0;0;0;1;1010;0;0;1;31880;29;132190;6;22060;15;63110
08.01.2021 01:00;0;0;0;0;1;2510;26;32920;9;86490;0;0;0;0;0;0;0;0;0;0;0;0;0;0;0;0;21;110290;5;9270;11;42750
08.01.2021 02:00;0;0;0;0;1;650;11;33850;3;63631;0;0;0;0;0;0;0;0;0;0;0;0;0;0;3;58660;12;44800;3;8190;4;16440
08.01.2021 03:00;0;0;0;0;2;1870;14;44990;4;55835;0;0;0;0;0;0;0;0;0;0;0;0;0;0;4;71050;12;64780;9;29510;4;8380
08.01.2021 04:00;1;1000;0;0;4;43140;30;108380;11;255630;1;18450;1;1000;0;0;0;0;0;0;0;0;0;0;2;22920;29;161455;13;44988;15;60840
08.01.2021 05:00;3;2990;3;2990;8;67160;135;276175;28;459904;0;0;3;3000;3;3000;0;0;0;0;1;1010;2;2010;7;77396;96;748083;51;363195;35;215555
08.01.2021 06:00;4;3990;4;4000;13;50610;296;525088;70;902698;0;0;4;4000;4;4000;0;0;0;0;4;4070;2;1990;27;369510;112;1328522;84;696067;56;289850
08.01.2021 07:00;5;5000;4;4000;32;343157;434;1242659;132;1698800;2;770;5;4990;4;3990;0;0;0;0;11;11210;2;2010;38;484965;138;2386848;117;1260898;81;831891
08.01.2021 08:00;5;5000;4;4000;50;879837;418;1026901;181;2031526;0;0;5;4990;4;4000;0;0;0;0;22;23030;2;2020;47;826816;140;2367401;90;1456298;109;1248272
08.01.2021 09:00;4;3990;5;4990;40;564532;381;1338193;202;1866378;2;1610;4;3990;5;5000;0;0;0;0;22;22480;6;6030;53;1024352;127;2339905;83;1233704;103;1180756
08.01.2021 10:00;4;4000;4;4000;49;611894;314;1318249;207;1868528;2;1480;4;4000;4;4000;0;0;0;0;32;32160;6;6000;63;1178057;123;2098592;110;1282607;114;979892
08.01.2021 11:00;4;3990;4;3980;45;544346;348;1468572;253;1867035;2;1420;4;3980;4;3990;0;0;0;0;23;26260;8;8040;76;1176404;149;2225020;118;1551538;125;928492
08.01.2021 12:00;4;3990;4;3990;58;499534;384;1297740;217;2073065;2;260;4;4000;4;4000;0;0;0;0;29;31690;7;7010;79;1146607;192;2097320;111;1892499;120;1228007
08.01.2021 13:00;4;3980;4;4000;67;653710;452;1177278;225;2077724;2;520;4;4000;4;4000;0;0;0;0;31;31560;6;6040;71;1165612;207;1891112;119;1775222;145;1520182
08.01.2021 14:00;4;4000;4;4000;64;787058;442;1166082;206;2015491;2;890;4;3990;4;4000;0;0;0;0;24;29730;4;4020;74;1350885;210;1818411;114;2011169;131;1438282
08.01.2021 15:00;4;4000;4;4000;64;555016;439;1328548;212;2121693;1;520;4;4000;4;3990;0;0;0;0;23;24590;5;5030;82;1268987;228;1865145;131;1877010;138;1188539
08.01.2021 16:00;4;4000;4;4061;64;595988;414;1341164;194;1836381;1;250;4;3990;4;3980;0;0;0;0;43;45760;5;5030;65;1181553;169;2113922;127;1966663;126;1500747
08.01.2021 17:00;4;3990;4;4000;45;418325;410;1162137;221;2370823;3;960;4;4000;4;4000;0;0;0;0;33;35170;10;10040;73;1215766;135;2497768;137;2020554;147;1802116
08.01.2021 18:00;4;3970;4;3990;50;562204;347;1029256;176;1886908;0;0;4;4000;4;4000;0;0;0;0;27;29640;4;4020;63;1115856;138;1995091;124;1474201;104;1180313
08.01.2021 19:00;4;4000;4;4000;42;350452;270;812437;133;1725935;0;0;4;4000;4;4000;0;0;0;0;21;21300;6;6020;52;739600;149;1271818;109;1252233;104;783734
08.01.2021 20:00;4;4000;5;4990;27;122930;194;746750;81;881243;0;0;4;4000;5;5000;0;0;0;0;13;13190;3;3010;47;599473;134;1146010;64;463645;71;380671
08.01.2021 21:00;2;2000;2;1990;19;150660;144;592944;59;711286;0;0;2;2000;2;1990;0;0;0;0;14;17820;3;3010;23;342420;106;763046;64;333370;49;238840
08.01.2021 22:00;2;2000;2;2000;10;82330;112;457729;36;475614;0;0;2;2000;2;2000;0;0;0;0;6;6020;3;3020;27;239080;95;630157;42;129790;42;172605
08.01.2021 23:00;2;2000;2;1990;4;85380;65;145193;22;380400;0;0;2;2000;2;2000;0;0;0;0;3;3220;0;0;10;122063;53;289480;25;95340;26;98150
09.01.2021 00:00;0;0;1;1000;3;8000;36;59784;17;285660;0;0;0;0;1;1000;0;0;0;0;0;0;2;2010;4;45490;35;148918;16;41040;11;37710
09.01.2021 01:00;0;0;0;0;2;4060;31;94710;11;107260;0;0;0;0;0;0;0;0;0;0;2;2000;0;0;5;113540;27;116900;12;49758;21;68978
09.01.2021 02:00;0;0;0;0;3;65430;19;40830;11;111315;1;17550;0;0;0;0;0;0;0;0;0;0;0;0;1;24460;16;72422;5;16170;10;35760
09.01.2021 03:00;0;0;0;0;2;42120;8;5830;3;55740;0;0;0;0;0;0;0;0;0;0;0;0;0;0;2;34250;4;16750;5;15640;5;16640
09.01.2021 04:00;1;1000;0;0;3;62070;23;84900;8;130400;1;14810;1;1000;0;0;0;0;0;0;0;0;0;0;4;41100;16;103980;11;41830;10;29640
09.01.2021 05:00;3;3000;3;3000;4;31840;40;119821;20;330540;0;0;3;3000;3;3000;0;0;0;0;0;0;0;0;7;93370;37;179280;20;62040;17;59700
09.01.2021 06:00;4;4000;4;4000;7;36900;58;181090;17;378823;1;1040;4;4000;4;4000;0;0;0;0;1;1000;1;1000;18;143410;56;316940;32;164370;16;50280
09.01.2021 07:00;4;3990;4;3990;9;69763;70;240380;26;393640;0;0;4;3990;4;4000;0;0;0;0;2;2000;2;2010;16;237240;55;352004;40;149840;26;94870
09.01.2021 08:00;5;5000;4;4000;21;123720;127;518141;76;788191;1;640;5;4990;4;3990;0;0;0;0;6;6280;5;5010;24;194430;88;588368;48;316303;59;348130
09.01.2021 09:00;4;4000;4;4000;19;188703;189;647231;128;1364648;1;43232;4;3980;4;3990;0;0;0;0;18;19150;10;10030;32;502615;118;1156848;76;546179;78;414110
09.01.2021 10:00;4;4000;4;3990;36;263080;279;1074257;156;1386370;0;0;4;4000;4;4000;0;0;0;0;31;33930;4;4010;42;895056;150;1556200;82;880366;97;842417
09.01.2021 11:00;4;3990;4;4000;46;267570;326;1266814;203;1636752;0;0;4;4000;4;3980;0;0;0;0;38;41600;5;5030;54;751405;153;1900305;120;1023707;143;951668
09.01.2021 12:00;4;4000;4;4000;50;337434;303;1489202;214;1684467;1;390;4;4000;4;4000;0;0;0;0;35;39200;7;7040;62;982962;154;1826780;98;1623389;141;965648
09.01.2021 13:00;4;3990;4;3990;46;309301;325;1190420;194;1715542;1;450;4;4000;4;4000;0;0;0;0;37;37790;8;8030;72;996136;155;2006269;120;1345926;131;1245908
09.01.2021 14:00;4;4000;4;4000;50;542203;386;1311074;222;1776506;7;24780;4;4000;4;4000;0;0;0;0;31;33560;12;12020;65;1241642;143;2404120;118;1513393;137;1038906
09.01.2021 15:00;4;4000;4;4000;46;515570;343;1309832;173;1505646;1;38580;4;4000;4;3980;0;0;0;0;28;34520;9;9010;54;749912;152;2096924;120;1383762;119;952713
09.01.2021 16:00;4;4000;4;3990;49;392820;329;1373715;174;1305555;0;0;4;4000;4;3990;0;0;0;0;34;35750;3;3000;55;974663;150;1938422;112;903484;109;1110311
09.01.2021 17:00;4;3990;5;4980;42;389062;354;1317737;177;1671701;0;0;4;4000;5;4990;0;0;0;0;27;28510;5;5065;50;658497;156;2178841;139;1017826;132;965356
09.01.2021 18:00;4;4000;4;4000;34;373830;286;1225672;142;1300399;0;0;4;4000;4;4000;0;0;0;0;26;29190;2;2020;69;1086712;153;1764037;143;743431;133;588220
09.01.2021 19:00;4;3980;4;3970;35;252252;226;1123853;110;1328754;0;0;4;4000;4;4000;0;0;0;0;21;22960;2;2010;51;577945;149;1344453;125;494857;100;383920
09.01.2021 20:00;2;2000;2;2000;22;165920;208;869275;84;906189;0;0;2;2000;2;2000;0;0;0;0;13;13550;1;1000;33;469170;134;961222;107;373875;62;244460
09.01.2021 21:00;2;2000;2;2000;18;46420;154;516940;48;648264;1;260;2;2000;2;2000;0;0;0;0;22;23530;0;0;30;487591;141;881908;72;224077;50;152170
09.01.2021 22:00;2;2000;2;2000;8;115640;120;376421;39;523021;1;580;2;2000;2;1980;0;0;0;0;8;8480;1;1000;22;196720;94;544695;47;185426;51;163189
09.01.2021 23:00;2;1980;2;2000;7;67360;83;166510;25;345970;0;0;2;2000;2;2000;0;0;0;0;3;3020;0;0;6;62110;69;364990;33;68178;29;86210
10.01.2021 00:00;0;0;1;990;8;98424;52;115980;17;292884;0;0;0;0;1;1000;0;0;0;0;1;1350;2;2000;13;174824;40;153450;28;83078;20;51730
10.01.2021 01:00;0;0;0;0;4;51090;30;55260;16;214973;1;16000;0;0;0;0;0;0;0;0;2;2020;0;0;3;2240;25;104200;20;36677;12;26293
10.01.2021 02:00;0;0;0;0;4;52372;26;24130;12;199860;0;0;0;0;0;0;0;0;0;0;0;0;0;0;6;79874;21;75960;4;6270;9;22610
10.01.2021 03:00;0;0;0;0;0;0;9;5660;1;37770;0;0;0;0;0;0;0;0;0;0;0;0;0;0;0;0;5;15850;9;14610;7;10310
10.01.2021 04:00;0;0;0;0;0;0;12;5440;4;117514;1;510;0;0;0;0;0;0;0;0;0;0;0;0;2;41230;11;48340;4;7510;6;17540
10.01.2021 05:00;2;2000;1;1000;6;22840;27;32360;5;68900;0;0;2;1990;1;1000;0;0;0;0;0;0;0;0;5;48700;23;92580;7;10940;7;18930
10.01.2021 06:00;2;2000;2;1990;2;2420;34;50810;6;69240;0;0;2;2000;2;2000;0;0;0;0;0;0;0;0;3;41640;32;110244;10;21830;11;22790
10.01.2021 07:00;2;1990;2;1990;5;43440;23;60670;14;316922;0;0;2;2000;2;1990;0;0;0;0;0;0;0;0;14;105910;20;101934;15;26995;10;19920
10.01.2021 08:00;2;2000;2;2000;6;10680;47;148590;27;339535;0;0;2;1990;2;1990;0;0;0;0;3;3030;1;1000;13;137160;42;158908;19;73360;15;35190
10.01.2021 09:00;2;2000;2;2000;14;111500;104;412347;66;596614;0;0;2;2000;2;2000;0;0;0;0;7;7020;2;2010;15;277480;79;423908;48;245733;35;124760
10.01.2021 10:00;2;2000;2;2000;18;128280;161;474872;105;1187993;1;200;2;2000;2;2000;0;0;0;0;12;12670;7;7030;35;459510;123;658576;80;518335;64;357454
10.01.2021 11:00;2;2000;2;2000;32;185760;228;818278;126;1126443;1;15610;2;2000;2;1990;0;0;0;0;20;21550;5;5010;41;448193;147;1165361;105;778064;93;397156
10.01.2021 12:00;3;3000;3;3000;37;194660;278;1107069;170;1313599;1;200;3;3000;3;3000;0;0;0;0;13;14020;8;8020;50;438784;183;1637272;111;841087;130;780901
10.01.2021 13:00;4;3990;4;4000;35;227484;275;1265044;217;1604635;0;0;4;4000;4;3990;0;0;0;0;24;28550;2;2010;51;572150;144;1662938;100;1235898;123;836214
10.01.2021 14:00;4;4000;4;4000;37;202419;299;1154434;169;1309593;0;0;4;3990;4;4000;0;0;0;0;20;23170;8;8030;56;626390;186;1575554;116;953369;113;705090
10.01.2021 15:00;4;3990;4;4000;38;169440;292;1108410;175;1204433;2;1350;4;4000;4;4000;0;0;0;0;20;22740;5;5010;54;707010;175;1587681;102;835037;90;542584
10.01.2021 16:00;4;4000;4;4000;47;261757;334;1119144;146;1142289;1;710;4;4000;4;3990;0;0;0;0;17;17890;10;10020;61;679959;169;1878188;101;793172;116;750713
10.01.2021 17:00;4;3990;4;4000;32;277248;313;1243142;169;1452290;3;1040;4;4000;4;3990;0;0;0;0;17;20360;6;6040;57;673663;151;1796209;146;764090;126;511653
10.01.2021 18:00;4;4000;4;4000;36;322188;290;1268668;122;923588;0;0;4;3980;4;4056;0;0;0;0;15;16720;5;5010;51;686453;140;1625475;143;648225;120;453176
10.01.2021 19:00;2;2000;2;2000;21;100996;234;985600;115;918176;0;0;2;2000;2;2000;0;0;0;0;10;12640;10;10030;43;449550;140;1273926;126;578637;96;351430
10.01.2021 20:00;2;2000;2;2000;25;192360;186;888933;73;644230;0;0;2;1990;2;2000;0;0;0;0;10;10930;1;1000;34;415984;134;901888;111;380228;84;243743
10.01.2021 21:00;2;2000;2;2000;10;53990;111;337653;51;596234;0;0;2;1990;2;2000;0;0;0;0;5;8140;2;2000;15;241804;83;455551;52;141325;41;106998
10.01.2021 22:00;2;2000;2;2000;9;105690;77;174750;25;349790;0;0;2;1990;2;2000;0;0;0;0;2;2020;0;0;10;116778;64;287900;31;66270;27;56900
10.01.2021 23:00;2;2000;2;2000;4;23230;48;91503;12;247280;0;0;2;2000;2;2000;0;0;0;0;0;0;0;0;8;102510;38;140090;13;23660;17;31790
11.01.2021 00:00;0;0;1;990;4;22940;32;60190;3;53710;0;0;0;0;1;1000;0;0;0;0;0;0;0;0;4;94070;35;112460;9;14760;18;39500
11.01.2021 01:00;0;0;0;0;2;17380;18;53330;8;112950;0;0;0;0;0;0;0;0;0;0;1;1000;0;0;5;120150;19;78416;3;6070;5;9710
11.01.2021 02:00;0;0;0;0;2;2020;20;13660;4;97000;1;900;0;0;0;0;0;0;0;0;0;0;0;0;3;74130;19;73518;5;6850;4;6550
11.01.2021 03:00;0;0;0;0;0;0;9;5850;4;97220;0;0;0;0;0;0;0;0;0;0;0;0;0;0;1;43854;8;34610;2;3760;2;3600
11.01.2021 04:00;1;1000;0;0;2;16340;31;15430;9;125069;0;0;1;1056;0;0;0;0;0;0;0;0;0;0;3;40980;25;102070;16;26500;11;24670
11.01.2021 05:00;3;3000;2;2000;6;52680;167;396530;39;538082;1;16060;3;3000;3;3000;0;0;0;0;4;4000;0;0;13;109040;93;771079;56;179782;31;67039
11.01.2021 06:00;4;4000;4;3990;24;192130;456;975398;100;1205890;0;0;4;3990;4;4000;0;0;0;0;6;7380;4;4010;23;404972;118;1922212;116;707588;85;443029
11.01.2021 07:00;7;6970;7;6980;44;341346;535;1572602;210;2133013;1;840;7;7000;6;5980;0;0;0;0;10;10240;7;7010;55;861747;99;3058834;132;1710764;110;1055879
11.01.2021 08:00;8;8000;7;7000;51;484943;500;1629480;234;1953964;3;2560;8;8000;7;6990;0;0;0;0;23;23130;3;3010;62;1186784;193;2684755;83;1610668;102;1065549
11.01.2021 09:00;4;3980;5;4850;50;496408;409;1384643;221;1958216;4;42840;4;4000;5;5000;0;0;0;0;25;27029;7;7030;71;1027236;164;2300093;98;1588006;105;1147264
11.01.2021 10:00;4;3990;4;4150;53;524873;319;1577260;242;1732870;1;390;4;3990;4;3990;0;0;0;0;21;22380;7;7060;82;1070172;144;2178659;140;1361191;137;1071548
11.01.2021 11:00;4;4000;4;4000;53;459434;359;1584964;246;2014389;3;69900;4;4000;4;3990;0;0;0;0;22;27740;9;9050;83;1157130;126;2244246;124;1454348;144;1102515
11.01.2021 12:00;5;4980;4;4000;68;599569;358;1605186;231;1923246;5;57410;5;5000;5;4990;0;0;0;0;32;33960;7;7040;88;1242398;137;2281133;150;1507272;143;1082681
11.01.2021 13:00;8;7990;9;8990;66;730810;352;1457849;225;1831846;5;2310;8;7990;8;7990;0;0;0;0;33;37200;9;9010;83;1398909;159;2432691;123;1946858;132;1132511
11.01.2021 14:00;5;5000;6;6000;63;567918;395;1254536;240;1989393;0;0;5;5000;6;5990;0;0;0;0;36;39064;10;10030;95;1364908;172;2389907;122;1871041;134;1216009
11.01.2021 15:00;4;3990;3;3000;82;626641;394;1422341;259;2023239;4;52800;4;3990;4;3990;0;0;0;0;45;53880;11;11030;89;1230759;192;2209033;151;1724026;154;1269633
11.01.2021 16:00;4;4000;5;5000;81;774147;484;1586404;284;2156104;1;260;4;4000;4;4000;0;0;0;0;36;39510;11;11030;91;1469407;257;2478651;136;2193057;156;1567135
11.01.2021 17:00;4;3990;4;3990;75;707950;454;1412930;208;2034282;2;7180;4;4000;4;3980;0;0;0;0;34;38230;11;11040;81;1314497;153;2306987;197;1880089;183;1466410
11.01.2021 18:00;4;3990;3;3000;51;476811;375;1063768;168;1993398;3;50490;4;4000;4;4000;0;0;0;0;31;33740;13;13050;82;1110250;162;1624287;189;1401593;149;939660
11.01.2021 19:00;5;5000;5;5000;34;378023;263;708016;96;1282365;0;0;5;5000;4;4000;0;0;0;0;28;31330;4;4010;51;774627;147;1021030;125;779669;89;470537
11.01.2021 20:00;3;2990;4;4000;15;191264;157;739956;79;746579;3;2710;3;3000;4;3990;0;0;0;0;15;16730;1;1010;35;665705;110;831490;67;298891;70;278344
11.01.2021 21:00;2;2000;2;2000;11;101510;115;475370;45;505453;0;0;2;2000;2;2000;0;0;0;0;8;9210;1;1010;25;265495;92;478270;43;164996;48;115005
11.01.2021 22:00;2;2000;2;2000;12;145150;91;269472;26;360724;1;1740;2;2000;2;1990;0;0;0;0;7;7470;0;0;29;344464;78;356010;32;93749;32;61610
11.01.2021 23:00;2;2000;2;2000;5;5820;54;187990;19;250920;1;580;2;2000;2;2000;0;0;0;0;2;2100;2;2010;9;82160;47;270030;15;31870;15;28180
12.01.2021 00:00;0;0;1;1000;1;18780;29;41810;13;196180;0;0;0;0;1;1000;0;0;0;0;1;1010;0;0;2;19960;26;104670;3;6930;14;28630
12.01.2021 01:00;0;0;0;0;2;48180;12;6580;3;67830;1;19860;0;0;0;0;0;0;0;0;0;0;0;0;1;880;12;33560;2;4960;6;11710
12.01.2021 02:00;0;0;0;0;0;0;14;15630;2;54030;0;0;0;0;0;0;0;0;0;0;0;0;0;0;1;22610;11;41940;2;2230;4;14780
12.01.2021 03:00;0;0;0;0;2;14640;18;25520;6;59480;1;390;0;0;0;0;0;0;0;0;0;0;0;0;2;45310;15;60100;2;3480;3;2540
12.01.2021 04:00;1;990;0;0;2;38110;32;136590;7;163989;0;0;1;1000;0;0;0;0;0;0;0;0;0;0;6;93180;30;101420;14;30910;20;46460
12.01.2021 05:00;3;2990;2;1990;7;12410;172;498694;41;644366;0;0;3;2990;3;3000;0;0;0;0;0;0;0;0;9;497945;110;642480;53;268130;29;72866
12.01.2021 06:00;4;4000;5;5000;34;311554;359;1277483;85;1026851;0;0;4;3990;4;4000;0;0;0;0;5;5940;5;5020;30;1085027;130;2388073;156;808650;74;224144
12.01.2021 07:00;7;7000;5;5000;61;457555;444;2174807;208;1992596;2;76940;7;7000;5;4990;0;0;0;0;13;13330;2;2020;27;2169458;78;3436896;170;1713529;121;390454
12.01.2021 08:00;8;7980;8;7990;71;457379;445;1873320;214;2247215;3;780;8;8000;8;7980;0;0;0;0;29;32590;13;13020;65;1453611;125;3221876;78;1942516;68;717792
12.01.2021 09:00;2;2000;4;4000;57;616991;463;1825666;201;2367096;1;710;2;2000;4;4000;0;0;0;0;26;26620;5;5010;55;926392;179;2906959;114;1965453;77;948934
12.01.2021 10:00;4;4000;5;5000;62;499846;340;1434081;142;1570285;1;260;4;3990;5;5000;0;0;0;0;29;31140;6;6010;70;1216513;153;1959484;128;1479120;103;679970
12.01.2021 11:00;5;5000;3;3000;67;591806;312;1544341;194;1626206;2;52390;5;5000;4;4000;0;0;0;0;26;27660;8;8020;71;1016137;138;1968564;110;1299878;112;1046449
12.01.2021 12:00;5;4980;5;5000;54;590230;332;1626778;177;1671612;1;1160;5;5000;4;4000;0;0;0;0;32;37920;3;3010;90;1299251;139;2186017;134;1762320;123;998786
12.01.2021 13:00;3;2990;4;4000;73;789283;389;1724249;245;2019745;7;52974;3;3000;3;2990;0;0;0;0;35;39275;12;12040;67;1082512;130;2417132;120;2027128;112;1302207
12.01.2021 14:00;7;7000;8;7990;68;509504;391;1752779;208;1986764;1;450;7;7000;8;8000;0;0;0;0;37;46428;9;9010;74;1069898;145;2423017;131;2079572;131;1397106
12.01.2021 15:00;3;3000;3;2990;65;457311;439;1358605;221;2059770;0;0;3;2990;3;2990;0;0;0;0;37;37930;8;8040;85;1353423;169;1989414;108;2153320;131;1367526
12.01.2021 16:00;4;4000;4;4000;67;762012;510;1634997;227;2224927;1;390;4;4000;5;4990;0;0;0;0;41;45160;14;14040;100;1270439;122;2662804;108;2463985;111;1811108
12.01.2021 17:00;4;3980;5;5000;52;610577;493;1692023;179;2289485;2;1290;4;3990;4;4000;0;0;0;0;40;42730;6;6000;89;1590879;106;2804479;117;2531327;149;2562796
12.01.2021 18:00;4;4000;4;4000;47;618994;356;1065805;167;2101060;1;380;4;3980;4;3990;0;0;0;0;38;38660;14;14020;62;975224;138;1930771;128;1768488;121;1643702
12.01.2021 19:00;5;4990;4;4000;42;443137;254;782349;106;1360647;0;0;5;4990;4;3990;0;0;0;0;19;20420;4;4020;57;726896;142;1115941;98;1068855;101;882178
12.01.2021 20:00;3;2990;4;3980;13;87200;166;726984;63;799512;0;0;3;3000;4;4000;0;0;0;0;9;9050;5;5020;28;590505;111;955014;60;303850;66;322673
12.01.2021 21:00;2;2000;2;2000;11;148353;127;475608;46;433444;0;0;2;2000;2;2000;0;0;0;0;12;12410;3;3020;28;297993;80;725068;44;176701;62;272127
12.01.2021 22:00;2;2000;2;2071;6;16500;102;414180;29;308799;0;0;2;2000;2;1990;0;0;0;0;8;8510;1;1010;20;202236;68;445470;44;216119;33;193080
12.01.2021 23:00;2;2000;2;2000;7;90244;57;148205;17;390418;1;30000;2;2000;2;2000;0;0;0;0;3;3050;1;1000;12;94806;43;249537;12;39200;14;66920
13.01.2021 00:00;0;0;1;1000;1;20830;29;82260;4;87980;0;0;0;0;1;990;0;0;0;0;3;3390;0;0;3;87337;21;96070;3;10890;7;34054
13.01.2021 01:00;0;0;0;0;1;11274;14;25150;6;128974;0;0;0;0;0;0;0;0;0;0;0;0;0;0;1;1440;13;51130;2;8920;6;22090
13.01.2021 02:00;0;0;0;0;0;0;13;8810;4;86710;1;14470;0;0;0;0;0;0;0;0;1;1230;0;0;1;17820;7;21670;2;5500;4;17590
13.01.2021 03:00;0;0;0;0;1;26650;10;6250;3;86211;0;0;0;0;0;0;0;0;0;0;0;0;0;0;1;460;9;44080;7;19040;5;21440
13.01.2021 04:00;1;1000;0;0;2;2990;28;33350;10;232884;1;38730;1;1000;0;0;0;0;0;0;0;0;0;0;4;91660;24;100490;8;32770;17;67410
13.01.2021 05:00;3;3000;3;3000;8;17770;153;457527;33;497935;1;510;3;3000;3;2990;0;0;0;0;3;3070;1;1010;11;92820;100;806697;35;151134;46;245501
13.01.2021 06:00;4;4000;3;2990;24;355488;417;968232;73;1201154;0;0;4;3990;4;3990;0;0;0;0;4;4520;4;4020;24;404714;124;2127565;88;926430;71;443856
13.01.2021 07:00;6;5990;5;5000;43;354259;575;1818465;193;2011139;1;380;6;6000;5;5000;0;0;0;0;11;11080;6;6040;52;791084;52;3248944;114;1886311;108;1681886
13.01.2021 08:00;6;5980;8;7980;67;577582;505;1664463;217;2034006;0;0;7;6990;7;6990;0;0;0;0;29;30980;4;4020;64;1219471;141;2899985;86;2001575;104;1488386
13.01.2021 09:00;4;3980;3;3000;46;632713;413;1768268;270;2036422;1;840;3;2990;3;3000;0;0;0;0;34;36300;6;6010;54;1117946;166;2358743;86;1392748;112;1256874
13.01.2021 10:00;6;5990;5;4990;56;401070;359;1635092;200;1493864;3;17400;6;5990;5;4990;0;0;0;0;32;35150;5;5030;65;1016698;161;2141380;99;1195878;138;1190912
13.01.2021 11:00;4;3990;5;5000;69;541562;399;1598664;253;1932712;1;450;4;4000;5;5000;0;0;0;0;30;31000;8;8010;70;963513;159;2173484;118;1483620;137;1306450
13.01.2021 12:00;5;5000;5;5000;65;583834;415;1511512;261;1900909;1;25850;5;4990;5;5000;0;0;0;0;33;37608;10;10020;101;1366658;144;2435822;109;1980051;156;1322687
13.01.2021 13:00;8;7990;8;8000;62;712737;436;1785747;220;1671182;3;2970;8;7990;8;7980;0;0;0;0;40;44410;1;1010;96;1515302;138;2588662;109;1776201;127;1356143
13.01.2021 14:00;5;4990;5;4990;65;587317;391;1742043;238;1752532;1;250;5;5000;6;5990;0;0;0;0;29;33860;8;8020;78;1229924;147;2306939;115;1988280;135;1299120
13.01.2021 15:00;4;3990;4;4000;64;678114;451;1674336;256;2080528;1;450;4;4000;3;3000;0;0;0;0;38;41940;15;15080;95;1204438;188;2438171;132;2055111;144;1443143
13.01.2021 16:00;4;4000;4;3990;80;687592;486;1371710;223;2210435;3;3280;4;4000;5;5039;0;0;0;0;40;42730;13;13060;100;1286059;199;2265220;124;2151652;130;1600194
13.01.2021 17:00;4;3970;4;4000;65;551776;520;1551897;218;2220540;1;190;4;4000;3;2990;0;0;0;0;45;49029;9;9030;83;1375833;156;2629200;126;2391760;152;1885722
13.01.2021 18:00;4;3980;5;5000;58;633418;397;1386610;169;1803525;1;390;4;4000;5;5000;0;0;0;0;28;31020;8;8040;83;1506143;140;1999140;132;1957474;135;1813993
13.01.2021 19:00;4;3990;3;2990;30;332660;319;1075448;129;1406781;1;450;5;5000;3;3000;0;0;0;0;26;28600;5;5020;68;764437;138;1436579;109;997711;81;718001
13.01.2021 20:00;4;4000;4;4000;25;193170;207;1062135;80;801340;0;0;2;2000;5;4980;0;0;0;0;22;27023;9;9020;46;586695;136;1245093;91;499342;83;462999
13.01.2021 21:00;2;1980;3;3000;8;62219;131;635066;69;823198;0;0;2;2000;2;1980;0;0;0;0;6;6110;4;4000;19;337669;97;756467;53;316930;47;206600
13.01.2021 22:00;2;2048;2;1990;8;10040;93;294972;29;404802;0;0;2;2000;2;2000;0;0;0;0;7;8000;2;2010;23;410121;71;442577;48;226247;29;142619
13.01.2021 23:00;2;2000;2;2000;5;41570;65;213697;23;325130;0;0;2;1990;2;2000;0;0;0;0;2;2020;1;1000;7;127685;56;333360;17;54660;26;99020
14.01.2021 00:00;0;0;1;1000;2;60030;34;44740;8;99430;0;0;0;0;1;1000;0;0;0;0;0;0;0;0;1;32110;30;135260;5;14150;17;50650
14.01.2021 01:00;0;0;0;0;1;3000;19;37900;5;165310;1;42470;0;0;0;0;0;0;0;0;0;0;0;0;3;48980;17;88710;7;22520;6;18490
14.01.2021 02:00;0;0;0;0;0;0;9;25820;2;71615;0;0;0;0;0;0;0;0;0;0;0;0;0;0;2;54640;8;54840;3;7170;6;12450
14.01.2021 03:00;0;0;0;0;0;0;13;15270;5;39820;0;0;0;0;0;0;0;0;0;0;0;0;0;0;0;0;14;61400;0;0;3;14060
14.01.2021 04:00;1;1000;0;0;3;6720;36;20610;6;148090;0;0;1;1000;0;0;0;0;0;0;0;0;0;0;4;47110;30;141460;8;26560;14;55260
14.01.2021 05:00;3;2990;3;3000;12;54420;177;330472;27;387235;1;900;3;3000;3;2990;0;0;0;0;1;1000;1;1000;13;182275;106;727861;31;147636;34;135526
14.01.2021 06:00;4;4000;4;4000;19;280813;382;909943;85;1248831;1;580;4;4000;4;3990;0;0;0;0;8;8060;3;3000;30;660629;121;1735821;101;1028563;76;493860
14.01.2021 07:00;7;7000;5;5000;44;506532;558;1602972;201;1929352;4;20450;7;7000;6;5980;0;0;0;0;19;20470;5;5020;56;950244;93;3071955;102;1700152;112;1081303
14.01.2021 08:00;8;8000;8;7990;60;554328;496;1558959;207;1848610;3;64430;8;7970;8;8000;0;0;0;0;25;26910;4;4020;60;1046202;155;2631338;101;1659928;103;1170304
14.01.2021 09:00;4;3990;5;5000;49;801818;379;1353335;241;1987936;5;31590;4;4000;4;3990;0;0;0;0;24;25140;5;5010;63;1349686;169;2109669;91;1389233;94;1039479
14.01.2021 10:00;5;4990;4;4043;64;647995;382;1547467;256;2070971;1;130;5;4990;4;4000;0;0;2;790;34;34974;4;4010;66;1094849;160;2205003;116;1315401;123;1039400
14.01.2021 11:00;4;3990;4;3990;63;598138;374;1509708;248;1968047;1;510;4;4000;3;2990;0;0;0;0;26;29610;10;10050;82;1252499;146;2311472;116;1480043;143;1289410
14.01.2021 12:00;5;4990;6;6000;71;703165;397;1527999;227;1697106;2;1280;5;5000;6;5980;0;0;0;0;27;28850;8;8040;89;1365803;129;2551058;115;1943744;122;1329645
14.01.2021 13:00;8;8000;8;7990;71;674557;383;1767238;263;1967871;2;1670;8;7980;8;8000;0;0;0;0;33;38030;8;8020;93;1373581;139;2507085;131;2093149;109;1221589
14.01.2021 14:00;5;4990;5;4990;62;745137;368;1501695;221;1685085;2;3020;5;5000;6;6000;0;0;0;0;28;30840;7;7020;83;1191533;152;2249117;138;1854720;131;1164548
14.01.2021 15:00;4;3990;4;4000;70;598030;470;1622654;243;2192417;2;1100;4;3990;4;4000;0;0;0;0;47;55270;9;9040;91;1382965;191;2510263;135;2059585;126;1610711
14.01.2021 16:00;4;3990;5;4990;81;752603;504;1695298;269;2431011;4;3740;4;4000;4;3980;0;0;0;0;35;37720;10;10020;82;1451431;217;2502632;132;2329078;149;1716943
14.01.2021 17:00;4;3980;3;3000;95;971792;513;1512530;228;2420903;3;1490;4;4000;3;3000;0;0;0;0;55;61218;20;20090;101;1270752;137;2690291;135;2466209;143;1362661
14.01.2021 18:00;4;3990;4;4000;63;744135;416;1220083;173;2003868;3;46550;4;4000;4;3990;0;0;0;0;39;43790;10;10020;99;1520802;153;2039257;145;1404665;157;1167233
14.01.2021 19:00;5;5000;5;5000;30;294580;272;912281;116;1614226;3;1220;5;5000;5;4990;0;0;0;0;25;25240;3;3010;63;710368;139;1407474;119;983664;114;775995
14.01.2021 20:00;3;2990;3;2990;28;145880;189;788258;96;746499;0;0;3;3000;4;3760;0;0;0;0;17;18310;6;6020;44;603885;128;1088108;85;408289;62;229845
14.01.2021 21:00;2;1990;3;3000;10;20520;146;540896;60;640615;0;0;2;2000;2;2240;0;0;0;0;16;19960;0;0;22;340475;97;769385;65;322720;47;128440
14.01.2021 22:00;2;2000;2;2045;16;143824;106;507901;39;459519;0;0;2;1990;2;2000;0;0;0;0;6;6030;0;0;20;315496;86;519596;53;259836;34;115350
14.01.2021 23:00;2;2000;2;2000;3;18200;53;149870;19;291948;0;0;2;2044;2;2000;0;0;0;0;3;3010;0;0;5;51750;45;231180;19;69520;19;52474
15.01.2021 00:00;0;0;1;1000;4;24000;31;61320;8;132171;1;900;0;0;1;990;0;0;0;0;3;3020;0;0;2;36330;25;117650;10;35970;13;27820
15.01.2021 01:00;0;0;0;0;1;19900;14;26200;8;169790;0;0;0;0;0;0;0;0;0;0;1;1010;0;0;6;106690;10;35850;4;16017;8;13500
15.01.2021 02:00;0;0;0;0;1;17150;9;4790;4;52110;0;0;0;0;0;0;0;0;0;0;0;0;1;1000;2;53450;9;41530;3;5930;3;7830
15.01.2021 03:00;0;0;0;0;1;18980;4;2510;2;42040;0;0;0;0;0;0;0;0;0;0;0;0;0;0;0;0;3;14830;0;0;0;0
15.01.2021 04:00;0;0;0;0;0;0;0;0;0;0;0;0;0;0;0;0;0;0;0;0;0;0;0;0;0;0;0;0;0;0;0;0
15.01.2021 05:00;0;0;0;0;0;0;0;0;0;0;0;0;0;0;0;0;0;0;0;0;0;0;0;0;0;0;0;0;0;0;0;0
15.01.2021 06:00;0;0;0;0;0;0;0;0;0;0;0;0;0;0;0;0;0;0;0;0;0;0;0;0;0;0;0;0;0;0;0;0
15.01.2021 07:00;0;0;0;0;0;0;0;0;0;0;0;0;0;0;0;0;0;0;0;0;0;0;0;0;0;0;0;0;0;0;0;0
15.01.2021 08:00;0;0;0;0;0;0;0;0;0;0;0;0;0;0;0;0;0;0;0;0;0;0;0;0;0;0;0;0;0;0;0;0
15.01.2021 09:00;0;0;0;0;0;0;0;0;0;0;0;0;0;0;0;0;0;0;0;0;0;0;0;0;0;0;0;0;0;0;0;0
15.01.2021 10:00;0;0;0;0;0;0;0;0;0;0;0;0;0;0;0;0;0;0;0;0;0;0;0;0;0;0;0;0;0;0;0;0
15.01.2021 11:00;0;0;0;0;0;0;0;0;0;0;0;0;0;0;0;0;0;0;0;0;0;0;0;0;0;0;0;0;0;0;0;0
15.01.2021 12:00;0;0;0;0;0;0;0;0;0;0;0;0;0;0;0;0;0;0;0;0;0;0;0;0;0;0;0;0;0;0;0;0
15.01.2021 13:00;0;0;0;0;0;0;0;0;0;0;0;0;0;0;0;0;0;0;0;0;0;0;0;0;0;0;0;0;0;0;0;0
15.01.2021 14:00;0;0;0;0;0;0;0;0;0;0;0;0;0;0;0;0;0;0;0;0;0;0;0;0;0;0;0;0;0;0;0;0
15.01.2021 15:00;0;0;0;0;0;0;0;0;0;0;0;0;0;0;0;0;0;0;0;0;0;0;0;0;0;0;0;0;0;0;0;0
15.01.2021 16:00;0;0;0;0;0;0;0;0;0;0;0;0;0;0;0;0;0;0;0;0;0;0;0;0;0;0;0;0;0;0;0;0
15.01.2021 17:00;0;0;0;0;0;0;0;0;0;0;0;0;0;0;0;0;0;0;0;0;0;0;0;0;0;0;0;0;0;0;0;0
15.01.2021 18:00;0;0;0;0;0;0;0;0;0;0;0;0;0;0;0;0;0;0;0;0;0;0;0;0;0;0;0;0;0;0;0;0
15.01.2021 19:00;0;0;0;0;0;0;0;0;0;0;0;0;0;0;0;0;0;0;0;0;0;0;0;0;0;0;0;0;0;0;0;0
15.01.2021 20:00;0;0;0;0;0;0;0;0;0;0;0;0;0;0;0;0;0;0;0;0;0;0;0;0;0;0;0;0;0;0;0;0
15.01.2021 21:00;0;0;0;0;0;0;0;0;0;0;0;0;0;0;0;0;0;0;0;0;0;0;0;0;0;0;0;0;0;0;0;0
15.01.2021 22:00;0;0;0;0;0;0;0;0;0;0;0;0;0;0;0;0;0;0;0;0;0;0;0;0;0;0;0;0;0;0;0;0
15.01.2021 23:00;0;0;0;0;0;0;0;0;0;0;0;0;0;0;0;0;0;0;0;0;0;0;0;0;0;0;0;0;0;0;0;0
16.01.2021 00:00;0;0;0;0;0;0;0;0;0;0;0;0;0;0;0;0;0;0;0;0;0;0;0;0;0;0;0;0;0;0;0;0
16.01.2021 01:00;0;0;0;0;0;0;0;0;0;0;0;0;0;0;0;0;0;0;0;0;0;0;0;0;0;0;0;0;0;0;0;0
16.01.2021 02:00;0;0;0;0;0;0;0;0;0;0;0;0;0;0;0;0;0;0;0;0;0;0;0;0;0;0;0;0;0;0;0;0
16.01.2021 03:00;0;0;0;0;0;0;0;0;0;0;0;0;0;0;0;0;0;0;0;0;0;0;0;0;0;0;0;0;0;0;0;0
16.01.2021 04:00;0;0;0;0;0;0;0;0;0;0;0;0;0;0;0;0;0;0;0;0;0;0;0;0;0;0;0;0;0;0;0;0
16.01.2021 05:00;0;0;0;0;0;0;0;0;0;0;0;0;0;0;0;0;0;0;0;0;0;0;0;0;0;0;0;0;0;0;0;0
16.01.2021 06:00;0;0;0;0;0;0;0;0;0;0;0;0;0;0;0;0;0;0;0;0;0;0;0;0;0;0;0;0;0;0;0;0
16.01.2021 07:00;0;0;0;0;0;0;0;0;0;0;0;0;0;0;0;0;0;0;0;0;0;0;0;0;0;0;0;0;0;0;0;0
16.01.2021 08:00;0;0;0;0;0;0;0;0;0;0;0;0;0;0;0;0;0;0;0;0;0;0;0;0;0;0;0;0;0;0;0;0
16.01.2021 09:00;0;0;0;0;0;0;0;0;0;0;0;0;0;0;0;0;0;0;0;0;0;0;0;0;0;0;0;0;0;0;0;0
16.01.2021 10:00;0;0;0;0;0;0;0;0;0;0;0;0;0;0;0;0;0;0;0;0;0;0;0;0;0;0;0;0;0;0;0;0
16.01.2021 11:00;0;0;0;0;0;0;0;0;0;0;0;0;0;0;0;0;0;0;0;0;0;0;0;0;0;0;0;0;0;0;0;0
16.01.2021 12:00;0;0;0;0;0;0;0;0;0;0;0;0;0;0;0;0;0;0;0;0;0;0;0;0;0;0;0;0;0;0;0;0
16.01.2021 13:00;0;0;0;0;0;0;0;0;0;0;0;0;0;0;0;0;0;0;0;0;0;0;0;0;0;0;0;0;0;0;0;0
16.01.2021 14:00;0;0;0;0;0;0;0;0;0;0;0;0;0;0;0;0;0;0;0;0;0;0;0;0;0;0;0;0;0;0;0;0
16.01.2021 15:00;0;0;0;0;0;0;0;0;0;0;0;0;0;0;0;0;0;0;0;0;0;0;0;0;0;0;0;0;0;0;0;0
16.01.2021 16:00;0;0;0;0;0;0;0;0;0;0;0;0;0;0;0;0;0;0;0;0;0;0;0;0;0;0;0;0;0;0;0;0
16.01.2021 17:00;0;0;0;0;0;0;0;0;0;0;0;0;0;0;0;0;0;0;0;0;0;0;0;0;0;0;0;0;0;0;0;0
16.01.2021 18:00;0;0;0;0;0;0;0;0;0;0;0;0;0;0;0;0;0;0;0;0;0;0;0;0;0;0;0;0;0;0;0;0
16.01.2021 19:00;0;0;0;0;0;0;0;0;0;0;0;0;0;0;0;0;0;0;0;0;0;0;0;0;0;0;0;0;0;0;0;0
16.01.2021 20:00;0;0;0;0;0;0;0;0;0;0;0;0;0;0;0;0;0;0;0;0;0;0;0;0;0;0;0;0;0;0;0;0
16.01.2021 21:00;0;0;0;0;0;0;0;0;0;0;0;0;0;0;0;0;0;0;0;0;0;0;0;0;0;0;0;0;0;0;0;0
16.01.2021 22:00;0;0;0;0;0;0;0;0;0;0;0;0;0;0;0;0;0;0;0;0;0;0;0;0;0;0;0;0;0;0;0;0
16.01.2021 23:00;0;0;0;0;0;0;0;0;0;0;0;0;0;0;0;0;0;0;0;0;0;0;0;0;0;0;0;0;0;0;0;0
17.01.2021 00:00;0;0;0;0;0;0;0;0;0;0;0;0;0;0;0;0;0;0;0;0;0;0;0;0;0;0;0;0;0;0;0;0
17.01.2021 01:00;0;0;0;0;0;0;0;0;0;0;0;0;0;0;0;0;0;0;0;0;0;0;0;0;0;0;0;0;0;0;0;0
17.01.2021 02:00;0;0;0;0;0;0;0;0;0;0;0;0;0;0;0;0;0;0;0;0;0;0;0;0;0;0;0;0;0;0;0;0
17.01.2021 03:00;0;0;0;0;0;0;0;0;0;0;0;0;0;0;0;0;0;0;0;0;0;0;0;0;0;0;0;0;0;0;0;0
17.01.2021 04:00;0;0;0;0;0;0;0;0;0;0;0;0;0;0;0;0;0;0;0;0;0;0;0;0;0;0;0;0;0;0;0;0
17.01.2021 05:00;0;0;0;0;0;0;0;0;0;0;0;0;0;0;0;0;0;0;0;0;0;0;0;0;0;0;0;0;0;0;0;0
17.01.2021 06:00;0;0;0;0;0;0;0;0;0;0;0;0;0;0;0;0;0;0;0;0;0;0;0;0;0;0;0;0;0;0;0;0
17.01.2021 07:00;0;0;0;0;0;0;0;0;0;0;0;0;0;0;0;0;0;0;0;0;0;0;0;0;0;0;0;0;0;0;0;0
17.01.2021 08:00;0;0;0;0;0;0;0;0;0;0;0;0;0;0;0;0;0;0;0;0;0;0;0;0;0;0;0;0;0;0;0;0
17.01.2021 09:00;0;0;0;0;0;0;0;0;0;0;0;0;0;0;0;0;0;0;0;0;0;0;0;0;0;0;0;0;0;0;0;0
17.01.2021 10:00;0;0;0;0;0;0;0;0;0;0;0;0;0;0;0;0;0;0;0;0;0;0;0;0;0;0;0;0;0;0;0;0
17.01.2021 11:00;0;0;0;0;0;0;0;0;0;0;0;0;0;0;0;0;0;0;0;0;0;0;0;0;0;0;0;0;0;0;0;0
17.01.2021 12:00;0;0;0;0;0;0;0;0;0;0;0;0;0;0;0;0;0;0;0;0;0;0;0;0;0;0;0;0;0;0;0;0
17.01.2021 13:00;0;0;0;0;0;0;0;0;0;0;0;0;0;0;0;0;0;0;0;0;0;0;0;0;0;0;0;0;0;0;0;0
17.01.2021 14:00;0;0;0;0;0;0;0;0;0;0;0;0;0;0;0;0;0;0;0;0;0;0;0;0;0;0;0;0;0;0;0;0
17.01.2021 15:00;0;0;0;0;0;0;0;0;0;0;0;0;0;0;0;0;0;0;0;0;0;0;0;0;0;0;0;0;0;0;0;0
17.01.2021 16:00;0;0;0;0;0;0;0;0;0;0;0;0;0;0;0;0;0;0;0;0;0;0;0;0;0;0;0;0;0;0;0;0
17.01.2021 17:00;0;0;0;0;0;0;0;0;0;0;0;0;0;0;0;0;0;0;0;0;0;0;0;0;0;0;0;0;0;0;0;0
17.01.2021 18:00;0;0;0;0;0;0;0;0;0;0;0;0;0;0;0;0;0;0;0;0;0;0;0;0;0;0;0;0;0;0;0;0
17.01.2021 19:00;0;0;0;0;0;0;0;0;0;0;0;0;0;0;0;0;0;0;0;0;0;0;0;0;0;0;0;0;0;0;0;0
17.01.2021 20:00;0;0;0;0;0;0;0;0;0;0;0;0;0;0;0;0;0;0;0;0;0;0;0;0;0;0;0;0;0;0;0;0
17.01.2021 21:00;0;0;0;0;0;0;0;0;0;0;0;0;0;0;0;0;0;0;0;0;0;0;0;0;0;0;0;0;0;0;0;0
17.01.2021 22:00;0;0;0;0;0;0;0;0;0;0;0;0;0;0;0;0;0;0;0;0;0;0;0;0;0;0;0;0;0;0;0;0
17.01.2021 23:00;0;0;0;0;0;0;0;0;0;0;0;0;0;0;0;0;0;0;0;0;0;0;0;0;0;0;0;0;0;0;0;0
18.01.2021 00:00;0;0;0;0;0;0;0;0;0;0;0;0;0;0;0;0;0;0;0;0;0;0;0;0;0;0;0;0;0;0;0;0
18.01.2021 01:00;0;0;0;0;0;0;0;0;0;0;0;0;0;0;0;0;0;0;0;0;0;0;0;0;0;0;0;0;0;0;0;0
18.01.2021 02:00;0;0;0;0;0;0;0;0;0;0;0;0;0;0;0;0;0;0;0;0;0;0;0;0;0;0;0;0;0;0;0;0
18.01.2021 03:00;0;0;0;0;0;0;0;0;0;0;0;0;0;0;0;0;0;0;0;0;0;0;0;0;0;0;0;0;0;0;0;0
18.01.2021 04:00;0;0;0;0;0;0;0;0;0;0;0;0;0;0;0;0;0;0;0;0;0;0;0;0;0;0;0;0;0;0;0;0
18.01.2021 05:00;0;0;0;0;0;0;0;0;0;0;0;0;0;0;0;0;0;0;0;0;0;0;0;0;0;0;0;0;0;0;0;0
18.01.2021 06:00;0;0;0;0;0;0;0;0;0;0;0;0;0;0;0;0;0;0;0;0;0;0;0;0;0;0;0;0;0;0;0;0
18.01.2021 07:00;0;0;0;0;0;0;0;0;0;0;0;0;0;0;0;0;0;0;0;0;0;0;0;0;0;0;0;0;0;0;0;0
18.01.2021 08:00;0;0;0;0;0;0;0;0;0;0;0;0;0;0;0;0;0;0;0;0;0;0;0;0;0;0;0;0;0;0;0;0
18.01.2021 09:00;0;0;0;0;0;0;0;0;0;0;0;0;0;0;0;0;0;0;0;0;0;0;0;0;0;0;0;0;0;0;0;0
18.01.2021 10:00;0;0;0;0;0;0;0;0;0;0;0;0;0;0;0;0;0;0;0;0;0;0;0;0;0;0;0;0;0;0;0;0
18.01.2021 11:00;0;0;0;0;0;0;0;0;0;0;0;0;0;0;0;0;0;0;0;0;0;0;0;0;0;0;0;0;0;0;0;0
18.01.2021 12:00;0;0;0;0;0;0;0;0;0;0;0;0;0;0;0;0;0;0;0;0;0;0;0;0;0;0;0;0;0;0;0;0
18.01.2021 13:00;0;0;0;0;0;0;0;0;0;0;0;0;0;0;0;0;0;0;0;0;0;0;0;0;0;0;0;0;0;0;0;0
18.01.2021 14:00;0;0;0;0;0;0;0;0;0;0;0;0;0;0;0;0;0;0;0;0;0;0;0;0;0;0;0;0;0;0;0;0
18.01.2021 15:00;0;0;0;0;0;0;0;0;0;0;0;0;0;0;0;0;0;0;0;0;0;0;0;0;0;0;0;0;0;0;0;0
18.01.2021 16:00;0;0;0;0;0;0;0;0;0;0;0;0;0;0;0;0;0;0;0;0;0;0;0;0;0;0;0;0;0;0;0;0
18.01.2021 17:00;0;0;0;0;0;0;0;0;0;0;0;0;0;0;0;0;0;0;0;0;0;0;0;0;0;0;0;0;0;0;0;0
18.01.2021 18:00;0;0;0;0;0;0;0;0;0;0;0;0;0;0;0;0;0;0;0;0;0;0;0;0;0;0;0;0;0;0;0;0
18.01.2021 19:00;0;0;0;0;0;0;0;0;0;0;0;0;0;0;0;0;0;0;0;0;0;0;0;0;0;0;0;0;0;0;0;0
18.01.2021 20:00;0;0;0;0;0;0;0;0;0;0;0;0;0;0;0;0;0;0;0;0;0;0;0;0;0;0;0;0;0;0;0;0
18.01.2021 21:00;0;0;0;0;0;0;0;0;0;0;0;0;0;0;0;0;0;0;0;0;0;0;0;0;0;0;0;0;0;0;0;0
18.01.2021 22:00;0;0;0;0;0;0;0;0;0;0;0;0;0;0;0;0;0;0;0;0;0;0;0;0;0;0;0;0;0;0;0;0
18.01.2021 23:00;0;0;0;0;0;0;0;0;0;0;0;0;0;0;0;0;0;0;0;0;0;0;0;0;0;0;0;0;0;0;0;0
19.01.2021 00:00;0;0;0;0;0;0;0;0;0;0;0;0;0;0;0;0;0;0;0;0;0;0;0;0;0;0;0;0;0;0;0;0
19.01.2021 01:00;0;0;0;0;0;0;0;0;0;0;0;0;0;0;0;0;0;0;0;0;0;0;0;0;0;0;0;0;0;0;0;0
19.01.2021 02:00;0;0;0;0;0;0;0;0;0;0;0;0;0;0;0;0;0;0;0;0;0;0;0;0;0;0;0;0;0;0;0;0
19.01.2021 03:00;0;0;0;0;0;0;0;0;0;0;0;0;0;0;0;0;0;0;0;0;0;0;0;0;0;0;0;0;0;0;0;0
19.01.2021 04:00;0;0;0;0;0;0;0;0;0;0;0;0;0;0;0;0;0;0;0;0;0;0;0;0;0;0;0;0;0;0;0;0
19.01.2021 05:00;0;0;0;0;0;0;0;0;0;0;0;0;0;0;0;0;0;0;0;0;0;0;0;0;0;0;0;0;0;0;0;0
19.01.2021 06:00;0;0;0;0;0;0;0;0;0;0;0;0;0;0;0;0;0;0;0;0;0;0;0;0;0;0;0;0;0;0;0;0
19.01.2021 07:00;0;0;0;0;0;0;0;0;0;0;0;0;0;0;0;0;0;0;0;0;0;0;0;0;0;0;0;0;0;0;0;0
19.01.2021 08:00;0;0;0;0;0;0;0;0;0;0;0;0;0;0;0;0;0;0;0;0;0;0;0;0;0;0;0;0;0;0;0;0
19.01.2021 09:00;0;0;0;0;0;0;0;0;0;0;0;0;0;0;0;0;0;0;0;0;0;0;0;0;0;0;0;0;0;0;0;0
19.01.2021 10:00;0;0;0;0;0;0;0;0;0;0;0;0;0;0;0;0;0;0;0;0;0;0;0;0;0;0;0;0;0;0;0;0
19.01.2021 11:00;0;0;0;0;0;0;0;0;0;0;0;0;0;0;0;0;0;0;0;0;0;0;0;0;0;0;0;0;0;0;0;0
19.01.2021 12:00;0;0;0;0;0;0;0;0;0;0;0;0;0;0;0;0;0;0;0;0;0;0;0;0;0;0;0;0;0;0;0;0
19.01.2021 13:00;0;0;0;0;0;0;0;0;0;0;0;0;0;0;0;0;0;0;0;0;0;0;0;0;0;0;0;0;0;0;0;0
19.01.2021 14:00;0;0;0;0;0;0;0;0;0;0;0;0;0;0;0;0;0;0;0;0;0;0;0;0;0;0;0;0;0;0;0;0
19.01.2021 15:00;0;0;0;0;0;0;0;0;0;0;0;0;0;0;0;0;0;0;0;0;0;0;0;0;0;0;0;0;0;0;0;0
19.01.2021 16:00;0;0;0;0;0;0;0;0;0;0;0;0;0;0;0;0;0;0;0;0;0;0;0;0;0;0;0;0;0;0;0;0
19.01.2021 17:00;0;0;0;0;0;0;0;0;0;0;0;0;0;0;0;0;0;0;0;0;0;0;0;0;0;0;0;0;0;0;0;0
19.01.2021 18:00;0;0;0;0;0;0;0;0;0;0;0;0;0;0;0;0;0;0;0;0;0;0;0;0;0;0;0;0;0;0;0;0
19.01.2021 19:00;0;0;0;0;0;0;0;0;0;0;0;0;0;0;0;0;0;0;0;0;0;0;0;0;0;0;0;0;0;0;0;0
19.01.2021 20:00;0;0;0;0;0;0;0;0;0;0;0;0;0;0;0;0;0;0;0;0;0;0;0;0;0;0;0;0;0;0;0;0
19.01.2021 21:00;0;0;0;0;0;0;0;0;0;0;0;0;0;0;0;0;0;0;0;0;0;0;0;0;0;0;0;0;0;0;0;0
19.01.2021 22:00;0;0;0;0;0;0;0;0;0;0;0;0;0;0;0;0;0;0;0;0;0;0;0;0;0;0;0;0;0;0;0;0
19.01.2021 23:00;0;0;0;0;0;0;0;0;0;0;0;0;0;0;0;0;0;0;0;0;0;0;0;0;0;0;0;0;0;0;0;0
20.01.2021 00:00;0;0;0;0;0;0;0;0;0;0;0;0;0;0;0;0;0;0;0;0;0;0;0;0;0;0;0;0;0;0;0;0
20.01.2021 01:00;0;0;0;0;0;0;0;0;0;0;0;0;0;0;0;0;0;0;0;0;0;0;0;0;0;0;0;0;0;0;0;0
20.01.2021 02:00;0;0;0;0;0;0;0;0;0;0;0;0;0;0;0;0;0;0;0;0;0;0;0;0;0;0;0;0;0;0;0;0
20.01.2021 03:00;0;0;0;0;0;0;0;0;0;0;0;0;0;0;0;0;0;0;0;0;0;0;0;0;0;0;0;0;0;0;0;0
20.01.2021 04:00;0;0;0;0;0;0;0;0;0;0;0;0;0;0;0;0;0;0;0;0;0;0;0;0;0;0;0;0;0;0;0;0
20.01.2021 05:00;0;0;0;0;0;0;0;0;0;0;0;0;0;0;0;0;0;0;0;0;0;0;0;0;0;0;0;0;0;0;0;0
20.01.2021 06:00;0;0;0;0;0;0;0;0;0;0;0;0;0;0;0;0;0;0;0;0;0;0;0;0;0;0;0;0;0;0;0;0
20.01.2021 07:00;0;0;0;0;0;0;0;0;0;0;0;0;0;0;0;0;0;0;0;0;0;0;0;0;0;0;0;0;0;0;0;0
20.01.2021 08:00;0;0;0;0;0;0;0;0;0;0;0;0;0;0;0;0;0;0;0;0;0;0;0;0;0;0;0;0;0;0;0;0
20.01.2021 09:00;0;0;0;0;0;0;0;0;0;0;0;0;0;0;0;0;0;0;0;0;0;0;0;0;0;0;0;0;0;0;0;0
20.01.2021 10:00;0;0;0;0;0;0;0;0;0;0;0;0;0;0;0;0;0;0;0;0;0;0;0;0;0;0;0;0;0;0;0;0
20.01.2021 11:00;0;0;0;0;0;0;0;0;0;0;0;0;0;0;0;0;0;0;0;0;0;0;0;0;0;0;0;0;0;0;0;0
20.01.2021 12:00;0;0;0;0;0;0;0;0;0;0;0;0;0;0;0;0;0;0;0;0;0;0;0;0;0;0;0;0;0;0;0;0
20.01.2021 13:00;0;0;0;0;0;0;0;0;0;0;0;0;0;0;0;0;0;0;0;0;0;0;0;0;0;0;0;0;0;0;0;0
20.01.2021 14:00;0;0;0;0;0;0;0;0;0;0;0;0;0;0;0;0;0;0;0;0;0;0;0;0;0;0;0;0;0;0;0;0
20.01.2021 15:00;0;0;0;0;0;0;0;0;0;0;0;0;0;0;0;0;0;0;0;0;0;0;0;0;0;0;0;0;0;0;0;0
20.01.2021 16:00;0;0;0;0;0;0;0;0;0;0;0;0;0;0;0;0;0;0;0;0;0;0;0;0;0;0;0;0;0;0;0;0
20.01.2021 17:00;0;0;0;0;0;0;0;0;0;0;0;0;0;0;0;0;0;0;0;0;0;0;0;0;0;0;0;0;0;0;0;0
20.01.2021 18:00;0;0;0;0;0;0;0;0;0;0;0;0;0;0;0;0;0;0;0;0;0;0;0;0;0;0;0;0;0;0;0;0
20.01.2021 19:00;0;0;0;0;0;0;0;0;0;0;0;0;0;0;0;0;0;0;0;0;0;0;0;0;0;0;0;0;0;0;0;0
20.01.2021 20:00;0;0;0;0;0;0;0;0;0;0;0;0;0;0;0;0;0;0;0;0;0;0;0;0;0;0;0;0;0;0;0;0
20.01.2021 21:00;0;0;0;0;0;0;0;0;0;0;0;0;0;0;0;0;0;0;0;0;0;0;0;0;0;0;0;0;0;0;0;0
20.01.2021 22:00;0;0;0;0;0;0;0;0;0;0;0;0;0;0;0;0;0;0;0;0;0;0;0;0;0;0;0;0;0;0;0;0
20.01.2021 23:00;0;0;0;0;0;0;0;0;0;0;0;0;0;0;0;0;0;0;0;0;0;0;0;0;0;0;0;0;0;0;0;0
21.01.2021 00:00;0;0;0;0;0;0;0;0;0;0;0;0;0;0;0;0;0;0;0;0;0;0;0;0;0;0;0;0;0;0;0;0
21.01.2021 01:00;0;0;0;0;0;0;0;0;0;0;0;0;0;0;0;0;0;0;0;0;0;0;0;0;0;0;0;0;0;0;0;0
21.01.2021 02:00;0;0;0;0;0;0;0;0;0;0;0;0;0;0;0;0;0;0;0;0;0;0;0;0;0;0;0;0;0;0;0;0
21.01.2021 03:00;0;0;0;0;0;0;0;0;0;0;0;0;0;0;0;0;0;0;0;0;0;0;0;0;0;0;0;0;0;0;0;0
21.01.2021 04:00;0;0;0;0;0;0;0;0;0;0;0;0;0;0;0;0;0;0;0;0;0;0;0;0;0;0;0;0;0;0;0;0
21.01.2021 05:00;0;0;0;0;0;0;0;0;0;0;0;0;0;0;0;0;0;0;0;0;0;0;0;0;0;0;0;0;0;0;0;0
21.01.2021 06:00;0;0;0;0;0;0;0;0;0;0;0;0;0;0;0;0;0;0;0;0;0;0;0;0;0;0;0;0;0;0;0;0
21.01.2021 07:00;0;0;0;0;0;0;0;0;0;0;0;0;0;0;0;0;0;0;0;0;0;0;0;0;0;0;0;0;0;0;0;0
21.01.2021 08:00;0;0;0;0;0;0;0;0;0;0;0;0;0;0;0;0;0;0;0;0;0;0;0;0;0;0;0;0;0;0;0;0
21.01.2021 09:00;0;0;0;0;0;0;0;0;0;0;0;0;0;0;0;0;0;0;0;0;0;0;0;0;0;0;0;0;0;0;0;0
21.01.2021 10:00;0;0;0;0;0;0;0;0;0;0;0;0;0;0;0;0;0;0;0;0;0;0;0;0;0;0;0;0;0;0;0;0
21.01.2021 11:00;0;0;0;0;0;0;0;0;0;0;0;0;0;0;0;0;0;0;0;0;0;0;0;0;0;0;0;0;0;0;0;0
21.01.2021 12:00;0;0;0;0;0;0;0;0;0;0;0;0;0;0;0;0;0;0;0;0;0;0;0;0;0;0;0;0;0;0;0;0
21.01.2021 13:00;0;0;0;0;0;0;0;0;0;0;0;0;0;0;0;0;0;0;0;0;0;0;0;0;0;0;0;0;0;0;0;0
21.01.2021 14:00;0;0;0;0;0;0;0;0;0;0;0;0;0;0;0;0;0;0;0;0;0;0;0;0;0;0;0;0;0;0;0;0
21.01.2021 15:00;0;0;0;0;0;0;0;0;0;0;0;0;0;0;0;0;0;0;0;0;0;0;0;0;0;0;0;0;0;0;0;0
21.01.2021 16:00;0;0;0;0;0;0;0;0;0;0;0;0;0;0;0;0;0;0;0;0;0;0;0;0;0;0;0;0;0;0;0;0
21.01.2021 17:00;0;0;0;0;0;0;0;0;0;0;0;0;0;0;0;0;0;0;0;0;0;0;0;0;0;0;0;0;0;0;0;0
21.01.2021 18:00;0;0;0;0;0;0;0;0;0;0;0;0;0;0;0;0;0;0;0;0;0;0;0;0;0;0;0;0;0;0;0;0
21.01.2021 19:00;0;0;0;0;0;0;0;0;0;0;0;0;0;0;0;0;0;0;0;0;0;0;0;0;0;0;0;0;0;0;0;0
21.01.2021 20:00;0;0;0;0;0;0;0;0;0;0;0;0;0;0;0;0;0;0;0;0;0;0;0;0;0;0;0;0;0;0;0;0
21.01.2021 21:00;0;0;0;0;0;0;0;0;0;0;0;0;0;0;0;0;0;0;0;0;0;0;0;0;0;0;0;0;0;0;0;0
21.01.2021 22:00;0;0;0;0;0;0;0;0;0;0;0;0;0;0;0;0;0;0;0;0;0;0;0;0;0;0;0;0;0;0;0;0
21.01.2021 23:00;0;0;0;0;0;0;0;0;0;0;0;0;0;0;0;0;0;0;0;0;0;0;0;0;0;0;0;0;0;0;0;0
22.01.2021 00:00;0;0;0;0;0;0;0;0;0;0;0;0;0;0;0;0;0;0;0;0;0;0;0;0;0;0;0;0;0;0;0;0
22.01.2021 01:00;0;0;0;0;0;0;0;0;0;0;0;0;0;0;0;0;0;0;0;0;0;0;0;0;0;0;0;0;0;0;0;0
22.01.2021 02:00;0;0;0;0;0;0;0;0;0;0;0;0;0;0;0;0;0;0;0;0;0;0;0;0;0;0;0;0;0;0;0;0
22.01.2021 03:00;0;0;0;0;0;0;0;0;0;0;0;0;0;0;0;0;0;0;0;0;0;0;0;0;0;0;0;0;0;0;0;0
22.01.2021 04:00;0;0;0;0;0;0;0;0;0;0;0;0;0;0;0;0;0;0;0;0;0;0;0;0;0;0;0;0;0;0;0;0
22.01.2021 05:00;0;0;0;0;0;0;0;0;0;0;0;0;0;0;0;0;0;0;0;0;0;0;0;0;0;0;0;0;0;0;0;0
22.01.2021 06:00;0;0;0;0;0;0;0;0;0;0;0;0;0;0;0;0;0;0;0;0;0;0;0;0;0;0;0;0;0;0;0;0
22.01.2021 07:00;0;0;0;0;0;0;0;0;0;0;0;0;0;0;0;0;0;0;0;0;0;0;0;0;0;0;0;0;0;0;0;0
22.01.2021 08:00;0;0;0;0;0;0;0;0;0;0;0;0;0;0;0;0;0;0;0;0;0;0;0;0;0;0;0;0;0;0;0;0
22.01.2021 09:00;0;0;0;0;0;0;0;0;0;0;0;0;0;0;0;0;0;0;0;0;0;0;0;0;0;0;0;0;0;0;0;0
22.01.2021 10:00;0;0;0;0;0;0;0;0;0;0;0;0;0;0;0;0;0;0;0;0;0;0;0;0;0;0;0;0;0;0;0;0
22.01.2021 11:00;0;0;0;0;0;0;0;0;0;0;0;0;0;0;0;0;0;0;0;0;0;0;0;0;0;0;0;0;0;0;0;0
22.01.2021 12:00;0;0;0;0;0;0;0;0;0;0;0;0;0;0;0;0;0;0;0;0;0;0;0;0;0;0;0;0;0;0;0;0
22.01.2021 13:00;0;0;0;0;0;0;0;0;0;0;0;0;0;0;0;0;0;0;0;0;0;0;0;0;0;0;0;0;0;0;0;0
22.01.2021 14:00;0;0;0;0;0;0;0;0;0;0;0;0;0;0;0;0;0;0;0;0;0;0;0;0;0;0;0;0;0;0;0;0
22.01.2021 15:00;0;0;0;0;0;0;0;0;0;0;0;0;0;0;0;0;0;0;0;0;0;0;0;0;0;0;0;0;0;0;0;0
22.01.2021 16:00;0;0;0;0;0;0;0;0;0;0;0;0;0;0;0;0;0;0;0;0;0;0;0;0;0;0;0;0;0;0;0;0
22.01.2021 17:00;0;0;0;0;0;0;0;0;0;0;0;0;0;0;0;0;0;0;0;0;0;0;0;0;0;0;0;0;0;0;0;0
22.01.2021 18:00;0;0;0;0;0;0;0;0;0;0;0;0;0;0;0;0;0;0;0;0;0;0;0;0;0;0;0;0;0;0;0;0
22.01.2021 19:00;0;0;0;0;0;0;0;0;0;0;0;0;0;0;0;0;0;0;0;0;0;0;0;0;0;0;0;0;0;0;0;0
22.01.2021 20:00;0;0;0;0;0;0;0;0;0;0;0;0;0;0;0;0;0;0;0;0;0;0;0;0;0;0;0;0;0;0;0;0
22.01.2021 21:00;0;0;0;0;0;0;0;0;0;0;0;0;0;0;0;0;0;0;0;0;0;0;0;0;0;0;0;0;0;0;0;0
22.01.2021 22:00;0;0;0;0;0;0;0;0;0;0;0;0;0;0;0;0;0;0;0;0;0;0;0;0;0;0;0;0;0;0;0;0
22.01.2021 23:00;0;0;0;0;0;0;0;0;0;0;0;0;0;0;0;0;0;0;0;0;0;0;0;0;0;0;0;0;0;0;0;0
23.01.2021 00:00;0;0;0;0;0;0;0;0;0;0;0;0;0;0;0;0;0;0;0;0;0;0;0;0;0;0;0;0;0;0;0;0
23.01.2021 01:00;0;0;0;0;0;0;0;0;0;0;0;0;0;0;0;0;0;0;0;0;0;0;0;0;0;0;0;0;0;0;0;0
23.01.2021 02:00;0;0;0;0;0;0;0;0;0;0;0;0;0;0;0;0;0;0;0;0;0;0;0;0;0;0;0;0;0;0;0;0
23.01.2021 03:00;0;0;0;0;0;0;0;0;0;0;0;0;0;0;0;0;0;0;0;0;0;0;0;0;0;0;0;0;0;0;0;0
23.01.2021 04:00;0;0;0;0;0;0;0;0;0;0;0;0;0;0;0;0;0;0;0;0;0;0;0;0;0;0;0;0;0;0;0;0
23.01.2021 05:00;0;0;0;0;0;0;0;0;0;0;0;0;0;0;0;0;0;0;0;0;0;0;0;0;0;0;0;0;0;0;0;0
23.01.2021 06:00;0;0;0;0;0;0;0;0;0;0;0;0;0;0;0;0;0;0;0;0;0;0;0;0;0;0;0;0;0;0;0;0
23.01.2021 07:00;0;0;0;0;0;0;0;0;0;0;0;0;0;0;0;0;0;0;0;0;0;0;0;0;0;0;0;0;0;0;0;0
23.01.2021 08:00;0;0;0;0;0;0;0;0;0;0;0;0;0;0;0;0;0;0;0;0;0;0;0;0;0;0;0;0;0;0;0;0
23.01.2021 09:00;0;0;0;0;0;0;0;0;0;0;0;0;0;0;0;0;0;0;0;0;0;0;0;0;0;0;0;0;0;0;0;0
23.01.2021 10:00;0;0;0;0;0;0;0;0;0;0;0;0;0;0;0;0;0;0;0;0;0;0;0;0;0;0;0;0;0;0;0;0
23.01.2021 11:00;0;0;0;0;0;0;0;0;0;0;0;0;0;0;0;0;0;0;0;0;0;0;0;0;0;0;0;0;0;0;0;0
23.01.2021 12:00;0;0;0;0;0;0;0;0;0;0;0;0;0;0;0;0;0;0;0;0;0;0;0;0;0;0;0;0;0;0;0;0
23.01.2021 13:00;0;0;0;0;0;0;0;0;0;0;0;0;0;0;0;0;0;0;0;0;0;0;0;0;0;0;0;0;0;0;0;0
23.01.2021 14:00;0;0;0;0;0;0;0;0;0;0;0;0;0;0;0;0;0;0;0;0;0;0;0;0;0;0;0;0;0;0;0;0
23.01.2021 15:00;0;0;0;0;0;0;0;0;0;0;0;0;0;0;0;0;0;0;0;0;0;0;0;0;0;0;0;0;0;0;0;0
23.01.2021 16:00;0;0;0;0;0;0;0;0;0;0;0;0;0;0;0;0;0;0;0;0;0;0;0;0;0;0;0;0;0;0;0;0
23.01.2021 17:00;0;0;0;0;0;0;0;0;0;0;0;0;0;0;0;0;0;0;0;0;0;0;0;0;0;0;0;0;0;0;0;0
23.01.2021 18:00;0;0;0;0;0;0;0;0;0;0;0;0;0;0;0;0;0;0;0;0;0;0;0;0;0;0;0;0;0;0;0;0
23.01.2021 19:00;0;0;0;0;0;0;0;0;0;0;0;0;0;0;0;0;0;0;0;0;0;0;0;0;0;0;0;0;0;0;0;0
23.01.2021 20:00;0;0;0;0;0;0;0;0;0;0;0;0;0;0;0;0;0;0;0;0;0;0;0;0;0;0;0;0;0;0;0;0
23.01.2021 21:00;0;0;0;0;0;0;0;0;0;0;0;0;0;0;0;0;0;0;0;0;0;0;0;0;0;0;0;0;0;0;0;0
23.01.2021 22:00;0;0;0;0;0;0;0;0;0;0;0;0;0;0;0;0;0;0;0;0;0;0;0;0;0;0;0;0;0;0;0;0
23.01.2021 23:00;0;0;0;0;0;0;0;0;0;0;0;0;0;0;0;0;0;0;0;0;0;0;0;0;0;0;0;0;0;0;0;0
24.01.2021 00:00;0;0;0;0;0;0;0;0;0;0;0;0;0;0;0;0;0;0;0;0;0;0;0;0;0;0;0;0;0;0;0;0
24.01.2021 01:00;0;0;0;0;0;0;0;0;0;0;0;0;0;0;0;0;0;0;0;0;0;0;0;0;0;0;0;0;0;0;0;0
24.01.2021 02:00;0;0;0;0;0;0;0;0;0;0;0;0;0;0;0;0;0;0;0;0;0;0;0;0;0;0;0;0;0;0;0;0
24.01.2021 03:00;0;0;0;0;0;0;0;0;0;0;0;0;0;0;0;0;0;0;0;0;0;0;0;0;0;0;0;0;0;0;0;0
24.01.2021 04:00;0;0;0;0;0;0;0;0;0;0;0;0;0;0;0;0;0;0;0;0;0;0;0;0;0;0;0;0;0;0;0;0
24.01.2021 05:00;0;0;0;0;0;0;0;0;0;0;0;0;0;0;0;0;0;0;0;0;0;0;0;0;0;0;0;0;0;0;0;0
24.01.2021 06:00;0;0;0;0;0;0;0;0;0;0;0;0;0;0;0;0;0;0;0;0;0;0;0;0;0;0;0;0;0;0;0;0
24.01.2021 07:00;0;0;0;0;0;0;0;0;0;0;0;0;0;0;0;0;0;0;0;0;0;0;0;0;0;0;0;0;0;0;0;0
24.01.2021 08:00;0;0;0;0;0;0;0;0;0;0;0;0;0;0;0;0;0;0;0;0;0;0;0;0;0;0;0;0;0;0;0;0
24.01.2021 09:00;0;0;0;0;0;0;0;0;0;0;0;0;0;0;0;0;0;0;0;0;0;0;0;0;0;0;0;0;0;0;0;0
24.01.2021 10:00;0;0;0;0;0;0;0;0;0;0;0;0;0;0;0;0;0;0;0;0;0;0;0;0;0;0;0;0;0;0;0;0
24.01.2021 11:00;0;0;0;0;0;0;0;0;0;0;0;0;0;0;0;0;0;0;0;0;0;0;0;0;0;0;0;0;0;0;0;0
24.01.2021 12:00;0;0;0;0;0;0;0;0;0;0;0;0;0;0;0;0;0;0;0;0;0;0;0;0;0;0;0;0;0;0;0;0
24.01.2021 13:00;0;0;0;0;0;0;0;0;0;0;0;0;0;0;0;0;0;0;0;0;0;0;0;0;0;0;0;0;0;0;0;0
24.01.2021 14:00;0;0;0;0;0;0;0;0;0;0;0;0;0;0;0;0;0;0;0;0;0;0;0;0;0;0;0;0;0;0;0;0
24.01.2021 15:00;0;0;0;0;0;0;0;0;0;0;0;0;0;0;0;0;0;0;0;0;0;0;0;0;0;0;0;0;0;0;0;0
24.01.2021 16:00;0;0;0;0;0;0;0;0;0;0;0;0;0;0;0;0;0;0;0;0;0;0;0;0;0;0;0;0;0;0;0;0
24.01.2021 17:00;0;0;0;0;0;0;0;0;0;0;0;0;0;0;0;0;0;0;0;0;0;0;0;0;0;0;0;0;0;0;0;0
24.01.2021 18:00;0;0;0;0;0;0;0;0;0;0;0;0;0;0;0;0;0;0;0;0;0;0;0;0;0;0;0;0;0;0;0;0
24.01.2021 19:00;0;0;0;0;0;0;0;0;0;0;0;0;0;0;0;0;0;0;0;0;0;0;0;0;0;0;0;0;0;0;0;0
24.01.2021 20:00;0;0;0;0;0;0;0;0;0;0;0;0;0;0;0;0;0;0;0;0;0;0;0;0;0;0;0;0;0;0;0;0
24.01.2021 21:00;0;0;0;0;0;0;0;0;0;0;0;0;0;0;0;0;0;0;0;0;0;0;0;0;0;0;0;0;0;0;0;0
24.01.2021 22:00;0;0;0;0;0;0;0;0;0;0;0;0;0;0;0;0;0;0;0;0;0;0;0;0;0;0;0;0;0;0;0;0
24.01.2021 23:00;0;0;0;0;0;0;0;0;0;0;0;0;0;0;0;0;0;0;0;0;0;0;0;0;0;0;0;0;0;0;0;0
25.01.2021 00:00;0;0;0;0;0;0;0;0;0;0;0;0;0;0;0;0;0;0;0;0;0;0;0;0;0;0;0;0;0;0;0;0
25.01.2021 01:00;0;0;0;0;0;0;0;0;0;0;0;0;0;0;0;0;0;0;0;0;0;0;0;0;0;0;0;0;0;0;0;0
25.01.2021 02:00;0;0;0;0;0;0;0;0;0;0;0;0;0;0;0;0;0;0;0;0;0;0;0;0;0;0;0;0;0;0;0;0
25.01.2021 03:00;0;0;0;0;0;0;0;0;0;0;0;0;0;0;0;0;0;0;0;0;0;0;0;0;0;0;0;0;0;0;0;0
25.01.2021 04:00;0;0;0;0;0;0;0;0;0;0;0;0;0;0;0;0;0;0;0;0;0;0;0;0;0;0;0;0;0;0;0;0
25.01.2021 05:00;0;0;0;0;0;0;0;0;0;0;0;0;0;0;0;0;0;0;0;0;0;0;0;0;0;0;0;0;0;0;0;0
25.01.2021 06:00;0;0;0;0;0;0;0;0;0;0;0;0;0;0;0;0;0;0;0;0;0;0;0;0;0;0;0;0;0;0;0;0
25.01.2021 07:00;0;0;0;0;0;0;0;0;0;0;0;0;0;0;0;0;0;0;0;0;0;0;0;0;0;0;0;0;0;0;0;0
25.01.2021 08:00;0;0;0;0;0;0;0;0;0;0;0;0;0;0;0;0;0;0;0;0;0;0;0;0;0;0;0;0;0;0;0;0
25.01.2021 09:00;0;0;0;0;0;0;0;0;0;0;0;0;0;0;0;0;0;0;0;0;0;0;0;0;0;0;0;0;0;0;0;0
25.01.2021 10:00;0;0;0;0;0;0;0;0;0;0;0;0;0;0;0;0;0;0;0;0;0;0;0;0;0;0;0;0;0;0;0;0
25.01.2021 11:00;0;0;0;0;0;0;0;0;0;0;0;0;0;0;0;0;0;0;0;0;0;0;0;0;0;0;0;0;0;0;0;0
25.01.2021 12:00;0;0;0;0;0;0;0;0;0;0;0;0;0;0;0;0;0;0;0;0;0;0;0;0;0;0;0;0;0;0;0;0
25.01.2021 13:00;0;0;0;0;0;0;0;0;0;0;0;0;0;0;0;0;0;0;0;0;0;0;0;0;0;0;0;0;0;0;0;0
25.01.2021 14:00;0;0;0;0;0;0;0;0;0;0;0;0;0;0;0;0;0;0;0;0;0;0;0;0;0;0;0;0;0;0;0;0
25.01.2021 15:00;0;0;0;0;0;0;0;0;0;0;0;0;0;0;0;0;0;0;0;0;0;0;0;0;0;0;0;0;0;0;0;0
25.01.2021 16:00;0;0;0;0;0;0;0;0;0;0;0;0;0;0;0;0;0;0;0;0;0;0;0;0;0;0;0;0;0;0;0;0
25.01.2021 17:00;0;0;0;0;0;0;0;0;0;0;0;0;0;0;0;0;0;0;0;0;0;0;0;0;0;0;0;0;0;0;0;0
25.01.2021 18:00;0;0;0;0;0;0;0;0;0;0;0;0;0;0;0;0;0;0;0;0;0;0;0;0;0;0;0;0;0;0;0;0
25.01.2021 19:00;0;0;0;0;0;0;0;0;0;0;0;0;0;0;0;0;0;0;0;0;0;0;0;0;0;0;0;0;0;0;0;0
25.01.2021 20:00;0;0;0;0;0;0;0;0;0;0;0;0;0;0;0;0;0;0;0;0;0;0;0;0;0;0;0;0;0;0;0;0
25.01.2021 21:00;0;0;0;0;0;0;0;0;0;0;0;0;0;0;0;0;0;0;0;0;0;0;0;0;0;0;0;0;0;0;0;0
25.01.2021 22:00;0;0;0;0;0;0;0;0;0;0;0;0;0;0;0;0;0;0;0;0;0;0;0;0;0;0;0;0;0;0;0;0
25.01.2021 23:00;0;0;0;0;0;0;0;0;0;0;0;0;0;0;0;0;0;0;0;0;0;0;0;0;0;0;0;0;0;0;0;0
26.01.2021 00:00;0;0;0;0;0;0;0;0;0;0;0;0;0;0;0;0;0;0;0;0;0;0;0;0;0;0;0;0;0;0;0;0
26.01.2021 01:00;0;0;0;0;0;0;0;0;0;0;0;0;0;0;0;0;0;0;0;0;0;0;0;0;0;0;0;0;0;0;0;0
26.01.2021 02:00;0;0;0;0;0;0;0;0;0;0;0;0;0;0;0;0;0;0;0;0;0;0;0;0;0;0;0;0;0;0;0;0
26.01.2021 03:00;0;0;0;0;0;0;0;0;0;0;0;0;0;0;0;0;0;0;0;0;0;0;0;0;0;0;0;0;0;0;0;0
26.01.2021 04:00;0;0;0;0;0;0;0;0;0;0;0;0;0;0;0;0;0;0;0;0;0;0;0;0;0;0;0;0;0;0;0;0
26.01.2021 05:00;0;0;0;0;0;0;0;0;0;0;0;0;0;0;0;0;0;0;0;0;0;0;0;0;0;0;0;0;0;0;0;0
26.01.2021 06:00;0;0;0;0;0;0;0;0;0;0;0;0;0;0;0;0;0;0;0;0;0;0;0;0;0;0;0;0;0;0;0;0
26.01.2021 07:00;0;0;0;0;0;0;0;0;0;0;0;0;0;0;0;0;0;0;0;0;0;0;0;0;0;0;0;0;0;0;0;0
26.01.2021 08:00;0;0;0;0;0;0;0;0;0;0;0;0;0;0;0;0;0;0;0;0;0;0;0;0;0;0;0;0;0;0;0;0
26.01.2021 09:00;0;0;0;0;0;0;0;0;0;0;0;0;0;0;0;0;0;0;0;0;0;0;0;0;0;0;0;0;0;0;0;0
26.01.2021 10:00;0;0;0;0;0;0;0;0;0;0;0;0;0;0;0;0;0;0;0;0;0;0;0;0;0;0;0;0;0;0;0;0
26.01.2021 11:00;0;0;0;0;0;0;0;0;0;0;0;0;0;0;0;0;0;0;0;0;0;0;0;0;0;0;0;0;0;0;0;0
26.01.2021 12:00;0;0;0;0;0;0;0;0;0;0;0;0;0;0;0;0;0;0;0;0;0;0;0;0;0;0;0;0;0;0;0;0
26.01.2021 13:00;0;0;0;0;0;0;0;0;0;0;0;0;0;0;0;0;0;0;0;0;0;0;0;0;0;0;0;0;0;0;0;0
26.01.2021 14:00;0;0;0;0;0;0;0;0;0;0;0;0;0;0;0;0;0;0;0;0;0;0;0;0;0;0;0;0;0;0;0;0
26.01.2021 15:00;0;0;0;0;0;0;0;0;0;0;0;0;0;0;0;0;0;0;0;0;0;0;0;0;0;0;0;0;0;0;0;0
26.01.2021 16:00;0;0;0;0;0;0;0;0;0;0;0;0;0;0;0;0;0;0;0;0;0;0;0;0;0;0;0;0;0;0;0;0
26.01.2021 17:00;0;0;0;0;0;0;0;0;0;0;0;0;0;0;0;0;0;0;0;0;0;0;0;0;0;0;0;0;0;0;0;0
26.01.2021 18:00;0;0;0;0;0;0;0;0;0;0;0;0;0;0;0;0;0;0;0;0;0;0;0;0;0;0;0;0;0;0;0;0
26.01.2021 19:00;0;0;0;0;0;0;0;0;0;0;0;0;0;0;0;0;0;0;0;0;0;0;0;0;0;0;0;0;0;0;0;0
26.01.2021 20:00;0;0;0;0;0;0;0;0;0;0;0;0;0;0;0;0;0;0;0;0;0;0;0;0;0;0;0;0;0;0;0;0
26.01.2021 21:00;0;0;0;0;0;0;0;0;0;0;0;0;0;0;0;0;0;0;0;0;0;0;0;0;0;0;0;0;0;0;0;0
26.01.2021 22:00;0;0;0;0;0;0;0;0;0;0;0;0;0;0;0;0;0;0;0;0;0;0;0;0;0;0;0;0;0;0;0;0
26.01.2021 23:00;0;0;0;0;0;0;0;0;0;0;0;0;0;0;0;0;0;0;0;0;0;0;0;0;0;0;0;0;0;0;0;0
27.01.2021 00:00;0;0;0;0;0;0;0;0;0;0;0;0;0;0;0;0;0;0;0;0;0;0;0;0;0;0;0;0;0;0;0;0
27.01.2021 01:00;0;0;0;0;0;0;0;0;0;0;0;0;0;0;0;0;0;0;0;0;0;0;0;0;0;0;0;0;0;0;0;0
27.01.2021 02:00;0;0;0;0;0;0;0;0;0;0;0;0;0;0;0;0;0;0;0;0;0;0;0;0;0;0;0;0;0;0;0;0
27.01.2021 03:00;0;0;0;0;0;0;0;0;0;0;0;0;0;0;0;0;0;0;0;0;0;0;0;0;0;0;0;0;0;0;0;0
27.01.2021 04:00;0;0;0;0;0;0;0;0;0;0;0;0;0;0;0;0;0;0;0;0;0;0;0;0;0;0;0;0;0;0;0;0
27.01.2021 05:00;0;0;0;0;0;0;0;0;0;0;0;0;0;0;0;0;0;0;0;0;0;0;0;0;0;0;0;0;0;0;0;0
27.01.2021 06:00;0;0;0;0;0;0;0;0;0;0;0;0;0;0;0;0;0;0;0;0;0;0;0;0;0;0;0;0;0;0;0;0
27.01.2021 07:00;0;0;0;0;0;0;0;0;0;0;0;0;0;0;0;0;0;0;0;0;0;0;0;0;0;0;0;0;0;0;0;0
27.01.2021 08:00;0;0;0;0;0;0;0;0;0;0;0;0;0;0;0;0;0;0;0;0;0;0;0;0;0;0;0;0;0;0;0;0
27.01.2021 09:00;0;0;0;0;0;0;0;0;0;0;0;0;0;0;0;0;0;0;0;0;0;0;0;0;0;0;0;0;0;0;0;0
27.01.2021 10:00;0;0;0;0;0;0;0;0;0;0;0;0;0;0;0;0;0;0;0;0;0;0;0;0;0;0;0;0;0;0;0;0
27.01.2021 11:00;0;0;0;0;0;0;0;0;0;0;0;0;0;0;0;0;0;0;0;0;0;0;0;0;0;0;0;0;0;0;0;0
27.01.2021 12:00;0;0;0;0;0;0;0;0;0;0;0;0;0;0;0;0;0;0;0;0;0;0;0;0;0;0;0;0;0;0;0;0
27.01.2021 13:00;0;0;0;0;0;0;0;0;0;0;0;0;0;0;0;0;0;0;0;0;0;0;0;0;0;0;0;0;0;0;0;0
27.01.2021 14:00;0;0;0;0;0;0;0;0;0;0;0;0;0;0;0;0;0;0;0;0;0;0;0;0;0;0;0;0;0;0;0;0
27.01.2021 15:00;0;0;0;0;0;0;0;0;0;0;0;0;0;0;0;0;0;0;0;0;0;0;0;0;0;0;0;0;0;0;0;0
27.01.2021 16:00;0;0;0;0;0;0;0;0;0;0;0;0;0;0;0;0;0;0;0;0;0;0;0;0;0;0;0;0;0;0;0;0
27.01.2021 17:00;0;0;0;0;0;0;0;0;0;0;0;0;0;0;0;0;0;0;0;0;0;0;0;0;0;0;0;0;0;0;0;0
27.01.2021 18:00;0;0;0;0;0;0;0;0;0;0;0;0;0;0;0;0;0;0;0;0;0;0;0;0;0;0;0;0;0;0;0;0
27.01.2021 19:00;0;0;0;0;0;0;0;0;0;0;0;0;0;0;0;0;0;0;0;0;0;0;0;0;0;0;0;0;0;0;0;0
27.01.2021 20:00;0;0;0;0;0;0;0;0;0;0;0;0;0;0;0;0;0;0;0;0;0;0;0;0;0;0;0;0;0;0;0;0
27.01.2021 21:00;0;0;0;0;0;0;0;0;0;0;0;0;0;0;0;0;0;0;0;0;0;0;0;0;0;0;0;0;0;0;0;0
27.01.2021 22:00;0;0;0;0;0;0;0;0;0;0;0;0;0;0;0;0;0;0;0;0;0;0;0;0;0;0;0;0;0;0;0;0
27.01.2021 23:00;0;0;0;0;0;0;0;0;0;0;0;0;0;0;0;0;0;0;0;0;0;0;0;0;0;0;0;0;0;0;0;0
28.01.2021 00:00;0;0;0;0;0;0;0;0;0;0;0;0;0;0;0;0;0;0;0;0;0;0;0;0;0;0;0;0;0;0;0;0
28.01.2021 01:00;0;0;0;0;0;0;0;0;0;0;0;0;0;0;0;0;0;0;0;0;0;0;0;0;0;0;0;0;0;0;0;0
28.01.2021 02:00;0;0;0;0;0;0;0;0;0;0;0;0;0;0;0;0;0;0;0;0;0;0;0;0;0;0;0;0;0;0;0;0
28.01.2021 03:00;0;0;0;0;0;0;0;0;0;0;0;0;0;0;0;0;0;0;0;0;0;0;0;0;0;0;0;0;0;0;0;0
28.01.2021 04:00;0;0;0;0;0;0;0;0;0;0;0;0;0;0;0;0;0;0;0;0;0;0;0;0;0;0;0;0;0;0;0;0
28.01.2021 05:00;0;0;0;0;0;0;0;0;0;0;0;0;0;0;0;0;0;0;0;0;0;0;0;0;0;0;0;0;0;0;0;0
28.01.2021 06:00;0;0;0;0;0;0;0;0;0;0;0;0;0;0;0;0;0;0;0;0;0;0;0;0;0;0;0;0;0;0;0;0
28.01.2021 07:00;0;0;0;0;0;0;0;0;0;0;0;0;0;0;0;0;0;0;0;0;0;0;0;0;0;0;0;0;0;0;0;0
28.01.2021 08:00;0;0;0;0;0;0;0;0;0;0;0;0;0;0;0;0;0;0;0;0;0;0;0;0;0;0;0;0;0;0;0;0
28.01.2021 09:00;0;0;0;0;0;0;0;0;0;0;0;0;0;0;0;0;0;0;0;0;0;0;0;0;0;0;0;0;0;0;0;0
28.01.2021 10:00;0;0;0;0;0;0;0;0;0;0;0;0;0;0;0;0;0;0;0;0;0;0;0;0;0;0;0;0;0;0;0;0
28.01.2021 11:00;0;0;0;0;0;0;0;0;0;0;0;0;0;0;0;0;0;0;0;0;0;0;0;0;0;0;0;0;0;0;0;0
28.01.2021 12:00;0;0;0;0;0;0;0;0;0;0;0;0;0;0;0;0;0;0;0;0;0;0;0;0;0;0;0;0;0;0;0;0
28.01.2021 13:00;0;0;0;0;0;0;0;0;0;0;0;0;0;0;0;0;0;0;0;0;0;0;0;0;0;0;0;0;0;0;0;0
28.01.2021 14:00;0;0;0;0;0;0;0;0;0;0;0;0;0;0;0;0;0;0;0;0;0;0;0;0;0;0;0;0;0;0;0;0
28.01.2021 15:00;0;0;0;0;0;0;0;0;0;0;0;0;0;0;0;0;0;0;0;0;0;0;0;0;0;0;0;0;0;0;0;0
28.01.2021 16:00;0;0;0;0;0;0;0;0;0;0;0;0;0;0;0;0;0;0;0;0;0;0;0;0;0;0;0;0;0;0;0;0
28.01.2021 17:00;0;0;0;0;0;0;0;0;0;0;0;0;0;0;0;0;0;0;0;0;0;0;0;0;0;0;0;0;0;0;0;0
28.01.2021 18:00;0;0;0;0;0;0;0;0;0;0;0;0;0;0;0;0;0;0;0;0;0;0;0;0;0;0;0;0;0;0;0;0
28.01.2021 19:00;0;0;0;0;0;0;0;0;0;0;0;0;0;0;0;0;0;0;0;0;0;0;0;0;0;0;0;0;0;0;0;0
28.01.2021 20:00;0;0;0;0;0;0;0;0;0;0;0;0;0;0;0;0;0;0;0;0;0;0;0;0;0;0;0;0;0;0;0;0
28.01.2021 21:00;0;0;0;0;0;0;0;0;0;0;0;0;0;0;0;0;0;0;0;0;0;0;0;0;0;0;0;0;0;0;0;0
28.01.2021 22:00;0;0;0;0;0;0;0;0;0;0;0;0;0;0;0;0;0;0;0;0;0;0;0;0;0;0;0;0;0;0;0;0
28.01.2021 23:00;0;0;0;0;0;0;0;0;0;0;0;0;0;0;0;0;0;0;0;0;0;0;0;0;0;0;0;0;0;0;0;0
29.01.2021 00:00;0;0;0;0;0;0;0;0;0;0;0;0;0;0;0;0;0;0;0;0;0;0;0;0;0;0;0;0;0;0;0;0
29.01.2021 01:00;0;0;0;0;0;0;0;0;0;0;0;0;0;0;0;0;0;0;0;0;0;0;0;0;0;0;0;0;0;0;0;0
29.01.2021 02:00;0;0;0;0;0;0;0;0;0;0;0;0;0;0;0;0;0;0;0;0;0;0;0;0;0;0;0;0;0;0;0;0
29.01.2021 03:00;0;0;0;0;0;0;0;0;0;0;0;0;0;0;0;0;0;0;0;0;0;0;0;0;0;0;0;0;0;0;0;0
29.01.2021 04:00;0;0;0;0;0;0;0;0;0;0;0;0;0;0;0;0;0;0;0;0;0;0;0;0;0;0;0;0;0;0;0;0
29.01.2021 05:00;0;0;0;0;0;0;0;0;0;0;0;0;0;0;0;0;0;0;0;0;0;0;0;0;0;0;0;0;0;0;0;0
29.01.2021 06:00;0;0;0;0;0;0;0;0;0;0;0;0;0;0;0;0;0;0;0;0;0;0;0;0;0;0;0;0;0;0;0;0
29.01.2021 07:00;0;0;0;0;0;0;0;0;0;0;0;0;0;0;0;0;0;0;0;0;0;0;0;0;0;0;0;0;0;0;0;0
29.01.2021 08:00;0;0;0;0;0;0;0;0;0;0;0;0;0;0;0;0;0;0;0;0;0;0;0;0;0;0;0;0;0;0;0;0
29.01.2021 09:00;0;0;0;0;0;0;0;0;0;0;0;0;0;0;0;0;0;0;0;0;0;0;0;0;0;0;0;0;0;0;0;0
29.01.2021 10:00;0;0;0;0;0;0;0;0;0;0;0;0;0;0;0;0;0;0;0;0;0;0;0;0;0;0;0;0;0;0;0;0
29.01.2021 11:00;0;0;0;0;0;0;0;0;0;0;0;0;0;0;0;0;0;0;0;0;0;0;0;0;0;0;0;0;0;0;0;0
29.01.2021 12:00;0;0;0;0;0;0;0;0;0;0;0;0;0;0;0;0;0;0;0;0;0;0;0;0;0;0;0;0;0;0;0;0
29.01.2021 13:00;0;0;0;0;0;0;0;0;0;0;0;0;0;0;0;0;0;0;0;0;0;0;0;0;0;0;0;0;0;0;0;0
29.01.2021 14:00;0;0;0;0;0;0;0;0;0;0;0;0;0;0;0;0;0;0;0;0;0;0;0;0;0;0;0;0;0;0;0;0
29.01.2021 15:00;0;0;0;0;0;0;0;0;0;0;0;0;0;0;0;0;0;0;0;0;0;0;0;0;0;0;0;0;0;0;0;0
29.01.2021 16:00;0;0;0;0;0;0;0;0;0;0;0;0;0;0;0;0;0;0;0;0;0;0;0;0;0;0;0;0;0;0;0;0
29.01.2021 17:00;0;0;0;0;0;0;0;0;0;0;0;0;0;0;0;0;0;0;0;0;0;0;0;0;0;0;0;0;0;0;0;0
29.01.2021 18:00;0;0;0;0;0;0;0;0;0;0;0;0;0;0;0;0;0;0;0;0;0;0;0;0;0;0;0;0;0;0;0;0
29.01.2021 19:00;0;0;0;0;0;0;0;0;0;0;0;0;0;0;0;0;0;0;0;0;0;0;0;0;0;0;0;0;0;0;0;0
29.01.2021 20:00;0;0;0;0;0;0;0;0;0;0;0;0;0;0;0;0;0;0;0;0;0;0;0;0;0;0;0;0;0;0;0;0
29.01.2021 21:00;0;0;0;0;0;0;0;0;0;0;0;0;0;0;0;0;0;0;0;0;0;0;0;0;0;0;0;0;0;0;0;0
29.01.2021 22:00;0;0;0;0;0;0;0;0;0;0;0;0;0;0;0;0;0;0;0;0;0;0;0;0;0;0;0;0;0;0;0;0
29.01.2021 23:00;0;0;0;0;0;0;0;0;0;0;0;0;0;0;0;0;0;0;0;0;0;0;0;0;0;0;0;0;0;0;0;0
30.01.2021 00:00;0;0;0;0;0;0;0;0;0;0;0;0;0;0;0;0;0;0;0;0;0;0;0;0;0;0;0;0;0;0;0;0
30.01.2021 01:00;0;0;0;0;0;0;0;0;0;0;0;0;0;0;0;0;0;0;0;0;0;0;0;0;0;0;0;0;0;0;0;0
30.01.2021 02:00;0;0;0;0;0;0;0;0;0;0;0;0;0;0;0;0;0;0;0;0;0;0;0;0;0;0;0;0;0;0;0;0
30.01.2021 03:00;0;0;0;0;0;0;0;0;0;0;0;0;0;0;0;0;0;0;0;0;0;0;0;0;0;0;0;0;0;0;0;0
30.01.2021 04:00;0;0;0;0;0;0;0;0;0;0;0;0;0;0;0;0;0;0;0;0;0;0;0;0;0;0;0;0;0;0;0;0
30.01.2021 05:00;0;0;0;0;0;0;0;0;0;0;0;0;0;0;0;0;0;0;0;0;0;0;0;0;0;0;0;0;0;0;0;0
30.01.2021 06:00;0;0;0;0;0;0;0;0;0;0;0;0;0;0;0;0;0;0;0;0;0;0;0;0;0;0;0;0;0;0;0;0
30.01.2021 07:00;0;0;0;0;0;0;0;0;0;0;0;0;0;0;0;0;0;0;0;0;0;0;0;0;0;0;0;0;0;0;0;0
30.01.2021 08:00;0;0;0;0;0;0;0;0;0;0;0;0;0;0;0;0;0;0;0;0;0;0;0;0;0;0;0;0;0;0;0;0
30.01.2021 09:00;0;0;0;0;0;0;0;0;0;0;0;0;0;0;0;0;0;0;0;0;0;0;0;0;0;0;0;0;0;0;0;0
30.01.2021 10:00;0;0;0;0;0;0;0;0;0;0;0;0;0;0;0;0;0;0;0;0;0;0;0;0;0;0;0;0;0;0;0;0
30.01.2021 11:00;0;0;0;0;0;0;0;0;0;0;0;0;0;0;0;0;0;0;0;0;0;0;0;0;0;0;0;0;0;0;0;0
30.01.2021 12:00;0;0;0;0;0;0;0;0;0;0;0;0;0;0;0;0;0;0;0;0;0;0;0;0;0;0;0;0;0;0;0;0
30.01.2021 13:00;0;0;0;0;0;0;0;0;0;0;0;0;0;0;0;0;0;0;0;0;0;0;0;0;0;0;0;0;0;0;0;0
30.01.2021 14:00;0;0;0;0;0;0;0;0;0;0;0;0;0;0;0;0;0;0;0;0;0;0;0;0;0;0;0;0;0;0;0;0
30.01.2021 15:00;0;0;0;0;0;0;0;0;0;0;0;0;0;0;0;0;0;0;0;0;0;0;0;0;0;0;0;0;0;0;0;0
30.01.2021 16:00;0;0;0;0;0;0;0;0;0;0;0;0;0;0;0;0;0;0;0;0;0;0;0;0;0;0;0;0;0;0;0;0
30.01.2021 17:00;0;0;0;0;0;0;0;0;0;0;0;0;0;0;0;0;0;0;0;0;0;0;0;0;0;0;0;0;0;0;0;0
30.01.2021 18:00;0;0;0;0;0;0;0;0;0;0;0;0;0;0;0;0;0;0;0;0;0;0;0;0;0;0;0;0;0;0;0;0
30.01.2021 19:00;0;0;0;0;0;0;0;0;0;0;0;0;0;0;0;0;0;0;0;0;0;0;0;0;0;0;0;0;0;0;0;0
30.01.2021 20:00;0;0;0;0;0;0;0;0;0;0;0;0;0;0;0;0;0;0;0;0;0;0;0;0;0;0;0;0;0;0;0;0
30.01.2021 21:00;0;0;0;0;0;0;0;0;0;0;0;0;0;0;0;0;0;0;0;0;0;0;0;0;0;0;0;0;0;0;0;0
30.01.2021 22:00;0;0;0;0;0;0;0;0;0;0;0;0;0;0;0;0;0;0;0;0;0;0;0;0;0;0;0;0;0;0;0;0
30.01.2021 23:00;0;0;0;0;0;0;0;0;0;0;0;0;0;0;0;0;0;0;0;0;0;0;0;0;0;0;0;0;0;0;0;0
31.01.2021 00:00;0;0;0;0;0;0;0;0;0;0;0;0;0;0;0;0;0;0;0;0;0;0;0;0;0;0;0;0;0;0;0;0
31.01.2021 01:00;0;0;0;0;0;0;0;0;0;0;0;0;0;0;0;0;0;0;0;0;0;0;0;0;0;0;0;0;0;0;0;0
31.01.2021 02:00;0;0;0;0;0;0;0;0;0;0;0;0;0;0;0;0;0;0;0;0;0;0;0;0;0;0;0;0;0;0;0;0
31.01.2021 03:00;0;0;0;0;0;0;0;0;0;0;0;0;0;0;0;0;0;0;0;0;0;0;0;0;0;0;0;0;0;0;0;0
31.01.2021 04:00;0;0;0;0;0;0;0;0;0;0;0;0;0;0;0;0;0;0;0;0;0;0;0;0;0;0;0;0;0;0;0;0
31.01.2021 05:00;0;0;0;0;0;0;0;0;0;0;0;0;0;0;0;0;0;0;0;0;0;0;0;0;0;0;0;0;0;0;0;0
31.01.2021 06:00;0;0;0;0;0;0;0;0;0;0;0;0;0;0;0;0;0;0;0;0;0;0;0;0;0;0;0;0;0;0;0;0
31.01.2021 07:00;0;0;0;0;0;0;0;0;0;0;0;0;0;0;0;0;0;0;0;0;0;0;0;0;0;0;0;0;0;0;0;0
31.01.2021 08:00;0;0;0;0;0;0;0;0;0;0;0;0;0;0;0;0;0;0;0;0;0;0;0;0;0;0;0;0;0;0;0;0
31.01.2021 09:00;0;0;0;0;0;0;0;0;0;0;0;0;0;0;0;0;0;0;0;0;0;0;0;0;0;0;0;0;0;0;0;0
31.01.2021 10:00;0;0;0;0;0;0;0;0;0;0;0;0;0;0;0;0;0;0;0;0;0;0;0;0;0;0;0;0;0;0;0;0
31.01.2021 11:00;0;0;0;0;0;0;0;0;0;0;0;0;0;0;0;0;0;0;0;0;0;0;0;0;0;0;0;0;0;0;0;0
31.01.2021 12:00;0;0;0;0;0;0;0;0;0;0;0;0;0;0;0;0;0;0;0;0;0;0;0;0;0;0;0;0;0;0;0;0
31.01.2021 13:00;0;0;0;0;0;0;0;0;0;0;0;0;0;0;0;0;0;0;0;0;0;0;0;0;0;0;0;0;0;0;0;0
31.01.2021 14:00;0;0;0;0;0;0;0;0;0;0;0;0;0;0;0;0;0;0;0;0;0;0;0;0;0;0;0;0;0;0;0;0
31.01.2021 15:00;0;0;0;0;0;0;0;0;0;0;0;0;0;0;0;0;0;0;0;0;0;0;0;0;0;0;0;0;0;0;0;0
31.01.2021 16:00;0;0;0;0;0;0;0;0;0;0;0;0;0;0;0;0;0;0;0;0;0;0;0;0;0;0;0;0;0;0;0;0
31.01.2021 17:00;0;0;0;0;0;0;0;0;0;0;0;0;0;0;0;0;0;0;0;0;0;0;0;0;0;0;0;0;0;0;0;0
31.01.2021 18:00;0;0;0;0;0;0;0;0;0;0;0;0;0;0;0;0;0;0;0;0;0;0;0;0;0;0;0;0;0;0;0;0
31.01.2021 19:00;0;0;0;0;0;0;0;0;0;0;0;0;0;0;0;0;0;0;0;0;0;0;0;0;0;0;0;0;0;0;0;0
31.01.2021 20:00;0;0;0;0;0;0;0;0;0;0;0;0;0;0;0;0;0;0;0;0;0;0;0;0;0;0;0;0;0;0;0;0
31.01.2021 21:00;0;0;0;0;0;0;0;0;0;0;0;0;0;0;0;0;0;0;0;0;0;0;0;0;0;0;0;0;0;0;0;0
31.01.2021 22:00;0;0;0;0;0;0;0;0;0;0;0;0;0;0;0;0;0;0;0;0;0;0;0;0;0;0;0;0;0;0;0;0
31.01.2021 23:00;0;0;0;0;0;0;0;0;0;0;0;0;0;0;0;0;0;0;0;0;0;0;0;0;0;0;0;0;0;0;0;0
01.02.2021 00:00;0;0;0;0;0;0;0;0;0;0;0;0;0;0;0;0;0;0;0;0;0;0;0;0;0;0;0;0;0;0;0;0
01.02.2021 01:00;0;0;0;0;0;0;0;0;0;0;0;0;0;0;0;0;0;0;0;0;0;0;0;0;0;0;0;0;0;0;0;0
01.02.2021 02:00;0;0;0;0;0;0;0;0;0;0;0;0;0;0;0;0;0;0;0;0;0;0;0;0;0;0;0;0;0;0;0;0
01.02.2021 03:00;0;0;0;0;0;0;0;0;0;0;0;0;0;0;0;0;0;0;0;0;0;0;0;0;0;0;0;0;0;0;0;0
01.02.2021 04:00;0;0;0;0;0;0;0;0;0;0;0;0;0;0;0;0;0;0;0;0;0;0;0;0;0;0;0;0;0;0;0;0
01.02.2021 05:00;0;0;0;0;0;0;0;0;0;0;0;0;0;0;0;0;0;0;0;0;0;0;0;0;0;0;0;0;0;0;0;0
01.02.2021 06:00;0;0;0;0;0;0;0;0;0;0;0;0;0;0;0;0;0;0;0;0;0;0;0;0;0;0;0;0;0;0;0;0
01.02.2021 07:00;0;0;0;0;0;0;0;0;0;0;0;0;0;0;0;0;0;0;0;0;0;0;0;0;0;0;0;0;0;0;0;0
01.02.2021 08:00;0;0;0;0;0;0;0;0;0;0;0;0;0;0;0;0;0;0;0;0;0;0;0;0;0;0;0;0;0;0;0;0
01.02.2021 09:00;0;0;0;0;0;0;0;0;0;0;0;0;0;0;0;0;0;0;0;0;0;0;0;0;0;0;0;0;0;0;0;0
01.02.2021 10:00;0;0;0;0;0;0;0;0;0;0;0;0;0;0;0;0;0;0;0;0;0;0;0;0;0;0;0;0;0;0;0;0
01.02.2021 11:00;0;0;0;0;0;0;0;0;0;0;0;0;0;0;0;0;0;0;0;0;0;0;0;0;0;0;0;0;0;0;0;0
01.02.2021 12:00;0;0;0;0;0;0;0;0;0;0;0;0;0;0;0;0;0;0;0;0;0;0;0;0;0;0;0;0;0;0;0;0
01.02.2021 13:00;0;0;0;0;0;0;0;0;0;0;0;0;0;0;0;0;0;0;0;0;0;0;0;0;0;0;0;0;0;0;0;0
01.02.2021 14:00;0;0;0;0;0;0;0;0;0;0;0;0;0;0;0;0;0;0;0;0;0;0;0;0;0;0;0;0;0;0;0;0
01.02.2021 15:00;0;0;0;0;0;0;0;0;0;0;0;0;0;0;0;0;0;0;0;0;0;0;0;0;0;0;0;0;0;0;0;0
01.02.2021 16:00;0;0;0;0;0;0;0;0;0;0;0;0;0;0;0;0;0;0;0;0;0;0;0;0;0;0;0;0;0;0;0;0
01.02.2021 17:00;0;0;0;0;0;0;0;0;0;0;0;0;0;0;0;0;0;0;0;0;0;0;0;0;0;0;0;0;0;0;0;0
01.02.2021 18:00;0;0;0;0;0;0;0;0;0;0;0;0;0;0;0;0;0;0;0;0;0;0;0;0;0;0;0;0;0;0;0;0
01.02.2021 19:00;0;0;0;0;0;0;0;0;0;0;0;0;0;0;0;0;0;0;0;0;0;0;0;0;0;0;0;0;0;0;0;0
01.02.2021 20:00;0;0;0;0;0;0;0;0;0;0;0;0;0;0;0;0;0;0;0;0;0;0;0;0;0;0;0;0;0;0;0;0
01.02.2021 21:00;0;0;0;0;0;0;0;0;0;0;0;0;0;0;0;0;0;0;0;0;0;0;0;0;0;0;0;0;0;0;0;0
01.02.2021 22:00;0;0;0;0;0;0;0;0;0;0;0;0;0;0;0;0;0;0;0;0;0;0;0;0;0;0;0;0;0;0;0;0
01.02.2021 23:00;0;0;0;0;0;0;0;0;0;0;0;0;0;0;0;0;0;0;0;0;0;0;0;0;0;0;0;0;0;0;0;0
02.02.2021 00:00;0;0;0;0;0;0;0;0;0;0;0;0;0;0;0;0;0;0;0;0;0;0;0;0;0;0;0;0;0;0;0;0
02.02.2021 01:00;0;0;0;0;0;0;0;0;0;0;0;0;0;0;0;0;0;0;0;0;0;0;0;0;0;0;0;0;0;0;0;0
02.02.2021 02:00;0;0;0;0;0;0;0;0;0;0;0;0;0;0;0;0;0;0;0;0;0;0;0;0;0;0;0;0;0;0;0;0
02.02.2021 03:00;0;0;0;0;0;0;0;0;0;0;0;0;0;0;0;0;0;0;0;0;0;0;0;0;0;0;0;0;0;0;0;0
02.02.2021 04:00;0;0;0;0;0;0;0;0;0;0;0;0;0;0;0;0;0;0;0;0;0;0;0;0;0;0;0;0;0;0;0;0
02.02.2021 05:00;0;0;0;0;0;0;0;0;0;0;0;0;0;0;0;0;0;0;0;0;0;0;0;0;0;0;0;0;0;0;0;0
02.02.2021 06:00;0;0;0;0;0;0;0;0;0;0;0;0;0;0;0;0;0;0;0;0;0;0;0;0;0;0;0;0;0;0;0;0
02.02.2021 07:00;0;0;0;0;0;0;0;0;0;0;0;0;0;0;0;0;0;0;0;0;0;0;0;0;0;0;0;0;0;0;0;0
02.02.2021 08:00;0;0;0;0;0;0;0;0;0;0;0;0;0;0;0;0;0;0;0;0;0;0;0;0;0;0;0;0;0;0;0;0
02.02.2021 09:00;0;0;0;0;0;0;0;0;0;0;0;0;0;0;0;0;0;0;0;0;0;0;0;0;0;0;0;0;0;0;0;0
02.02.2021 10:00;0;0;0;0;0;0;0;0;0;0;0;0;0;0;0;0;0;0;0;0;0;0;0;0;0;0;0;0;0;0;0;0
02.02.2021 11:00;0;0;0;0;0;0;0;0;0;0;0;0;0;0;0;0;0;0;0;0;0;0;0;0;0;0;0;0;0;0;0;0
02.02.2021 12:00;0;0;0;0;0;0;0;0;0;0;0;0;0;0;0;0;0;0;0;0;0;0;0;0;0;0;0;0;0;0;0;0
02.02.2021 13:00;0;0;0;0;0;0;0;0;0;0;0;0;0;0;0;0;0;0;0;0;0;0;0;0;0;0;0;0;0;0;0;0
02.02.2021 14:00;0;0;0;0;0;0;0;0;0;0;0;0;0;0;0;0;0;0;0;0;0;0;0;0;0;0;0;0;0;0;0;0
02.02.2021 15:00;0;0;0;0;0;0;0;0;0;0;0;0;0;0;0;0;0;0;0;0;0;0;0;0;0;0;0;0;0;0;0;0
02.02.2021 16:00;0;0;0;0;0;0;0;0;0;0;0;0;0;0;0;0;0;0;0;0;0;0;0;0;0;0;0;0;0;0;0;0
02.02.2021 17:00;0;0;0;0;0;0;0;0;0;0;0;0;0;0;0;0;0;0;0;0;0;0;0;0;0;0;0;0;0;0;0;0
02.02.2021 18:00;0;0;0;0;0;0;0;0;0;0;0;0;0;0;0;0;0;0;0;0;0;0;0;0;0;0;0;0;0;0;0;0
02.02.2021 19:00;0;0;0;0;0;0;0;0;0;0;0;0;0;0;0;0;0;0;0;0;0;0;0;0;0;0;0;0;0;0;0;0
02.02.2021 20:00;0;0;0;0;0;0;0;0;0;0;0;0;0;0;0;0;0;0;0;0;0;0;0;0;0;0;0;0;0;0;0;0
02.02.2021 21:00;0;0;0;0;0;0;0;0;0;0;0;0;0;0;0;0;0;0;0;0;0;0;0;0;0;0;0;0;0;0;0;0
02.02.2021 22:00;0;0;0;0;0;0;0;0;0;0;0;0;0;0;0;0;0;0;0;0;0;0;0;0;0;0;0;0;0;0;0;0
02.02.2021 23:00;0;0;0;0;0;0;0;0;0;0;0;0;0;0;0;0;0;0;0;0;0;0;0;0;0;0;0;0;0;0;0;0
03.02.2021 00:00;0;0;0;0;0;0;0;0;0;0;0;0;0;0;0;0;0;0;0;0;0;0;0;0;0;0;0;0;0;0;0;0
03.02.2021 01:00;0;0;0;0;0;0;0;0;0;0;0;0;0;0;0;0;0;0;0;0;0;0;0;0;0;0;0;0;0;0;0;0
03.02.2021 02:00;0;0;0;0;0;0;0;0;0;0;0;0;0;0;0;0;0;0;0;0;0;0;0;0;0;0;0;0;0;0;0;0
03.02.2021 03:00;0;0;0;0;0;0;0;0;0;0;0;0;0;0;0;0;0;0;0;0;0;0;0;0;0;0;0;0;0;0;0;0
03.02.2021 04:00;0;0;0;0;0;0;0;0;0;0;0;0;0;0;0;0;0;0;0;0;0;0;0;0;0;0;0;0;0;0;0;0
03.02.2021 05:00;0;0;0;0;0;0;0;0;0;0;0;0;0;0;0;0;0;0;0;0;0;0;0;0;0;0;0;0;0;0;0;0
03.02.2021 06:00;0;0;0;0;0;0;0;0;0;0;0;0;0;0;0;0;0;0;0;0;0;0;0;0;0;0;0;0;0;0;0;0
03.02.2021 07:00;0;0;0;0;0;0;0;0;0;0;0;0;0;0;0;0;0;0;0;0;0;0;0;0;0;0;0;0;0;0;0;0
03.02.2021 08:00;0;0;0;0;0;0;0;0;0;0;0;0;0;0;0;0;0;0;0;0;0;0;0;0;0;0;0;0;0;0;0;0
03.02.2021 09:00;0;0;0;0;0;0;0;0;0;0;0;0;0;0;0;0;0;0;0;0;0;0;0;0;0;0;0;0;0;0;0;0
03.02.2021 10:00;0;0;0;0;0;0;0;0;0;0;0;0;0;0;0;0;0;0;0;0;0;0;0;0;0;0;0;0;0;0;0;0
03.02.2021 11:00;0;0;0;0;0;0;0;0;0;0;0;0;0;0;0;0;0;0;0;0;0;0;0;0;0;0;0;0;0;0;0;0
03.02.2021 12:00;0;0;0;0;0;0;0;0;0;0;0;0;0;0;0;0;0;0;0;0;0;0;0;0;0;0;0;0;0;0;0;0
03.02.2021 13:00;0;0;0;0;0;0;0;0;0;0;0;0;0;0;0;0;0;0;0;0;0;0;0;0;0;0;0;0;0;0;0;0
03.02.2021 14:00;0;0;0;0;0;0;0;0;0;0;0;0;0;0;0;0;0;0;0;0;0;0;0;0;0;0;0;0;0;0;0;0
03.02.2021 15:00;0;0;0;0;0;0;0;0;0;0;0;0;0;0;0;0;0;0;0;0;0;0;0;0;0;0;0;0;0;0;0;0
03.02.2021 16:00;0;0;0;0;0;0;0;0;0;0;0;0;0;0;0;0;0;0;0;0;0;0;0;0;0;0;0;0;0;0;0;0
03.02.2021 17:00;0;0;0;0;0;0;0;0;0;0;0;0;0;0;0;0;0;0;0;0;0;0;0;0;0;0;0;0;0;0;0;0
03.02.2021 18:00;0;0;0;0;0;0;0;0;0;0;0;0;0;0;0;0;0;0;0;0;0;0;0;0;0;0;0;0;0;0;0;0
03.02.2021 19:00;0;0;0;0;0;0;0;0;0;0;0;0;0;0;0;0;0;0;0;0;0;0;0;0;0;0;0;0;0;0;0;0
03.02.2021 20:00;0;0;0;0;0;0;0;0;0;0;0;0;0;0;0;0;0;0;0;0;0;0;0;0;0;0;0;0;0;0;0;0
03.02.2021 21:00;0;0;0;0;0;0;0;0;0;0;0;0;0;0;0;0;0;0;0;0;0;0;0;0;0;0;0;0;0;0;0;0
03.02.2021 22:00;0;0;0;0;0;0;0;0;0;0;0;0;0;0;0;0;0;0;0;0;0;0;0;0;0;0;0;0;0;0;0;0
03.02.2021 23:00;0;0;0;0;0;0;0;0;0;0;0;0;0;0;0;0;0;0;0;0;0;0;0;0;0;0;0;0;0;0;0;0
04.02.2021 00:00;0;0;0;0;0;0;0;0;0;0;0;0;0;0;0;0;0;0;0;0;0;0;0;0;0;0;0;0;0;0;0;0
04.02.2021 01:00;0;0;0;0;0;0;0;0;0;0;0;0;0;0;0;0;0;0;0;0;0;0;0;0;0;0;0;0;0;0;0;0
04.02.2021 02:00;0;0;0;0;0;0;0;0;0;0;0;0;0;0;0;0;0;0;0;0;0;0;0;0;0;0;0;0;0;0;0;0
04.02.2021 03:00;0;0;0;0;0;0;0;0;0;0;0;0;0;0;0;0;0;0;0;0;0;0;0;0;0;0;0;0;0;0;0;0
04.02.2021 04:00;0;0;0;0;0;0;0;0;0;0;0;0;0;0;0;0;0;0;0;0;0;0;0;0;0;0;0;0;0;0;0;0
04.02.2021 05:00;0;0;0;0;0;0;0;0;0;0;0;0;0;0;0;0;0;0;0;0;0;0;0;0;0;0;0;0;0;0;0;0
04.02.2021 06:00;0;0;0;0;0;0;0;0;0;0;0;0;0;0;0;0;0;0;0;0;0;0;0;0;0;0;0;0;0;0;0;0
04.02.2021 07:00;0;0;0;0;0;0;0;0;0;0;0;0;0;0;0;0;0;0;0;0;0;0;0;0;0;0;0;0;0;0;0;0
04.02.2021 08:00;0;0;0;0;0;0;0;0;0;0;0;0;0;0;0;0;0;0;0;0;0;0;0;0;0;0;0;0;0;0;0;0
04.02.2021 09:00;0;0;0;0;0;0;0;0;0;0;0;0;0;0;0;0;0;0;0;0;0;0;0;0;0;0;0;0;0;0;0;0
04.02.2021 10:00;0;0;0;0;0;0;0;0;0;0;0;0;0;0;0;0;0;0;0;0;0;0;0;0;0;0;0;0;0;0;0;0
04.02.2021 11:00;0;0;0;0;0;0;0;0;0;0;0;0;0;0;0;0;0;0;0;0;0;0;0;0;0;0;0;0;0;0;0;0
04.02.2021 12:00;0;0;0;0;0;0;0;0;0;0;0;0;0;0;0;0;0;0;0;0;0;0;0;0;0;0;0;0;0;0;0;0
04.02.2021 13:00;0;0;0;0;0;0;0;0;0;0;0;0;0;0;0;0;0;0;0;0;0;0;0;0;0;0;0;0;0;0;0;0
04.02.2021 14:00;0;0;0;0;0;0;0;0;0;0;0;0;0;0;0;0;0;0;0;0;0;0;0;0;0;0;0;0;0;0;0;0
04.02.2021 15:00;0;0;0;0;0;0;0;0;0;0;0;0;0;0;0;0;0;0;0;0;0;0;0;0;0;0;0;0;0;0;0;0
04.02.2021 16:00;0;0;0;0;0;0;0;0;0;0;0;0;0;0;0;0;0;0;0;0;0;0;0;0;0;0;0;0;0;0;0;0
04.02.2021 17:00;0;0;0;0;0;0;0;0;0;0;0;0;0;0;0;0;0;0;0;0;0;0;0;0;0;0;0;0;0;0;0;0
04.02.2021 18:00;0;0;0;0;0;0;0;0;0;0;0;0;0;0;0;0;0;0;0;0;0;0;0;0;0;0;0;0;0;0;0;0
04.02.2021 19:00;0;0;0;0;0;0;0;0;0;0;0;0;0;0;0;0;0;0;0;0;0;0;0;0;0;0;0;0;0;0;0;0
04.02.2021 20:00;0;0;0;0;0;0;0;0;0;0;0;0;0;0;0;0;0;0;0;0;0;0;0;0;0;0;0;0;0;0;0;0
04.02.2021 21:00;0;0;0;0;0;0;0;0;0;0;0;0;0;0;0;0;0;0;0;0;0;0;0;0;0;0;0;0;0;0;0;0
04.02.2021 22:00;0;0;0;0;0;0;0;0;0;0;0;0;0;0;0;0;0;0;0;0;0;0;0;0;0;0;0;0;0;0;0;0
04.02.2021 23:00;0;0;0;0;0;0;0;0;0;0;0;0;0;0;0;0;0;0;0;0;0;0;0;0;0;0;0;0;0;0;0;0
05.02.2021 00:00;0;0;0;0;0;0;0;0;0;0;0;0;0;0;0;0;0;0;0;0;0;0;0;0;0;0;0;0;0;0;0;0
05.02.2021 01:00;0;0;0;0;0;0;0;0;0;0;0;0;0;0;0;0;0;0;0;0;0;0;0;0;0;0;0;0;0;0;0;0
05.02.2021 02:00;0;0;0;0;0;0;0;0;0;0;0;0;0;0;0;0;0;0;0;0;0;0;0;0;0;0;0;0;0;0;0;0
05.02.2021 03:00;0;0;0;0;0;0;0;0;0;0;0;0;0;0;0;0;0;0;0;0;0;0;0;0;0;0;0;0;0;0;0;0
05.02.2021 04:00;0;0;0;0;0;0;0;0;0;0;0;0;0;0;0;0;0;0;0;0;0;0;0;0;0;0;0;0;0;0;0;0
05.02.2021 05:00;0;0;0;0;0;0;0;0;0;0;0;0;0;0;0;0;0;0;0;0;0;0;0;0;0;0;0;0;0;0;0;0
05.02.2021 06:00;0;0;0;0;0;0;0;0;0;0;0;0;0;0;0;0;0;0;0;0;0;0;0;0;0;0;0;0;0;0;0;0
05.02.2021 07:00;0;0;0;0;0;0;0;0;0;0;0;0;0;0;0;0;0;0;0;0;0;0;0;0;0;0;0;0;0;0;0;0
05.02.2021 08:00;0;0;0;0;0;0;0;0;0;0;0;0;0;0;0;0;0;0;0;0;0;0;0;0;0;0;0;0;0;0;0;0
05.02.2021 09:00;0;0;0;0;0;0;0;0;0;0;0;0;0;0;0;0;0;0;0;0;0;0;0;0;0;0;0;0;0;0;0;0
05.02.2021 10:00;0;0;0;0;0;0;0;0;0;0;0;0;0;0;0;0;0;0;0;0;0;0;0;0;0;0;0;0;0;0;0;0
05.02.2021 11:00;0;0;0;0;0;0;0;0;0;0;0;0;0;0;0;0;0;0;0;0;0;0;0;0;0;0;0;0;0;0;0;0
05.02.2021 12:00;0;0;0;0;0;0;0;0;0;0;0;0;0;0;0;0;0;0;0;0;0;0;0;0;0;0;0;0;0;0;0;0
05.02.2021 13:00;0;0;0;0;0;0;0;0;0;0;0;0;0;0;0;0;0;0;0;0;0;0;0;0;0;0;0;0;0;0;0;0
05.02.2021 14:00;0;0;0;0;0;0;0;0;0;0;0;0;0;0;0;0;0;0;0;0;0;0;0;0;0;0;0;0;0;0;0;0
05.02.2021 15:00;0;0;0;0;0;0;0;0;0;0;0;0;0;0;0;0;0;0;0;0;0;0;0;0;0;0;0;0;0;0;0;0
05.02.2021 16:00;0;0;0;0;0;0;0;0;0;0;0;0;0;0;0;0;0;0;0;0;0;0;0;0;0;0;0;0;0;0;0;0
05.02.2021 17:00;0;0;0;0;0;0;0;0;0;0;0;0;0;0;0;0;0;0;0;0;0;0;0;0;0;0;0;0;0;0;0;0
05.02.2021 18:00;0;0;0;0;0;0;0;0;0;0;0;0;0;0;0;0;0;0;0;0;0;0;0;0;0;0;0;0;0;0;0;0
05.02.2021 19:00;0;0;0;0;0;0;0;0;0;0;0;0;0;0;0;0;0;0;0;0;0;0;0;0;0;0;0;0;0;0;0;0
05.02.2021 20:00;0;0;0;0;0;0;0;0;0;0;0;0;0;0;0;0;0;0;0;0;0;0;0;0;0;0;0;0;0;0;0;0
05.02.2021 21:00;0;0;0;0;0;0;0;0;0;0;0;0;0;0;0;0;0;0;0;0;0;0;0;0;0;0;0;0;0;0;0;0
05.02.2021 22:00;0;0;0;0;0;0;0;0;0;0;0;0;0;0;0;0;0;0;0;0;0;0;0;0;0;0;0;0;0;0;0;0
05.02.2021 23:00;0;0;0;0;0;0;0;0;0;0;0;0;0;0;0;0;0;0;0;0;0;0;0;0;0;0;0;0;0;0;0;0
06.02.2021 00:00;0;0;0;0;0;0;0;0;0;0;0;0;0;0;0;0;0;0;0;0;0;0;0;0;0;0;0;0;0;0;0;0
06.02.2021 01:00;0;0;0;0;0;0;0;0;0;0;0;0;0;0;0;0;0;0;0;0;0;0;0;0;0;0;0;0;0;0;0;0
06.02.2021 02:00;0;0;0;0;0;0;0;0;0;0;0;0;0;0;0;0;0;0;0;0;0;0;0;0;0;0;0;0;0;0;0;0
06.02.2021 03:00;0;0;0;0;0;0;0;0;0;0;0;0;0;0;0;0;0;0;0;0;0;0;0;0;0;0;0;0;0;0;0;0
06.02.2021 04:00;0;0;0;0;0;0;0;0;0;0;0;0;0;0;0;0;0;0;0;0;0;0;0;0;0;0;0;0;0;0;0;0
06.02.2021 05:00;0;0;0;0;0;0;0;0;0;0;0;0;0;0;0;0;0;0;0;0;0;0;0;0;0;0;0;0;0;0;0;0
06.02.2021 06:00;0;0;0;0;0;0;0;0;0;0;0;0;0;0;0;0;0;0;0;0;0;0;0;0;0;0;0;0;0;0;0;0
06.02.2021 07:00;0;0;0;0;0;0;0;0;0;0;0;0;0;0;0;0;0;0;0;0;0;0;0;0;0;0;0;0;0;0;0;0
06.02.2021 08:00;0;0;0;0;0;0;0;0;0;0;0;0;0;0;0;0;0;0;0;0;0;0;0;0;0;0;0;0;0;0;0;0
06.02.2021 09:00;0;0;0;0;0;0;0;0;0;0;0;0;0;0;0;0;0;0;0;0;0;0;0;0;0;0;0;0;0;0;0;0
06.02.2021 10:00;0;0;0;0;0;0;0;0;0;0;0;0;0;0;0;0;0;0;0;0;0;0;0;0;0;0;0;0;0;0;0;0
06.02.2021 11:00;0;0;0;0;0;0;0;0;0;0;0;0;0;0;0;0;0;0;0;0;0;0;0;0;0;0;0;0;0;0;0;0
06.02.2021 12:00;0;0;0;0;0;0;0;0;0;0;0;0;0;0;0;0;0;0;0;0;0;0;0;0;0;0;0;0;0;0;0;0
06.02.2021 13:00;0;0;0;0;0;0;0;0;0;0;0;0;0;0;0;0;0;0;0;0;0;0;0;0;0;0;0;0;0;0;0;0
06.02.2021 14:00;0;0;0;0;0;0;0;0;0;0;0;0;0;0;0;0;0;0;0;0;0;0;0;0;0;0;0;0;0;0;0;0
06.02.2021 15:00;0;0;0;0;0;0;0;0;0;0;0;0;0;0;0;0;0;0;0;0;0;0;0;0;0;0;0;0;0;0;0;0
06.02.2021 16:00;0;0;0;0;0;0;0;0;0;0;0;0;0;0;0;0;0;0;0;0;0;0;0;0;0;0;0;0;0;0;0;0
06.02.2021 17:00;0;0;0;0;0;0;0;0;0;0;0;0;0;0;0;0;0;0;0;0;0;0;0;0;0;0;0;0;0;0;0;0
06.02.2021 18:00;0;0;0;0;0;0;0;0;0;0;0;0;0;0;0;0;0;0;0;0;0;0;0;0;0;0;0;0;0;0;0;0
06.02.2021 19:00;0;0;0;0;0;0;0;0;0;0;0;0;0;0;0;0;0;0;0;0;0;0;0;0;0;0;0;0;0;0;0;0
06.02.2021 20:00;0;0;0;0;0;0;0;0;0;0;0;0;0;0;0;0;0;0;0;0;0;0;0;0;0;0;0;0;0;0;0;0
06.02.2021 21:00;0;0;0;0;0;0;0;0;0;0;0;0;0;0;0;0;0;0;0;0;0;0;0;0;0;0;0;0;0;0;0;0
06.02.2021 22:00;0;0;0;0;0;0;0;0;0;0;0;0;0;0;0;0;0;0;0;0;0;0;0;0;0;0;0;0;0;0;0;0
06.02.2021 23:00;0;0;0;0;0;0;0;0;0;0;0;0;0;0;0;0;0;0;0;0;0;0;0;0;0;0;0;0;0;0;0;0
07.02.2021 00:00;0;0;0;0;0;0;0;0;0;0;0;0;0;0;0;0;0;0;0;0;0;0;0;0;0;0;0;0;0;0;0;0
07.02.2021 01:00;0;0;0;0;0;0;0;0;0;0;0;0;0;0;0;0;0;0;0;0;0;0;0;0;0;0;0;0;0;0;0;0
07.02.2021 02:00;0;0;0;0;0;0;0;0;0;0;0;0;0;0;0;0;0;0;0;0;0;0;0;0;0;0;0;0;0;0;0;0
07.02.2021 03:00;0;0;0;0;0;0;0;0;0;0;0;0;0;0;0;0;0;0;0;0;0;0;0;0;0;0;0;0;0;0;0;0
07.02.2021 04:00;0;0;0;0;0;0;0;0;0;0;0;0;0;0;0;0;0;0;0;0;0;0;0;0;0;0;0;0;0;0;0;0
07.02.2021 05:00;0;0;0;0;0;0;0;0;0;0;0;0;0;0;0;0;0;0;0;0;0;0;0;0;0;0;0;0;0;0;0;0
07.02.2021 06:00;0;0;0;0;0;0;0;0;0;0;0;0;0;0;0;0;0;0;0;0;0;0;0;0;0;0;0;0;0;0;0;0
07.02.2021 07:00;0;0;0;0;0;0;0;0;0;0;0;0;0;0;0;0;0;0;0;0;0;0;0;0;0;0;0;0;0;0;0;0
07.02.2021 08:00;0;0;0;0;0;0;0;0;0;0;0;0;0;0;0;0;0;0;0;0;0;0;0;0;0;0;0;0;0;0;0;0
07.02.2021 09:00;0;0;0;0;0;0;0;0;0;0;0;0;0;0;0;0;0;0;0;0;0;0;0;0;0;0;0;0;0;0;0;0
07.02.2021 10:00;0;0;0;0;0;0;0;0;0;0;0;0;0;0;0;0;0;0;0;0;0;0;0;0;0;0;0;0;0;0;0;0
07.02.2021 11:00;0;0;0;0;0;0;0;0;0;0;0;0;0;0;0;0;0;0;0;0;0;0;0;0;0;0;0;0;0;0;0;0
07.02.2021 12:00;0;0;0;0;0;0;0;0;0;0;0;0;0;0;0;0;0;0;0;0;0;0;0;0;0;0;0;0;0;0;0;0
07.02.2021 13:00;0;0;0;0;0;0;0;0;0;0;0;0;0;0;0;0;0;0;0;0;0;0;0;0;0;0;0;0;0;0;0;0
07.02.2021 14:00;0;0;0;0;0;0;0;0;0;0;0;0;0;0;0;0;0;0;0;0;0;0;0;0;0;0;0;0;0;0;0;0
07.02.2021 15:00;0;0;0;0;0;0;0;0;0;0;0;0;0;0;0;0;0;0;0;0;0;0;0;0;0;0;0;0;0;0;0;0
07.02.2021 16:00;0;0;0;0;0;0;0;0;0;0;0;0;0;0;0;0;0;0;0;0;0;0;0;0;0;0;0;0;0;0;0;0
07.02.2021 17:00;0;0;0;0;0;0;0;0;0;0;0;0;0;0;0;0;0;0;0;0;0;0;0;0;0;0;0;0;0;0;0;0
07.02.2021 18:00;0;0;0;0;0;0;0;0;0;0;0;0;0;0;0;0;0;0;0;0;0;0;0;0;0;0;0;0;0;0;0;0
07.02.2021 19:00;0;0;0;0;0;0;0;0;0;0;0;0;0;0;0;0;0;0;0;0;0;0;0;0;0;0;0;0;0;0;0;0
07.02.2021 20:00;0;0;0;0;0;0;0;0;0;0;0;0;0;0;0;0;0;0;0;0;0;0;0;0;0;0;0;0;0;0;0;0
07.02.2021 21:00;0;0;0;0;0;0;0;0;0;0;0;0;0;0;0;0;0;0;0;0;0;0;0;0;0;0;0;0;0;0;0;0
07.02.2021 22:00;0;0;0;0;0;0;0;0;0;0;0;0;0;0;0;0;0;0;0;0;0;0;0;0;0;0;0;0;0;0;0;0
07.02.2021 23:00;0;0;0;0;0;0;0;0;0;0;0;0;0;0;0;0;0;0;0;0;0;0;0;0;0;0;0;0;0;0;0;0
08.02.2021 00:00;0;0;0;0;0;0;0;0;0;0;0;0;0;0;0;0;0;0;0;0;0;0;0;0;0;0;0;0;0;0;0;0
08.02.2021 01:00;0;0;0;0;0;0;0;0;0;0;0;0;0;0;0;0;0;0;0;0;0;0;0;0;0;0;0;0;0;0;0;0
08.02.2021 02:00;0;0;0;0;0;0;0;0;0;0;0;0;0;0;0;0;0;0;0;0;0;0;0;0;0;0;0;0;0;0;0;0
08.02.2021 03:00;0;0;0;0;0;0;0;0;0;0;0;0;0;0;0;0;0;0;0;0;0;0;0;0;0;0;0;0;0;0;0;0
08.02.2021 04:00;0;0;0;0;0;0;0;0;0;0;0;0;0;0;0;0;0;0;0;0;0;0;0;0;0;0;0;0;0;0;0;0
08.02.2021 05:00;0;0;0;0;0;0;0;0;0;0;0;0;0;0;0;0;0;0;0;0;0;0;0;0;0;0;0;0;0;0;0;0
08.02.2021 06:00;0;0;0;0;0;0;0;0;0;0;0;0;0;0;0;0;0;0;0;0;0;0;0;0;0;0;0;0;0;0;0;0
08.02.2021 07:00;0;0;0;0;0;0;0;0;0;0;0;0;0;0;0;0;0;0;0;0;0;0;0;0;0;0;0;0;0;0;0;0
08.02.2021 08:00;0;0;0;0;0;0;0;0;0;0;0;0;0;0;0;0;0;0;0;0;0;0;0;0;0;0;0;0;0;0;0;0
08.02.2021 09:00;0;0;0;0;0;0;0;0;0;0;0;0;0;0;0;0;0;0;0;0;0;0;0;0;0;0;0;0;0;0;0;0
08.02.2021 10:00;0;0;0;0;0;0;0;0;0;0;0;0;0;0;0;0;0;0;0;0;0;0;0;0;0;0;0;0;0;0;0;0
08.02.2021 11:00;0;0;0;0;0;0;0;0;0;0;0;0;0;0;0;0;0;0;0;0;0;0;0;0;0;0;0;0;0;0;0;0
08.02.2021 12:00;0;0;0;0;0;0;0;0;0;0;0;0;0;0;0;0;0;0;0;0;0;0;0;0;0;0;0;0;0;0;0;0
08.02.2021 13:00;0;0;0;0;0;0;0;0;0;0;0;0;0;0;0;0;0;0;0;0;0;0;0;0;0;0;0;0;0;0;0;0
08.02.2021 14:00;0;0;0;0;0;0;0;0;0;0;0;0;0;0;0;0;0;0;0;0;0;0;0;0;0;0;0;0;0;0;0;0
08.02.2021 15:00;0;0;0;0;0;0;0;0;0;0;0;0;0;0;0;0;0;0;0;0;0;0;0;0;0;0;0;0;0;0;0;0
08.02.2021 16:00;0;0;0;0;0;0;0;0;0;0;0;0;0;0;0;0;0;0;0;0;0;0;0;0;0;0;0;0;0;0;0;0
08.02.2021 17:00;0;0;0;0;0;0;0;0;0;0;0;0;0;0;0;0;0;0;0;0;0;0;0;0;0;0;0;0;0;0;0;0
08.02.2021 18:00;0;0;0;0;0;0;0;0;0;0;0;0;0;0;0;0;0;0;0;0;0;0;0;0;0;0;0;0;0;0;0;0
08.02.2021 19:00;0;0;0;0;0;0;0;0;0;0;0;0;0;0;0;0;0;0;0;0;0;0;0;0;0;0;0;0;0;0;0;0
08.02.2021 20:00;0;0;0;0;0;0;0;0;0;0;0;0;0;0;0;0;0;0;0;0;0;0;0;0;0;0;0;0;0;0;0;0
08.02.2021 21:00;0;0;0;0;0;0;0;0;0;0;0;0;0;0;0;0;0;0;0;0;0;0;0;0;0;0;0;0;0;0;0;0
08.02.2021 22:00;0;0;0;0;0;0;0;0;0;0;0;0;0;0;0;0;0;0;0;0;0;0;0;0;0;0;0;0;0;0;0;0
08.02.2021 23:00;0;0;0;0;0;0;0;0;0;0;0;0;0;0;0;0;0;0;0;0;0;0;0;0;0;0;0;0;0;0;0;0
09.02.2021 00:00;0;0;0;0;0;0;0;0;0;0;0;0;0;0;0;0;0;0;0;0;0;0;0;0;0;0;0;0;0;0;0;0
09.02.2021 01:00;0;0;0;0;0;0;0;0;0;0;0;0;0;0;0;0;0;0;0;0;0;0;0;0;0;0;0;0;0;0;0;0
09.02.2021 02:00;0;0;0;0;0;0;0;0;0;0;0;0;0;0;0;0;0;0;0;0;0;0;0;0;0;0;0;0;0;0;0;0
09.02.2021 03:00;0;0;0;0;0;0;0;0;0;0;0;0;0;0;0;0;0;0;0;0;0;0;0;0;0;0;0;0;0;0;0;0
09.02.2021 04:00;0;0;0;0;0;0;0;0;0;0;0;0;0;0;0;0;0;0;0;0;0;0;0;0;0;0;0;0;0;0;0;0
09.02.2021 05:00;0;0;0;0;0;0;0;0;0;0;0;0;0;0;0;0;0;0;0;0;0;0;0;0;0;0;0;0;0;0;0;0
09.02.2021 06:00;0;0;0;0;0;0;0;0;0;0;0;0;0;0;0;0;0;0;0;0;0;0;0;0;0;0;0;0;0;0;0;0
09.02.2021 07:00;0;0;0;0;0;0;0;0;0;0;0;0;0;0;0;0;0;0;0;0;0;0;0;0;0;0;0;0;0;0;0;0
09.02.2021 08:00;0;0;0;0;0;0;0;0;0;0;0;0;0;0;0;0;0;0;0;0;0;0;0;0;0;0;0;0;0;0;0;0
09.02.2021 09:00;0;0;0;0;0;0;0;0;0;0;0;0;0;0;0;0;0;0;0;0;0;0;0;0;0;0;0;0;0;0;0;0
09.02.2021 10:00;0;0;0;0;0;0;0;0;0;0;0;0;0;0;0;0;0;0;0;0;0;0;0;0;0;0;0;0;0;0;0;0
09.02.2021 11:00;0;0;0;0;0;0;0;0;0;0;0;0;0;0;0;0;0;0;0;0;0;0;0;0;0;0;0;0;0;0;0;0
09.02.2021 12:00;0;0;0;0;0;0;0;0;0;0;0;0;0;0;0;0;0;0;0;0;0;0;0;0;0;0;0;0;0;0;0;0
09.02.2021 13:00;0;0;0;0;0;0;0;0;0;0;0;0;0;0;0;0;0;0;0;0;0;0;0;0;0;0;0;0;0;0;0;0
09.02.2021 14:00;0;0;0;0;0;0;0;0;0;0;0;0;0;0;0;0;0;0;0;0;0;0;0;0;0;0;0;0;0;0;0;0
09.02.2021 15:00;0;0;0;0;0;0;0;0;0;0;0;0;0;0;0;0;0;0;0;0;0;0;0;0;0;0;0;0;0;0;0;0
09.02.2021 16:00;0;0;0;0;0;0;0;0;0;0;0;0;0;0;0;0;0;0;0;0;0;0;0;0;0;0;0;0;0;0;0;0
09.02.2021 17:00;0;0;0;0;0;0;0;0;0;0;0;0;0;0;0;0;0;0;0;0;0;0;0;0;0;0;0;0;0;0;0;0
09.02.2021 18:00;0;0;0;0;0;0;0;0;0;0;0;0;0;0;0;0;0;0;0;0;0;0;0;0;0;0;0;0;0;0;0;0
09.02.2021 19:00;0;0;0;0;0;0;0;0;0;0;0;0;0;0;0;0;0;0;0;0;0;0;0;0;0;0;0;0;0;0;0;0
09.02.2021 20:00;0;0;0;0;0;0;0;0;0;0;0;0;0;0;0;0;0;0;0;0;0;0;0;0;0;0;0;0;0;0;0;0
09.02.2021 21:00;0;0;0;0;0;0;0;0;0;0;0;0;0;0;0;0;0;0;0;0;0;0;0;0;0;0;0;0;0;0;0;0
09.02.2021 22:00;0;0;0;0;0;0;0;0;0;0;0;0;0;0;0;0;0;0;0;0;0;0;0;0;0;0;0;0;0;0;0;0
09.02.2021 23:00;0;0;0;0;0;0;0;0;0;0;0;0;0;0;0;0;0;0;0;0;0;0;0;0;0;0;0;0;0;0;0;0
10.02.2021 00:00;0;0;0;0;0;0;0;0;0;0;0;0;0;0;0;0;0;0;0;0;0;0;0;0;0;0;0;0;0;0;0;0
10.02.2021 01:00;0;0;0;0;0;0;0;0;0;0;0;0;0;0;0;0;0;0;0;0;0;0;0;0;0;0;0;0;0;0;0;0
10.02.2021 02:00;0;0;0;0;0;0;0;0;0;0;0;0;0;0;0;0;0;0;0;0;0;0;0;0;0;0;0;0;0;0;0;0
10.02.2021 03:00;0;0;0;0;0;0;0;0;0;0;0;0;0;0;0;0;0;0;0;0;0;0;0;0;0;0;0;0;0;0;0;0
10.02.2021 04:00;0;0;0;0;0;0;0;0;0;0;0;0;0;0;0;0;0;0;0;0;0;0;0;0;0;0;0;0;0;0;0;0
10.02.2021 05:00;0;0;0;0;0;0;0;0;0;0;0;0;0;0;0;0;0;0;0;0;0;0;0;0;0;0;0;0;0;0;0;0
10.02.2021 06:00;0;0;0;0;0;0;0;0;0;0;0;0;0;0;0;0;0;0;0;0;0;0;0;0;0;0;0;0;0;0;0;0
10.02.2021 07:00;0;0;0;0;0;0;0;0;0;0;0;0;0;0;0;0;0;0;0;0;0;0;0;0;0;0;0;0;0;0;0;0
10.02.2021 08:00;0;0;0;0;0;0;0;0;0;0;0;0;0;0;0;0;0;0;0;0;0;0;0;0;0;0;0;0;0;0;0;0
10.02.2021 09:00;0;0;0;0;0;0;0;0;0;0;0;0;0;0;0;0;0;0;0;0;0;0;0;0;0;0;0;0;0;0;0;0
10.02.2021 10:00;0;0;0;0;0;0;0;0;0;0;0;0;0;0;0;0;0;0;0;0;0;0;0;0;0;0;0;0;0;0;0;0
10.02.2021 11:00;0;0;0;0;0;0;0;0;0;0;0;0;0;0;0;0;0;0;0;0;0;0;0;0;0;0;0;0;0;0;0;0
10.02.2021 12:00;0;0;0;0;0;0;0;0;0;0;0;0;0;0;0;0;0;0;0;0;0;0;0;0;0;0;0;0;0;0;0;0
10.02.2021 13:00;0;0;0;0;0;0;0;0;0;0;0;0;0;0;0;0;0;0;0;0;0;0;0;0;0;0;0;0;0;0;0;0
10.02.2021 14:00;0;0;0;0;0;0;0;0;0;0;0;0;0;0;0;0;0;0;0;0;0;0;0;0;0;0;0;0;0;0;0;0
10.02.2021 15:00;0;0;0;0;0;0;0;0;0;0;0;0;0;0;0;0;0;0;0;0;0;0;0;0;0;0;0;0;0;0;0;0
10.02.2021 16:00;0;0;0;0;0;0;0;0;0;0;0;0;0;0;0;0;0;0;0;0;0;0;0;0;0;0;0;0;0;0;0;0
10.02.2021 17:00;0;0;0;0;0;0;0;0;0;0;0;0;0;0;0;0;0;0;0;0;0;0;0;0;0;0;0;0;0;0;0;0
10.02.2021 18:00;0;0;0;0;0;0;0;0;0;0;0;0;0;0;0;0;0;0;0;0;0;0;0;0;0;0;0;0;0;0;0;0
10.02.2021 19:00;0;0;0;0;0;0;0;0;0;0;0;0;0;0;0;0;0;0;0;0;0;0;0;0;0;0;0;0;0;0;0;0
10.02.2021 20:00;0;0;0;0;0;0;0;0;0;0;0;0;0;0;0;0;0;0;0;0;0;0;0;0;0;0;0;0;0;0;0;0
10.02.2021 21:00;0;0;0;0;0;0;0;0;0;0;0;0;0;0;0;0;0;0;0;0;0;0;0;0;0;0;0;0;0;0;0;0
10.02.2021 22:00;0;0;0;0;0;0;0;0;0;0;0;0;0;0;0;0;0;0;0;0;0;0;0;0;0;0;0;0;0;0;0;0
10.02.2021 23:00;0;0;0;0;0;0;0;0;0;0;0;0;0;0;0;0;0;0;0;0;0;0;0;0;0;0;0;0;0;0;0;0
11.02.2021 00:00;0;0;0;0;0;0;0;0;0;0;0;0;0;0;0;0;0;0;0;0;0;0;0;0;0;0;0;0;0;0;0;0
11.02.2021 01:00;0;0;0;0;0;0;0;0;0;0;0;0;0;0;0;0;0;0;0;0;0;0;0;0;0;0;0;0;0;0;0;0
11.02.2021 02:00;0;0;0;0;0;0;0;0;0;0;0;0;0;0;0;0;0;0;0;0;0;0;0;0;0;0;0;0;0;0;0;0
11.02.2021 03:00;0;0;0;0;0;0;0;0;0;0;0;0;0;0;0;0;0;0;0;0;0;0;0;0;0;0;0;0;0;0;0;0
11.02.2021 04:00;0;0;0;0;0;0;0;0;0;0;0;0;0;0;0;0;0;0;0;0;0;0;0;0;0;0;0;0;0;0;0;0
11.02.2021 05:00;0;0;0;0;0;0;0;0;0;0;0;0;0;0;0;0;0;0;0;0;0;0;0;0;0;0;0;0;0;0;0;0
11.02.2021 06:00;0;0;0;0;0;0;0;0;0;0;0;0;0;0;0;0;0;0;0;0;0;0;0;0;0;0;0;0;0;0;0;0
11.02.2021 07:00;0;0;0;0;0;0;0;0;0;0;0;0;0;0;0;0;0;0;0;0;0;0;0;0;0;0;0;0;0;0;0;0
11.02.2021 08:00;0;0;0;0;0;0;0;0;0;0;0;0;0;0;0;0;0;0;0;0;0;0;0;0;0;0;0;0;0;0;0;0
11.02.2021 09:00;0;0;0;0;0;0;0;0;0;0;0;0;0;0;0;0;0;0;0;0;0;0;0;0;0;0;0;0;0;0;0;0
11.02.2021 10:00;0;0;0;0;0;0;0;0;0;0;0;0;0;0;0;0;0;0;0;0;0;0;0;0;0;0;0;0;0;0;0;0
11.02.2021 11:00;0;0;0;0;0;0;0;0;0;0;0;0;0;0;0;0;0;0;0;0;0;0;0;0;0;0;0;0;0;0;0;0
11.02.2021 12:00;0;0;0;0;0;0;0;0;0;0;0;0;0;0;0;0;0;0;0;0;0;0;0;0;0;0;0;0;0;0;0;0
11.02.2021 13:00;0;0;0;0;0;0;0;0;0;0;0;0;0;0;0;0;0;0;0;0;0;0;0;0;0;0;0;0;0;0;0;0
11.02.2021 14:00;0;0;0;0;0;0;0;0;0;0;0;0;0;0;0;0;0;0;0;0;0;0;0;0;0;0;0;0;0;0;0;0
11.02.2021 15:00;0;0;0;0;0;0;0;0;0;0;0;0;0;0;0;0;0;0;0;0;0;0;0;0;0;0;0;0;0;0;0;0
11.02.2021 16:00;0;0;0;0;0;0;0;0;0;0;0;0;0;0;0;0;0;0;0;0;0;0;0;0;0;0;0;0;0;0;0;0
11.02.2021 17:00;0;0;0;0;0;0;0;0;0;0;0;0;0;0;0;0;0;0;0;0;0;0;0;0;0;0;0;0;0;0;0;0
11.02.2021 18:00;0;0;0;0;0;0;0;0;0;0;0;0;0;0;0;0;0;0;0;0;0;0;0;0;0;0;0;0;0;0;0;0
11.02.2021 19:00;0;0;0;0;0;0;0;0;0;0;0;0;0;0;0;0;0;0;0;0;0;0;0;0;0;0;0;0;0;0;0;0
11.02.2021 20:00;0;0;0;0;0;0;0;0;0;0;0;0;0;0;0;0;0;0;0;0;0;0;0;0;0;0;0;0;0;0;0;0
11.02.2021 21:00;0;0;0;0;0;0;0;0;0;0;0;0;0;0;0;0;0;0;0;0;0;0;0;0;0;0;0;0;0;0;0;0
11.02.2021 22:00;0;0;0;0;0;0;0;0;0;0;0;0;0;0;0;0;0;0;0;0;0;0;0;0;0;0;0;0;0;0;0;0
11.02.2021 23:00;0;0;0;0;0;0;0;0;0;0;0;0;0;0;0;0;0;0;0;0;0;0;0;0;0;0;0;0;0;0;0;0
12.02.2021 00:00;0;0;0;0;0;0;0;0;0;0;0;0;0;0;0;0;0;0;0;0;0;0;0;0;0;0;0;0;0;0;0;0
12.02.2021 01:00;0;0;0;0;0;0;0;0;0;0;0;0;0;0;0;0;0;0;0;0;0;0;0;0;0;0;0;0;0;0;0;0
12.02.2021 02:00;0;0;0;0;0;0;0;0;0;0;0;0;0;0;0;0;0;0;0;0;0;0;0;0;0;0;0;0;0;0;0;0
12.02.2021 03:00;0;0;0;0;0;0;0;0;0;0;0;0;0;0;0;0;0;0;0;0;0;0;0;0;0;0;0;0;0;0;0;0
12.02.2021 04:00;0;0;0;0;0;0;0;0;0;0;0;0;0;0;0;0;0;0;0;0;0;0;0;0;0;0;0;0;0;0;0;0
12.02.2021 05:00;0;0;0;0;0;0;0;0;0;0;0;0;0;0;0;0;0;0;0;0;0;0;0;0;0;0;0;0;0;0;0;0
12.02.2021 06:00;0;0;0;0;0;0;0;0;0;0;0;0;0;0;0;0;0;0;0;0;0;0;0;0;0;0;0;0;0;0;0;0
12.02.2021 07:00;0;0;0;0;0;0;0;0;0;0;0;0;0;0;0;0;0;0;0;0;0;0;0;0;0;0;0;0;0;0;0;0
12.02.2021 08:00;0;0;0;0;0;0;0;0;0;0;0;0;0;0;0;0;0;0;0;0;0;0;0;0;0;0;0;0;0;0;0;0
12.02.2021 09:00;0;0;0;0;0;0;0;0;0;0;0;0;0;0;0;0;0;0;0;0;0;0;0;0;0;0;0;0;0;0;0;0
12.02.2021 10:00;0;0;0;0;0;0;0;0;0;0;0;0;0;0;0;0;0;0;0;0;0;0;0;0;0;0;0;0;0;0;0;0
12.02.2021 11:00;0;0;0;0;0;0;0;0;0;0;0;0;0;0;0;0;0;0;0;0;0;0;0;0;0;0;0;0;0;0;0;0
12.02.2021 12:00;0;0;0;0;0;0;0;0;0;0;0;0;0;0;0;0;0;0;0;0;0;0;0;0;0;0;0;0;0;0;0;0
12.02.2021 13:00;0;0;0;0;0;0;0;0;0;0;0;0;0;0;0;0;0;0;0;0;0;0;0;0;0;0;0;0;0;0;0;0
12.02.2021 14:00;0;0;0;0;0;0;0;0;0;0;0;0;0;0;0;0;0;0;0;0;0;0;0;0;0;0;0;0;0;0;0;0
12.02.2021 15:00;0;0;0;0;0;0;0;0;0;0;0;0;0;0;0;0;0;0;0;0;0;0;0;0;0;0;0;0;0;0;0;0
12.02.2021 16:00;0;0;0;0;0;0;0;0;0;0;0;0;0;0;0;0;0;0;0;0;0;0;0;0;0;0;0;0;0;0;0;0
12.02.2021 17:00;0;0;0;0;0;0;0;0;0;0;0;0;0;0;0;0;0;0;0;0;0;0;0;0;0;0;0;0;0;0;0;0
12.02.2021 18:00;0;0;0;0;0;0;0;0;0;0;0;0;0;0;0;0;0;0;0;0;0;0;0;0;0;0;0;0;0;0;0;0
12.02.2021 19:00;0;0;0;0;0;0;0;0;0;0;0;0;0;0;0;0;0;0;0;0;0;0;0;0;0;0;0;0;0;0;0;0
12.02.2021 20:00;0;0;0;0;0;0;0;0;0;0;0;0;0;0;0;0;0;0;0;0;0;0;0;0;0;0;0;0;0;0;0;0
12.02.2021 21:00;0;0;0;0;0;0;0;0;0;0;0;0;0;0;0;0;0;0;0;0;0;0;0;0;0;0;0;0;0;0;0;0
12.02.2021 22:00;0;0;0;0;0;0;0;0;0;0;0;0;0;0;0;0;0;0;0;0;0;0;0;0;0;0;0;0;0;0;0;0
12.02.2021 23:00;0;0;0;0;0;0;0;0;0;0;0;0;0;0;0;0;0;0;0;0;0;0;0;0;0;0;0;0;0;0;0;0
13.02.2021 00:00;0;0;0;0;0;0;0;0;0;0;0;0;0;0;0;0;0;0;0;0;0;0;0;0;0;0;0;0;0;0;0;0
13.02.2021 01:00;0;0;0;0;0;0;0;0;0;0;0;0;0;0;0;0;0;0;0;0;0;0;0;0;0;0;0;0;0;0;0;0
13.02.2021 02:00;0;0;0;0;0;0;0;0;0;0;0;0;0;0;0;0;0;0;0;0;0;0;0;0;0;0;0;0;0;0;0;0
13.02.2021 03:00;0;0;0;0;0;0;0;0;0;0;0;0;0;0;0;0;0;0;0;0;0;0;0;0;0;0;0;0;0;0;0;0
13.02.2021 04:00;0;0;0;0;0;0;0;0;0;0;0;0;0;0;0;0;0;0;0;0;0;0;0;0;0;0;0;0;0;0;0;0
13.02.2021 05:00;0;0;0;0;0;0;0;0;0;0;0;0;0;0;0;0;0;0;0;0;0;0;0;0;0;0;0;0;0;0;0;0
13.02.2021 06:00;0;0;0;0;0;0;0;0;0;0;0;0;0;0;0;0;0;0;0;0;0;0;0;0;0;0;0;0;0;0;0;0
13.02.2021 07:00;0;0;0;0;0;0;0;0;0;0;0;0;0;0;0;0;0;0;0;0;0;0;0;0;0;0;0;0;0;0;0;0
13.02.2021 08:00;0;0;0;0;0;0;0;0;0;0;0;0;0;0;0;0;0;0;0;0;0;0;0;0;0;0;0;0;0;0;0;0
13.02.2021 09:00;0;0;0;0;0;0;0;0;0;0;0;0;0;0;0;0;0;0;0;0;0;0;0;0;0;0;0;0;0;0;0;0
13.02.2021 10:00;0;0;0;0;0;0;0;0;0;0;0;0;0;0;0;0;0;0;0;0;0;0;0;0;0;0;0;0;0;0;0;0
13.02.2021 11:00;0;0;0;0;0;0;0;0;0;0;0;0;0;0;0;0;0;0;0;0;0;0;0;0;0;0;0;0;0;0;0;0
13.02.2021 12:00;0;0;0;0;0;0;0;0;0;0;0;0;0;0;0;0;0;0;0;0;0;0;0;0;0;0;0;0;0;0;0;0
13.02.2021 13:00;0;0;0;0;0;0;0;0;0;0;0;0;0;0;0;0;0;0;0;0;0;0;0;0;0;0;0;0;0;0;0;0
13.02.2021 14:00;0;0;0;0;0;0;0;0;0;0;0;0;0;0;0;0;0;0;0;0;0;0;0;0;0;0;0;0;0;0;0;0
13.02.2021 15:00;0;0;0;0;0;0;0;0;0;0;0;0;0;0;0;0;0;0;0;0;0;0;0;0;0;0;0;0;0;0;0;0
13.02.2021 16:00;0;0;0;0;0;0;0;0;0;0;0;0;0;0;0;0;0;0;0;0;0;0;0;0;0;0;0;0;0;0;0;0
13.02.2021 17:00;0;0;0;0;0;0;0;0;0;0;0;0;0;0;0;0;0;0;0;0;0;0;0;0;0;0;0;0;0;0;0;0
13.02.2021 18:00;0;0;0;0;0;0;0;0;0;0;0;0;0;0;0;0;0;0;0;0;0;0;0;0;0;0;0;0;0;0;0;0
13.02.2021 19:00;0;0;0;0;0;0;0;0;0;0;0;0;0;0;0;0;0;0;0;0;0;0;0;0;0;0;0;0;0;0;0;0
13.02.2021 20:00;0;0;0;0;0;0;0;0;0;0;0;0;0;0;0;0;0;0;0;0;0;0;0;0;0;0;0;0;0;0;0;0
13.02.2021 21:00;0;0;0;0;0;0;0;0;0;0;0;0;0;0;0;0;0;0;0;0;0;0;0;0;0;0;0;0;0;0;0;0
13.02.2021 22:00;0;0;0;0;0;0;0;0;0;0;0;0;0;0;0;0;0;0;0;0;0;0;0;0;0;0;0;0;0;0;0;0
13.02.2021 23:00;0;0;0;0;0;0;0;0;0;0;0;0;0;0;0;0;0;0;0;0;0;0;0;0;0;0;0;0;0;0;0;0
14.02.2021 00:00;0;0;0;0;0;0;0;0;0;0;0;0;0;0;0;0;0;0;0;0;0;0;0;0;0;0;0;0;0;0;0;0
14.02.2021 01:00;0;0;0;0;0;0;0;0;0;0;0;0;0;0;0;0;0;0;0;0;0;0;0;0;0;0;0;0;0;0;0;0
14.02.2021 02:00;0;0;0;0;0;0;0;0;0;0;0;0;0;0;0;0;0;0;0;0;0;0;0;0;0;0;0;0;0;0;0;0
14.02.2021 03:00;0;0;0;0;0;0;0;0;0;0;0;0;0;0;0;0;0;0;0;0;0;0;0;0;0;0;0;0;0;0;0;0
14.02.2021 04:00;0;0;0;0;0;0;0;0;0;0;0;0;0;0;0;0;0;0;0;0;0;0;0;0;0;0;0;0;0;0;0;0
14.02.2021 05:00;0;0;0;0;0;0;0;0;0;0;0;0;0;0;0;0;0;0;0;0;0;0;0;0;0;0;0;0;0;0;0;0
14.02.2021 06:00;0;0;0;0;0;0;0;0;0;0;0;0;0;0;0;0;0;0;0;0;0;0;0;0;0;0;0;0;0;0;0;0
14.02.2021 07:00;0;0;0;0;0;0;0;0;0;0;0;0;0;0;0;0;0;0;0;0;0;0;0;0;0;0;0;0;0;0;0;0
14.02.2021 08:00;0;0;0;0;0;0;0;0;0;0;0;0;0;0;0;0;0;0;0;0;0;0;0;0;0;0;0;0;0;0;0;0
14.02.2021 09:00;0;0;0;0;0;0;0;0;0;0;0;0;0;0;0;0;0;0;0;0;0;0;0;0;0;0;0;0;0;0;0;0
14.02.2021 10:00;0;0;0;0;0;0;0;0;0;0;0;0;0;0;0;0;0;0;0;0;0;0;0;0;0;0;0;0;0;0;0;0
14.02.2021 11:00;0;0;0;0;0;0;0;0;0;0;0;0;0;0;0;0;0;0;0;0;0;0;0;0;0;0;0;0;0;0;0;0
14.02.2021 12:00;0;0;0;0;0;0;0;0;0;0;0;0;0;0;0;0;0;0;0;0;0;0;0;0;0;0;0;0;0;0;0;0
14.02.2021 13:00;0;0;0;0;0;0;0;0;0;0;0;0;0;0;0;0;0;0;0;0;0;0;0;0;0;0;0;0;0;0;0;0
14.02.2021 14:00;0;0;0;0;0;0;0;0;0;0;0;0;0;0;0;0;0;0;0;0;0;0;0;0;0;0;0;0;0;0;0;0
14.02.2021 15:00;0;0;0;0;0;0;0;0;0;0;0;0;0;0;0;0;0;0;0;0;0;0;0;0;0;0;0;0;0;0;0;0
14.02.2021 16:00;0;0;0;0;0;0;0;0;0;0;0;0;0;0;0;0;0;0;0;0;0;0;0;0;0;0;0;0;0;0;0;0
14.02.2021 17:00;0;0;0;0;0;0;0;0;0;0;0;0;0;0;0;0;0;0;0;0;0;0;0;0;0;0;0;0;0;0;0;0
14.02.2021 18:00;0;0;0;0;0;0;0;0;0;0;0;0;0;0;0;0;0;0;0;0;0;0;0;0;0;0;0;0;0;0;0;0
14.02.2021 19:00;0;0;0;0;0;0;0;0;0;0;0;0;0;0;0;0;0;0;0;0;0;0;0;0;0;0;0;0;0;0;0;0
14.02.2021 20:00;0;0;0;0;0;0;0;0;0;0;0;0;0;0;0;0;0;0;0;0;0;0;0;0;0;0;0;0;0;0;0;0
14.02.2021 21:00;0;0;0;0;0;0;0;0;0;0;0;0;0;0;0;0;0;0;0;0;0;0;0;0;0;0;0;0;0;0;0;0
14.02.2021 22:00;0;0;0;0;0;0;0;0;0;0;0;0;0;0;0;0;0;0;0;0;0;0;0;0;0;0;0;0;0;0;0;0
14.02.2021 23:00;0;0;0;0;0;0;0;0;0;0;0;0;0;0;0;0;0;0;0;0;0;0;0;0;0;0;0;0;0;0;0;0
15.02.2021 00:00;0;0;0;0;0;0;0;0;0;0;0;0;0;0;0;0;0;0;0;0;0;0;0;0;0;0;0;0;0;0;0;0
15.02.2021 01:00;0;0;0;0;0;0;0;0;0;0;0;0;0;0;0;0;0;0;0;0;0;0;0;0;0;0;0;0;0;0;0;0
15.02.2021 02:00;0;0;0;0;0;0;0;0;0;0;0;0;0;0;0;0;0;0;0;0;0;0;0;0;0;0;0;0;0;0;0;0
15.02.2021 03:00;0;0;0;0;0;0;0;0;0;0;0;0;0;0;0;0;0;0;0;0;0;0;0;0;0;0;0;0;0;0;0;0
15.02.2021 04:00;0;0;0;0;0;0;0;0;0;0;0;0;0;0;0;0;0;0;0;0;0;0;0;0;0;0;0;0;0;0;0;0
15.02.2021 05:00;0;0;0;0;0;0;0;0;0;0;0;0;0;0;0;0;0;0;0;0;0;0;0;0;0;0;0;0;0;0;0;0
15.02.2021 06:00;0;0;0;0;0;0;0;0;0;0;0;0;0;0;0;0;0;0;0;0;0;0;0;0;0;0;0;0;0;0;0;0
15.02.2021 07:00;0;0;0;0;0;0;0;0;0;0;0;0;0;0;0;0;0;0;0;0;0;0;0;0;0;0;0;0;0;0;0;0
15.02.2021 08:00;0;0;0;0;0;0;0;0;0;0;0;0;0;0;0;0;0;0;0;0;0;0;0;0;0;0;0;0;0;0;0;0
15.02.2021 09:00;0;0;0;0;0;0;0;0;0;0;0;0;0;0;0;0;0;0;0;0;0;0;0;0;0;0;0;0;0;0;0;0
15.02.2021 10:00;0;0;0;0;0;0;0;0;0;0;0;0;0;0;0;0;0;0;0;0;0;0;0;0;0;0;0;0;0;0;0;0
15.02.2021 11:00;0;0;0;0;0;0;0;0;0;0;0;0;0;0;0;0;0;0;0;0;0;0;0;0;0;0;0;0;0;0;0;0
15.02.2021 12:00;0;0;0;0;0;0;0;0;0;0;0;0;0;0;0;0;0;0;0;0;0;0;0;0;0;0;0;0;0;0;0;0
15.02.2021 13:00;0;0;0;0;0;0;0;0;0;0;0;0;0;0;0;0;0;0;0;0;0;0;0;0;0;0;0;0;0;0;0;0
15.02.2021 14:00;0;0;0;0;0;0;0;0;0;0;0;0;0;0;0;0;0;0;0;0;0;0;0;0;0;0;0;0;0;0;0;0
15.02.2021 15:00;0;0;0;0;0;0;0;0;0;0;0;0;0;0;0;0;0;0;0;0;0;0;0;0;0;0;0;0;0;0;0;0
15.02.2021 16:00;0;0;0;0;0;0;0;0;0;0;0;0;0;0;0;0;0;0;0;0;0;0;0;0;0;0;0;0;0;0;0;0
15.02.2021 17:00;0;0;0;0;0;0;0;0;0;0;0;0;0;0;0;0;0;0;0;0;0;0;0;0;0;0;0;0;0;0;0;0
15.02.2021 18:00;0;0;0;0;0;0;0;0;0;0;0;0;0;0;0;0;0;0;0;0;0;0;0;0;0;0;0;0;0;0;0;0
15.02.2021 19:00;0;0;0;0;0;0;0;0;0;0;0;0;0;0;0;0;0;0;0;0;0;0;0;0;0;0;0;0;0;0;0;0
15.02.2021 20:00;0;0;0;0;0;0;0;0;0;0;0;0;0;0;0;0;0;0;0;0;0;0;0;0;0;0;0;0;0;0;0;0
15.02.2021 21:00;0;0;0;0;0;0;0;0;0;0;0;0;0;0;0;0;0;0;0;0;0;0;0;0;0;0;0;0;0;0;0;0
15.02.2021 22:00;0;0;0;0;0;0;0;0;0;0;0;0;0;0;0;0;0;0;0;0;0;0;0;0;0;0;0;0;0;0;0;0
15.02.2021 23:00;0;0;0;0;0;0;0;0;0;0;0;0;0;0;0;0;0;0;0;0;0;0;0;0;0;0;0;0;0;0;0;0
16.02.2021 00:00;0;0;0;0;0;0;0;0;0;0;0;0;0;0;0;0;0;0;0;0;0;0;0;0;0;0;0;0;0;0;0;0
16.02.2021 01:00;0;0;0;0;0;0;0;0;0;0;0;0;0;0;0;0;0;0;0;0;0;0;0;0;0;0;0;0;0;0;0;0
16.02.2021 02:00;0;0;0;0;0;0;0;0;0;0;0;0;0;0;0;0;0;0;0;0;0;0;0;0;0;0;0;0;0;0;0;0
16.02.2021 03:00;0;0;0;0;0;0;0;0;0;0;0;0;0;0;0;0;0;0;0;0;0;0;0;0;0;0;0;0;0;0;0;0
16.02.2021 04:00;0;0;0;0;0;0;0;0;0;0;0;0;0;0;0;0;0;0;0;0;0;0;0;0;0;0;0;0;0;0;0;0
16.02.2021 05:00;0;0;0;0;0;0;0;0;0;0;0;0;0;0;0;0;0;0;0;0;0;0;0;0;0;0;0;0;0;0;0;0
16.02.2021 06:00;0;0;0;0;0;0;0;0;0;0;0;0;0;0;0;0;0;0;0;0;0;0;0;0;0;0;0;0;0;0;0;0
16.02.2021 07:00;0;0;0;0;0;0;0;0;0;0;0;0;0;0;0;0;0;0;0;0;0;0;0;0;0;0;0;0;0;0;0;0
16.02.2021 08:00;0;0;0;0;0;0;0;0;0;0;0;0;0;0;0;0;0;0;0;0;0;0;0;0;0;0;0;0;0;0;0;0
16.02.2021 09:00;0;0;0;0;0;0;0;0;0;0;0;0;0;0;0;0;0;0;0;0;0;0;0;0;0;0;0;0;0;0;0;0
16.02.2021 10:00;0;0;0;0;0;0;0;0;0;0;0;0;0;0;0;0;0;0;0;0;0;0;0;0;0;0;0;0;0;0;0;0
16.02.2021 11:00;0;0;0;0;0;0;0;0;0;0;0;0;0;0;0;0;0;0;0;0;0;0;0;0;0;0;0;0;0;0;0;0
16.02.2021 12:00;0;0;0;0;0;0;0;0;0;0;0;0;0;0;0;0;0;0;0;0;0;0;0;0;0;0;0;0;0;0;0;0
16.02.2021 13:00;0;0;0;0;0;0;0;0;0;0;0;0;0;0;0;0;0;0;0;0;0;0;0;0;0;0;0;0;0;0;0;0
16.02.2021 14:00;0;0;0;0;0;0;0;0;0;0;0;0;0;0;0;0;0;0;0;0;0;0;0;0;0;0;0;0;0;0;0;0
16.02.2021 15:00;0;0;0;0;0;0;0;0;0;0;0;0;0;0;0;0;0;0;0;0;0;0;0;0;0;0;0;0;0;0;0;0
16.02.2021 16:00;0;0;0;0;0;0;0;0;0;0;0;0;0;0;0;0;0;0;0;0;0;0;0;0;0;0;0;0;0;0;0;0
16.02.2021 17:00;0;0;0;0;0;0;0;0;0;0;0;0;0;0;0;0;0;0;0;0;0;0;0;0;0;0;0;0;0;0;0;0
16.02.2021 18:00;0;0;0;0;0;0;0;0;0;0;0;0;0;0;0;0;0;0;0;0;0;0;0;0;0;0;0;0;0;0;0;0
16.02.2021 19:00;0;0;0;0;0;0;0;0;0;0;0;0;0;0;0;0;0;0;0;0;0;0;0;0;0;0;0;0;0;0;0;0
16.02.2021 20:00;0;0;0;0;0;0;0;0;0;0;0;0;0;0;0;0;0;0;0;0;0;0;0;0;0;0;0;0;0;0;0;0
16.02.2021 21:00;0;0;0;0;0;0;0;0;0;0;0;0;0;0;0;0;0;0;0;0;0;0;0;0;0;0;0;0;0;0;0;0
16.02.2021 22:00;0;0;0;0;0;0;0;0;0;0;0;0;0;0;0;0;0;0;0;0;0;0;0;0;0;0;0;0;0;0;0;0
16.02.2021 23:00;0;0;0;0;0;0;0;0;0;0;0;0;0;0;0;0;0;0;0;0;0;0;0;0;0;0;0;0;0;0;0;0
17.02.2021 00:00;0;0;0;0;0;0;0;0;0;0;0;0;0;0;0;0;0;0;0;0;0;0;0;0;0;0;0;0;0;0;0;0
17.02.2021 01:00;0;0;0;0;0;0;0;0;0;0;0;0;0;0;0;0;0;0;0;0;0;0;0;0;0;0;0;0;0;0;0;0
17.02.2021 02:00;0;0;0;0;0;0;0;0;0;0;0;0;0;0;0;0;0;0;0;0;0;0;0;0;0;0;0;0;0;0;0;0
17.02.2021 03:00;0;0;0;0;0;0;0;0;0;0;0;0;0;0;0;0;0;0;0;0;0;0;0;0;0;0;0;0;0;0;0;0
17.02.2021 04:00;0;0;0;0;0;0;0;0;0;0;0;0;0;0;0;0;0;0;0;0;0;0;0;0;0;0;0;0;0;0;0;0
17.02.2021 05:00;0;0;0;0;0;0;0;0;0;0;0;0;0;0;0;0;0;0;0;0;0;0;0;0;0;0;0;0;0;0;0;0
17.02.2021 06:00;0;0;0;0;0;0;0;0;0;0;0;0;0;0;0;0;0;0;0;0;0;0;0;0;0;0;0;0;0;0;0;0
17.02.2021 07:00;0;0;0;0;0;0;0;0;0;0;0;0;0;0;0;0;0;0;0;0;0;0;0;0;0;0;0;0;0;0;0;0
17.02.2021 08:00;0;0;0;0;0;0;0;0;0;0;0;0;0;0;0;0;0;0;0;0;0;0;0;0;0;0;0;0;0;0;0;0
17.02.2021 09:00;0;0;0;0;0;0;0;0;0;0;0;0;0;0;0;0;0;0;0;0;0;0;0;0;0;0;0;0;0;0;0;0
17.02.2021 10:00;0;0;0;0;0;0;0;0;0;0;0;0;0;0;0;0;0;0;0;0;0;0;0;0;0;0;0;0;0;0;0;0
17.02.2021 11:00;0;0;0;0;0;0;0;0;0;0;0;0;0;0;0;0;0;0;0;0;0;0;0;0;0;0;0;0;0;0;0;0
17.02.2021 12:00;0;0;0;0;0;0;0;0;0;0;0;0;0;0;0;0;0;0;0;0;0;0;0;0;0;0;0;0;0;0;0;0
17.02.2021 13:00;0;0;0;0;0;0;0;0;0;0;0;0;0;0;0;0;0;0;0;0;0;0;0;0;0;0;0;0;0;0;0;0
17.02.2021 14:00;0;0;0;0;0;0;0;0;0;0;0;0;0;0;0;0;0;0;0;0;0;0;0;0;0;0;0;0;0;0;0;0
17.02.2021 15:00;0;0;0;0;0;0;0;0;0;0;0;0;0;0;0;0;0;0;0;0;0;0;0;0;0;0;0;0;0;0;0;0
17.02.2021 16:00;0;0;0;0;0;0;0;0;0;0;0;0;0;0;0;0;0;0;0;0;0;0;0;0;0;0;0;0;0;0;0;0
17.02.2021 17:00;0;0;0;0;0;0;0;0;0;0;0;0;0;0;0;0;0;0;0;0;0;0;0;0;0;0;0;0;0;0;0;0
17.02.2021 18:00;0;0;0;0;0;0;0;0;0;0;0;0;0;0;0;0;0;0;0;0;0;0;0;0;0;0;0;0;0;0;0;0
17.02.2021 19:00;0;0;0;0;0;0;0;0;0;0;0;0;0;0;0;0;0;0;0;0;0;0;0;0;0;0;0;0;0;0;0;0
17.02.2021 20:00;0;0;0;0;0;0;0;0;0;0;0;0;0;0;0;0;0;0;0;0;0;0;0;0;0;0;0;0;0;0;0;0
17.02.2021 21:00;0;0;0;0;0;0;0;0;0;0;0;0;0;0;0;0;0;0;0;0;0;0;0;0;0;0;0;0;0;0;0;0
17.02.2021 22:00;0;0;0;0;0;0;0;0;0;0;0;0;0;0;0;0;0;0;0;0;0;0;0;0;0;0;0;0;0;0;0;0
17.02.2021 23:00;0;0;0;0;0;0;0;0;0;0;0;0;0;0;0;0;0;0;0;0;0;0;0;0;0;0;0;0;0;0;0;0
18.02.2021 00:00;0;0;0;0;0;0;0;0;0;0;0;0;0;0;0;0;0;0;0;0;0;0;0;0;0;0;0;0;0;0;0;0
18.02.2021 01:00;0;0;0;0;0;0;0;0;0;0;0;0;0;0;0;0;0;0;0;0;0;0;0;0;0;0;0;0;0;0;0;0
18.02.2021 02:00;0;0;0;0;0;0;0;0;0;0;0;0;0;0;0;0;0;0;0;0;0;0;0;0;0;0;0;0;0;0;0;0
18.02.2021 03:00;0;0;0;0;0;0;0;0;0;0;0;0;0;0;0;0;0;0;0;0;0;0;0;0;0;0;0;0;0;0;0;0
18.02.2021 04:00;0;0;0;0;0;0;0;0;0;0;0;0;0;0;0;0;0;0;0;0;0;0;0;0;0;0;0;0;0;0;0;0
18.02.2021 05:00;0;0;0;0;0;0;0;0;0;0;0;0;0;0;0;0;0;0;0;0;0;0;0;0;0;0;0;0;0;0;0;0
18.02.2021 06:00;0;0;0;0;0;0;0;0;0;0;0;0;0;0;0;0;0;0;0;0;0;0;0;0;0;0;0;0;0;0;0;0
18.02.2021 07:00;0;0;0;0;0;0;0;0;0;0;0;0;0;0;0;0;0;0;0;0;0;0;0;0;0;0;0;0;0;0;0;0
18.02.2021 08:00;0;0;0;0;0;0;0;0;0;0;0;0;0;0;0;0;0;0;0;0;0;0;0;0;0;0;0;0;0;0;0;0
18.02.2021 09:00;0;0;0;0;0;0;0;0;0;0;0;0;0;0;0;0;0;0;0;0;0;0;0;0;0;0;0;0;0;0;0;0
18.02.2021 10:00;0;0;0;0;0;0;0;0;0;0;0;0;0;0;0;0;0;0;0;0;0;0;0;0;0;0;0;0;0;0;0;0
18.02.2021 11:00;0;0;0;0;0;0;0;0;0;0;0;0;0;0;0;0;0;0;0;0;0;0;0;0;0;0;0;0;0;0;0;0
18.02.2021 12:00;0;0;0;0;0;0;0;0;0;0;0;0;0;0;0;0;0;0;0;0;0;0;0;0;0;0;0;0;0;0;0;0
18.02.2021 13:00;0;0;0;0;0;0;0;0;0;0;0;0;0;0;0;0;0;0;0;0;0;0;0;0;0;0;0;0;0;0;0;0
18.02.2021 14:00;0;0;0;0;0;0;0;0;0;0;0;0;0;0;0;0;0;0;0;0;0;0;0;0;0;0;0;0;0;0;0;0
18.02.2021 15:00;0;0;0;0;0;0;0;0;0;0;0;0;0;0;0;0;0;0;0;0;0;0;0;0;0;0;0;0;0;0;0;0
18.02.2021 16:00;0;0;0;0;0;0;0;0;0;0;0;0;0;0;0;0;0;0;0;0;0;0;0;0;0;0;0;0;0;0;0;0
18.02.2021 17:00;0;0;0;0;0;0;0;0;0;0;0;0;0;0;0;0;0;0;0;0;0;0;0;0;0;0;0;0;0;0;0;0
18.02.2021 18:00;0;0;0;0;0;0;0;0;0;0;0;0;0;0;0;0;0;0;0;0;0;0;0;0;0;0;0;0;0;0;0;0
18.02.2021 19:00;0;0;0;0;0;0;0;0;0;0;0;0;0;0;0;0;0;0;0;0;0;0;0;0;0;0;0;0;0;0;0;0
18.02.2021 20:00;0;0;0;0;0;0;0;0;0;0;0;0;0;0;0;0;0;0;0;0;0;0;0;0;0;0;0;0;0;0;0;0
18.02.2021 21:00;0;0;0;0;0;0;0;0;0;0;0;0;0;0;0;0;0;0;0;0;0;0;0;0;0;0;0;0;0;0;0;0
18.02.2021 22:00;0;0;0;0;0;0;0;0;0;0;0;0;0;0;0;0;0;0;0;0;0;0;0;0;0;0;0;0;0;0;0;0
18.02.2021 23:00;0;0;0;0;0;0;0;0;0;0;0;0;0;0;0;0;0;0;0;0;0;0;0;0;0;0;0;0;0;0;0;0
19.02.2021 00:00;0;0;0;0;0;0;0;0;0;0;0;0;0;0;0;0;0;0;0;0;0;0;0;0;0;0;0;0;0;0;0;0
19.02.2021 01:00;0;0;0;0;0;0;0;0;0;0;0;0;0;0;0;0;0;0;0;0;0;0;0;0;0;0;0;0;0;0;0;0
19.02.2021 02:00;0;0;0;0;0;0;0;0;0;0;0;0;0;0;0;0;0;0;0;0;0;0;0;0;0;0;0;0;0;0;0;0
19.02.2021 03:00;0;0;0;0;0;0;0;0;0;0;0;0;0;0;0;0;0;0;0;0;0;0;0;0;0;0;0;0;0;0;0;0
19.02.2021 04:00;0;0;0;0;0;0;0;0;0;0;0;0;0;0;0;0;0;0;0;0;0;0;0;0;0;0;0;0;0;0;0;0
19.02.2021 05:00;0;0;0;0;0;0;0;0;0;0;0;0;0;0;0;0;0;0;0;0;0;0;0;0;0;0;0;0;0;0;0;0
19.02.2021 06:00;0;0;0;0;0;0;0;0;0;0;0;0;0;0;0;0;0;0;0;0;0;0;0;0;0;0;0;0;0;0;0;0
19.02.2021 07:00;0;0;0;0;0;0;0;0;0;0;0;0;0;0;0;0;0;0;0;0;0;0;0;0;0;0;0;0;0;0;0;0
19.02.2021 08:00;0;0;0;0;0;0;0;0;0;0;0;0;0;0;0;0;0;0;0;0;0;0;0;0;0;0;0;0;0;0;0;0
19.02.2021 09:00;0;0;0;0;0;0;0;0;0;0;0;0;0;0;0;0;0;0;0;0;0;0;0;0;0;0;0;0;0;0;0;0
19.02.2021 10:00;0;0;0;0;0;0;0;0;0;0;0;0;0;0;0;0;0;0;0;0;0;0;0;0;0;0;0;0;0;0;0;0
19.02.2021 11:00;0;0;0;0;0;0;0;0;0;0;0;0;0;0;0;0;0;0;0;0;0;0;0;0;0;0;0;0;0;0;0;0
19.02.2021 12:00;0;0;0;0;0;0;0;0;0;0;0;0;0;0;0;0;0;0;0;0;0;0;0;0;0;0;0;0;0;0;0;0
19.02.2021 13:00;0;0;0;0;0;0;0;0;0;0;0;0;0;0;0;0;0;0;0;0;0;0;0;0;0;0;0;0;0;0;0;0
19.02.2021 14:00;0;0;0;0;0;0;0;0;0;0;0;0;0;0;0;0;0;0;0;0;0;0;0;0;0;0;0;0;0;0;0;0
19.02.2021 15:00;0;0;0;0;0;0;0;0;0;0;0;0;0;0;0;0;0;0;0;0;0;0;0;0;0;0;0;0;0;0;0;0
19.02.2021 16:00;0;0;0;0;0;0;0;0;0;0;0;0;0;0;0;0;0;0;0;0;0;0;0;0;0;0;0;0;0;0;0;0
19.02.2021 17:00;0;0;0;0;0;0;0;0;0;0;0;0;0;0;0;0;0;0;0;0;0;0;0;0;0;0;0;0;0;0;0;0
19.02.2021 18:00;0;0;0;0;0;0;0;0;0;0;0;0;0;0;0;0;0;0;0;0;0;0;0;0;0;0;0;0;0;0;0;0
19.02.2021 19:00;0;0;0;0;0;0;0;0;0;0;0;0;0;0;0;0;0;0;0;0;0;0;0;0;0;0;0;0;0;0;0;0
19.02.2021 20:00;0;0;0;0;0;0;0;0;0;0;0;0;0;0;0;0;0;0;0;0;0;0;0;0;0;0;0;0;0;0;0;0
19.02.2021 21:00;0;0;0;0;0;0;0;0;0;0;0;0;0;0;0;0;0;0;0;0;0;0;0;0;0;0;0;0;0;0;0;0
19.02.2021 22:00;0;0;0;0;0;0;0;0;0;0;0;0;0;0;0;0;0;0;0;0;0;0;0;0;0;0;0;0;0;0;0;0
19.02.2021 23:00;0;0;0;0;0;0;0;0;0;0;0;0;0;0;0;0;0;0;0;0;0;0;0;0;0;0;0;0;0;0;0;0
20.02.2021 00:00;0;0;0;0;0;0;0;0;0;0;0;0;0;0;0;0;0;0;0;0;0;0;0;0;0;0;0;0;0;0;0;0
20.02.2021 01:00;0;0;0;0;0;0;0;0;0;0;0;0;0;0;0;0;0;0;0;0;0;0;0;0;0;0;0;0;0;0;0;0
20.02.2021 02:00;0;0;0;0;0;0;0;0;0;0;0;0;0;0;0;0;0;0;0;0;0;0;0;0;0;0;0;0;0;0;0;0
20.02.2021 03:00;0;0;0;0;0;0;0;0;0;0;0;0;0;0;0;0;0;0;0;0;0;0;0;0;0;0;0;0;0;0;0;0
20.02.2021 04:00;0;0;0;0;0;0;0;0;0;0;0;0;0;0;0;0;0;0;0;0;0;0;0;0;0;0;0;0;0;0;0;0
20.02.2021 05:00;0;0;0;0;0;0;0;0;0;0;0;0;0;0;0;0;0;0;0;0;0;0;0;0;0;0;0;0;0;0;0;0
20.02.2021 06:00;0;0;0;0;0;0;0;0;0;0;0;0;0;0;0;0;0;0;0;0;0;0;0;0;0;0;0;0;0;0;0;0
20.02.2021 07:00;0;0;0;0;0;0;0;0;0;0;0;0;0;0;0;0;0;0;0;0;0;0;0;0;0;0;0;0;0;0;0;0
20.02.2021 08:00;0;0;0;0;0;0;0;0;0;0;0;0;0;0;0;0;0;0;0;0;0;0;0;0;0;0;0;0;0;0;0;0
20.02.2021 09:00;0;0;0;0;0;0;0;0;0;0;0;0;0;0;0;0;0;0;0;0;0;0;0;0;0;0;0;0;0;0;0;0
20.02.2021 10:00;0;0;0;0;0;0;0;0;0;0;0;0;0;0;0;0;0;0;0;0;0;0;0;0;0;0;0;0;0;0;0;0
20.02.2021 11:00;0;0;0;0;0;0;0;0;0;0;0;0;0;0;0;0;0;0;0;0;0;0;0;0;0;0;0;0;0;0;0;0
20.02.2021 12:00;0;0;0;0;0;0;0;0;0;0;0;0;0;0;0;0;0;0;0;0;0;0;0;0;0;0;0;0;0;0;0;0
20.02.2021 13:00;0;0;0;0;0;0;0;0;0;0;0;0;0;0;0;0;0;0;0;0;0;0;0;0;0;0;0;0;0;0;0;0
20.02.2021 14:00;0;0;0;0;0;0;0;0;0;0;0;0;0;0;0;0;0;0;0;0;0;0;0;0;0;0;0;0;0;0;0;0
20.02.2021 15:00;0;0;0;0;0;0;0;0;0;0;0;0;0;0;0;0;0;0;0;0;0;0;0;0;0;0;0;0;0;0;0;0
20.02.2021 16:00;0;0;0;0;0;0;0;0;0;0;0;0;0;0;0;0;0;0;0;0;0;0;0;0;0;0;0;0;0;0;0;0
20.02.2021 17:00;0;0;0;0;0;0;0;0;0;0;0;0;0;0;0;0;0;0;0;0;0;0;0;0;0;0;0;0;0;0;0;0
20.02.2021 18:00;0;0;0;0;0;0;0;0;0;0;0;0;0;0;0;0;0;0;0;0;0;0;0;0;0;0;0;0;0;0;0;0
20.02.2021 19:00;0;0;0;0;0;0;0;0;0;0;0;0;0;0;0;0;0;0;0;0;0;0;0;0;0;0;0;0;0;0;0;0
20.02.2021 20:00;0;0;0;0;0;0;0;0;0;0;0;0;0;0;0;0;0;0;0;0;0;0;0;0;0;0;0;0;0;0;0;0
20.02.2021 21:00;0;0;0;0;0;0;0;0;0;0;0;0;0;0;0;0;0;0;0;0;0;0;0;0;0;0;0;0;0;0;0;0
20.02.2021 22:00;0;0;0;0;0;0;0;0;0;0;0;0;0;0;0;0;0;0;0;0;0;0;0;0;0;0;0;0;0;0;0;0
20.02.2021 23:00;0;0;0;0;0;0;0;0;0;0;0;0;0;0;0;0;0;0;0;0;0;0;0;0;0;0;0;0;0;0;0;0
21.02.2021 00:00;0;0;0;0;0;0;0;0;0;0;0;0;0;0;0;0;0;0;0;0;0;0;0;0;0;0;0;0;0;0;0;0
21.02.2021 01:00;0;0;0;0;0;0;0;0;0;0;0;0;0;0;0;0;0;0;0;0;0;0;0;0;0;0;0;0;0;0;0;0
21.02.2021 02:00;0;0;0;0;0;0;0;0;0;0;0;0;0;0;0;0;0;0;0;0;0;0;0;0;0;0;0;0;0;0;0;0
21.02.2021 03:00;0;0;0;0;0;0;0;0;0;0;0;0;0;0;0;0;0;0;0;0;0;0;0;0;0;0;0;0;0;0;0;0
21.02.2021 04:00;0;0;0;0;0;0;0;0;0;0;0;0;0;0;0;0;0;0;0;0;0;0;0;0;0;0;0;0;0;0;0;0
21.02.2021 05:00;0;0;0;0;0;0;0;0;0;0;0;0;0;0;0;0;0;0;0;0;0;0;0;0;0;0;0;0;0;0;0;0
21.02.2021 06:00;0;0;0;0;0;0;0;0;0;0;0;0;0;0;0;0;0;0;0;0;0;0;0;0;0;0;0;0;0;0;0;0
21.02.2021 07:00;0;0;0;0;0;0;0;0;0;0;0;0;0;0;0;0;0;0;0;0;0;0;0;0;0;0;0;0;0;0;0;0
21.02.2021 08:00;0;0;0;0;0;0;0;0;0;0;0;0;0;0;0;0;0;0;0;0;0;0;0;0;0;0;0;0;0;0;0;0
21.02.2021 09:00;0;0;0;0;0;0;0;0;0;0;0;0;0;0;0;0;0;0;0;0;0;0;0;0;0;0;0;0;0;0;0;0
21.02.2021 10:00;0;0;0;0;0;0;0;0;0;0;0;0;0;0;0;0;0;0;0;0;0;0;0;0;0;0;0;0;0;0;0;0
21.02.2021 11:00;0;0;0;0;0;0;0;0;0;0;0;0;0;0;0;0;0;0;0;0;0;0;0;0;0;0;0;0;0;0;0;0
21.02.2021 12:00;0;0;0;0;0;0;0;0;0;0;0;0;0;0;0;0;0;0;0;0;0;0;0;0;0;0;0;0;0;0;0;0
21.02.2021 13:00;0;0;0;0;0;0;0;0;0;0;0;0;0;0;0;0;0;0;0;0;0;0;0;0;0;0;0;0;0;0;0;0
21.02.2021 14:00;0;0;0;0;0;0;0;0;0;0;0;0;0;0;0;0;0;0;0;0;0;0;0;0;0;0;0;0;0;0;0;0
21.02.2021 15:00;0;0;0;0;0;0;0;0;0;0;0;0;0;0;0;0;0;0;0;0;0;0;0;0;0;0;0;0;0;0;0;0
21.02.2021 16:00;0;0;0;0;0;0;0;0;0;0;0;0;0;0;0;0;0;0;0;0;0;0;0;0;0;0;0;0;0;0;0;0
21.02.2021 17:00;0;0;0;0;0;0;0;0;0;0;0;0;0;0;0;0;0;0;0;0;0;0;0;0;0;0;0;0;0;0;0;0
21.02.2021 18:00;0;0;0;0;0;0;0;0;0;0;0;0;0;0;0;0;0;0;0;0;0;0;0;0;0;0;0;0;0;0;0;0
21.02.2021 19:00;0;0;0;0;0;0;0;0;0;0;0;0;0;0;0;0;0;0;0;0;0;0;0;0;0;0;0;0;0;0;0;0
21.02.2021 20:00;0;0;0;0;0;0;0;0;0;0;0;0;0;0;0;0;0;0;0;0;0;0;0;0;0;0;0;0;0;0;0;0
21.02.2021 21:00;0;0;0;0;0;0;0;0;0;0;0;0;0;0;0;0;0;0;0;0;0;0;0;0;0;0;0;0;0;0;0;0
21.02.2021 22:00;0;0;0;0;0;0;0;0;0;0;0;0;0;0;0;0;0;0;0;0;0;0;0;0;0;0;0;0;0;0;0;0
21.02.2021 23:00;0;0;0;0;0;0;0;0;0;0;0;0;0;0;0;0;0;0;0;0;0;0;0;0;0;0;0;0;0;0;0;0
22.02.2021 00:00;0;0;0;0;0;0;0;0;0;0;0;0;0;0;0;0;0;0;0;0;0;0;0;0;0;0;0;0;0;0;0;0
22.02.2021 01:00;0;0;0;0;0;0;0;0;0;0;0;0;0;0;0;0;0;0;0;0;0;0;0;0;0;0;0;0;0;0;0;0
22.02.2021 02:00;0;0;0;0;0;0;0;0;0;0;0;0;0;0;0;0;0;0;0;0;0;0;0;0;0;0;0;0;0;0;0;0
22.02.2021 03:00;0;0;0;0;0;0;0;0;0;0;0;0;0;0;0;0;0;0;0;0;0;0;0;0;0;0;0;0;0;0;0;0
22.02.2021 04:00;0;0;0;0;0;0;0;0;0;0;0;0;0;0;0;0;0;0;0;0;0;0;0;0;0;0;0;0;0;0;0;0
22.02.2021 05:00;0;0;0;0;0;0;0;0;0;0;0;0;0;0;0;0;0;0;0;0;0;0;0;0;0;0;0;0;0;0;0;0
22.02.2021 06:00;0;0;0;0;0;0;0;0;0;0;0;0;0;0;0;0;0;0;0;0;0;0;0;0;0;0;0;0;0;0;0;0
22.02.2021 07:00;0;0;0;0;0;0;0;0;0;0;0;0;0;0;0;0;0;0;0;0;0;0;0;0;0;0;0;0;0;0;0;0
22.02.2021 08:00;0;0;0;0;0;0;0;0;0;0;0;0;0;0;0;0;0;0;0;0;0;0;0;0;0;0;0;0;0;0;0;0
22.02.2021 09:00;0;0;0;0;0;0;0;0;0;0;0;0;0;0;0;0;0;0;0;0;0;0;0;0;0;0;0;0;0;0;0;0
22.02.2021 10:00;0;0;0;0;0;0;0;0;0;0;0;0;0;0;0;0;0;0;0;0;0;0;0;0;0;0;0;0;0;0;0;0
22.02.2021 11:00;0;0;0;0;0;0;0;0;0;0;0;0;0;0;0;0;0;0;0;0;0;0;0;0;0;0;0;0;0;0;0;0
22.02.2021 12:00;0;0;0;0;0;0;0;0;0;0;0;0;0;0;0;0;0;0;0;0;0;0;0;0;0;0;0;0;0;0;0;0
22.02.2021 13:00;0;0;0;0;0;0;0;0;0;0;0;0;0;0;0;0;0;0;0;0;0;0;0;0;0;0;0;0;0;0;0;0
22.02.2021 14:00;0;0;0;0;0;0;0;0;0;0;0;0;0;0;0;0;0;0;0;0;0;0;0;0;0;0;0;0;0;0;0;0
22.02.2021 15:00;0;0;0;0;0;0;0;0;0;0;0;0;0;0;0;0;0;0;0;0;0;0;0;0;0;0;0;0;0;0;0;0
22.02.2021 16:00;0;0;0;0;0;0;0;0;0;0;0;0;0;0;0;0;0;0;0;0;0;0;0;0;0;0;0;0;0;0;0;0
22.02.2021 17:00;0;0;0;0;0;0;0;0;0;0;0;0;0;0;0;0;0;0;0;0;0;0;0;0;0;0;0;0;0;0;0;0
22.02.2021 18:00;0;0;0;0;0;0;0;0;0;0;0;0;0;0;0;0;0;0;0;0;0;0;0;0;0;0;0;0;0;0;0;0
22.02.2021 19:00;0;0;0;0;0;0;0;0;0;0;0;0;0;0;0;0;0;0;0;0;0;0;0;0;0;0;0;0;0;0;0;0
22.02.2021 20:00;0;0;0;0;0;0;0;0;0;0;0;0;0;0;0;0;0;0;0;0;0;0;0;0;0;0;0;0;0;0;0;0
22.02.2021 21:00;0;0;0;0;0;0;0;0;0;0;0;0;0;0;0;0;0;0;0;0;0;0;0;0;0;0;0;0;0;0;0;0
22.02.2021 22:00;0;0;0;0;0;0;0;0;0;0;0;0;0;0;0;0;0;0;0;0;0;0;0;0;0;0;0;0;0;0;0;0
22.02.2021 23:00;0;0;0;0;0;0;0;0;0;0;0;0;0;0;0;0;0;0;0;0;0;0;0;0;0;0;0;0;0;0;0;0
23.02.2021 00:00;0;0;0;0;0;0;0;0;0;0;0;0;0;0;0;0;0;0;0;0;0;0;0;0;0;0;0;0;0;0;0;0
23.02.2021 01:00;0;0;0;0;0;0;0;0;0;0;0;0;0;0;0;0;0;0;0;0;0;0;0;0;0;0;0;0;0;0;0;0
23.02.2021 02:00;0;0;0;0;0;0;0;0;0;0;0;0;0;0;0;0;0;0;0;0;0;0;0;0;0;0;0;0;0;0;0;0
23.02.2021 03:00;0;0;0;0;0;0;0;0;0;0;0;0;0;0;0;0;0;0;0;0;0;0;0;0;0;0;0;0;0;0;0;0
23.02.2021 04:00;0;0;0;0;0;0;0;0;0;0;0;0;0;0;0;0;0;0;0;0;0;0;0;0;0;0;0;0;0;0;0;0
23.02.2021 05:00;0;0;0;0;0;0;0;0;0;0;0;0;0;0;0;0;0;0;0;0;0;0;0;0;0;0;0;0;0;0;0;0
23.02.2021 06:00;0;0;0;0;0;0;0;0;0;0;0;0;0;0;0;0;0;0;0;0;0;0;0;0;0;0;0;0;0;0;0;0
23.02.2021 07:00;0;0;0;0;0;0;0;0;0;0;0;0;0;0;0;0;0;0;0;0;0;0;0;0;0;0;0;0;0;0;0;0
23.02.2021 08:00;0;0;0;0;0;0;0;0;0;0;0;0;0;0;0;0;0;0;0;0;0;0;0;0;0;0;0;0;0;0;0;0
23.02.2021 09:00;0;0;0;0;0;0;0;0;0;0;0;0;0;0;0;0;0;0;0;0;0;0;0;0;0;0;0;0;0;0;0;0
23.02.2021 10:00;0;0;0;0;0;0;0;0;0;0;0;0;0;0;0;0;0;0;0;0;0;0;0;0;0;0;0;0;0;0;0;0
23.02.2021 11:00;0;0;0;0;0;0;0;0;0;0;0;0;0;0;0;0;0;0;0;0;0;0;0;0;0;0;0;0;0;0;0;0
23.02.2021 12:00;0;0;0;0;0;0;0;0;0;0;0;0;0;0;0;0;0;0;0;0;0;0;0;0;0;0;0;0;0;0;0;0
23.02.2021 13:00;0;0;0;0;0;0;0;0;0;0;0;0;0;0;0;0;0;0;0;0;0;0;0;0;0;0;0;0;0;0;0;0
23.02.2021 14:00;0;0;0;0;0;0;0;0;0;0;0;0;0;0;0;0;0;0;0;0;0;0;0;0;0;0;0;0;0;0;0;0
23.02.2021 15:00;0;0;0;0;0;0;0;0;0;0;0;0;0;0;0;0;0;0;0;0;0;0;0;0;0;0;0;0;0;0;0;0
23.02.2021 16:00;0;0;0;0;0;0;0;0;0;0;0;0;0;0;0;0;0;0;0;0;0;0;0;0;0;0;0;0;0;0;0;0
23.02.2021 17:00;0;0;0;0;0;0;0;0;0;0;0;0;0;0;0;0;0;0;0;0;0;0;0;0;0;0;0;0;0;0;0;0
23.02.2021 18:00;0;0;0;0;0;0;0;0;0;0;0;0;0;0;0;0;0;0;0;0;0;0;0;0;0;0;0;0;0;0;0;0
23.02.2021 19:00;0;0;0;0;0;0;0;0;0;0;0;0;0;0;0;0;0;0;0;0;0;0;0;0;0;0;0;0;0;0;0;0
23.02.2021 20:00;0;0;0;0;0;0;0;0;0;0;0;0;0;0;0;0;0;0;0;0;0;0;0;0;0;0;0;0;0;0;0;0
23.02.2021 21:00;0;0;0;0;0;0;0;0;0;0;0;0;0;0;0;0;0;0;0;0;0;0;0;0;0;0;0;0;0;0;0;0
23.02.2021 22:00;0;0;0;0;0;0;0;0;0;0;0;0;0;0;0;0;0;0;0;0;0;0;0;0;0;0;0;0;0;0;0;0
23.02.2021 23:00;0;0;0;0;0;0;0;0;0;0;0;0;0;0;0;0;0;0;0;0;0;0;0;0;0;0;0;0;0;0;0;0
24.02.2021 00:00;0;0;0;0;0;0;0;0;0;0;0;0;0;0;0;0;0;0;0;0;0;0;0;0;0;0;0;0;0;0;0;0
24.02.2021 01:00;0;0;0;0;0;0;0;0;0;0;0;0;0;0;0;0;0;0;0;0;0;0;0;0;0;0;0;0;0;0;0;0
24.02.2021 02:00;0;0;0;0;0;0;0;0;0;0;0;0;0;0;0;0;0;0;0;0;0;0;0;0;0;0;0;0;0;0;0;0
24.02.2021 03:00;0;0;0;0;0;0;0;0;0;0;0;0;0;0;0;0;0;0;0;0;0;0;0;0;0;0;0;0;0;0;0;0
24.02.2021 04:00;0;0;0;0;0;0;0;0;0;0;0;0;0;0;0;0;0;0;0;0;0;0;0;0;0;0;0;0;0;0;0;0
24.02.2021 05:00;0;0;0;0;0;0;0;0;0;0;0;0;0;0;0;0;0;0;0;0;0;0;0;0;0;0;0;0;0;0;0;0
24.02.2021 06:00;0;0;0;0;0;0;0;0;0;0;0;0;0;0;0;0;0;0;0;0;0;0;0;0;0;0;0;0;0;0;0;0
24.02.2021 07:00;0;0;0;0;0;0;0;0;0;0;0;0;0;0;0;0;0;0;0;0;0;0;0;0;0;0;0;0;0;0;0;0
24.02.2021 08:00;0;0;0;0;0;0;0;0;0;0;0;0;0;0;0;0;0;0;0;0;0;0;0;0;0;0;0;0;0;0;0;0
24.02.2021 09:00;0;0;0;0;0;0;0;0;0;0;0;0;0;0;0;0;0;0;0;0;0;0;0;0;0;0;0;0;0;0;0;0
24.02.2021 10:00;0;0;0;0;0;0;0;0;0;0;0;0;0;0;0;0;0;0;0;0;0;0;0;0;0;0;0;0;0;0;0;0
24.02.2021 11:00;0;0;0;0;0;0;0;0;0;0;0;0;0;0;0;0;0;0;0;0;0;0;0;0;0;0;0;0;0;0;0;0
24.02.2021 12:00;0;0;0;0;0;0;0;0;0;0;0;0;0;0;0;0;0;0;0;0;0;0;0;0;0;0;0;0;0;0;0;0
24.02.2021 13:00;0;0;0;0;0;0;0;0;0;0;0;0;0;0;0;0;0;0;0;0;0;0;0;0;0;0;0;0;0;0;0;0
24.02.2021 14:00;0;0;0;0;0;0;0;0;0;0;0;0;0;0;0;0;0;0;0;0;0;0;0;0;0;0;0;0;0;0;0;0
24.02.2021 15:00;0;0;0;0;0;0;0;0;0;0;0;0;0;0;0;0;0;0;0;0;0;0;0;0;0;0;0;0;0;0;0;0
24.02.2021 16:00;0;0;0;0;0;0;0;0;0;0;0;0;0;0;0;0;0;0;0;0;0;0;0;0;0;0;0;0;0;0;0;0
24.02.2021 17:00;0;0;0;0;0;0;0;0;0;0;0;0;0;0;0;0;0;0;0;0;0;0;0;0;0;0;0;0;0;0;0;0
24.02.2021 18:00;0;0;0;0;0;0;0;0;0;0;0;0;0;0;0;0;0;0;0;0;0;0;0;0;0;0;0;0;0;0;0;0
24.02.2021 19:00;0;0;0;0;0;0;0;0;0;0;0;0;0;0;0;0;0;0;0;0;0;0;0;0;0;0;0;0;0;0;0;0
24.02.2021 20:00;0;0;0;0;0;0;0;0;0;0;0;0;0;0;0;0;0;0;0;0;0;0;0;0;0;0;0;0;0;0;0;0
24.02.2021 21:00;0;0;0;0;0;0;0;0;0;0;0;0;0;0;0;0;0;0;0;0;0;0;0;0;0;0;0;0;0;0;0;0
24.02.2021 22:00;0;0;0;0;0;0;0;0;0;0;0;0;0;0;0;0;0;0;0;0;0;0;0;0;0;0;0;0;0;0;0;0
24.02.2021 23:00;0;0;0;0;0;0;0;0;0;0;0;0;0;0;0;0;0;0;0;0;0;0;0;0;0;0;0;0;0;0;0;0
25.02.2021 00:00;0;0;0;0;0;0;0;0;0;0;0;0;0;0;0;0;0;0;0;0;0;0;0;0;0;0;0;0;0;0;0;0
25.02.2021 01:00;0;0;0;0;0;0;0;0;0;0;0;0;0;0;0;0;0;0;0;0;0;0;0;0;0;0;0;0;0;0;0;0
25.02.2021 02:00;0;0;0;0;0;0;0;0;0;0;0;0;0;0;0;0;0;0;0;0;0;0;0;0;0;0;0;0;0;0;0;0
25.02.2021 03:00;0;0;0;0;0;0;0;0;0;0;0;0;0;0;0;0;0;0;0;0;0;0;0;0;0;0;0;0;0;0;0;0
25.02.2021 04:00;0;0;0;0;0;0;0;0;0;0;0;0;0;0;0;0;0;0;0;0;0;0;0;0;0;0;0;0;0;0;0;0
25.02.2021 05:00;0;0;0;0;0;0;0;0;0;0;0;0;0;0;0;0;0;0;0;0;0;0;0;0;0;0;0;0;0;0;0;0
25.02.2021 06:00;0;0;0;0;0;0;0;0;0;0;0;0;0;0;0;0;0;0;0;0;0;0;0;0;0;0;0;0;0;0;0;0
25.02.2021 07:00;0;0;0;0;0;0;0;0;0;0;0;0;0;0;0;0;0;0;0;0;0;0;0;0;0;0;0;0;0;0;0;0
25.02.2021 08:00;0;0;0;0;0;0;0;0;0;0;0;0;0;0;0;0;0;0;0;0;0;0;0;0;0;0;0;0;0;0;0;0
25.02.2021 09:00;0;0;0;0;0;0;0;0;0;0;0;0;0;0;0;0;0;0;0;0;0;0;0;0;0;0;0;0;0;0;0;0
25.02.2021 10:00;0;0;0;0;0;0;0;0;0;0;0;0;0;0;0;0;0;0;0;0;0;0;0;0;0;0;0;0;0;0;0;0
25.02.2021 11:00;0;0;0;0;0;0;0;0;0;0;0;0;0;0;0;0;0;0;0;0;0;0;0;0;0;0;0;0;0;0;0;0
25.02.2021 12:00;0;0;0;0;0;0;0;0;0;0;0;0;0;0;0;0;0;0;0;0;0;0;0;0;0;0;0;0;0;0;0;0
25.02.2021 13:00;0;0;0;0;0;0;0;0;0;0;0;0;0;0;0;0;0;0;0;0;0;0;0;0;0;0;0;0;0;0;0;0
25.02.2021 14:00;0;0;0;0;0;0;0;0;0;0;0;0;0;0;0;0;0;0;0;0;0;0;0;0;0;0;0;0;0;0;0;0
25.02.2021 15:00;0;0;0;0;0;0;0;0;0;0;0;0;0;0;0;0;0;0;0;0;0;0;0;0;0;0;0;0;0;0;0;0
25.02.2021 16:00;0;0;0;0;0;0;0;0;0;0;0;0;0;0;0;0;0;0;0;0;0;0;0;0;0;0;0;0;0;0;0;0
25.02.2021 17:00;0;0;0;0;0;0;0;0;0;0;0;0;0;0;0;0;0;0;0;0;0;0;0;0;0;0;0;0;0;0;0;0
25.02.2021 18:00;0;0;0;0;0;0;0;0;0;0;0;0;0;0;0;0;0;0;0;0;0;0;0;0;0;0;0;0;0;0;0;0
25.02.2021 19:00;0;0;0;0;0;0;0;0;0;0;0;0;0;0;0;0;0;0;0;0;0;0;0;0;0;0;0;0;0;0;0;0
25.02.2021 20:00;0;0;0;0;0;0;0;0;0;0;0;0;0;0;0;0;0;0;0;0;0;0;0;0;0;0;0;0;0;0;0;0
25.02.2021 21:00;0;0;0;0;0;0;0;0;0;0;0;0;0;0;0;0;0;0;0;0;0;0;0;0;0;0;0;0;0;0;0;0
25.02.2021 22:00;0;0;0;0;0;0;0;0;0;0;0;0;0;0;0;0;0;0;0;0;0;0;0;0;0;0;0;0;0;0;0;0
25.02.2021 23:00;0;0;0;0;0;0;0;0;0;0;0;0;0;0;0;0;0;0;0;0;0;0;0;0;0;0;0;0;0;0;0;0
26.02.2021 00:00;0;0;0;0;0;0;0;0;0;0;0;0;0;0;0;0;0;0;0;0;0;0;0;0;0;0;0;0;0;0;0;0
26.02.2021 01:00;0;0;0;0;0;0;0;0;0;0;0;0;0;0;0;0;0;0;0;0;0;0;0;0;0;0;0;0;0;0;0;0
26.02.2021 02:00;0;0;0;0;0;0;0;0;0;0;0;0;0;0;0;0;0;0;0;0;0;0;0;0;0;0;0;0;0;0;0;0
26.02.2021 03:00;0;0;0;0;0;0;0;0;0;0;0;0;0;0;0;0;0;0;0;0;0;0;0;0;0;0;0;0;0;0;0;0
26.02.2021 04:00;0;0;0;0;0;0;0;0;0;0;0;0;0;0;0;0;0;0;0;0;0;0;0;0;0;0;0;0;0;0;0;0
26.02.2021 05:00;0;0;0;0;0;0;0;0;0;0;0;0;0;0;0;0;0;0;0;0;0;0;0;0;0;0;0;0;0;0;0;0
26.02.2021 06:00;0;0;0;0;0;0;0;0;0;0;0;0;0;0;0;0;0;0;0;0;0;0;0;0;0;0;0;0;0;0;0;0
26.02.2021 07:00;0;0;0;0;0;0;0;0;0;0;0;0;0;0;0;0;0;0;0;0;0;0;0;0;0;0;0;0;0;0;0;0
26.02.2021 08:00;0;0;0;0;0;0;0;0;0;0;0;0;0;0;0;0;0;0;0;0;0;0;0;0;0;0;0;0;0;0;0;0
26.02.2021 09:00;0;0;0;0;0;0;0;0;0;0;0;0;0;0;0;0;0;0;0;0;0;0;0;0;0;0;0;0;0;0;0;0
26.02.2021 10:00;0;0;0;0;0;0;0;0;0;0;0;0;0;0;0;0;0;0;0;0;0;0;0;0;0;0;0;0;0;0;0;0
26.02.2021 11:00;0;0;0;0;0;0;0;0;0;0;0;0;0;0;0;0;0;0;0;0;0;0;0;0;0;0;0;0;0;0;0;0
26.02.2021 12:00;0;0;0;0;0;0;0;0;0;0;0;0;0;0;0;0;0;0;0;0;0;0;0;0;0;0;0;0;0;0;0;0
26.02.2021 13:00;0;0;0;0;0;0;0;0;0;0;0;0;0;0;0;0;0;0;0;0;0;0;0;0;0;0;0;0;0;0;0;0
26.02.2021 14:00;0;0;0;0;0;0;0;0;0;0;0;0;0;0;0;0;0;0;0;0;0;0;0;0;0;0;0;0;0;0;0;0
26.02.2021 15:00;0;0;0;0;0;0;0;0;0;0;0;0;0;0;0;0;0;0;0;0;0;0;0;0;0;0;0;0;0;0;0;0
26.02.2021 16:00;0;0;0;0;0;0;0;0;0;0;0;0;0;0;0;0;0;0;0;0;0;0;0;0;0;0;0;0;0;0;0;0
26.02.2021 17:00;0;0;0;0;0;0;0;0;0;0;0;0;0;0;0;0;0;0;0;0;0;0;0;0;0;0;0;0;0;0;0;0
26.02.2021 18:00;0;0;0;0;0;0;0;0;0;0;0;0;0;0;0;0;0;0;0;0;0;0;0;0;0;0;0;0;0;0;0;0
26.02.2021 19:00;0;0;0;0;0;0;0;0;0;0;0;0;0;0;0;0;0;0;0;0;0;0;0;0;0;0;0;0;0;0;0;0
26.02.2021 20:00;0;0;0;0;0;0;0;0;0;0;0;0;0;0;0;0;0;0;0;0;0;0;0;0;0;0;0;0;0;0;0;0
26.02.2021 21:00;0;0;0;0;0;0;0;0;0;0;0;0;0;0;0;0;0;0;0;0;0;0;0;0;0;0;0;0;0;0;0;0
26.02.2021 22:00;0;0;0;0;0;0;0;0;0;0;0;0;0;0;0;0;0;0;0;0;0;0;0;0;0;0;0;0;0;0;0;0
26.02.2021 23:00;0;0;0;0;0;0;0;0;0;0;0;0;0;0;0;0;0;0;0;0;0;0;0;0;0;0;0;0;0;0;0;0
27.02.2021 00:00;0;0;0;0;0;0;0;0;0;0;0;0;0;0;0;0;0;0;0;0;0;0;0;0;0;0;0;0;0;0;0;0
27.02.2021 01:00;0;0;0;0;0;0;0;0;0;0;0;0;0;0;0;0;0;0;0;0;0;0;0;0;0;0;0;0;0;0;0;0
27.02.2021 02:00;0;0;0;0;0;0;0;0;0;0;0;0;0;0;0;0;0;0;0;0;0;0;0;0;0;0;0;0;0;0;0;0
27.02.2021 03:00;0;0;0;0;0;0;0;0;0;0;0;0;0;0;0;0;0;0;0;0;0;0;0;0;0;0;0;0;0;0;0;0
27.02.2021 04:00;0;0;0;0;0;0;0;0;0;0;0;0;0;0;0;0;0;0;0;0;0;0;0;0;0;0;0;0;0;0;0;0
27.02.2021 05:00;0;0;0;0;0;0;0;0;0;0;0;0;0;0;0;0;0;0;0;0;0;0;0;0;0;0;0;0;0;0;0;0
27.02.2021 06:00;0;0;0;0;0;0;0;0;0;0;0;0;0;0;0;0;0;0;0;0;0;0;0;0;0;0;0;0;0;0;0;0
27.02.2021 07:00;0;0;0;0;0;0;0;0;0;0;0;0;0;0;0;0;0;0;0;0;0;0;0;0;0;0;0;0;0;0;0;0
27.02.2021 08:00;0;0;0;0;0;0;0;0;0;0;0;0;0;0;0;0;0;0;0;0;0;0;0;0;0;0;0;0;0;0;0;0
27.02.2021 09:00;0;0;0;0;0;0;0;0;0;0;0;0;0;0;0;0;0;0;0;0;0;0;0;0;0;0;0;0;0;0;0;0
27.02.2021 10:00;0;0;0;0;0;0;0;0;0;0;0;0;0;0;0;0;0;0;0;0;0;0;0;0;0;0;0;0;0;0;0;0
27.02.2021 11:00;0;0;0;0;0;0;0;0;0;0;0;0;0;0;0;0;0;0;0;0;0;0;0;0;0;0;0;0;0;0;0;0
27.02.2021 12:00;0;0;0;0;0;0;0;0;0;0;0;0;0;0;0;0;0;0;0;0;0;0;0;0;0;0;0;0;0;0;0;0
27.02.2021 13:00;0;0;0;0;0;0;0;0;0;0;0;0;0;0;0;0;0;0;0;0;0;0;0;0;0;0;0;0;0;0;0;0
27.02.2021 14:00;0;0;0;0;0;0;0;0;0;0;0;0;0;0;0;0;0;0;0;0;0;0;0;0;0;0;0;0;0;0;0;0
27.02.2021 15:00;0;0;0;0;0;0;0;0;0;0;0;0;0;0;0;0;0;0;0;0;0;0;0;0;0;0;0;0;0;0;0;0
27.02.2021 16:00;0;0;0;0;0;0;0;0;0;0;0;0;0;0;0;0;0;0;0;0;0;0;0;0;0;0;0;0;0;0;0;0
27.02.2021 17:00;0;0;0;0;0;0;0;0;0;0;0;0;0;0;0;0;0;0;0;0;0;0;0;0;0;0;0;0;0;0;0;0
27.02.2021 18:00;0;0;0;0;0;0;0;0;0;0;0;0;0;0;0;0;0;0;0;0;0;0;0;0;0;0;0;0;0;0;0;0
27.02.2021 19:00;0;0;0;0;0;0;0;0;0;0;0;0;0;0;0;0;0;0;0;0;0;0;0;0;0;0;0;0;0;0;0;0
27.02.2021 20:00;0;0;0;0;0;0;0;0;0;0;0;0;0;0;0;0;0;0;0;0;0;0;0;0;0;0;0;0;0;0;0;0
27.02.2021 21:00;0;0;0;0;0;0;0;0;0;0;0;0;0;0;0;0;0;0;0;0;0;0;0;0;0;0;0;0;0;0;0;0
27.02.2021 22:00;0;0;0;0;0;0;0;0;0;0;0;0;0;0;0;0;0;0;0;0;0;0;0;0;0;0;0;0;0;0;0;0
27.02.2021 23:00;0;0;0;0;0;0;0;0;0;0;0;0;0;0;0;0;0;0;0;0;0;0;0;0;0;0;0;0;0;0;0;0
28.02.2021 00:00;0;0;0;0;0;0;0;0;0;0;0;0;0;0;0;0;0;0;0;0;0;0;0;0;0;0;0;0;0;0;0;0
28.02.2021 01:00;0;0;0;0;0;0;0;0;0;0;0;0;0;0;0;0;0;0;0;0;0;0;0;0;0;0;0;0;0;0;0;0
28.02.2021 02:00;0;0;0;0;0;0;0;0;0;0;0;0;0;0;0;0;0;0;0;0;0;0;0;0;0;0;0;0;0;0;0;0
28.02.2021 03:00;0;0;0;0;0;0;0;0;0;0;0;0;0;0;0;0;0;0;0;0;0;0;0;0;0;0;0;0;0;0;0;0
28.02.2021 04:00;0;0;0;0;0;0;0;0;0;0;0;0;0;0;0;0;0;0;0;0;0;0;0;0;0;0;0;0;0;0;0;0
28.02.2021 05:00;0;0;0;0;0;0;0;0;0;0;0;0;0;0;0;0;0;0;0;0;0;0;0;0;0;0;0;0;0;0;0;0
28.02.2021 06:00;0;0;0;0;0;0;0;0;0;0;0;0;0;0;0;0;0;0;0;0;0;0;0;0;0;0;0;0;0;0;0;0
28.02.2021 07:00;0;0;0;0;0;0;0;0;0;0;0;0;0;0;0;0;0;0;0;0;0;0;0;0;0;0;0;0;0;0;0;0
28.02.2021 08:00;0;0;0;0;0;0;0;0;0;0;0;0;0;0;0;0;0;0;0;0;0;0;0;0;0;0;0;0;0;0;0;0
28.02.2021 09:00;0;0;0;0;0;0;0;0;0;0;0;0;0;0;0;0;0;0;0;0;0;0;0;0;0;0;0;0;0;0;0;0
28.02.2021 10:00;0;0;0;0;0;0;0;0;0;0;0;0;0;0;0;0;0;0;0;0;0;0;0;0;0;0;0;0;0;0;0;0
28.02.2021 11:00;0;0;0;0;0;0;0;0;0;0;0;0;0;0;0;0;0;0;0;0;0;0;0;0;0;0;0;0;0;0;0;0
28.02.2021 12:00;0;0;0;0;0;0;0;0;0;0;0;0;0;0;0;0;0;0;0;0;0;0;0;0;0;0;0;0;0;0;0;0
28.02.2021 13:00;0;0;0;0;0;0;0;0;0;0;0;0;0;0;0;0;0;0;0;0;0;0;0;0;0;0;0;0;0;0;0;0
28.02.2021 14:00;0;0;0;0;0;0;0;0;0;0;0;0;0;0;0;0;0;0;0;0;0;0;0;0;0;0;0;0;0;0;0;0
28.02.2021 15:00;0;0;0;0;0;0;0;0;0;0;0;0;0;0;0;0;0;0;0;0;0;0;0;0;0;0;0;0;0;0;0;0
28.02.2021 16:00;0;0;0;0;0;0;0;0;0;0;0;0;0;0;0;0;0;0;0;0;0;0;0;0;0;0;0;0;0;0;0;0
28.02.2021 17:00;0;0;0;0;0;0;0;0;0;0;0;0;0;0;0;0;0;0;0;0;0;0;0;0;0;0;0;0;0;0;0;0
28.02.2021 18:00;0;0;0;0;0;0;0;0;0;0;0;0;0;0;0;0;0;0;0;0;0;0;0;0;0;0;0;0;0;0;0;0
28.02.2021 19:00;0;0;0;0;0;0;0;0;0;0;0;0;0;0;0;0;0;0;0;0;0;0;0;0;0;0;0;0;0;0;0;0
28.02.2021 20:00;0;0;0;0;0;0;0;0;0;0;0;0;0;0;0;0;0;0;0;0;0;0;0;0;0;0;0;0;0;0;0;0
28.02.2021 21:00;0;0;0;0;0;0;0;0;0;0;0;0;0;0;0;0;0;0;0;0;0;0;0;0;0;0;0;0;0;0;0;0
28.02.2021 22:00;0;0;0;0;0;0;0;0;0;0;0;0;0;0;0;0;0;0;0;0;0;0;0;0;0;0;0;0;0;0;0;0
28.02.2021 23:00;0;0;0;0;0;0;0;0;0;0;0;0;0;0;0;0;0;0;0;0;0;0;0;0;0;0;0;0;0;0;0;0
01.03.2021 00:00;0;0;0;0;0;0;0;0;0;0;0;0;0;0;0;0;0;0;0;0;0;0;0;0;0;0;0;0;0;0;0;0
01.03.2021 01:00;0;0;0;0;0;0;0;0;0;0;0;0;0;0;0;0;0;0;0;0;0;0;0;0;0;0;0;0;0;0;0;0
01.03.2021 02:00;0;0;0;0;0;0;0;0;0;0;0;0;0;0;0;0;0;0;0;0;0;0;0;0;0;0;0;0;0;0;0;0
01.03.2021 03:00;0;0;0;0;0;0;0;0;0;0;0;0;0;0;0;0;0;0;0;0;0;0;0;0;0;0;0;0;0;0;0;0
01.03.2021 04:00;0;0;0;0;0;0;0;0;0;0;0;0;0;0;0;0;0;0;0;0;0;0;0;0;0;0;0;0;0;0;0;0
01.03.2021 05:00;0;0;0;0;0;0;0;0;0;0;0;0;0;0;0;0;0;0;0;0;0;0;0;0;0;0;0;0;0;0;0;0
01.03.2021 06:00;0;0;0;0;0;0;0;0;0;0;0;0;0;0;0;0;0;0;0;0;0;0;0;0;0;0;0;0;0;0;0;0
01.03.2021 07:00;0;0;0;0;0;0;0;0;0;0;0;0;0;0;0;0;0;0;0;0;0;0;0;0;0;0;0;0;0;0;0;0
01.03.2021 08:00;0;0;0;0;0;0;0;0;0;0;0;0;0;0;0;0;0;0;0;0;0;0;0;0;0;0;0;0;0;0;0;0
01.03.2021 09:00;0;0;0;0;0;0;0;0;0;0;0;0;0;0;0;0;0;0;0;0;0;0;0;0;0;0;0;0;0;0;0;0
01.03.2021 10:00;0;0;0;0;0;0;0;0;0;0;0;0;0;0;0;0;0;0;0;0;0;0;0;0;0;0;0;0;0;0;0;0
01.03.2021 11:00;0;0;0;0;0;0;0;0;0;0;0;0;0;0;0;0;0;0;0;0;0;0;0;0;0;0;0;0;0;0;0;0
01.03.2021 12:00;0;0;0;0;0;0;0;0;0;0;0;0;0;0;0;0;0;0;0;0;0;0;0;0;0;0;0;0;0;0;0;0
01.03.2021 13:00;0;0;0;0;0;0;0;0;0;0;0;0;0;0;0;0;0;0;0;0;0;0;0;0;0;0;0;0;0;0;0;0
01.03.2021 14:00;0;0;1;1000;4;34480;8;32069;6;53080;0;0;0;0;1;1000;0;0;0;0;2;2020;1;1020;2;94490;6;29329;4;41929;3;22159
01.03.2021 15:00;4;4000;3;3000;86;517243;449;1437411;298;2211077;9;4420;4;4000;3;3000;0;0;0;0;37;41400;11;11160;91;1496797;212;2265910;129;2330605;134;1566322
01.03.2021 16:00;4;4000;4;4000;101;726760;474;1724306;262;2210140;7;53250;4;4000;4;4000;0;0;0;0;42;47970;10;10150;100;1699730;255;2403573;143;2308837;152;1594536
01.03.2021 17:00;4;4000;4;3990;93;699660;472;1619486;239;2284263;7;4130;4;4000;5;4990;0;0;0;0;39;41440;13;13150;109;1621638;203;2872250;122;2161936;134;1439238
01.03.2021 18:00;4;3990;4;4000;88;523157;404;1263201;201;1944166;3;2210;4;3990;4;3990;0;0;0;0;37;40820;7;7100;102;1395177;180;1929776;141;1861191;160;1188283
01.03.2021 19:00;5;4990;4;4000;50;371680;297;721427;143;1328390;7;3430;5;5000;3;3000;0;0;0;0;26;27580;6;6040;65;919754;139;1198248;119;749670;114;630132
01.03.2021 20:00;3;3000;5;5000;19;164965;185;867380;96;794868;1;260;3;3000;5;4990;0;0;0;0;13;14180;2;2040;34;619465;120;1150472;94;421574;76;225044
01.03.2021 21:00;2;2000;2;2000;19;126440;117;427339;70;678915;3;28460;2;2000;2;2000;0;0;0;0;12;12510;1;1010;32;377260;101;477910;62;210319;53;150690
01.03.2021 22:00;2;1990;2;2000;12;95730;91;347100;43;559274;1;260;2;2000;2;1990;0;0;0;0;6;7140;1;1020;30;338180;77;381189;36;99950;40;113530
01.03.2021 23:00;2;2000;2;2000;6;35940;41;222978;17;364709;0;0;2;2000;2;1990;0;0;0;0;1;1010;1;1010;7;114030;37;116110;12;40410;22;52670
02.03.2021 00:00;0;0;1;1000;4;5350;36;60464;15;252459;0;0;0;0;1;1000;0;0;0;0;0;0;0;0;8;194730;31;102258;11;22010;18;37130
02.03.2021 01:00;0;0;0;0;2;1210;15;8820;6;100390;1;390;0;0;0;0;0;0;0;0;0;0;0;0;0;0;11;25063;3;4240;7;15500
02.03.2021 02:00;0;0;0;0;0;0;6;3540;5;70560;1;25920;0;0;0;0;0;0;0;0;1;1010;0;0;3;31600;5;14410;3;7190;2;2860
02.03.2021 03:00;0;0;0;0;0;0;13;8300;6;117625;2;20860;0;0;0;0;0;0;0;0;0;0;0;0;0;0;11;45150;3;2010;5;10260
02.03.2021 04:00;1;1000;0;0;5;45800;30;53430;8;165270;0;0;1;1000;0;0;0;0;0;0;0;0;0;0;3;43210;25;75780;7;12120;15;32114
02.03.2021 05:00;3;3000;2;2000;9;38910;161;396408;36;555269;2;20730;3;3000;3;3000;0;0;0;0;1;1010;1;1000;10;160603;119;611217;42;96850;23;54060
02.03.2021 06:00;4;3990;4;4000;21;170296;394;834781;107;976595;1;390;4;4000;4;3990;0;0;0;0;5;5650;1;1010;29;529180;143;1739384;102;620140;71;361592
02.03.2021 07:00;7;6990;6;5990;80;604350;525;1535442;257;2142690;12;103420;7;6990;6;5980;0;0;0;0;16;16380;2;2020;74;1331000;169;2759091;103;1921533;99;1125058
02.03.2021 08:00;8;7990;9;8990;56;455614;551;1620451;249;1995309;8;49354;8;8000;8;8000;0;0;0;0;17;20882;10;10110;65;1044169;176;2898345;92;1909400;102;1318160
02.03.2021 09:00;5;4990;4;3980;66;623649;411;1495816;279;2035948;17;11140;5;4990;4;4000;0;0;0;0;27;27750;9;9110;92;1509657;184;2458388;103;1541947;122;1368533
02.03.2021 10:00;4;4000;4;4000;63;545581;362;1607351;252;1980140;4;5370;4;3980;4;4000;0;0;0;0;31;36820;7;7080;83;1160516;162;2324185;126;1986783;167;1307478
02.03.2021 11:00;4;3980;5;4990;68;638050;360;1584958;247;1919844;12;77720;4;3990;5;5000;0;0;0;0;30;31520;5;5050;80;1382612;158;2222964;130;1630212;193;1089787
02.03.2021 12:00;5;4990;5;4990;94;709148;406;1664152;280;2083067;10;44000;5;5000;5;4990;0;0;0;0;32;34574;10;10130;83;1224950;160;2417625;133;1742359;160;1637902
02.03.2021 13:00;8;7990;8;7990;88;612291;404;1738011;287;2020140;13;10300;8;7980;8;7980;0;0;0;0;39;42300;13;13110;86;1467099;182;2644242;118;1651323;130;1211122
02.03.2021 14:00;5;5000;6;6000;93;591484;415;1693944;285;2207119;7;47520;5;4990;6;5980;0;0;0;0;51;54110;5;5060;89;1660253;176;2586246;120;1838461;126;1389861
02.03.2021 15:00;4;4000;3;2990;85;910087;447;1630833;283;2334481;11;27420;4;4000;4;3990;0;0;0;0;55;60960;11;11140;97;1267947;217;2527467;136;2203435;139;1354241
02.03.2021 16:00;4;4000;4;3990;88;742496;491;1719806;261;2274916;4;31940;4;4000;4;4000;0;0;0;0;54;59030;11;11140;96;1540402;279;2495839;136;2382310;133;1716305
02.03.2021 17:00;4;4000;4;4000;90;639310;485;1594458;300;2370117;4;83420;4;4000;4;4000;0;0;0;0;54;58590;15;15140;109;1523774;241;2511223;136;2285763;125;1548195
02.03.2021 18:00;4;4000;4;4000;93;671256;398;1211136;197;1986855;4;2200;4;4000;3;3000;0;0;0;0;47;60370;15;15260;88;1225466;163;2133654;164;1642806;141;1221727
02.03.2021 19:00;5;5000;5;5000;71;520730;324;941705;156;1430559;4;2460;5;5000;5;5000;0;0;0;0;24;25890;13;13150;78;877919;149;1231233;156;1213434;137;701954
02.03.2021 20:00;3;2990;4;4000;34;259930;169;865310;88;980772;2;25430;3;2990;4;3990;0;0;0;0;13;14390;5;5050;39;986067;109;1021706;103;433220;87;305152
02.03.2021 21:00;2;2000;2;2000;16;63380;150;498611;67;756268;1;390;2;2000;2;2000;0;0;0;0;8;8050;2;2020;29;206230;109;656771;66;296451;41;104777
02.03.2021 22:00;2;1990;2;2000;14;63760;111;339479;53;594461;1;390;2;2000;2;2000;0;0;0;0;5;5460;0;0;18;261110;84;520973;51;170255;42;108050
02.03.2021 23:00;2;2000;2;2000;6;5600;56;174686;24;293780;0;0;2;2000;2;2000;0;0;0;0;3;3030;0;0;13;150800;45;194631;12;27720;25;75010
03.03.2021 00:00;0;0;1;1000;1;37760;35;40630;6;128078;0;0;0;0;1;1000;0;0;0;0;1;2410;0;0;1;32290;23;89314;9;17390;13;28250
03.03.2021 01:00;0;0;0;0;0;0;18;10440;4;89100;0;0;0;0;0;0;0;0;0;0;0;0;0;0;5;150603;15;46440;6;7260;6;12500
03.03.2021 02:00;0;0;0;0;0;0;9;4750;7;106870;1;16690;0;0;0;0;0;0;0;0;0;0;0;0;1;17660;7;13260;3;6240;9;18850
03.03.2021 03:00;0;0;0;0;1;1460;9;4870;1;17810;0;0;0;0;0;0;0;0;0;0;0;0;0;0;1;6030;8;30050;2;3420;4;8860
03.03.2021 04:00;1;1000;0;0;4;40910;25;36550;13;259686;1;47260;1;1000;0;0;0;0;0;0;0;0;0;0;3;46130;22;72724;6;15350;10;27730
03.03.2021 05:00;3;3000;3;3000;7;32080;148;424864;33;517610;1;130;3;2990;3;2990;0;0;0;0;1;1010;1;1000;7;47870;109;718300;40;89350;20;49270
03.03.2021 06:00;4;4000;3;3000;24;392447;378;989964;93;1208820;6;78465;4;4000;4;3990;0;0;0;0;4;4530;3;3010;25;515516;134;1802195;115;745707;79;342853
03.03.2021 07:00;7;7000;6;5980;50;367598;594;1351240;265;2315425;13;32990;7;7000;5;4990;0;0;0;0;24;26080;5;5070;60;1227298;215;2971308;102;1819554;104;1212059
03.03.2021 08:00;7;7000;7;6990;65;505000;521;1506413;277;1884913;7;2320;7;6990;7;7000;0;0;0;0;17;17380;5;5050;68;1071186;184;3006554;101;1844832;105;1184968
03.03.2021 09:00;4;4000;4;3990;56;366647;387;1616551;273;2007368;6;71220;4;3990;5;4980;0;0;0;0;24;25990;8;8070;69;1117198;167;2508634;87;1377764;122;1555148
03.03.2021 10:00;4;4000;4;4000;72;592723;406;1556749;221;1773954;11;9360;4;4000;3;3000;0;0;0;0;27;28770;9;9120;89;1342885;154;2538911;123;1372024;153;1022962
03.03.2021 11:00;4;3990;4;3980;90;795961;352;1517838;259;2000533;14;85380;4;4000;4;4000;0;0;0;0;52;53580;8;8110;85;1375112;169;2299785;123;1866522;126;1020308
03.03.2021 12:00;5;4990;6;6000;81;507453;387;1791931;293;2127617;8;7950;5;5000;6;5990;0;0;0;0;33;34583;12;12140;85;1353704;144;2508121;116;1763828;131;1262371
03.03.2021 13:00;8;8000;8;8000;90;712998;395;1830808;263;1956282;7;4800;8;8087;8;7970;0;0;0;0;40;46760;10;10090;95;1397952;157;2641079;111;2302041;144;1493627
03.03.2021 14:00;4;3990;5;5000;71;521194;405;1469569;264;2008034;4;6260;5;4990;6;6000;0;0;0;0;57;65350;11;11130;73;1000303;167;2404994;120;2003689;117;1657883
03.03.2021 15:00;5;5000;4;4000;71;423235;422;1803315;276;2246388;9;7640;4;4000;4;4000;0;0;0;0;86;89910;9;9110;86;1382112;187;2681399;126;2223105;150;1601089
03.03.2021 16:00;4;4000;5;5000;94;745184;480;1483803;282;2408094;5;59006;4;3990;4;4000;0;0;0;0;35;35590;16;16240;94;1517338;239;2493273;101;2349633;155;1713400
03.03.2021 17:00;4;3990;3;2990;115;612956;432;1686095;277;2290865;5;3510;4;4000;4;4000;0;0;0;0;42;45770;10;10150;106;1505589;175;2636838;126;2230890;143;1316015
03.03.2021 18:00;4;4000;5;5000;70;470394;451;1400862;199;2074893;4;31440;4;4000;4;4000;0;0;0;0;33;34150;10;10100;95;1310889;178;2350678;150;1634518;142;1404553
03.03.2021 19:00;4;4000;4;3990;58;576117;320;1004879;152;1664575;2;520;5;4990;4;4000;0;0;0;0;25;25170;5;5080;63;888717;168;1491493;160;947987;136;586461
03.03.2021 20:00;4;4000;4;4000;25;235348;187;997860;82;979745;2;36280;3;3000;4;4000;0;0;0;0;20;21320;2;2030;47;462768;130;1094797;103;447950;75;262570
03.03.2021 21:00;2;2000;2;1990;17;136590;152;527188;69;737012;3;1690;2;2000;2;2000;0;0;0;0;16;20450;3;3040;19;245564;115;740860;74;210935;70;184260
03.03.2021 22:00;2;2000;2;2000;12;30244;120;339010;31;397704;1;650;2;2000;2;2000;0;0;0;0;12;12220;1;1010;26;223624;73;428037;49;110140;38;123559
03.03.2021 23:00;2;2000;2;2000;5;80964;48;264905;19;235900;1;17710;2;2000;2;2000;0;0;0;0;2;2310;1;1010;8;122444;40;179340;22;40950;25;54020
04.03.2021 00:00;0;0;1;1000;1;730;30;90295;6;129370;0;0;0;0;1;990;0;0;0;0;2;2020;0;0;4;28850;24;81180;6;11140;12;28914
04.03.2021 01:00;0;0;0;0;3;34690;13;20260;8;127950;1;26820;0;0;0;0;0;0;0;0;1;1000;0;0;2;24956;11;31190;7;15160;10;21330
04.03.2021 02:00;0;0;0;0;1;410;14;32620;6;52960;1;25720;0;0;0;0;0;0;0;0;0;0;0;0;3;43860;9;40890;3;3510;7;6370
04.03.2021 03:00;0;0;0;0;0;0;11;6420;6;115410;0;0;0;0;0;0;0;0;0;0;0;0;0;0;3;7300;12;35560;3;1920;6;14030
04.03.2021 04:00;1;990;0;0;4;43430;32;58220;8;155420;1;16240;1;1000;0;0;0;0;0;0;0;0;0;0;3;9520;27;116120;13;23140;13;28730
04.03.2021 05:00;3;3000;3;3000;9;16290;146;316618;35;443361;0;0;3;3000;3;3000;0;0;0;0;0;0;0;0;7;38630;109;719789;51;123500;26;52414
04.03.2021 06:00;4;3990;4;3990;20;149240;378;1103550;97;1383226;1;320;4;3990;4;3990;0;0;0;0;5;5040;0;0;36;580215;124;2003430;107;630342;54;215298
04.03.2021 07:00;7;6990;5;4990;59;533843;553;1851502;272;1969242;7;4730;7;6990;5;4990;0;0;0;0;21;21980;6;6030;60;991443;188;2979640;84;1930854;94;1264242
04.03.2021 08:00;5;5000;6;6000;71;928070;513;1384193;252;2177521;5;2060;5;5000;6;6000;0;0;0;0;17;21155;3;3020;68;1069195;197;2727954;87;1953168;123;1175665
04.03.2021 09:00;4;4000;5;5000;49;462606;392;1498412;238;1809387;7;62505;4;4000;5;4990;0;0;0;0;23;23600;7;7090;75;1323793;189;2203070;97;1476689;137;999900
04.03.2021 10:00;5;4990;3;2990;65;377299;366;1652434;276;1896820;5;63500;5;5000;4;4000;0;0;0;0;27;28660;11;11130;94;1514642;158;2548373;107;1754238;129;1045869
04.03.2021 11:00;4;3990;5;5000;74;488998;369;1344476;276;2033022;6;67052;4;4000;4;4000;0;0;0;0;38;44430;11;11140;100;1279833;149;2272998;124;1675873;143;1227694
04.03.2021 12:00;5;4990;5;5000;100;535891;399;1586465;255;1859732;7;7830;5;4990;5;5000;0;0;0;0;37;40530;9;9050;99;1520072;197;2384607;130;1854366;126;1077507
04.03.2021 13:00;8;7990;8;7980;96;736855;406;1955726;293;2198118;10;35790;8;8000;8;7990;0;0;0;0;38;39130;9;9110;91;1303661;137;2774104;113;2217808;124;1471276
04.03.2021 14:00;5;5054;6;5980;92;672409;444;1748898;268;1895948;7;83760;5;5000;6;5980;0;0;0;0;34;41994;8;8090;90;1351191;161;2657837;110;2143717;112;1243134
04.03.2021 15:00;4;3990;3;2990;107;737392;500;1792536;279;2225089;11;90660;4;4000;3;3000;0;0;0;0;40;50340;4;4050;89;1421582;171;2764576;130;1947129;139;1407677
04.03.2021 16:00;4;4000;4;4000;93;777815;489;1638294;258;2278492;8;96655;4;3990;4;3990;0;0;0;0;48;58206;12;12140;81;1585221;216;2614752;127;2476382;137;1853932
04.03.2021 17:00;4;3990;5;4990;108;788869;480;1415614;264;2294747;3;1430;4;4000;5;5000;0;0;0;0;37;42740;7;7080;109;1428409;221;2501997;138;2139268;146;1662007
04.03.2021 18:00;4;3990;3;3000;87;740497;443;1455591;231;2079257;3;1810;4;3990;3;3000;0;0;0;0;48;60430;15;15140;86;1173642;188;2107656;144;1986958;170;1076798
04.03.2021 19:00;4;3990;5;5000;48;421719;316;952410;140;1631873;4;1550;5;5000;5;5000;0;0;0;0;37;38810;9;9100;76;967022;171;1439362;168;989026;125;634616
04.03.2021 20:00;4;3980;4;3990;25;198212;192;795340;90;850445;3;980;3;3000;4;4000;0;0;0;0;19;19380;12;12120;40;468984;109;1063325;105;558141;102;408897
04.03.2021 21:00;2;2000;2;2000;24;181081;136;515337;76;773831;0;0;2;2000;2;2000;0;0;0;0;7;7590;1;1020;33;452793;92;743079;61;350593;52;285917
04.03.2021 22:00;2;2000;2;2000;12;79169;118;490307;39;620740;0;0;2;1990;2;1990;0;0;0;0;7;7040;0;0;22;307324;86;625711;50;279072;42;269955
04.03.2021 23:00;2;2000;2;2000;11;88633;66;117970;17;248094;1;1810;2;2000;2;2000;0;0;0;0;2;2010;1;1020;12;143349;53;278340;30;103750;31;123940
05.03.2021 00:00;0;0;1;1000;7;110668;28;89750;5;44110;0;0;0;0;1;1000;0;0;0;0;0;0;0;0;8;180973;26;135670;15;61580;14;55670
05.03.2021 01:00;0;0;0;0;2;25490;28;69410;16;203020;2;2640;0;0;0;0;0;0;0;0;0;0;0;0;6;117585;25;109960;5;13880;11;58490
05.03.2021 02:00;0;0;0;0;1;3890;14;7370;3;72220;0;0;0;0;0;0;0;0;0;0;0;0;0;0;0;0;13;52903;3;19880;6;20110
05.03.2021 03:00;0;0;0;0;1;18650;12;7790;3;27940;0;0;0;0;0;0;0;0;0;0;0;0;0;0;1;19040;10;51840;4;15730;6;29070
05.03.2021 04:00;1;990;0;0;5;21940;37;25600;9;214525;0;0;1;1000;0;0;0;0;0;0;0;0;0;0;5;15260;32;141490;12;39920;14;73630
05.03.2021 05:00;3;3000;2;2000;7;59330;140;413385;29;457378;1;1290;3;2990;3;3000;0;0;0;0;2;2000;0;0;13;137431;90;788869;39;149690;37;148514
05.03.2021 06:00;4;4000;4;4000;17;102580;355;799957;94;1254717;0;0;4;3980;4;3990;0;0;0;0;3;3010;2;2030;26;306996;119;1791803;95;889547;48;425200
05.03.2021 07:00;7;7000;6;6000;62;468743;520;1678564;254;2213509;7;84114;7;6990;6;5990;0;0;0;0;21;22610;3;3020;63;947541;152;2947058;91;1825288;108;1178269
05.03.2021 08:00;7;7000;9;8990;76;792748;456;1516787;256;2027705;4;53560;7;6990;8;7990;0;0;0;0;24;24840;2;2020;65;1067070;225;2430747;90;1659015;103;1382659
05.03.2021 09:00;5;4980;4;3990;54;590200;404;1478410;265;1908026;9;49150;5;4970;4;4000;0;0;0;0;31;31960;8;8100;111;1324733;178;2487813;98;1327123;103;1071947
05.03.2021 10:00;5;5000;3;3000;73;624107;415;1433682;260;2066913;12;43730;5;5000;3;3000;0;0;0;0;28;31720;10;10120;83;1292742;159;2444860;109;1528711;127;1066940
05.03.2021 11:00;4;4000;5;5000;81;765977;345;1602771;278;2005746;11;43060;4;3990;6;6000;0;0;0;0;32;35420;13;13110;94;1677716;155;2311136;118;1534008;121;1239002
05.03.2021 12:00;5;4990;5;5000;93;757456;438;1748279;289;2299694;8;62480;5;5000;4;3980;0;0;0;0;44;50238;7;7090;115;1528913;189;2531964;132;1976091;132;1335329
05.03.2021 13:00;8;7980;9;8990;85;692741;491;1469571;284;2400738;8;6530;8;7990;9;9000;0;0;0;0;37;39720;13;13150;96;1506279;237;2441902;85;2527627;139;1979356
05.03.2021 14:00;5;4980;6;5990;76;706025;439;1476941;260;2344498;8;3420;5;5000;6;6000;0;0;0;0;43;50170;6;6060;90;1387728;217;2372111;135;1981085;127;1453855
05.03.2021 15:00;4;4000;4;4000;83;737337;461;1434147;272;2225284;8;2470;4;3990;4;3990;0;0;0;0;41;42928;14;14150;93;1610465;223;2082031;138;1863155;143;1541968
05.03.2021 16:00;4;3990;3;3000;81;807978;492;1605720;253;2268178;8;66900;4;4000;4;4000;0;0;0;0;59;69003;9;9120;105;1540825;244;2359361;107;2013677;133;1299249
05.03.2021 17:00;4;3990;5;5000;100;912513;467;1692524;244;2359739;7;3440;4;4000;4;4000;0;0;0;0;43;48280;4;4040;83;1324709;235;2376497;136;2120649;144;1488572
05.03.2021 18:00;4;4000;4;3980;73;544195;443;1345328;232;1933897;8;3760;4;3990;4;4000;0;0;0;0;27;27260;12;12160;82;1216002;186;2099269;166;1810663;151;1507394
05.03.2021 19:00;5;4990;3;3000;62;352613;321;973559;163;1646197;2;1480;5;4980;4;3990;0;0;0;0;30;31250;9;9090;69;1174718;158;1527516;145;935676;128;540324
05.03.2021 20:00;3;3000;4;3990;43;523106;233;1093523;108;1029256;2;1796;3;3000;4;3990;0;0;0;0;21;26710;8;8060;49;648766;161;1536029;111;481190;129;584476
05.03.2021 21:00;2;2000;3;3000;17;99130;175;667826;75;786816;0;0;2;1990;2;2000;0;0;0;0;14;14840;5;5060;29;460620;124;844178;87;308853;73;214891
05.03.2021 22:00;2;2000;2;2000;12;54180;131;550081;57;626614;2;31410;2;2000;2;2000;0;0;0;0;5;5130;0;0;25;353710;105;569379;45;380771;61;200640
05.03.2021 23:00;2;2000;2;2000;7;40000;94;316146;30;492220;0;0;2;2000;2;1990;0;0;0;0;1;1000;3;3030;21;331810;80;355244;57;132020;48;137460
06.03.2021 00:00;0;0;1;1000;2;2680;54;152870;34;437417;0;0;0;0;1;1000;0;0;0;0;1;1010;0;0;4;130445;48;131030;33;62720;20;47300
06.03.2021 01:00;0;0;0;0;6;41920;50;51090;15;131870;0;0;0;0;0;0;0;0;0;0;1;1000;1;1010;6;58250;41;135500;22;37000;21;41580
06.03.2021 02:00;0;0;0;0;4;63230;29;89760;6;162340;1;43330;0;0;0;0;0;0;0;0;0;0;0;0;4;101980;24;62240;8;12610;9;14494
06.03.2021 03:00;0;0;0;0;7;41240;21;40260;5;52218;0;0;0;0;0;0;0;0;0;0;0;0;0;0;2;41230;15;34940;3;5420;4;10630
06.03.2021 04:00;1;1000;0;0;3;13650;20;40160;11;155150;0;0;1;1000;0;0;0;0;0;0;0;0;0;0;6;90253;21;53576;11;19970;6;11990
06.03.2021 05:00;3;3000;3;3000;8;64200;52;166787;14;227600;0;0;3;3000;3;2990;0;0;0;0;2;2750;1;1010;6;75440;41;134270;26;67110;23;38720
06.03.2021 06:00;4;3990;4;3990;9;102500;76;138000;19;327111;1;970;4;4000;4;3990;0;0;0;0;1;1010;0;0;15;178160;77;281297;45;143390;29;83160
06.03.2021 07:00;4;4000;4;4000;12;140070;118;515280;52;568067;1;9410;4;4000;4;4000;0;0;0;0;4;4890;2;2040;16;199000;95;560412;58;368834;34;132180
06.03.2021 08:00;5;4990;4;4000;21;187159;199;801452;97;905241;1;260;5;5000;4;4000;0;0;0;0;20;20510;4;4050;31;400040;128;1148821;70;521259;85;471711
06.03.2021 09:00;4;3980;4;4000;20;200364;279;1215606;203;1460141;2;650;4;4000;4;3990;0;0;0;0;37;38555;7;7070;44;700457;152;1769573;107;979496;131;911215
06.03.2021 10:00;5;5000;5;4990;58;462834;335;1285278;206;1634692;9;54930;5;5000;5;5000;0;0;0;0;39;40950;6;6080;60;984123;143;2265346;107;1321446;135;1015043
06.03.2021 11:00;4;3990;4;3990;76;710714;341;1501790;240;1690819;1;40440;4;3990;4;4000;0;0;0;0;35;36320;11;11090;77;1214630;162;2063127;129;1542057;161;1386505
06.03.2021 12:00;4;3990;4;3970;72;447632;358;1637941;231;1695082;5;4660;4;4000;4;4000;0;0;0;0;44;48383;9;9050;76;1122145;221;2177993;115;1612696;140;1079965
06.03.2021 13:00;4;4000;4;4000;67;526125;419;1638258;265;1912317;0;0;4;4000;4;4000;0;0;0;0;36;38580;8;8040;92;1229238;204;2280415;116;1963028;143;1425698
06.03.2021 14:00;4;3990;4;4000;61;538523;450;1545376;224;1714770;5;2590;4;4000;4;3990;0;0;0;0;42;49130;10;10120;195;1982309;190;2543601;124;1939638;148;1410708
06.03.2021 15:00;4;3980;4;3990;53;550974;393;1649150;217;1778759;6;45390;4;4000;4;4000;0;0;0;0;36;38840;8;8030;66;1252774;176;2352810;115;1571609;118;944578
06.03.2021 16:00;4;4000;4;3990;62;471249;358;1382532;196;1546803;0;0;4;3980;4;4000;0;0;0;0;43;50270;17;17110;71;1112805;186;1892103;132;1291934;108;956598
06.03.2021 17:00;4;4000;5;5000;58;575100;346;1470738;224;1744146;8;43490;4;4000;5;5000;0;0;0;0;51;56250;8;8060;68;1107785;202;2114758;155;1294828;121;1042794
06.03.2021 18:00;4;4000;4;4000;61;454765;378;1480503;178;1479036;2;1230;4;4000;4;3980;0;0;0;0;24;24460;6;6030;70;1071956;160;2314221;138;1125560;139;1023621
06.03.2021 19:00;4;4000;4;4000;37;367629;281;1194816;129;1248660;0;0;4;3990;4;3990;0;0;0;0;18;19310;8;8050;55;899706;143;1629994;130;755485;98;499057
06.03.2021 20:00;2;1990;2;2000;29;265480;237;916970;93;849826;4;1230;2;2000;2;1990;0;0;0;0;18;19660;3;3020;52;513777;157;1199022;105;445637;103;430586
06.03.2021 21:00;2;2000;2;1990;18;118780;186;791380;68;610188;1;780;2;2000;2;2000;0;0;0;0;15;15110;0;0;31;344460;138;726036;74;237900;66;231714
06.03.2021 22:00;2;2000;2;2000;12;102030;159;599109;39;349175;0;0;2;2000;2;1990;0;0;0;0;11;12050;3;3010;31;329664;105;605861;64;195640;78;295190
06.03.2021 23:00;2;2000;2;1980;9;10120;109;278172;30;498070;0;0;2;2000;2;2000;0;0;0;0;4;4020;0;0;16;174690;87;386390;46;111493;53;111270
07.03.2021 00:00;0;0;1;990;5;20130;66;126016;31;423281;1;25200;0;0;1;1000;0;0;0;0;1;1010;0;0;12;156060;57;158904;26;57970;28;60970
07.03.2021 01:00;0;0;0;0;5;52540;45;189100;22;305630;1;3010;0;0;0;0;0;0;0;0;0;0;1;1010;5;78580;35;111060;17;32430;19;43440
07.03.2021 02:00;0;0;0;0;3;21840;24;15950;20;148493;0;0;0;0;0;0;0;0;0;0;2;2360;0;0;5;35454;20;44360;18;35590;19;26646
07.03.2021 03:00;0;0;0;0;0;0;16;8520;5;59240;0;0;0;0;0;0;0;0;0;0;0;0;0;0;4;80896;12;29390;9;16750;7;15580
07.03.2021 04:00;0;0;0;0;0;0;15;9480;5;104700;0;0;0;0;0;0;0;0;0;0;0;0;0;0;2;46840;12;29700;5;12460;6;14050
07.03.2021 05:00;2;2000;1;1000;4;6620;26;11360;9;131664;1;2770;2;1990;1;1000;0;0;0;0;0;0;0;0;4;73040;23;47820;8;13150;14;25747
07.03.2021 06:00;2;1990;2;2000;2;2990;19;8270;8;138960;0;0;2;2000;2;2000;0;0;0;0;1;1000;0;0;4;49140;12;30490;13;29990;13;23630
07.03.2021 07:00;2;1990;2;1990;7;46370;41;76900;21;327462;0;0;2;2000;2;2000;0;0;0;0;3;3010;2;2000;8;136780;29;91498;9;30920;15;36824
07.03.2021 08:00;2;2000;2;2000;9;53980;62;553746;48;624879;1;200;2;2000;2;2000;0;0;0;0;15;16630;0;0;17;118039;50;319425;33;188482;35;196732
07.03.2021 09:00;2;2000;2;1990;12;387564;130;1005320;68;1271085;2;355114;2;2000;2;2000;1;2340;1;1730;14;14090;4;4040;22;839462;94;856100;64;677818;78;605451
07.03.2021 10:00;2;2000;2;2000;30;145574;196;593527;121;892307;1;2370;2;2000;2;1990;0;0;0;0;19;21090;3;3020;37;494041;134;920005;85;665037;90;490811
07.03.2021 11:00;2;2000;2;2000;29;159854;265;957123;138;1252580;2;590;2;2000;2;2000;0;0;0;0;13;13230;9;9040;35;350945;151;1353926;109;982911;122;636335
07.03.2021 12:00;3;3000;3;2990;48;186520;278;1067313;163;1418025;3;1720;3;2990;3;2990;0;0;0;0;24;24710;5;5030;61;699250;169;1216596;110;764476;132;747803
07.03.2021 13:00;4;4000;4;4000;57;296333;350;1174354;233;1723859;1;1060;4;3990;4;3990;0;0;0;0;31;39179;5;5020;54;642721;195;1878410;119;824426;129;912904
07.03.2021 14:00;4;4000;4;3990;48;383487;343;1377846;212;1622197;7;35070;4;4000;4;4000;0;0;0;0;26;26840;8;8060;59;701426;174;1803794;123;1143526;132;1009065
07.03.2021 15:00;4;3990;4;4000;44;328524;328;1129124;185;1267518;5;2240;4;4000;4;4000;0;0;0;0;25;26030;10;10330;55;611746;192;1891915;121;1082622;110;826220
07.03.2021 16:00;4;3990;4;4000;62;298186;360;1255465;176;1254177;2;9220;4;3990;4;4000;0;0;0;0;37;39161;9;9060;51;792453;199;1976014;118;844347;121;925174
07.03.2021 17:00;4;4000;4;4000;45;347040;368;1283483;190;1594148;4;1980;4;3990;4;4000;0;0;0;0;32;36640;8;8050;67;856447;210;1839333;146;813961;141;721409
07.03.2021 18:00;4;4000;4;3980;57;369390;317;1207831;169;1307756;4;1980;4;4000;4;4000;0;0;0;0;18;21150;4;4020;63;694188;147;1798282;125;1013014;137;732272
07.03.2021 19:00;2;2000;2;2000;41;196586;286;974805;127;1168671;2;730;2;2000;2;2000;0;0;0;0;13;13430;2;2010;45;601438;154;1287909;126;494523;121;413705
07.03.2021 20:00;2;2000;2;2000;29;178874;200;536483;75;923038;3;2580;2;1990;2;1990;0;0;0;0;4;4040;3;3010;36;439978;131;924351;78;342559;69;228537
07.03.2021 21:00;2;2069;2;2000;23;213533;145;449608;53;619737;1;260;2;2000;2;2000;0;0;0;0;5;5075;2;2020;26;300980;109;665883;58;218600;44;148220
07.03.2021 22:00;2;2000;2;2000;8;131170;72;258444;36;432544;0;0;2;1990;2;2000;0;0;0;0;5;5590;1;1010;18;160553;65;285073;47;100894;35;86071
07.03.2021 23:00;2;2000;2;2000;9;86650;41;113250;20;194039;0;0;2;2000;2;1990;0;0;0;0;0;0;1;1000;5;37740;34;136670;28;58090;20;69850
08.03.2021 00:00;0;0;1;1000;4;91050;27;98336;8;126346;0;0;0;0;1;1000;0;0;0;0;1;1460;0;0;3;37120;21;77640;6;9070;14;24780
08.03.2021 01:00;0;0;0;0;1;570;10;34620;5;89177;1;13440;0;0;0;0;0;0;0;0;0;0;0;0;4;52920;9;19810;3;2960;4;8630
08.03.2021 02:00;0;0;0;0;0;0;11;8840;3;26970;0;0;0;0;0;0;0;0;0;0;0;0;0;0;1;22290;7;29690;3;34610;4;6400
08.03.2021 03:00;0;0;0;0;1;23540;20;12720;8;104610;0;0;0;0;0;0;0;0;0;0;0;0;0;0;1;18000;17;53710;3;3650;4;7250
08.03.2021 04:00;1;990;0;0;5;84200;24;43620;9;165897;0;0;1;1000;0;0;0;0;0;0;0;0;0;0;3;22940;26;106440;6;10880;14;28080
08.03.2021 05:00;3;3000;2;2000;11;80140;146;353815;32;429783;1;200;3;3000;3;3000;0;0;0;0;0;0;0;0;13;137650;96;587010;48;129960;24;57819
08.03.2021 06:00;4;3990;4;4000;21;265276;417;838246;93;1167524;3;1190;4;4000;4;4000;0;0;0;0;10;11730;2;2010;32;440070;143;1763856;118;726481;70;382523
08.03.2021 07:00;6;6000;5;4990;60;702494;540;1645143;222;2084087;9;48950;6;6000;4;4000;0;0;0;0;25;26980;8;8050;65;1213941;213;2925699;117;1650165;181;1587699
08.03.2021 08:00;7;6980;8;7990;71;648586;513;1710771;254;2262428;8;4740;7;6990;8;7990;0;0;1;680;25;30640;10;10060;60;1243243;172;2910234;90;1839757;121;1883505
08.03.2021 09:00;4;4000;3;3000;70;679067;411;1466990;250;1955309;9;49700;4;3990;4;4000;0;0;0;0;33;38170;9;9060;85;1028043;197;2279580;98;1635981;118;1068116
08.03.2021 10:00;4;4000;4;4000;84;675204;356;1421371;262;1812889;12;69255;4;4000;4;3990;0;0;0;0;19;20430;13;13060;85;1160974;147;2328283;115;1615150;142;1171532
08.03.2021 11:00;4;4000;4;4000;76;820598;348;1679293;247;2156674;8;9790;4;3990;3;3000;0;0;0;0;38;39660;17;17190;84;1287626;170;2323363;26;911256;120;2188565
08.03.2021 12:00;5;4990;6;5930;73;681539;349;1689639;248;1858351;9;5820;5;4990;6;6000;0;0;0;0;44;46330;12;12080;93;1448256;174;2275704;9;119442;116;2416880
08.03.2021 13:00;8;8000;7;7060;81;717321;349;1577844;272;2124345;9;33840;8;8033;8;8000;0;0;0;0;42;45630;7;7360;78;1236197;144;2390567;18;985216;125;2126980
08.03.2021 14:00;5;5000;6;6000;83;566300;400;1639077;249;1727445;1;320;5;5000;6;5990;0;0;0;0;40;45433;12;12100;83;1351056;167;2395784;123;1836262;129;1301903
08.03.2021 15:00;4;4000;5;4990;103;820447;438;1576639;272;2143475;10;4710;4;3990;4;4000;0;0;0;0;38;46700;18;20060;99;1367496;192;2324023;124;2225792;148;1452947
08.03.2021 16:00;5;5000;4;4000;103;940406;488;1474194;273;2448005;7;76390;5;4970;5;5000;0;0;0;0;49;52600;11;11483;103;1668801;276;2559828;116;2344733;149;1569020
08.03.2021 17:00;2;2000;4;4000;104;900617;507;1636659;260;2618514;9;61660;2;2000;3;3000;0;0;0;0;44;47650;18;19020;105;1641428;245;2598432;115;2204894;138;1418328
08.03.2021 18:00;5;4990;4;4000;88;519347;409;1266893;204;1960992;2;1090;5;5044;4;4000;0;0;0;0;45;48410;13;13190;94;1511783;191;2023299;177;1573523;174;1092359
08.03.2021 19:00;5;5000;3;3000;56;544590;278;961101;149;1617267;6;2440;5;5000;3;3000;0;0;0;0;34;35790;7;7110;66;1030159;173;1224781;135;889294;126;481193
08.03.2021 20:00;3;3000;5;5000;28;199310;182;915833;92;791989;2;1750;3;3000;5;5000;0;0;0;0;17;18880;5;5050;59;661319;131;969759;110;492675;65;202794
08.03.2021 21:00;2;1990;2;1990;19;117850;127;502140;54;608081;1;14480;2;2000;2;2000;0;0;0;0;10;12060;5;6140;19;199610;94;580160;68;182590;44;97782
08.03.2021 22:00;2;2000;2;2000;11;73700;98;327128;39;472990;0;0;2;2000;2;2000;0;0;0;0;2;2020;6;7390;22;350686;67;293498;53;228890;60;154556
08.03.2021 23:00;2;2000;2;2000;5;37800;50;80683;10;123430;0;0;2;2000;2;1990;0;0;0;0;0;0;2;2020;16;199180;44;206374;13;42413;27;88710
09.03.2021 00:00;0;0;1;1000;1;1940;22;71006;11;116640;2;30210;0;0;1;1000;0;0;0;0;1;1010;0;0;5;62910;19;72323;8;12160;8;15130
09.03.2021 01:00;0;0;0;0;2;36380;14;39030;5;81830;1;640;0;0;0;0;0;0;0;0;1;1000;0;0;1;1840;11;36450;9;12960;11;27320
09.03.2021 02:00;0;0;0;0;0;0;16;8680;7;102570;1;16850;0;0;0;0;0;0;0;0;0;0;0;0;2;4860;13;41050;3;6310;1;4720
09.03.2021 03:00;0;0;0;0;2;59120;14;8190;6;96415;0;0;0;0;0;0;0;0;0;0;0;0;0;0;2;44660;12;40700;1;1760;5;9460
09.03.2021 04:00;1;1000;0;0;2;5420;35;25720;8;96440;0;0;1;1000;0;0;0;0;0;0;0;0;0;0;4;48070;31;95820;13;23930;20;47490
09.03.2021 05:00;3;2990;3;3063;9;43450;155;341690;38;567920;1;40990;3;3000;3;2990;0;0;0;0;0;0;3;3020;7;109920;103;641167;52;125154;28;57750
09.03.2021 06:00;4;4000;3;2990;25;319480;429;903773;100;1363465;3;14890;4;4000;3;2990;0;0;0;0;6;6030;2;2020;22;514076;130;1910454;126;847173;83;466945
09.03.2021 07:00;7;6980;6;5990;51;437555;547;1568724;276;2199383;12;59510;7;6990;7;6970;0;0;0;0;19;21880;10;10150;73;1310074;194;3051639;81;1964031;91;1280926
09.03.2021 08:00;8;8000;9;8990;86;545487;487;1660111;291;2206862;14;117140;8;7980;8;7990;0;0;0;0;29;33290;9;9493;93;1191075;158;2948682;81;1975227;118;1310399
09.03.2021 09:00;4;3990;3;3000;49;436879;435;1639163;304;2004033;11;98050;4;3990;4;3990;0;0;0;0;30;31790;9;9460;63;1011864;190;2455090;102;1490042;116;1327539
09.03.2021 10:00;4;4000;4;4000;80;558315;363;1403833;266;1844387;14;10470;4;4000;4;3990;0;0;0;0;30;32120;13;13190;90;1417774;151;2382576;119;1503181;115;958454
09.03.2021 11:00;4;3990;5;5000;79;477034;339;1320002;225;1782272;7;43390;4;3990;4;3990;0;0;0;0;40;48662;6;6540;99;1295251;159;2216683;129;1657988;137;928477
09.03.2021 12:00;5;5000;5;5000;102;519920;382;1506351;246;2008125;7;44400;5;4990;5;5000;0;0;0;0;36;37820;7;7310;115;1563921;165;2418457;116;1911459;130;1171901
09.03.2021 13:00;8;7990;8;7980;83;580756;378;1652785;265;1938815;9;5230;8;8000;8;8000;0;0;0;0;43;46280;14;14390;93;1568216;149;2566862;108;2318935;122;1296591
09.03.2021 14:00;5;4990;5;5000;81;549592;415;1541882;249;2078799;7;19680;5;5000;6;5990;0;0;0;0;38;41895;20;20330;95;1293240;166;2489672;134;2238149;126;1475750
09.03.2021 15:00;4;4000;5;5000;88;604480;464;1553977;290;2352411;9;57650;4;4000;4;3990;0;0;0;0;38;40200;8;8850;97;1384998;190;2702889;122;2341940;140;1555558
09.03.2021 16:00;4;3990;3;3000;91;777867;500;1374674;243;2313671;6;5170;4;3990;4;3990;0;0;0;0;56;57880;19;19390;90;1412177;236;2589763;148;2284146;158;1480627
09.03.2021 17:00;4;4000;5;5000;130;943864;493;1383572;258;2407191;3;35082;4;4000;4;4000;0;0;0;0;44;48472;14;14990;98;1604322;231;2645774;129;2092867;160;1638368
09.03.2021 18:00;4;4000;4;3990;94;870466;447;1468024;216;2146304;5;3470;4;3990;4;4000;0;0;0;0;32;32890;9;9060;99;1512103;175;2474438;149;1729493;146;1161117
09.03.2021 19:00;5;4990;4;3990;76;662855;295;788790;137;1779243;0;0;5;4990;4;3990;0;0;0;0;39;41510;7;7020;63;935595;139;1560701;146;1157801;121;767740
09.03.2021 20:00;3;3000;4;4000;38;214131;194;859945;90;1123533;1;28750;3;3000;4;4000;0;0;0;0;20;21550;6;6580;54;727493;146;1176101;84;652820;87;418694
09.03.2021 21:00;2;1980;2;2000;20;94286;141;765622;50;559879;0;0;2;2000;2;2000;0;0;0;0;6;6110;0;0;34;454664;98;832458;62;268237;48;272900
09.03.2021 22:00;2;2000;2;2000;14;42280;131;427267;38;523213;0;0;2;2000;2;2000;0;0;0;0;7;8240;1;1000;21;402652;91;511357;57;226050;63;279355
09.03.2021 23:00;2;1990;2;2000;10;5850;59;188250;23;219650;0;0;2;2000;2;2000;0;0;0;0;2;2000;0;0;10;80220;51;253990;14;43170;26;82279
10.03.2021 00:00;0;0;1;1000;0;0;20;78401;8;168933;0;0;0;0;1;1000;0;0;0;0;0;0;0;0;6;115220;20;81140;6;20110;5;12870
10.03.2021 01:00;0;0;0;0;2;23570;15;9380;7;65110;1;16180;0;0;0;0;0;0;0;0;0;0;0;0;1;16940;12;49240;4;13350;4;10290
10.03.2021 02:00;0;0;0;0;2;58870;14;7330;8;114430;0;0;0;0;0;0;0;0;0;0;0;0;1;1010;2;29170;14;63000;8;21750;1;640
10.03.2021 03:00;0;0;0;0;0;0;14;8520;5;52260;0;0;0;0;0;0;0;0;0;0;0;0;0;0;3;40040;7;40850;3;2640;5;12530
10.03.2021 04:00;1;1000;0;0;3;24710;27;12110;11;227000;0;0;1;1000;0;0;0;0;0;0;0;0;0;0;4;68140;25;93037;9;16380;21;37870
10.03.2021 05:00;3;3000;3;2990;13;57270;145;304216;32;416169;0;0;3;3000;3;3000;0;0;0;0;0;0;2;2020;15;154511;102;629592;44;120640;38;104360
10.03.2021 06:00;4;4000;4;3990;21;318998;386;861308;91;1123302;3;4510;4;4000;4;4000;0;0;0;0;5;5130;6;7300;31;622773;145;1845296;104;951305;70;274890
10.03.2021 07:00;7;7000;6;6000;69;557935;590;1740133;231;2129572;8;67935;7;7000;6;6000;0;0;0;0;26;35630;10;10070;55;1076067;184;3130036;94;1720123;125;1080470
10.03.2021 08:00;8;7990;8;7990;64;541421;491;1670964;273;2048454;3;1220;8;7990;8;8043;0;0;0;0;19;21080;5;5040;64;1250615;180;2883244;91;2024134;109;1357605
10.03.2021 09:00;4;4000;4;3990;65;377429;430;1293114;243;2099168;17;692243;4;4000;4;4000;0;0;0;0;27;28230;9;9080;80;1248917;179;2231303;96;1440537;109;1278769
10.03.2021 10:00;4;3990;3;2990;75;637925;400;1638282;279;1899084;13;88810;4;3990;4;4000;0;0;0;0;38;43030;12;13120;82;1412191;177;2430740;122;1707792;117;1066018
10.03.2021 11:00;4;4000;4;4000;107;785235;307;1654398;268;1812939;7;4590;4;4000;4;3560;0;0;0;0;23;23380;16;16230;94;1524541;159;2203136;126;1667352;116;939320
10.03.2021 12:00;5;5000;5;5000;99;595590;402;1655114;245;1959543;8;57150;5;5000;4;4430;0;0;0;0;35;38533;8;8070;101;1562433;169;2371006;128;1948748;127;1159401
10.03.2021 13:00;8;8000;9;8980;64;564244;407;1712068;261;1969909;10;9092;8;7990;9;8960;0;0;0;0;31;31435;7;7040;83;1050857;143;2672925;100;1789466;133;1061823
10.03.2021 14:00;5;4980;5;5000;65;440859;377;1698513;266;2061658;7;3300;5;5000;6;5990;0;0;0;0;51;59080;10;10130;82;1566745;167;2579853;142;1886148;152;1341619
10.03.2021 15:00;4;4000;4;4000;71;669936;431;1529003;259;1937090;4;2080;4;3990;4;3990;0;0;0;0;38;49410;10;10110;91;1244232;167;2482336;117;2338356;138;1761933
10.03.2021 16:00;4;4000;5;5000;95;641823;532;1535198;248;2227676;12;65490;4;4000;4;3990;0;0;0;0;36;36520;15;16328;95;1236666;257;2416948;121;2249348;143;1555676
10.03.2021 17:00;4;3970;4;4000;86;777941;449;1276134;221;2215378;4;2130;4;4000;4;3990;0;0;0;0;39;40820;12;13330;101;1481174;252;1975307;151;2024656;156;1487172
10.03.2021 18:00;4;4000;4;4000;68;689549;409;1354765;197;1794538;3;1170;4;4000;4;3990;0;0;0;0;38;40640;84;439778;89;1407747;186;2206199;147;1734312;141;953469
10.03.2021 19:00;4;3990;3;3000;40;428583;340;851530;146;1744675;3;64890;4;4000;4;4000;0;0;0;0;38;39290;26;157204;67;943368;166;1388729;137;967702;120;576612
10.03.2021 20:00;4;4000;4;3980;35;230820;188;904350;85;673305;3;1100;4;3990;4;4000;0;0;0;0;23;25330;3;5300;50;601345;118;1215153;113;555477;106;390793
10.03.2021 21:00;2;1990;3;3000;16;78360;135;581786;57;550531;2;840;2;2000;2;2000;0;0;0;0;7;7050;2;2020;27;425300;115;593088;57;151800;59;172360
10.03.2021 22:00;2;1990;2;2000;13;47950;108;347820;47;598964;1;1360;2;2000;2;1990;0;0;0;0;6;6390;1;1010;22;309636;82;452760;55;147730;31;66340
10.03.2021 23:00;2;2000;2;2000;9;59140;62;221759;20;222043;2;16930;2;2000;2;2000;0;0;0;0;3;3010;1;1010;10;172860;50;195553;19;38190;33;73590
11.03.2021 00:00;0;0;1;1000;3;23280;33;71980;12;228934;0;0;0;0;1;1000;0;0;0;0;0;0;0;0;6;123470;26;120163;13;33550;20;37480
11.03.2021 01:00;0;0;0;0;3;47712;18;10020;4;79170;0;0;0;0;0;0;0;0;0;0;0;0;0;0;3;64334;16;63560;7;24940;7;21640
11.03.2021 02:00;0;0;0;0;0;0;11;5460;3;22490;0;0;0;0;0;0;0;0;0;0;0;0;0;0;2;53700;9;43927;2;5510;9;47040
11.03.2021 03:00;0;0;0;0;2;2340;15;17780;4;69250;0;0;0;0;0;0;0;0;0;0;0;0;0;0;1;17340;11;56340;1;1120;1;1500
11.03.2021 04:00;1;1000;0;0;5;46560;20;8870;10;162958;0;0;1;1000;0;0;0;0;0;0;0;0;0;0;3;45367;20;81730;14;58110;15;45460
11.03.2021 05:00;3;3000;3;2990;10;74490;132;365963;41;615226;0;0;3;3000;3;3000;0;0;0;0;0;0;0;0;11;105940;91;680060;38;125410;28;85330
11.03.2021 06:00;4;4000;4;3980;32;656238;408;998109;85;1111883;1;710;4;3990;4;4000;0;0;0;0;7;7080;7;7110;36;594919;133;2132821;101;595010;84;275402
11.03.2021 07:00;7;7000;5;5000;87;612904;577;1649511;248;2177903;6;5890;7;6990;6;5990;0;0;0;0;42;45880;8;8080;75;1111694;184;3043650;95;1773432;132;1274466
11.03.2021 08:00;8;7990;9;9000;86;637815;517;1768164;285;2339476;10;46170;8;7970;8;7970;0;0;0;0;17;18540;12;13680;78;1118136;164;2925523;110;1722067;129;1513341
11.03.2021 09:00;3;3000;3;3000;51;499933;427;1594363;270;2176396;9;99805;4;4000;4;4000;0;0;0;0;29;31080;14;14190;76;1188079;173;2658038;96;1499099;103;983778
11.03.2021 10:00;6;5980;5;5000;66;443058;384;1870171;280;2029654;11;6720;5;4990;4;3990;0;0;0;0;20;21150;14;14850;83;1304695;163;2609106;89;1989471;138;1478563
11.03.2021 11:00;4;4000;4;4000;88;553770;351;1659606;283;2066499;7;18320;4;4000;4;4000;0;0;0;0;31;33970;14;14130;90;1558491;159;2303192;124;1396867;114;1153823
11.03.2021 12:00;5;5000;6;6000;75;523780;390;1525471;263;1779345;5;5770;5;5000;6;5980;0;0;0;0;34;34290;12;13520;93;1340357;122;2644007;129;1656686;159;1381367
11.03.2021 13:00;8;8000;8;7990;71;580862;444;1677283;280;2130321;8;4790;8;8000;8;7990;0;0;0;0;33;36020;9;9080;95;1851048;140;2824033;121;1912228;153;1171364
11.03.2021 14:00;5;5000;6;5980;87;730556;419;1666899;264;2150045;9;3760;5;4990;6;6000;0;0;0;0;39;43393;12;12100;86;1312532;150;2661338;137;1853650;156;1393878
11.03.2021 15:00;4;4000;3;2980;97;731683;461;1378597;288;2085204;5;2850;4;3990;4;4000;0;0;0;0;38;45890;22;22920;98;1311536;193;2326293;112;2045630;149;1620234
11.03.2021 16:00;4;4000;4;4000;105;956828;485;1383194;274;2082046;6;2400;4;4000;4;3990;0;0;0;0;40;42600;18;18260;101;1404370;230;2528873;151;2178520;159;1699568
11.03.2021 17:00;4;4000;4;4000;90;633852;473;1614304;266;2432608;6;75600;4;3990;4;4000;0;0;0;0;39;41030;17;17180;124;1807390;270;2465611;172;2214415;214;1698271
11.03.2021 18:00;4;3990;5;5000;103;696740;440;1315651;263;2246947;5;58730;4;4000;4;3990;0;0;0;0;38;44160;37;38790;96;1266693;220;2350019;142;1676247;146;1241497
11.03.2021 19:00;5;5000;4;3990;59;671939;304;1027628;130;1600766;1;250;5;4990;4;4000;0;0;0;0;29;31790;6;6200;75;1060596;156;1431495;107;1293110;112;916676
11.03.2021 20:00;3;3000;4;4000;34;328253;195;988720;95;972350;0;0;3;3000;4;4000;0;0;0;0;15;16110;3;3090;47;552312;118;1324814;102;707872;80;579112
11.03.2021 21:00;2;2000;2;2000;19;136610;147;539577;59;563356;0;0;2;2000;2;2000;0;0;0;0;11;11130;4;4030;20;204654;96;743980;53;242220;54;345506
11.03.2021 22:00;4;4000;3;3000;21;130549;124;461973;49;622227;1;1680;4;4000;3;3000;0;0;0;0;8;8550;3;3140;20;260829;107;638897;48;215100;42;231854
11.03.2021 23:00;2;2000;3;2990;12;23080;62;163560;16;339150;1;15050;2;2000;3;3000;0;0;1;1010;1;1000;0;0;8;139890;48;274991;27;73787;16;49730
12.03.2021 00:00;0;0;1;1000;2;730;26;50610;9;166402;0;0;0;0;1;1000;0;0;0;0;2;3010;0;0;5;76410;21;118640;13;44520;19;104180
12.03.2021 01:00;0;0;0;0;0;0;16;38130;5;100336;1;1160;0;0;0;0;0;0;0;0;1;1010;1;1370;3;73140;15;64340;8;19370;6;32000
12.03.2021 02:00;0;0;0;0;1;15470;9;14060;6;28330;1;14310;0;0;0;0;0;0;0;0;0;0;0;0;1;23730;8;30990;6;17310;9;30880
12.03.2021 03:00;0;0;0;0;0;0;16;35430;3;30220;1;22970;0;0;0;0;0;0;0;0;0;0;0;0;1;17500;15;72800;0;0;1;3780
12.03.2021 04:00;1;1000;0;0;5;15370;32;47620;10;190572;1;840;1;1000;0;0;0;0;0;0;0;0;0;0;3;42010;22;86010;10;40170;19;70240
12.03.2021 05:00;3;3000;2;1990;13;29240;132;377686;35;551730;0;0;3;3000;3;3000;0;0;0;0;1;1000;1;1010;14;159220;97;615830;43;105790;20;57030
12.03.2021 06:00;4;3990;4;3990;26;223780;356;805314;87;1059541;3;1870;4;4000;4;3980;0;0;0;0;3;3020;3;3610;33;476450;161;1743710;119;889415;65;341940
12.03.2021 07:00;7;6990;7;6990;83;747687;508;1450882;239;2163851;6;43930;7;7000;6;6000;0;0;0;0;24;25770;5;5070;63;1189955;189;2642409;86;1675549;104;1535955
12.03.2021 08:00;8;7980;8;7980;58;519291;468;1521930;280;1911770;10;61680;8;8000;8;8052;0;0;0;0;20;20930;4;4440;64;877603;159;2695944;86;1769059;114;1181716
12.03.2021 09:00;5;5000;3;3000;71;644980;444;1352996;309;2051762;5;1360;5;5000;3;2990;0;0;0;0;31;33680;8;9100;80;991255;190;2588596;88;1477503;104;1376105
12.03.2021 10:00;4;3990;5;5050;70;559930;393;1591154;279;2121534;5;97600;4;3990;5;5000;0;0;0;0;28;33040;11;11720;87;1324476;167;2431794;111;1847788;188;1294901
12.03.2021 11:00;4;3990;4;4000;97;613792;377;1491504;300;1792667;4;1240;4;4000;5;5000;0;0;0;0;29;30180;8;8100;102;1301475;153;2377851;122;1558642;143;1111187
12.03.2021 12:00;5;5000;6;6000;96;824490;409;1678661;299;2390232;10;28180;5;5000;5;4970;0;0;0;0;46;48830;12;12110;101;1495025;205;2520607;115;1937866;136;1608749
12.03.2021 13:00;8;7990;8;7990;95;939607;506;1885417;302;2757381;11;77340;8;8000;8;8000;0;0;0;0;41;60260;24;27370;87;1645767;180;2921924;132;2127591;119;1732408
12.03.2021 14:00;5;5000;6;6000;92;803621;493;1697527;293;2466180;8;4100;5;5000;6;6000;0;0;0;0;42;47400;11;11020;101;1470959;205;2678418;124;2374610;139;1627361
12.03.2021 15:00;4;3990;4;3830;86;624990;508;1643915;262;2256056;1;450;4;4000;4;4000;0;0;0;0;38;40240;19;20390;94;1306066;223;2426049;128;2001581;141;1604900
12.03.2021 16:00;4;3990;4;4219;111;801009;472;1442418;284;2348090;5;1540;4;4000;4;3990;0;0;0;0;37;39324;19;19210;84;1339672;223;2420463;130;1879687;155;1527173
12.03.2021 17:00;4;3990;3;2990;73;653348;449;1575318;242;2160537;6;2660;4;4000;4;4000;0;0;0;0;45;50210;12;11960;95;1408031;242;2270942;131;2020081;143;1623712
12.03.2021 18:00;4;4000;5;4980;83;753771;431;1347052;218;2044946;4;26510;4;3990;4;4000;0;0;0;0;40;45805;15;16440;83;1192775;171;2494763;148;1954750;155;1391237
12.03.2021 19:00;5;4990;4;4000;62;521675;383;1087853;178;1916076;3;910;5;5000;4;3990;0;0;0;0;27;27910;6;6550;73;994200;161;1886365;173;1069453;182;776657
12.03.2021 20:00;3;2990;4;4000;41;329095;243;1003985;119;1027435;1;260;3;3000;4;4000;0;0;0;0;19;21330;9;9320;61;802918;139;1414835;115;1566609;114;811381
12.03.2021 21:00;2;2000;2;2000;17;87440;178;611576;66;710807;1;840;2;2000;2;2000;0;0;0;0;6;6180;1;1000;32;273247;114;1030898;70;375351;69;427873
12.03.2021 22:00;2;2000;2;2000;16;115644;139;559493;72;779293;3;15320;2;2000;2;1990;0;0;0;0;7;7040;1;1010;28;335082;104;750150;79;402456;58;386389
12.03.2021 23:00;2;2000;2;2000;12;55390;98;283605;45;555973;0;0;2;2000;2;2000;0;0;0;0;2;2020;1;1010;15;122985;78;412625;33;133210;37;208899
13.03.2021 00:00;0;0;1;1000;3;53690;49;120220;26;324443;0;0;0;0;1;1000;0;0;0;0;1;1010;0;0;6;101870;42;235200;13;53700;25;97010
13.03.2021 01:00;0;0;0;0;3;4790;31;79913;16;195430;1;1090;0;0;0;0;0;0;0;0;2;2100;2;2130;11;111910;29;122630;13;205240;21;83930
13.03.2021 02:00;0;0;0;0;1;1140;28;52760;8;84450;0;0;0;0;0;0;0;0;0;0;1;1010;0;0;7;148410;22;91740;10;40000;9;32100
13.03.2021 03:00;0;0;0;0;3;60565;24;27745;6;174019;1;41700;0;0;0;0;0;0;0;0;0;0;0;0;4;57630;15;53740;7;15710;11;29600
13.03.2021 04:00;1;1000;0;0;1;650;22;34870;14;186777;0;0;1;1000;0;0;0;0;0;0;0;0;0;0;4;50490;22;86050;13;58250;10;22190
13.03.2021 05:00;3;3000;3;3000;5;85150;52;134700;17;297425;0;0;3;3000;3;3000;0;0;0;0;1;1400;0;0;8;70150;44;207040;18;67610;19;85690
13.03.2021 06:00;4;3980;4;3990;10;50250;83;288620;25;426891;3;54090;4;4000;4;4000;0;0;0;0;0;0;1;1010;12;154795;65;379359;38;309339;27;121442
13.03.2021 07:00;4;3990;4;3990;19;114400;113;522611;61;621924;0;0;4;4000;4;4000;0;0;0;0;8;9970;1;1010;18;251220;87;508860;46;317945;39;207460
13.03.2021 08:00;5;4990;4;4000;38;187890;206;741933;118;1119687;1;520;5;5000;4;4000;0;0;0;0;21;21570;9;9460;34;426941;137;1199568;70;471430;50;278885
13.03.2021 09:00;4;3990;4;4000;44;503924;311;1136759;164;1531106;1;450;4;4000;4;3990;0;0;0;0;29;30320;7;7080;53;876086;140;1835659;95;1138762;125;837621
13.03.2021 10:00;4;3990;4;3990;48;399060;327;1250567;233;1888952;5;2390;4;4000;4;4000;0;0;0;0;35;36340;8;8120;54;707850;172;1833895;130;1393494;128;1072752
13.03.2021 11:00;4;3990;4;4000;63;465244;364;1592554;255;1766804;3;980;4;3990;4;3990;0;0;0;0;33;36480;5;5060;75;1321382;151;2208780;122;1522692;127;1258458
13.03.2021 12:00;4;3990;4;3980;65;607976;366;1720567;224;2094484;2;520;4;4000;4;4000;0;0;0;0;28;28410;6;6223;82;1452468;146;2339862;119;1615695;140;1374859
13.03.2021 13:00;4;3980;4;4000;69;733320;391;1524899;255;1843869;4;1150;4;3990;4;4000;0;0;0;0;35;37820;6;6090;85;1357784;169;2355005;128;1752345;131;1481218
13.03.2021 14:00;4;3990;4;3980;68;396690;375;1328435;222;1632133;3;780;4;3990;4;4000;0;0;0;0;37;37900;8;8490;82;1188507;170;2318960;113;1556038;124;1373366
13.03.2021 15:00;4;3990;4;4000;63;594572;346;1305306;186;1473045;2;1100;4;4000;4;3970;0;0;0;0;26;27460;10;10110;94;1239664;174;2016457;128;1557209;170;1283872
13.03.2021 16:00;4;4000;4;4000;64;565730;366;1289400;160;1406744;2;640;4;4000;4;4000;0;0;0;0;39;41820;13;13260;67;1205628;180;2076515;104;1174016;117;879586
13.03.2021 17:00;4;4000;5;5000;69;369594;327;1107054;151;1556184;2;840;4;4000;5;5000;0;0;0;0;34;36674;6;6050;73;1085190;168;1890517;119;1375208;136;1064147
13.03.2021 18:00;4;4000;4;3990;61;445239;328;1393148;174;1461165;2;1230;4;3990;4;4000;0;0;0;0;25;26350;9;9740;89;1130380;161;2098312;125;1234969;146;1112428
13.03.2021 19:00;4;3980;4;4000;45;262288;268;1141996;127;1100600;1;460;4;4000;4;4000;0;0;0;0;36;40959;16;16280;66;964208;154;1477364;129;644638;140;518060
13.03.2021 20:00;2;2000;2;2000;23;121696;238;884922;102;840585;2;16850;2;2000;2;2000;0;0;0;0;30;45930;8;11220;36;385467;142;1306794;95;574519;116;510356
13.03.2021 21:00;2;2000;2;1990;24;213250;186;713448;62;547880;1;38630;2;2000;2;1990;0;0;0;0;11;11060;4;4060;37;525825;139;845342;58;217323;76;276648
13.03.2021 22:00;2;2000;2;2000;20;118544;161;563180;62;737062;0;0;2;2000;2;2000;0;0;0;0;10;10226;2;2120;28;347604;119;798723;41;201310;73;237860
13.03.2021 23:00;2;2000;2;2000;10;28230;114;434233;30;373685;0;0;2;2000;2;2000;0;0;0;0;3;3220;6;6190;12;85670;100;606721;30;111657;39;226304
14.03.2021 00:00;0;0;1;1000;2;16580;62;171199;21;383300;0;0;0;0;1;1000;0;0;0;0;3;3170;1;1010;5;58200;50;307530;32;101250;40;156420
14.03.2021 01:00;0;0;0;0;4;33620;43;121250;18;204765;2;25480;0;0;0;0;0;0;0;0;0;0;2;2070;9;103200;34;179450;12;42040;19;68070
14.03.2021 02:00;0;0;0;0;6;73946;27;111560;14;140574;0;0;0;0;0;0;0;0;0;0;0;0;0;0;5;143450;24;144890;17;45610;14;52190
14.03.2021 03:00;0;0;0;0;2;17480;16;9180;1;35050;0;0;0;0;0;0;0;0;0;0;0;0;0;0;2;40360;15;68010;5;13650;3;8360
14.03.2021 04:00;0;0;0;0;1;160;6;17890;2;37850;0;0;0;0;0;0;0;0;0;0;0;0;0;0;4;48537;4;19250;0;0;0;0
14.03.2021 05:00;2;2000;1;1000;5;29950;12;37190;6;101610;0;0;2;1990;1;990;0;0;0;0;0;0;0;0;4;81570;11;48430;11;36710;10;32670
14.03.2021 06:00;2;2000;2;1990;4;2760;26;10310;10;113340;0;0;2;1990;2;2000;0;0;0;0;0;0;0;0;5;64490;19;61934;13;43240;12;34640
14.03.2021 07:00;2;1980;2;2000;10;108820;39;132300;23;277253;1;460;2;2000;2;2000;0;0;0;0;9;9350;0;0;10;196240;34;100890;19;67150;13;40460
14.03.2021 08:00;2;1990;2;2000;6;42460;84;384830;43;473526;1;460;2;2000;2;2000;0;0;0;0;6;7030;2;2050;15;194683;62;289109;33;111090;30;99815
14.03.2021 09:00;2;2000;2;2000;17;75590;137;621264;99;918191;1;780;2;2000;2;2000;0;0;0;0;19;20940;5;5090;27;351432;111;658338;60;310287;68;248740
14.03.2021 10:00;2;2000;2;2000;29;211760;175;581263;113;1100727;2;1230;2;1990;2;2000;0;0;0;0;17;17450;5;5440;28;421820;139;960390;76;437504;79;364110
14.03.2021 11:00;2;2000;2;1990;26;226781;225;1055426;148;1106917;1;15110;2;1990;2;2000;0;0;0;0;20;20620;9;9280;49;682354;127;1179961;89;825225;80;391585
14.03.2021 12:00;3;3000;3;3000;42;244100;303;1294081;166;1372126;0;0;3;2990;3;2990;0;0;0;0;19;21640;1;1040;54;730475;157;1658229;91;825775;97;646028
14.03.2021 13:00;4;3990;4;4000;53;230188;311;1094966;190;1425817;1;23810;4;3990;4;4000;0;0;0;0;31;31195;9;9720;48;602023;175;1697062;118;1060953;100;578215
14.03.2021 14:00;4;4000;4;4000;52;324170;301;1169318;190;1561356;3;1550;4;4000;4;4000;0;0;0;0;16;16510;5;5210;71;809302;151;1592752;131;1003026;110;585877
14.03.2021 15:00;4;3990;4;4000;56;313054;350;991836;171;1572279;2;1160;4;4000;4;3990;0;0;0;0;27;27330;4;4020;55;590084;181;1811198;116;1077157;115;779366
14.03.2021 16:00;4;3990;4;4000;54;282030;334;1052585;140;1273578;0;0;4;4000;4;4000;0;0;0;0;18;19910;5;5410;47;454428;193;1723211;114;981809;103;643887
14.03.2021 17:00;4;4000;4;4000;59;378050;351;1122168;150;1090376;1;580;4;3990;4;4000;0;0;0;0;22;22350;11;12800;60;823130;187;1787446;108;1317193;107;872643
14.03.2021 18:00;4;3990;4;4000;55;251690;308;1051808;142;1239580;1;130;4;3990;4;3990;0;0;0;0;8;10720;6;6040;57;772010;154;1809134;126;1233849;109;908459
14.03.2021 19:00;2;2000;2;2000;32;206044;271;936071;91;993119;1;200;2;2000;2;2000;0;0;0;0;15;16360;2;2050;42;390293;149;1564697;100;979832;89;648523
14.03.2021 20:00;2;2000;2;2000;30;156468;222;635995;75;828841;0;0;2;2000;2;1990;0;0;0;0;11;12360;2;2010;31;466654;133;1373090;63;661746;70;454410
14.03.2021 21:00;2;2000;2;2000;19;160740;135;441702;51;578089;1;200;2;2000;2;1990;0;0;0;0;12;12060;1;1780;22;194500;102;711920;57;243792;58;334156
14.03.2021 22:00;2;2000;2;2000;11;82000;78;270870;27;326153;0;0;2;2000;2;1990;0;0;0;0;5;5030;4;4150;12;257850;70;380400;46;178740;36;164877
14.03.2021 23:00;2;2000;2;2000;6;5420;55;115560;16;151950;0;0;2;2000;2;2000;0;0;0;0;1;1000;0;0;10;135060;42;235010;16;54810;26;111380
15.03.2021 00:00;0;0;1;1000;1;2750;31;49920;9;126700;0;0;0;0;1;1000;0;0;0;0;0;0;0;0;5;119080;32;132780;12;42970;16;65140
15.03.2021 01:00;0;0;0;0;2;10170;10;5540;3;36990;0;0;0;0;0;0;0;0;0;0;0;0;0;0;4;73210;8;26887;5;17990;9;28518
15.03.2021 02:00;0;0;0;0;1;27420;16;13020;9;138670;1;17050;0;0;0;0;0;0;0;0;0;0;0;0;3;72160;18;77035;3;12300;5;24270
15.03.2021 03:00;0;0;0;0;2;40680;9;6330;5;72520;0;0;0;0;0;0;0;0;0;0;0;0;0;0;1;800;10;39530;5;8480;4;16540
15.03.2021 04:00;1;990;0;0;2;18930;40;79976;6;101794;2;2130;1;1000;0;0;0;0;0;0;0;0;0;0;6;88310;31;177824;11;37586;16;80570
15.03.2021 05:00;3;3000;3;2990;11;42480;151;275448;37;525109;1;17620;3;2980;3;3000;0;0;0;0;1;1010;1;1010;12;181660;97;758999;63;324215;51;265990
15.03.2021 06:00;4;4000;3;3000;24;265970;436;975689;93;1128360;0;0;4;3990;4;3990;0;0;0;0;0;0;6;11893;33;624097;106;2066203;92;1187053;93;588450
15.03.2021 07:00;7;6980;7;7000;68;588329;525;1951619;287;2308529;11;56040;7;6990;6;6000;0;0;0;0;22;24380;31;142077;62;1224100;84;3165365;80;2121113;104;1426165
15.03.2021 08:00;8;8000;8;7990;87;850193;532;1681097;260;2376519;7;3880;8;7980;8;7990;0;0;0;0;22;23094;28;217598;81;1547061;156;2954216;87;1985471;99;1153570
15.03.2021 09:00;4;4000;4;4000;52;519830;417;1279469;286;2401455;8;4500;4;3990;4;3990;0;0;0;0;20;20980;27;225067;67;1191686;184;2357927;89;2074917;106;1185287
15.03.2021 10:00;5;4990;4;3990;61;556264;437;1469865;265;2055164;8;38740;5;5000;4;3990;0;0;0;0;30;31800;11;93135;86;1330104;165;2506385;129;1511326;130;1107640
15.03.2021 11:00;4;4000;5;4980;74;514460;352;1732517;240;1719550;8;3030;4;3990;5;5000;0;0;0;0;32;34140;28;282006;86;1270056;164;2247240;115;1743929;105;986875
15.03.2021 12:00;5;5000;4;4000;88;844707;413;1700870;283;2162964;10;64130;5;4990;5;5000;0;0;0;0;34;36120;28;102383;101;1598580;157;2417234;125;1847894;176;1377712
15.03.2021 13:00;8;7990;8;7970;83;595934;398;1526790;263;2025242;11;5380;8;7990;8;8000;0;0;0;0;41;45900;36;235131;104;1599417;149;2532373;119;1945343;125;1419477
15.03.2021 14:00;5;5000;6;6000;89;609259;383;1697849;303;2181887;9;40310;5;5000;6;6000;0;0;0;0;48;49780;27;227034;80;2352756;165;2667957;132;1750392;130;1483202
15.03.2021 15:00;4;4000;5;4980;91;728207;484;1752489;304;2344837;7;4190;4;3990;4;3990;0;0;0;0;36;39090;60;221776;90;1406651;195;2719645;103;2358895;128;1774449
15.03.2021 16:00;4;3990;4;4000;102;968937;455;1639579;255;2255206;8;58876;4;4000;4;4000;0;0;0;0;42;46200;33;230350;102;1751597;202;2421197;120;2399176;137;1796418
15.03.2021 17:00;4;4000;3;3000;97;795847;498;1419568;244;2319351;2;450;4;4000;4;4000;0;0;0;0;37;38500;63;485458;104;1767663;234;2452913;132;2371148;121;1797120
15.03.2021 18:00;4;4000;5;4980;91;1002239;429;1432712;196;2193122;2;2470;4;4000;4;3990;0;0;0;0;44;46560;36;182113;88;1519584;186;2358979;136;1849479;114;1313087
15.03.2021 19:00;5;5000;4;4000;63;441921;283;915305;139;1603315;4;1610;5;4990;4;4000;0;0;0;0;34;36870;24;102785;90;1153488;136;1439480;110;1332070;107;894717
15.03.2021 20:00;3;2990;4;3990;30;248964;192;1001604;93;856657;3;1230;3;3000;4;4000;0;0;0;0;14;14180;14;46637;43;654750;135;1197590;103;639071;72;463574
15.03.2021 21:00;2;2000;2;2000;10;151875;130;326028;41;606985;0;0;2;2000;2;2000;0;0;0;0;7;7170;18;80777;29;245678;104;640596;50;188730;52;293351
15.03.2021 22:00;2;2000;2;1990;15;109340;122;470888;55;523972;0;0;2;2000;2;2000;0;0;0;0;7;7520;1;11640;33;594742;96;724953;44;267705;42;160050
15.03.2021 23:00;2;2000;2;2000;6;40690;69;112460;19;354120;2;61360;2;2000;2;2000;0;0;0;0;0;0;5;16339;15;167810;64;339953;16;58644;22;82950
16.03.2021 00:00;0;0;1;1000;4;36990;27;54740;13;265916;0;0;0;0;1;1000;0;0;0;0;0;0;0;0;4;23570;25;109223;11;36660;13;48930
16.03.2021 01:00;0;0;0;0;2;3730;15;16290;8;106530;0;0;0;0;0;0;0;0;0;0;0;0;0;0;3;33400;13;38550;5;11970;5;7300
16.03.2021 02:00;0;0;0;0;3;41940;12;6000;3;55020;0;0;0;0;0;0;0;0;0;0;0;0;0;0;3;55500;12;36730;6;17340;5;14510
16.03.2021 03:00;0;0;0;0;0;0;12;35625;6;87540;0;0;0;0;0;0;0;0;0;0;0;0;0;0;3;29590;11;71375;0;0;0;0
16.03.2021 04:00;1;1000;0;0;3;39510;32;73710;9;158530;1;520;1;1000;0;0;0;0;0;0;0;0;0;0;4;104653;25;90790;12;24580;16;26480
16.03.2021 05:00;3;3000;2;2000;9;36840;153;493710;41;682613;0;0;3;3000;2;2000;0;0;0;0;2;2020;5;9586;11;117230;114;767965;44;155380;27;90080
16.03.2021 06:00;4;4000;5;5000;29;308070;399;780198;96;1186234;4;1420;4;4000;5;5000;0;0;0;0;2;2020;3;11752;32;616986;161;1786060;103;911898;78;351628
16.03.2021 07:00;7;6990;5;5000;63;567284;546;1662193;247;2009143;7;48530;7;7000;5;5000;0;0;0;0;23;26980;27;20558;72;1225789;194;2838110;96;1767563;103;1027722
16.03.2021 08:00;8;8000;9;9000;71;478460;506;1635681;281;2291067;7;45270;8;7990;9;8980;0;0;0;0;36;40150;6;7483;87;1491131;194;2762727;105;1740118;128;1393928
16.03.2021 09:00;4;3980;3;2990;57;582895;438;1313413;247;2120884;4;2110;4;4000;3;2990;0;0;0;0;28;32140;9;9570;69;1078431;184;2425304;104;1758545;98;1087665
16.03.2021 10:00;4;4000;5;5000;84;659822;417;1775833;274;2120286;8;5170;4;3990;5;4990;0;0;0;0;38;39860;11;12470;98;1442411;164;2577704;112;1714662;142;1092595
16.03.2021 11:00;3;2990;3;2990;82;649769;383;1481216;292;2128863;10;5000;4;3980;4;4000;0;0;0;0;39;42880;5;5430;97;1360220;150;2374181;124;1604893;154;1222906
16.03.2021 12:00;6;6000;6;5970;102;728497;372;1624288;266;1808500;6;33940;5;5000;5;5000;0;0;0;0;41;41730;5;5120;106;1686968;144;2535768;114;1871084;133;1565727
16.03.2021 13:00;8;8000;8;7990;104;689109;411;1514318;264;1988619;10;5860;8;7990;8;7990;0;0;0;0;38;40290;24;25160;99;1656422;151;2535322;123;2086059;130;1361827
16.03.2021 14:00;4;4000;5;5000;88;786372;457;1675253;265;2126201;5;34870;5;5000;6;5990;0;0;0;0;45;47760;6;6470;88;1559444;161;2789706;112;2261197;143;1416481
16.03.2021 15:00;5;5000;5;5055;91;648250;499;1653611;293;2250879;5;91710;4;3990;4;4000;0;0;0;0;40;42350;15;15500;102;1633786;183;2752599;125;2341777;140;1800714
16.03.2021 16:00;4;4000;4;3990;101;845588;492;1802475;272;2353059;7;3230;4;3990;4;3980;0;0;0;0;39;44320;15;15750;98;1276601;205;2716579;126;2593266;140;1744017
16.03.2021 17:00;4;3990;4;4000;104;985370;463;1679620;246;2416204;5;2530;4;4000;4;3990;0;0;0;0;50;53020;12;12730;92;1701583;194;2710008;121;2476624;153;1729213
16.03.2021 18:00;4;4000;3;2990;89;650357;452;1360595;213;2257095;3;2060;4;4000;3;3000;0;0;0;0;41;44630;12;12250;103;1089709;150;2517230;143;1904606;136;1592374
16.03.2021 19:00;5;5000;5;4990;69;524823;326;903755;159;1644457;1;79370;5;4990;5;5000;0;0;0;0;27;31310;6;6350;81;1168766;173;1651805;107;1587301;95;1023947
16.03.2021 20:00;3;2990;4;4000;36;254489;200;885076;115;1196433;1;520;3;2990;4;4000;0;0;0;0;17;18290;5;5070;49;525786;122;1225147;95;749371;82;556364
16.03.2021 21:00;2;2000;2;1990;12;108160;155;412450;74;760487;2;13180;2;2000;2;2000;0;0;0;0;9;9090;0;0;31;310517;91;914138;71;326013;52;245920
16.03.2021 22:00;2;2000;2;1990;18;122479;112;388372;61;630915;1;840;2;2000;2;2000;0;0;0;0;12;12480;1;1010;28;306314;82;633627;57;245711;47;277619
16.03.2021 23:00;2;2000;2;2000;12;86630;57;242056;21;276466;0;0;2;2000;2;2000;0;0;0;0;1;1070;2;2030;13;219662;45;233570;28;95310;19;76160
17.03.2021 00:00;0;0;1;1000;4;19565;33;59630;12;236734;0;0;0;0;1;1000;0;0;0;0;1;1010;0;0;4;42990;30;132080;12;39966;15;66440
17.03.2021 01:00;0;0;0;0;2;24400;20;14227;9;94880;1;1030;0;0;0;0;0;0;0;0;0;0;1;1000;1;1280;16;65690;7;21450;5;12950
17.03.2021 02:00;0;0;0;0;0;0;8;5040;3;56227;0;0;0;0;0;0;0;0;0;0;0;0;0;0;0;0;8;37160;3;7710;8;37830
17.03.2021 03:00;0;0;0;0;1;160;20;24100;5;89740;0;0;0;0;0;0;0;0;0;0;0;0;0;0;0;0;14;64645;1;2880;2;13050
17.03.2021 04:00;1;990;0;0;5;19460;24;11380;8;135330;0;0;1;1000;0;0;0;0;0;0;0;0;0;0;4;36990;23;113930;16;46570;18;63910
17.03.2021 05:00;3;2980;2;2057;11;46760;138;249307;33;535660;1;25590;3;3000;3;2990;0;0;0;0;1;1010;1;1010;14;103325;95;675954;49;191482;36;178994
17.03.2021 06:00;4;4000;5;4990;21;198400;430;1078062;97;1164481;2;15980;4;3990;4;4000;0;0;0;0;2;2920;5;5700;23;342910;139;2160652;103;1060053;76;580440
17.03.2021 07:00;7;7000;6;6000;63;763673;533;1768251;256;2007295;7;58000;7;6990;6;6000;0;0;0;0;24;24400;11;12280;61;1101411;162;3049454;95;1876482;99;1109920
17.03.2021 08:00;8;7980;8;7980;76;808355;576;1580178;252;2045378;4;74480;8;7990;8;8000;0;0;0;0;24;26100;9;8484;73;1391730;157;3113963;83;1932450;96;1398916
17.03.2021 09:00;4;3990;3;2990;73;487707;449;1446089;293;2132852;10;56790;4;3990;3;2990;0;0;0;0;20;21066;13;13810;71;1078229;187;2624771;106;1619120;111;1065670
17.03.2021 10:00;4;4000;4;3990;50;566700;371;1719267;258;1936569;5;46340;4;3990;5;4990;0;0;0;0;30;31440;12;12120;65;944715;143;2534938;118;1757625;109;1099690
17.03.2021 11:00;4;4000;4;4000;94;635354;378;1647344;254;2103211;11;45340;4;4000;4;3990;0;0;0;0;35;36910;16;16933;91;1542849;145;2559791;110;1945952;121;1115912
17.03.2021 12:00;5;4990;5;5000;81;647823;360;1533317;246;1787372;3;3940;5;5000;4;3990;0;0;0;0;23;25870;4;4040;89;1556656;164;2383079;130;1745085;134;1005153
17.03.2021 13:00;8;7980;8;8000;76;682981;386;1604231;250;2038421;3;39380;8;7990;9;8980;0;0;0;0;50;57303;9;9290;105;1676149;158;2463692;114;1814522;121;1144875
17.03.2021 14:00;6;6000;8;8000;92;442557;364;1597273;264;1798471;2;1090;6;5990;7;7053;0;0;0;0;30;31640;16;17460;103;1315629;140;2499198;139;2033247;141;1204274
17.03.2021 15:00;4;4000;3;3000;96;818869;439;1538755;278;2148291;7;27055;4;4000;4;4000;0;0;0;0;36;38910;10;10460;99;1564045;195;2526062;134;1986375;150;1241805
17.03.2021 16:00;4;4000;5;5000;108;830946;448;1464662;233;2026524;10;51150;4;3980;4;3990;0;0;0;0;51;57780;11;11160;92;1459158;232;2281867;123;2331181;134;1611096
17.03.2021 17:00;4;3990;4;4000;102;884595;453;1501921;241;2000986;6;2710;4;4000;4;4000;0;0;0;0;48;54230;21;22380;87;1587314;206;2439845;119;2372196;143;1569337
17.03.2021 18:00;4;3990;3;3000;84;691372;396;1184178;220;2056866;4;2970;4;4000;3;2990;0;0;0;0;36;38920;11;11130;93;1433931;181;1895471;148;1836542;145;1081555
17.03.2021 19:00;5;5000;4;4000;63;688004;300;906825;159;1421511;4;1340;5;5000;4;3990;0;0;0;0;23;27730;7;7330;79;1166413;164;1507671;134;1161195;138;746634
17.03.2021 20:00;3;3000;4;4000;36;231880;178;937266;93;857359;2;320;3;2990;5;4990;0;0;0;0;17;18800;6;6090;48;673895;160;971468;115;491334;77;249160
17.03.2021 21:00;2;1990;3;3000;18;89650;166;595606;54;680305;1;710;2;2000;2;2000;0;0;0;0;19;19730;2;2040;26;394208;119;685949;73;237253;62;168743
17.03.2021 22:00;2;1990;2;2000;12;118573;109;411831;33;316064;1;200;2;1990;2;1980;0;0;0;0;8;8020;8;8090;23;397230;81;383790;61;207980;43;121798
17.03.2021 23:00;2;2000;2;2000;8;28170;68;192160;18;219696;1;18920;2;2000;2;1990;0;0;0;0;4;4300;0;0;8;123140;63;255701;19;34560;27;55826
18.03.2021 00:00;0;0;1;990;2;23670;33;84770;23;292832;1;450;0;0;1;1000;0;0;0;0;0;0;0;0;2;18911;24;80360;14;38080;20;33790
18.03.2021 01:00;0;0;0;0;1;2110;18;80840;5;144906;1;14830;0;0;0;0;0;0;0;0;2;2010;1;1010;4;36040;20;83570;4;7910;8;14190
18.03.2021 02:00;0;0;0;0;2;15530;16;61030;3;66540;0;0;0;0;0;0;0;0;0;0;0;0;0;0;3;67823;15;53514;6;15600;11;23855
18.03.2021 03:00;0;0;0;0;0;0;8;4940;6;108014;1;1740;0;0;0;0;0;0;0;0;0;0;0;0;1;18480;7;26290;1;1660;5;5330
18.03.2021 04:00;1;1000;0;0;4;35760;25;28990;9;83060;0;0;1;1000;0;0;0;0;0;0;1;1000;0;0;6;25790;24;87694;14;22490;14;28150
18.03.2021 05:00;3;3000;3;3000;7;12060;144;315576;29;482630;0;0;3;3000;3;2990;0;0;0;0;3;3020;1;1010;13;160892;103;708076;48;104040;20;57950
18.03.2021 06:00;4;4000;4;4029;16;271725;360;938622;87;1176531;3;72190;4;4000;4;4000;0;0;0;0;3;4500;0;0;29;583870;156;1802336;92;901149;61;391225
18.03.2021 07:00;7;7000;5;5000;62;680435;538;1550132;234;1690475;10;40590;7;7000;6;6000;0;0;0;0;26;27695;9;9100;57;974109;181;2770073;95;1822911;91;1091685
18.03.2021 08:00;8;7980;9;8980;71;573107;501;1521062;270;2052150;0;0;8;7990;8;7980;0;0;0;0;24;24885;14;14140;63;1149732;175;2893338;91;2015357;105;1296027
18.03.2021 09:00;4;4000;4;4000;70;531278;471;1231871;247;1829146;6;1930;4;4000;4;4000;0;0;0;0;30;30930;5;5070;81;1119909;194;2589188;85;1538018;99;1170792
18.03.2021 10:00;4;3990;4;3990;71;610665;380;1684035;264;1806199;6;1940;4;4000;4;4000;0;0;0;0;25;25660;19;19650;89;1244427;150;2542094;128;1991986;133;888263
18.03.2021 11:00;4;4000;3;2990;83;584420;377;1539748;271;2176312;6;4310;4;3990;3;3000;0;0;0;0;35;35950;15;16070;84;1181657;166;2326675;115;1656021;146;1076271
18.03.2021 12:00;5;5000;5;4990;101;699293;385;1444393;259;1901183;5;3040;5;4980;5;4990;0;0;0;0;49;50545;16;17690;102;1256834;147;2524771;132;2327662;148;1574309
18.03.2021 13:00;8;7970;8;7990;106;950510;407;1835234;290;2119879;9;124645;8;8000;8;7990;0;0;0;0;44;52460;14;15170;101;1579888;156;2724144;120;2386793;133;1549560
18.03.2021 14:00;5;4990;6;6000;86;696645;408;1670277;238;2132697;5;41260;5;4990;6;5990;0;0;0;0;30;31750;10;10520;108;1609875;188;2453742;132;2203050;150;1425029
18.03.2021 15:00;4;4000;5;5000;93;831162;433;1526941;286;2096889;3;1610;4;3990;5;4990;0;0;0;0;46;47420;11;11180;101;1127616;184;2785142;118;2422857;170;1806675
18.03.2021 16:00;4;4000;4;3990;115;791070;459;1611575;292;2355076;8;3050;4;3990;4;4000;0;0;0;0;33;40950;17;17670;91;1429922;249;2477746;136;2622940;153;1556804
18.03.2021 17:00;4;3990;3;2990;114;1026780;496;1549182;259;2364482;8;32540;4;3990;3;3000;0;0;0;0;39;39570;29;30050;108;1575783;250;2364782;118;2436346;139;1851372
18.03.2021 18:00;4;4000;4;4000;83;548646;438;1593816;258;2272263;9;5520;4;4000;5;5000;0;0;0;0;46;65929;9;9170;100;1442018;192;2495963;125;2350038;151;1594558
18.03.2021 19:00;5;4990;4;3990;57;443081;295;920451;132;1405554;1;1095;5;5000;4;3990;0;0;0;0;30;32930;10;10280;90;1132903;158;1297515;167;1165503;126;518139
18.03.2021 20:00;3;3000;4;4000;38;241225;182;887013;114;935002;1;1620;3;3000;4;4000;0;0;0;0;16;18820;3;3020;59;596995;116;1199303;99;380387;91;371224
18.03.2021 21:00;2;1990;3;2990;20;109860;174;516810;57;577160;0;0;2;2000;2;2000;0;0;0;0;2;2030;2;2620;31;523383;103;821996;86;354896;74;235021
18.03.2021 22:00;2;2000;2;2000;13;91390;120;383310;39;455794;0;0;2;1990;2;2000;0;0;0;0;10;11530;2;2090;29;386380;87;545332;45;192160;42;233442
18.03.2021 23:00;2;2000;2;2000;11;65400;63;191760;25;205220;2;28440;2;2000;2;2000;0;0;0;0;3;3010;0;0;11;133561;48;246210;27;601571;33;173330
19.03.2021 00:00;0;0;1;1000;2;15790;19;12250;17;184460;0;0;0;0;1;1000;0;0;0;0;3;3020;1;1020;5;101070;17;62570;19;94360;22;94650
19.03.2021 01:00;0;0;0;0;3;61490;19;9880;10;206185;0;0;0;0;0;0;0;0;0;0;0;0;0;0;1;1440;17;66470;10;35720;13;52370
19.03.2021 02:00;0;0;0;0;0;0;13;7380;4;43210;0;0;0;0;0;0;0;0;0;0;0;0;0;0;1;15980;10;42970;2;4940;5;19870
19.03.2021 03:00;0;0;0;0;0;0;9;5590;4;82140;1;34890;0;0;0;0;0;0;0;0;0;0;0;0;0;0;9;36870;2;7990;3;13160
19.03.2021 04:00;1;1000;0;0;4;33220;27;12540;8;129270;0;0;1;1000;0;0;0;0;0;0;0;0;0;0;4;7800;26;115360;13;33560;16;79410
19.03.2021 05:00;3;3000;3;2990;10;38370;146;473280;25;363087;0;0;3;3000;3;3000;0;0;0;0;0;0;2;2050;13;159535;100;741640;54;258030;39;187840
19.03.2021 06:00;4;4000;3;3000;17;207073;346;883014;80;1225938;2;67940;4;3990;4;4000;0;0;0;0;4;4030;12;11419;25;427155;137;1716512;86;1072077;60;348590
19.03.2021 07:00;7;6970;6;5980;59;846470;461;1391414;242;2192327;6;33110;7;6990;5;4980;0;0;0;0;23;24030;37;74599;63;1111198;195;2497634;92;1686925;101;1059966
19.03.2021 08:00;7;6990;9;9000;70;625096;467;1523225;280;2019200;8;3030;8;7980;9;9000;0;0;0;0;28;30250;38;68023;77;1512667;183;2618856;94;1838226;92;1059775
19.03.2021 09:00;5;5000;4;3990;92;745496;404;1483879;282;2182027;11;37060;4;4000;4;3990;0;0;0;0;34;47100;41;111573;123;1909610;171;2468461;106;1529666;162;1768880
19.03.2021 10:00;4;4000;4;3990;112;808947;345;1556855;284;1762757;6;45780;4;4000;4;3980;0;0;0;0;32;34660;41;68202;147;2339826;140;2554532;110;1386759;195;1744041
19.03.2021 11:00;5;4990;5;5000;134;1163507;422;1703352;291;1902285;7;2540;5;4990;5;5000;0;0;0;0;41;45430;77;102297;134;2613824;150;2765066;119;1738825;207;1788491
19.03.2021 12:00;5;4990;4;4000;150;1107243;420;1760838;319;2340719;9;72440;5;4990;5;4990;0;0;0;0;36;37520;60;108524;149;2700749;184;2693668;132;2204738;216;2345046
19.03.2021 13:00;8;7980;9;9000;99;914323;458;1830311;287;2011711;9;6290;8;7990;8;7990;0;0;0;0;46;59485;60;111322;95;1787123;240;2563582;157;1934585;208;1897184
19.03.2021 14:00;5;5000;6;6000;94;734081;507;1470572;285;2293076;8;146405;5;5000;6;6000;0;0;0;0;39;42580;11;10341;98;1811123;222;2662446;116;2143441;143;1502268
19.03.2021 15:00;4;4000;4;4000;105;653754;456;1562259;268;2328685;4;1670;4;3990;4;3980;0;0;0;0;44;47600;30;38061;88;1664946;229;2534910;97;2472117;127;1917043
19.03.2021 16:00;4;3990;4;3980;109;1136965;484;1352081;248;2244086;4;2000;4;3990;4;4000;0;0;0;0;30;34900;43;90029;100;1724245;225;2619630;151;2259758;125;1612367
19.03.2021 17:00;4;3990;3;3000;96;749922;479;1454100;233;1954991;4;1740;4;4000;4;4000;0;0;0;0;34;40000;50;141090;105;1612449;268;2353675;106;2258996;123;1747779
19.03.2021 18:00;4;4000;5;5000;74;524221;405;1490736;244;2018037;5;2140;4;3990;4;4000;0;0;0;0;39;41300;68;239844;97;1392862;193;2156556;130;1828170;155;1330421
19.03.2021 19:00;4;3980;4;4000;61;572873;353;1118193;188;1851631;1;380;4;3990;4;4000;0;0;0;0;28;31144;8;34223;84;1038657;170;1622265;154;1455964;159;957773
19.03.2021 20:00;4;4000;4;4000;41;281054;239;930263;99;853680;3;1300;4;3990;4;4000;0;0;0;0;21;21670;53;55796;55;823508;147;1528032;118;544861;105;574553
19.03.2021 21:00;2;1990;2;2000;24;156660;187;946217;79;823759;1;450;2;2000;2;2000;0;0;0;0;5;5420;5;14631;44;647665;122;781404;78;259045;67;300805
19.03.2021 22:00;2;1990;2;2000;17;165685;140;525069;46;721835;1;190;2;2000;2;1990;0;0;0;0;6;6050;2;2650;25;288295;116;688149;60;145635;46;120360
19.03.2021 23:00;2;2000;2;2000;9;53070;90;375464;31;506310;0;0;2;2000;2;2000;0;0;0;0;9;9050;0;0;20;308055;76;277534;41;104220;28;69595
20.03.2021 00:00;0;0;1;1000;5;3230;57;126220;32;252986;1;330;0;0;1;1000;0;0;0;0;3;3340;3;3150;12;234070;42;148774;32;61050;23;59920
20.03.2021 01:00;0;0;0;0;9;143680;43;167640;14;219845;1;320;0;0;0;0;0;0;0;0;0;0;1;1160;5;86560;32;139940;12;28030;18;43290
20.03.2021 02:00;0;0;0;0;2;19360;25;28246;10;199239;1;35880;0;0;0;0;0;0;0;0;0;0;1;1750;3;51550;24;62440;6;8590;12;25060
20.03.2021 03:00;0;0;0;0;1;810;14;14610;13;249874;0;0;0;0;0;0;0;0;0;0;0;0;0;0;4;103320;13;31667;8;19720;6;10480
20.03.2021 04:00;1;1000;0;0;3;3720;21;54810;9;104940;2;830;1;1000;0;0;0;0;0;0;0;0;0;0;3;26230;21;62050;11;16550;10;20265
20.03.2021 05:00;3;3000;3;3000;5;6080;60;97490;17;236350;0;0;3;3000;3;2990;0;0;0;0;0;0;1;1020;12;196282;43;143650;25;46810;30;71490
20.03.2021 06:00;4;3990;4;4053;14;98128;80;154440;18;310082;1;450;4;4000;4;4000;0;0;0;0;1;1010;0;0;13;143073;72;273130;26;110210;21;51910
20.03.2021 07:00;4;3990;4;4055;9;38520;123;500610;66;756305;0;0;4;4000;4;4000;0;0;0;0;3;3530;4;4040;12;109020;97;603784;52;337261;44;168590
20.03.2021 08:00;5;5000;4;4000;27;81090;211;844372;127;1106206;5;16610;5;4980;4;4000;0;0;0;0;16;16787;5;5140;29;415856;131;1222112;70;540059;94;394056
20.03.2021 09:00;4;4000;4;3990;45;326590;319;1099105;199;1842778;5;2770;4;4000;4;4000;0;0;0;0;32;35280;10;10110;58;918075;166;1707115;103;1154651;112;1126690
20.03.2021 10:00;4;3990;4;4000;60;357772;339;1406310;257;1804699;5;29850;4;4000;4;3990;0;0;0;0;27;28480;10;10830;63;902923;150;2118916;115;1910689;138;1368228
20.03.2021 11:00;4;3990;4;4000;57;387810;365;1543194;254;1786748;6;2130;4;3980;4;3990;0;0;0;0;39;43550;11;11090;79;1199230;150;2335420;138;1591953;161;1654114
20.03.2021 12:00;4;4000;4;3990;70;438841;435;1529746;267;1721861;7;3410;4;4057;4;4000;0;0;0;0;37;39970;9;9080;96;1025525;165;2633864;132;2083757;182;1596515
20.03.2021 13:00;4;4042;4;3980;80;678284;432;1494524;257;1805277;3;2120;4;3990;4;3980;0;0;0;0;49;52750;8;8070;87;1434051;196;2525103;129;1844999;138;1334799
20.03.2021 14:00;4;4000;4;3990;85;767589;399;1574502;242;1914094;4;1360;4;4000;4;4045;0;0;0;0;47;50810;10;10320;81;1127988;199;2346880;127;1926162;137;1413590
20.03.2021 15:00;4;4000;4;4000;64;486960;401;1429691;206;1667369;1;710;4;3990;4;4000;0;0;0;0;41;44030;7;7570;76;1350888;183;2229386;121;1696792;139;1245574
20.03.2021 16:00;4;4000;4;4000;69;585864;373;1464559;180;1508813;1;390;4;3990;4;4000;0;0;0;0;46;51352;7;7050;76;1174145;184;2281047;127;1602047;123;1059352
20.03.2021 17:00;4;3990;5;5000;61;500670;401;1393766;203;1699275;5;21660;4;3990;5;4990;0;0;0;0;47;66430;7;7060;72;1299830;158;2329294;131;1690212;131;1293639
20.03.2021 18:00;3;3000;4;4000;65;536184;337;1497442;196;1686100;1;520;3;3000;4;3990;0;0;0;0;37;42295;5;5840;82;1232327;143;2249509;133;1707314;135;1119938
20.03.2021 19:00;4;4000;3;3000;47;358615;306;1135388;114;1297984;2;900;4;3990;3;3000;0;0;0;0;29;30340;6;6040;77;1060929;158;1767024;117;677846;128;551619
20.03.2021 20:00;2;2000;2;2000;43;313841;242;942489;94;826651;2;960;2;1990;2;2000;0;0;0;0;21;24500;2;2110;61;712492;147;1297631;108;466528;107;385850
20.03.2021 21:00;2;2000;2;1990;23;86920;191;490767;88;805297;2;580;2;2000;2;2000;0;0;0;0;24;24270;7;7340;40;359696;118;940885;82;226672;90;291558
20.03.2021 22:00;2;2000;2;1990;13;55624;191;603888;54;509760;1;130;2;2000;2;2000;0;0;0;0;9;10240;13;13520;29;323754;135;998006;57;146652;80;206000
20.03.2021 23:00;2;2000;2;2000;10;143365;104;377354;36;538133;0;0;2;2000;2;2000;0;0;0;0;5;5030;0;0;19;296310;97;454500;40;121390;33;113281
21.03.2021 00:00;0;0;1;1000;6;5920;75;307560;29;457688;1;1040;0;0;1;1000;0;0;0;0;2;2100;0;0;6;99106;59;225670;29;76840;29;74184
21.03.2021 01:00;0;0;0;0;2;15790;44;58080;21;224676;1;14790;0;0;0;0;0;0;0;0;0;0;0;0;11;124415;32;137820;28;56030;18;30940
21.03.2021 02:00;0;0;0;0;5;18980;37;45320;5;77720;0;0;0;0;0;0;0;0;0;0;0;0;0;0;5;96760;30;95911;18;34680;15;26380
21.03.2021 03:00;0;0;0;0;3;47360;19;19370;6;79180;0;0;0;0;0;0;0;0;0;0;0;0;0;0;1;16730;14;57910;6;9340;11;17570
21.03.2021 04:00;0;0;0;0;0;0;9;5130;4;40820;0;0;0;0;0;0;0;0;0;0;0;0;0;0;1;15980;9;26150;0;0;5;12301
21.03.2021 05:00;2;2000;1;1000;6;48230;23;69940;5;35410;0;0;2;2000;1;1000;0;0;0;0;1;2050;1;1000;4;66055;20;74080;10;22290;9;15190
21.03.2021 06:00;2;2000;2;2000;3;6310;36;80380;16;263437;0;0;2;2000;2;2000;0;0;0;0;0;0;0;0;6;81080;27;59670;11;35530;10;21640
21.03.2021 07:00;2;2000;2;2000;5;21590;36;84760;28;447817;0;0;2;1990;2;2000;0;0;0;0;1;1100;1;1260;3;11970;33;90039;22;83800;34;111250
21.03.2021 08:00;2;1980;2;2000;10;92854;60;214250;50;630060;0;0;2;2000;2;2000;0;0;0;0;10;11460;0;0;12;97034;48;278290;50;453194;33;88054
21.03.2021 09:00;2;2000;2;2000;13;75450;147;529421;94;815514;1;190;2;2000;2;2000;0;0;0;0;11;11920;2;2480;15;229644;97;553902;64;469020;53;179050
21.03.2021 10:00;2;2000;2;1990;20;139122;200;667565;107;1128303;3;1420;2;2054;2;2000;0;0;0;0;11;12020;4;4420;20;218970;114;1094326;78;579447;97;549493
21.03.2021 11:00;2;2000;2;2000;31;193390;232;866492;126;1125206;2;1040;2;1990;2;2000;0;0;0;0;18;18430;2;2120;24;270280;158;1002434;113;1092442;103;667436
21.03.2021 12:00;3;2980;3;3000;51;257708;300;911348;134;1183924;0;0;3;3000;3;3000;0;0;0;0;7;7050;11;11210;24;339234;165;1405977;116;1074401;117;872201
21.03.2021 13:00;4;3990;4;3990;50;261420;296;970147;172;1359113;1;390;4;4000;4;4000;0;0;0;0;20;21240;6;6190;40;422009;164;1560338;108;1044014;121;915753
21.03.2021 14:00;4;3990;4;4000;49;309740;324;1233917;184;1372016;3;30080;4;4000;4;4000;0;0;0;0;23;25700;11;12840;57;794338;168;1782979;107;1037486;116;632890
21.03.2021 15:00;4;3990;4;3990;30;168860;298;1034860;160;1281710;0;0;4;4000;4;4000;0;0;0;0;19;19600;9;9100;56;686853;180;1592511;112;1030833;128;833042
21.03.2021 16:00;4;3990;4;4000;28;260020;324;1029293;153;1160245;3;30500;4;3990;4;3990;0;0;0;0;22;23160;13;14500;36;613274;182;1576486;123;1082248;79;648217
21.03.2021 17:00;4;4000;4;3980;31;266950;348;1328622;185;1394156;2;450;4;3990;4;4000;0;0;0;0;26;28140;4;4060;54;785515;196;2021734;100;1240465;116;820332
21.03.2021 18:00;4;3990;4;3990;45;414502;339;1439818;160;1383875;1;28110;4;3990;4;4000;0;0;0;0;17;18620;8;8040;62;796930;166;2002236;115;862919;112;688570
21.03.2021 19:00;2;2000;2;2000;33;215700;268;1004617;126;1085223;2;23820;2;2000;2;2000;0;0;0;0;14;17180;4;4040;46;591033;154;1491022;117;432490;92;373975
21.03.2021 20:00;2;2000;2;2000;27;167640;181;553818;73;828841;1;520;2;1990;2;1990;0;0;0;0;6;6100;0;0;32;421460;130;872981;94;430524;75;212089
21.03.2021 21:00;2;2000;2;2000;20;183420;138;436970;48;582880;0;0;2;2000;2;2000;0;0;0;0;6;6120;3;3070;13;169780;98;655907;60;209910;65;135220
21.03.2021 22:00;2;2000;2;2000;6;28120;76;310190;28;457550;0;0;2;1980;2;1990;0;0;0;0;6;6790;0;0;19;279534;65;342155;38;95950;39;102274
21.03.2021 23:00;2;1990;2;1990;5;4550;49;139805;18;367910;1;31520;2;2000;2;1990;0;0;0;0;0;0;0;0;10;107650;34;188760;19;43660;28;70650
22.03.2021 00:00;0;0;1;1000;0;0;33;73980;6;144810;0;0;0;0;1;1000;0;0;0;0;1;1000;0;0;3;58830;22;116830;6;15940;15;35640
22.03.2021 01:00;0;0;0;0;3;18060;13;6820;5;53160;2;30840;0;0;0;0;0;0;0;0;0;0;0;0;2;49140;9;32020;2;3180;3;6810
22.03.2021 02:00;0;0;0;0;1;21780;5;2020;4;61940;0;0;0;0;0;0;0;0;0;0;0;0;0;0;1;6710;3;8150;2;2830;3;6790
22.03.2021 03:00;0;0;0;0;0;0;13;19530;4;107960;0;0;0;0;0;0;0;0;0;0;0;0;0;0;0;0;11;43964;3;6790;2;2660
22.03.2021 04:00;1;1000;0;0;4;24340;26;42140;9;125380;0;0;1;1000;0;0;0;0;0;0;0;0;0;0;6;107840;24;86350;11;21190;20;38080
22.03.2021 05:00;3;3000;3;3000;9;8540;158;366292;35;619249;1;200;3;2990;3;2990;0;0;0;0;0;0;0;0;11;112430;89;739029;57;169727;26;56608
22.03.2021 06:00;4;4000;4;3990;23;319710;372;800258;82;1141067;2;55920;4;3990;4;3990;0;0;0;0;5;5470;1;1000;25;483889;154;1691675;104;887875;66;377203
22.03.2021 07:00;7;7000;5;4990;64;568599;544;1762199;256;2092551;15;165720;7;6990;6;6000;0;0;0;0;25;26390;6;6050;59;1232670;138;3159502;98;1738122;88;1120372
22.03.2021 08:00;8;7990;8;8000;68;490933;481;1552348;287;2385742;10;4130;8;7990;7;7000;0;0;0;0;26;30250;6;6060;76;1323588;187;2634754;86;1970402;111;1306599
22.03.2021 09:00;4;3990;5;5000;61;573429;388;1508542;260;2059602;8;54320;4;4000;5;4980;0;0;0;0;31;33790;12;12210;75;1464364;166;2331748;107;1708310;108;973201
22.03.2021 10:00;4;4000;3;3000;68;621147;370;1556095;260;1987362;7;3660;4;3990;3;2990;0;0;0;0;24;24800;8;8040;80;1266487;133;2458373;188;1563263;123;1085260
22.03.2021 11:00;4;3990;5;5000;103;811215;368;1613481;241;2096514;8;51330;4;4000;5;5000;0;0;0;0;40;44220;10;10070;99;1628139;140;2499034;112;1521609;120;1109806
22.03.2021 12:00;5;5000;4;4000;103;889312;383;1560041;273;2220312;10;6850;5;5000;4;4000;0;0;0;0;37;41480;7;7660;90;1531356;166;2475776;90;1528188;138;1746854
22.03.2021 13:00;8;8000;9;8990;104;433652;425;1602138;264;1917825;6;3750;8;7990;9;8970;0;0;0;0;38;42225;12;12380;102;1611586;137;2786807;108;1590426;147;1738593
22.03.2021 14:00;5;5000;6;6000;74;642152;450;1712311;235;1890549;6;84319;5;5000;6;6000;0;0;0;0;33;36040;17;18530;85;1456499;159;2725846;111;1928746;136;1372293
22.03.2021 15:00;4;4052;3;2990;102;813026;455;1438246;241;2104036;7;26660;4;4000;4;3980;0;0;0;0;35;41360;5;5140;86;1359953;196;2495814;124;2130925;137;1559589
22.03.2021 16:00;4;4000;4;3990;95;794516;524;1815185;264;2396970;14;6480;4;4000;4;4000;0;0;0;0;38;40302;8;8270;101;1597573;210;2790180;110;2498274;171;1705684
22.03.2021 17:00;4;4000;4;4000;104;862274;424;1747944;270;2266194;5;2380;4;4000;4;4000;0;0;0;0;35;38740;8;8040;92;1462393;209;2428331;117;2548049;141;1503022
22.03.2021 18:00;4;3990;5;4990;86;571227;409;1112305;201;1912620;4;42450;4;4000;4;4000;0;0;0;0;29;33260;8;8650;88;1363703;201;2177876;124;2095172;130;1455989
22.03.2021 19:00;5;4990;4;4000;46;340622;278;788695;123;1346372;4;1350;5;4990;4;4000;0;0;0;0;34;37170;12;12100;65;770816;147;1272227;138;805270;141;540080
22.03.2021 20:00;3;3000;4;4000;35;227681;183;1026724;102;907213;0;0;3;2980;4;4000;0;0;0;0;16;16130;5;5640;51;750693;127;1126405;103;440240;90;314218
22.03.2021 21:00;2;1990;2;2000;23;154000;142;486575;55;624210;1;390;2;1990;2;2000;0;0;0;0;12;12130;1;1000;33;342170;102;665582;64;234162;56;146620
22.03.2021 22:00;2;2000;2;1990;13;101250;106;526530;40;527814;1;260;2;1980;2;2000;0;0;0;0;5;6400;0;0;18;227339;77;452480;58;136450;62;139030
22.03.2021 23:00;2;1990;2;2000;10;91840;53;720690;18;265717;1;20110;2;2000;2;2000;0;0;0;0;2;2020;1;1000;7;18050;45;198784;22;38464;26;59764
23.03.2021 00:00;0;0;1;1000;2;35190;20;54710;9;172793;0;0;0;0;1;1000;0;0;0;0;0;0;0;0;5;129110;18;81454;8;17290;13;22250
23.03.2021 01:00;0;0;0;0;1;2830;14;7080;5;102840;1;20030;0;0;0;0;0;0;0;0;1;1010;0;0;5;138830;12;47000;5;6950;4;5190
23.03.2021 02:00;0;0;0;0;1;810;6;4540;6;111190;0;0;0;0;0;0;0;0;0;0;0;0;1;1110;1;17500;4;12200;4;9790;2;4160
23.03.2021 03:00;0;0;0;0;0;0;18;8870;8;152252;0;0;0;0;0;0;0;0;0;0;0;0;0;0;0;0;21;66760;2;4380;3;4630
23.03.2021 04:00;1;1000;0;0;4;55953;24;97850;11;129730;0;0;1;1000;0;0;0;0;0;0;0;0;0;0;3;64380;21;66580;16;18500;10;22430
23.03.2021 05:00;3;3000;2;1990;11;101590;140;273300;26;435575;0;0;3;3000;2;2000;0;0;0;0;1;1010;2;2010;13;146514;86;572661;54;136650;33;56880
23.03.2021 06:00;4;4000;5;4990;25;205773;396;761644;97;1407869;3;59760;4;3990;5;5000;0;0;0;0;5;6590;3;3180;25;470448;179;1792972;102;769736;87;442683
23.03.2021 07:00;7;7000;5;5000;58;709586;537;1517476;239;2139180;6;2650;7;6990;5;4990;0;0;0;0;22;22960;8;8990;68;1192936;209;2851200;94;1786554;102;1106399
23.03.2021 08:00;7;6990;8;8000;74;580677;488;1668176;263;2054096;5;2340;7;6990;9;8990;0;0;0;0;21;24130;15;15140;71;1022583;194;2661976;90;1774215;101;1286831
23.03.2021 09:00;5;5000;4;3990;55;488658;443;1554480;299;2327170;10;5490;5;4990;3;3000;0;0;0;0;20;22210;12;12080;70;990395;166;2797643;101;1652374;103;1260331
23.03.2021 10:00;5;4990;4;4000;76;579681;365;1363811;247;1898727;6;45470;5;5000;5;5000;0;0;0;0;40;42790;14;14290;70;1209769;159;2093663;115;1827403;125;1212585
23.03.2021 11:00;4;4000;5;4990;77;557032;369;1540116;274;1952581;6;4400;4;4000;4;4000;0;0;0;0;32;34070;10;10135;87;1166946;155;2421927;123;1753720;114;1377086
23.03.2021 12:00;5;5000;5;4990;84;660692;415;1701338;262;1897970;10;49960;5;5000;5;5000;0;0;0;0;42;46929;18;18120;111;1724386;169;2548638;113;1898784;115;1153584
23.03.2021 13:00;8;8000;9;9000;75;701895;414;1618085;298;2054659;6;2590;8;7980;9;8970;0;0;0;0;30;31410;16;16620;102;1634783;167;2677924;113;1817582;131;1314403
23.03.2021 14:00;5;4990;6;5990;74;553957;446;1579746;280;1862683;7;3360;5;5000;6;6000;0;0;0;0;45;49140;13;13740;90;1207621;184;2754880;130;1822227;135;1126554
23.03.2021 15:00;4;3990;3;3000;97;683130;451;1652700;299;2285876;10;60890;4;4000;4;4000;0;0;0;0;38;40180;12;12100;95;1331452;183;2659587;120;2261713;176;1860604
23.03.2021 16:00;4;4000;4;4000;82;641087;462;1747866;248;2033986;9;23410;4;3990;4;3990;0;0;0;0;40;45570;17;17140;100;1348885;214;2719578;134;2393579;160;1789257
23.03.2021 17:00;4;4000;4;4000;86;585438;478;1434752;270;2337163;7;234690;4;4000;3;3000;0;0;0;0;47;51240;13;13110;103;1578985;205;2701414;140;2333677;141;1577112
23.03.2021 18:00;4;3990;5;4980;87;644406;435;1225437;212;2143426;3;62380;4;4000;5;5000;0;0;0;0;33;34764;19;19130;98;1574455;227;1971607;133;1950780;125;1345474
23.03.2021 19:00;4;4000;4;4000;72;529412;300;849300;151;1509284;3;900;4;3990;4;4000;0;0;0;0;23;24100;10;10070;71;1099266;144;1529589;139;1305874;116;753698
23.03.2021 20:00;4;4000;4;3990;37;349030;207;782799;89;793654;1;330;4;4000;4;4000;0;0;0;0;18;19490;2;2020;41;592475;120;1228697;109;411768;89;297980
23.03.2021 21:00;2;2000;2;2000;27;199459;140;661880;71;561919;2;190;2;2000;2;1990;0;0;0;0;12;14260;1;1000;35;404413;119;687444;74;205040;50;146560
23.03.2021 22:00;2;2000;2;2000;9;121870;132;456561;37;404616;0;0;2;2000;2;1990;0;0;0;0;6;6040;2;2010;20;262556;92;453810;53;142420;47;163700
23.03.2021 23:00;2;2000;2;2000;10;62020;64;256730;24;377266;4;32660;2;2000;2;2000;0;0;0;0;1;1010;1;1000;11;118312;52;246760;31;64346;23;37458
24.03.2021 00:00;0;0;1;1000;5;4220;24;11530;7;98800;1;16390;0;0;1;1000;0;0;0;0;1;1000;2;2020;3;62240;23;60816;9;13590;14;31320
24.03.2021 01:00;0;0;0;0;2;980;8;4950;9;140630;2;30130;0;0;0;0;0;0;0;0;1;1000;0;0;3;40560;7;25410;2;4930;3;9390
24.03.2021 02:00;0;0;0;0;1;400;3;1140;5;60330;0;0;0;0;0;0;0;0;0;0;3;3010;0;0;2;20915;3;11850;1;1120;1;1110
24.03.2021 03:00;0;0;0;0;0;0;10;5330;6;104570;0;0;0;0;0;0;0;0;0;0;0;0;0;0;0;0;9;33790;2;4460;0;0
24.03.2021 04:00;1;1000;0;0;5;69610;27;41770;12;257622;1;27570;1;1000;0;0;0;0;0;0;0;0;0;0;7;51300;30;90710;10;38263;19;46007
24.03.2021 05:00;3;2990;3;3000;8;37730;140;372886;33;541705;1;190;3;3000;3;3000;0;0;0;0;3;3010;2;2010;13;140500;89;614715;52;166860;30;89670
24.03.2021 06:00;4;4000;4;4037;24;336914;363;1097797;83;1031130;3;36200;4;3990;4;3990;0;0;0;0;6;6120;5;5340;22;395324;168;1808747;103;852510;67;384593
24.03.2021 07:00;7;7000;6;6000;53;670738;580;1458896;220;2212861;8;4900;7;6990;6;6000;0;0;0;0;21;24550;12;12360;65;1118084;231;2904196;78;1832885;99;1112264
24.03.2021 08:00;7;7000;7;7000;77;687310;502;1614555;263;2136688;9;5030;8;8000;8;8000;0;0;0;0;24;26650;4;4040;83;1133921;200;2784406;86;1920270;131;1472714
24.03.2021 09:00;5;5000;5;4990;64;540565;428;1448509;309;2107682;4;1870;4;3990;4;4000;0;0;0;0;29;31650;5;5360;72;1015856;214;2585958;120;1779291;117;1197192
24.03.2021 10:00;4;3990;4;3990;85;588457;404;1615244;283;1971437;10;5450;4;4000;4;4000;0;0;0;0;23;25010;7;7040;96;1234085;153;2647466;108;1579971;147;1185598
24.03.2021 11:00;5;5000;5;4990;76;666128;383;1704455;254;1757376;7;4250;5;5000;5;5000;0;0;0;0;38;41170;10;11010;97;1488600;174;2408832;122;1756081;147;1131848
24.03.2021 12:00;5;4980;5;4990;89;585737;366;1477575;297;2032550;11;8220;5;5000;5;4990;0;0;0;0;32;33120;13;13182;94;1372050;158;2400524;113;1682660;137;1133300
24.03.2021 13:00;8;7990;7;6970;87;757087;437;1694268;298;2104593;10;99200;8;7980;7;6990;0;0;0;0;54;58380;9;9900;99;1562676;163;2705886;112;1978553;144;1374907
24.03.2021 14:00;5;5000;7;7000;77;672724;413;1714824;259;1959575;5;2850;5;5000;7;7054;0;0;0;0;46;48860;12;12100;84;1552480;220;2427800;132;2038236;141;1406040
24.03.2021 15:00;4;4000;4;3990;79;577892;460;1699455;287;2341147;8;36250;4;4000;4;4000;0;0;0;0;47;48800;14;14230;104;1495802;215;2567853;129;2498556;143;1552228
24.03.2021 16:00;4;4000;3;3000;98;775107;482;1573128;275;2433420;9;4550;4;3990;4;4000;0;0;0;0;46;51080;13;15170;96;1926942;244;2504225;145;2237935;150;1676302
24.03.2021 17:00;4;3990;5;5000;100;766842;492;1533986;262;2308199;9;52115;4;4000;4;3990;0;0;0;0;79;87650;16;17430;106;1721519;280;2582083;100;2563818;147;1655063
24.03.2021 18:00;4;3990;4;4000;89;857775;420;1388985;229;1906346;11;15080;4;4000;4;4000;0;0;0;0;35;38420;19;19140;88;1351676;219;2295410;129;1984585;133;1588985
24.03.2021 19:00;5;5000;4;4000;47;540500;319;956477;160;1659053;6;95370;5;5000;4;3990;0;0;0;0;24;27150;6;6070;71;1234573;170;1689356;149;1208263;122;623880
24.03.2021 20:00;3;3000;4;4000;26;81720;221;943350;99;895495;0;0;3;2990;4;3990;0;0;0;0;21;21360;5;5060;52;605105;145;1281258;117;490812;94;388218
24.03.2021 21:00;2;2000;2;2000;20;133410;134;628885;77;603970;3;2070;2;2000;2;2000;0;0;0;0;11;11410;1;1040;35;388920;90;722066;71;265164;64;179299
24.03.2021 22:00;2;2000;2;2000;20;64060;131;424770;56;527081;1;17580;2;1980;2;2000;0;0;0;0;5;5590;0;0;34;341466;85;396440;71;196410;52;171680
24.03.2021 23:00;2;2000;2;2000;7;5440;63;265024;24;368006;1;16190;2;2000;2;2000;0;0;0;0;2;2360;0;0;11;154740;49;265394;28;49420;31;81040
25.03.2021 00:00;0;0;1;990;5;46917;26;38840;15;220973;0;0;0;0;1;1000;0;0;0;0;2;2000;0;0;4;40167;20;70630;10;97080;14;32100
25.03.2021 01:00;0;0;0;0;1;570;12;6980;3;85600;0;0;0;0;0;0;0;0;0;0;0;0;0;0;0;0;10;31530;5;8870;8;18290
25.03.2021 02:00;0;0;0;0;0;0;11;5860;7;52420;1;28570;0;0;0;0;0;0;0;0;0;0;0;0;0;0;12;60330;2;3724;1;3030
25.03.2021 03:00;0;0;0;0;2;17090;14;8870;8;131350;1;40320;0;0;0;0;0;0;0;0;0;0;0;0;1;45890;12;52030;5;10550;2;2550
25.03.2021 04:00;1;1000;0;0;4;20630;30;42890;9;129062;0;0;1;1000;0;0;0;0;0;0;1;1010;0;0;6;26070;27;110720;11;20000;17;30660
25.03.2021 05:00;3;3000;3;2990;10;66860;150;472737;39;639710;3;25050;3;2990;3;2990;0;0;0;0;0;0;1;1040;12;105180;100;754827;51;98775;34;81117
25.03.2021 06:00;4;4000;3;3000;16;101580;387;793420;86;1260096;1;57760;4;4000;4;3990;0;0;0;0;11;13625;2;2390;21;404610;181;1712184;111;928526;63;447485
25.03.2021 07:00;7;6990;6;6000;52;640762;512;1359145;253;2034980;8;5360;7;7000;5;4990;0;0;0;0;25;27560;26;27910;52;775155;190;2821051;93;1680623;103;1046848
25.03.2021 08:00;8;7990;9;9000;69;582045;497;1492487;274;2212994;6;19440;8;7990;9;8990;0;0;0;0;19;19900;10;10640;69;1125412;176;2721427;94;1717512;118;1186957
25.03.2021 09:00;4;4000;4;4000;74;783672;434;1380321;262;2110595;7;6210;4;4000;4;3990;0;0;0;0;31;33280;5;5090;86;1385002;189;2405450;91;1435560;111;1088183
25.03.2021 10:00;4;4000;3;2990;63;534670;375;1335674;276;2006203;9;79150;4;4000;4;3990;0;0;0;0;33;38540;5;5150;75;1306324;161;2580678;126;1724155;128;1171687
25.03.2021 11:00;4;3990;4;4000;74;572958;398;1655651;257;2159450;7;44850;4;3990;4;3990;0;0;0;0;35;40760;10;11130;86;1237049;180;2488331;103;1635940;157;1497296
25.03.2021 12:00;5;4990;6;6000;89;690860;421;1533622;279;1882800;7;20630;5;5000;5;5000;0;0;0;0;51;53830;15;16710;99;1640622;167;2636056;113;1821693;138;1115264
25.03.2021 13:00;8;8000;7;7000;86;534185;385;1604741;258;1812632;4;43270;8;7990;8;7990;0;0;0;0;46;47170;21;21910;99;1549308;154;2497295;108;1928091;107;1228564
25.03.2021 14:00;5;5000;6;5990;76;596238;428;1692571;280;1985343;6;49000;5;5000;6;5290;0;0;0;0;28;31380;13;14520;97;1579229;177;2536747;116;1977908;142;1335993
25.03.2021 15:00;4;4000;5;5043;76;629278;453;1646208;281;2110800;5;2470;4;3980;4;4680;0;0;0;0;60;66748;15;16330;87;1386650;207;2609161;123;2119599;145;1630044
25.03.2021 16:00;4;4000;3;3000;82;557423;518;1595696;271;2456137;13;7000;4;4000;3;3000;0;0;0;0;42;49512;11;11180;94;1325806;248;2715628;131;2170435;153;1699027
25.03.2021 17:00;4;4000;5;5000;94;683379;522;1596603;288;2383524;5;3560;4;3990;5;4990;0;0;0;0;51;52360;10;10860;120;1703883;233;2724418;121;2430897;130;1690379
25.03.2021 18:00;4;3990;4;4000;80;522930;450;1356834;244;2101595;1;650;4;4000;4;4000;0;0;0;0;43;54830;18;19194;99;1171547;180;2446968;127;2118822;147;1513104
25.03.2021 19:00;5;5000;4;3990;70;518248;327;1191896;159;1704829;2;1890;5;4980;4;3990;0;0;0;0;44;51850;4;4050;71;858243;160;1587979;134;1255847;135;861303
25.03.2021 20:00;3;2990;4;4000;37;215095;204;779902;121;1187634;2;1870;3;2990;4;4000;0;0;0;0;35;36600;9;9270;53;695166;123;1093588;119;472126;88;288230
25.03.2021 21:00;2;2000;2;2000;16;84460;175;488646;73;645837;2;2200;2;2000;2;2000;0;0;0;0;21;23360;3;3020;49;472813;120;849292;76;326252;62;193490
25.03.2021 22:00;2;2000;2;2000;21;168330;112;381027;45;546635;1;13700;2;1990;2;2000;0;0;0;0;7;7070;5;5340;19;319136;93;451156;61;183540;46;128810
25.03.2021 23:00;2;2000;2;1990;12;75000;68;214600;21;485041;2;450;2;2000;2;2000;0;0;0;0;2;2020;0;0;15;230595;56;256918;40;102579;35;75550
26.03.2021 00:00;0;0;1;1000;2;3160;40;68300;13;214858;1;130;0;0;1;1000;0;0;0;0;1;1570;1;1020;4;20740;36;126180;13;25250;14;29000
26.03.2021 01:00;0;0;0;0;1;12250;16;34630;8;168068;0;0;0;0;0;0;0;0;0;0;1;1010;0;0;1;14150;12;36510;7;29000;6;14310
26.03.2021 02:00;0;0;0;0;4;48020;20;13910;5;61250;0;0;0;0;0;0;0;0;0;0;0;0;0;0;2;8550;23;57150;5;10380;6;11430
26.03.2021 03:00;0;0;0;0;0;0;18;30600;3;22730;0;0;0;0;0;0;0;0;0;0;1;1350;0;0;2;30600;19;64600;4;5910;2;5520
26.03.2021 04:00;1;1000;0;0;2;24850;29;42670;12;204020;1;1750;1;1000;0;0;0;0;0;0;0;0;0;0;2;31050;31;100190;11;22200;20;42630
26.03.2021 05:00;3;2980;3;3000;16;59900;143;323796;31;539114;2;20810;3;2990;3;3000;0;0;0;0;2;2020;1;1000;13;103850;102;604401;62;206196;30;75886
26.03.2021 06:00;4;4000;3;3000;33;141290;366;708170;85;1106886;3;980;4;4000;4;3990;0;0;0;0;4;4350;0;0;31;555596;201;1446614;100;931655;56;401470
26.03.2021 07:00;7;7000;6;6000;75;736805;485;1560144;242;2052587;9;44690;7;7036;5;5000;0;0;0;0;41;74281;13;13570;73;1187005;195;2648729;146;1749906;90;817501
26.03.2021 08:00;7;6990;9;8990;73;557510;448;1394296;258;1975842;3;41170;7;7045;9;8980;0;0;0;0;24;25090;9;9570;85;1290148;163;2594005;106;1731078;109;991522
26.03.2021 09:00;4;4000;4;4000;66;573064;437;1524309;308;2061990;8;52930;4;3980;4;4000;0;0;0;0;41;51850;11;11150;86;1171439;177;2597559;101;1812052;115;1142666
26.03.2021 10:00;6;6000;4;4000;81;520404;398;1820215;303;2000572;4;39340;6;6000;4;4000;0;0;0;0;33;33820;10;11220;90;1222654;165;2592405;123;1594098;121;1374340
26.03.2021 11:00;4;4000;4;4000;80;551834;412;1787459;275;1868165;7;45705;4;3990;4;4000;0;0;0;0;44;46480;6;6090;94;1549882;165;2533386;144;1891160;155;1399915
26.03.2021 12:00;5;5000;5;5000;77;814975;460;1699446;311;2536182;13;103754;5;4990;5;4990;0;0;0;0;47;50084;14;14960;98;1227695;216;2600881;130;2143880;157;1638726
26.03.2021 13:00;8;7980;9;8990;100;748207;498;1682090;287;2247639;6;83822;8;7980;9;8990;0;0;0;0;48;52745;11;11710;72;1502009;200;2547279;127;2141361;143;1790838
26.03.2021 14:00;5;4990;5;5000;60;621095;499;1554801;284;2455780;4;2080;5;4980;5;5000;0;0;0;0;52;56834;12;12430;87;1176768;251;2509982;138;2382665;164;1974958
26.03.2021 15:00;4;4000;5;5000;90;547380;474;1497372;291;2510213;11;4780;4;4000;5;4990;0;0;0;0;37;43600;15;15190;81;1248373;253;2453208;129;2173284;158;1617319
26.03.2021 16:00;4;3990;3;3000;88;908484;484;1602489;312;2619405;8;3620;4;4000;4;4000;0;0;0;0;41;44430;9;9100;97;1353595;252;2519241;121;2056813;155;1501037
26.03.2021 17:00;4;4000;5;5000;87;866480;522;1343420;304;2413611;11;33336;4;3990;4;4000;0;0;0;0;48;54920;14;14950;86;1215990;236;2658444;137;1947420;136;1460766
26.03.2021 18:00;4;4000;3;3000;95;793645;458;1353454;255;2228048;3;1810;4;4000;3;3000;0;0;0;0;48;52440;8;8070;79;1360066;214;2222773;135;1830717;134;1326035
26.03.2021 19:00;5;5000;5;4980;62;528708;356;1156286;179;2000073;1;4010;5;4990;5;5000;0;0;0;0;43;49290;21;22440;76;1208981;167;1810927;162;1261574;147;844833
26.03.2021 20:00;3;3000;4;4000;33;251767;232;1196324;123;944742;6;32880;3;3000;4;4000;0;0;0;0;26;28510;12;12140;57;1077060;143;1418262;129;531064;113;506881
26.03.2021 21:00;2;2000;2;2000;21;99153;206;828243;89;870419;1;1420;2;2000;2;2000;0;0;0;0;7;7190;5;5050;30;373435;146;1124016;96;318170;97;339175
26.03.2021 22:00;2;2000;2;2000;10;123192;175;623040;55;690855;1;320;2;2000;2;2000;0;0;0;0;8;13040;4;4030;36;511920;121;755773;72;241095;78;273855
26.03.2021 23:00;2;2000;2;2000;6;47460;84;281920;44;528316;2;10500;2;2000;2;1980;0;0;0;0;5;5220;6;6090;17;233030;75;317025;48;315263;31;71050
27.03.2021 00:00;0;0;1;1054;8;67940;52;120880;19;275405;0;0;0;0;1;1000;0;0;0;0;4;4065;0;0;4;102545;40;144063;26;84821;29;57370
27.03.2021 01:00;0;0;0;0;5;28420;35;149080;23;252940;0;0;0;0;0;0;0;0;0;0;2;2710;1;1010;4;77130;24;102700;13;34500;18;31320
27.03.2021 02:00;0;0;0;0;1;1630;20;11220;18;217467;0;0;0;0;0;0;0;0;0;0;0;0;1;1010;6;155510;20;61660;7;15000;8;12720
27.03.2021 03:00;0;0;0;0;4;29240;16;88600;5;123130;0;0;0;0;0;0;0;0;0;0;0;0;0;0;3;50850;19;60510;1;1120;9;18530
27.03.2021 04:00;1;1000;0;0;2;18500;23;48480;13;238000;0;0;1;1000;0;0;0;0;0;0;0;0;0;0;5;121094;19;62400;4;10230;10;20460
27.03.2021 05:00;3;3000;3;3000;8;6660;55;58540;13;185630;0;0;3;2990;3;3000;0;0;0;0;0;0;0;0;9;53020;50;187805;21;38310;23;41020
27.03.2021 06:00;4;4000;4;4000;20;90540;90;372587;27;331964;1;910;4;3990;4;4000;0;0;0;0;2;2010;1;1010;15;219900;70;492810;40;178520;28;95630
27.03.2021 07:00;4;4000;4;4000;23;149867;132;592307;73;771725;2;1110;4;3970;4;4000;0;0;0;0;9;9940;3;3120;19;288591;105;621422;54;397625;34;110100
27.03.2021 08:00;5;4990;4;3990;65;252580;212;867733;125;996683;3;25940;5;5000;4;4000;0;0;0;0;24;25300;5;5230;35;422138;142;1352284;81;658730;112;590871
27.03.2021 09:00;4;4000;4;3990;49;508611;319;1354046;198;1702617;4;1150;4;3980;4;4000;0;0;0;0;32;33410;9;9150;56;884578;144;2046147;84;1031222;176;1114235
27.03.2021 10:00;4;3980;4;4000;60;428950;351;1222343;245;1781105;3;4280;4;4000;4;3990;0;0;0;0;32;33870;9;9370;68;1265401;158;2153083;114;1286779;112;830559
27.03.2021 11:00;4;4000;4;4000;53;403540;382;1497101;264;2089190;6;3170;4;4000;4;3990;0;0;0;0;35;36960;8;8060;88;1446180;153;2552558;108;1795834;115;1177505
27.03.2021 12:00;4;4000;4;3990;75;431576;395;1536681;258;2239873;4;1160;4;4000;4;4000;0;0;0;0;32;33450;16;16159;93;1358525;219;2182491;118;1845826;125;1169152
27.03.2021 13:00;4;3980;4;4000;82;616421;364;1338498;266;1936060;1;320;4;3990;4;4000;0;0;0;0;31;35660;5;5020;87;1296482;172;2226224;121;1745973;122;1214675
27.03.2021 14:00;4;3990;4;4000;65;532593;396;1448001;182;1407176;3;42970;4;4000;4;4000;0;0;0;0;40;41150;13;13100;80;1720065;188;2273449;122;1566103;150;1270480
27.03.2021 15:00;4;4000;4;4000;62;571139;406;1516742;177;1437533;1;840;4;4000;4;4000;0;0;0;0;34;36320;6;6020;73;1415484;175;2223870;117;1434907;134;1125450
27.03.2021 16:00;4;3990;4;4000;57;381120;356;1550325;151;1304720;2;710;4;3990;4;4000;0;0;0;0;33;36830;6;6540;75;1155892;162;2113565;128;1615902;145;1302100
27.03.2021 17:00;4;4000;5;4990;56;622949;360;1391253;208;1678573;2;390;4;4000;5;5000;0;0;0;0;43;44740;7;7040;59;837839;169;2146720;131;1565694;166;1093891
27.03.2021 18:00;4;3990;4;4000;60;500742;323;1385705;173;1414488;4;1820;4;4000;4;3990;0;0;0;0;38;38390;8;8130;70;1250775;170;2079904;117;1357296;123;1016178
27.03.2021 19:00;4;3990;4;3990;41;302133;284;1208593;132;1333723;0;0;4;4000;4;4000;0;0;0;0;40;42170;4;4030;53;722177;165;1649631;148;861404;115;756948
27.03.2021 20:00;2;2000;2;1990;35;279730;218;766360;78;784486;1;130;2;2000;2;2000;0;0;0;0;17;18330;4;4090;48;532087;152;1345728;101;435563;85;336927
27.03.2021 21:00;2;2000;2;2000;24;139145;192;695149;66;654944;1;330;2;1980;2;2000;0;0;0;0;13;13790;4;4030;35;362814;142;949228;85;386758;72;203163
27.03.2021 22:00;2;2000;2;2000;16;80900;151;549751;61;536752;0;0;2;2000;2;1980;0;0;0;0;9;9740;2;2010;27;302237;114;486800;62;265492;66;168320
27.03.2021 23:00;2;2000;2;2000;18;110240;109;469788;47;455590;0;0;2;2000;2;2000;0;0;0;0;3;3070;2;2020;19;301849;94;549314;31;79810;37;95590
28.03.2021 00:00;0;0;1;1000;6;57444;77;209064;27;352345;1;190;0;0;1;1000;0;0;0;0;0;0;1;1010;7;131150;58;341627;33;85240;25;55460
28.03.2021 01:00;0;0;0;0;5;55950;35;99800;17;202040;1;2770;0;0;0;0;0;0;0;0;0;0;0;0;8;100630;34;104143;13;21800;26;61330
28.03.2021 03:00;-1;-1;-1;-1;-1;-1;-1;-1;-1;-1;-1;-1;-1;-1;-1;-1;-1;-1;-1;-1;-1;-1;-1;-1;-1;-1;-1;-1;-1;-1;-1;-1
28.03.2021 04:00;0;0;0;0;3;192997;13;42800;8;115170;0;0;0;0;0;0;0;0;0;0;0;0;0;0;4;78870;13;41216;4;7420;7;16220
28.03.2021 05:00;2;2000;1;1000;6;20320;22;57690;4;57000;0;0;2;1990;1;1000;0;0;0;0;0;0;0;0;4;44020;19;68480;13;20290;10;20280
28.03.2021 06:00;2;2000;2;2000;10;36960;20;9370;11;196595;1;2140;2;2000;2;2000;0;0;0;0;0;0;0;0;5;58646;13;45110;17;29180;12;23940
28.03.2021 07:00;2;2000;2;1990;8;43830;37;85180;27;356014;0;0;2;2000;2;2000;0;0;0;0;3;3290;0;0;11;163542;28;75050;16;64310;15;36340
28.03.2021 08:00;2;2000;2;2000;15;101240;64;185420;32;469730;0;0;2;2000;2;2000;0;0;0;0;1;1000;0;0;14;235486;60;281060;28;190590;28;106240
28.03.2021 09:00;2;2000;2;2000;20;55409;117;503744;100;862418;3;32400;2;2000;2;1990;0;0;0;0;18;18570;1;1010;22;313506;87;536911;55;297148;71;261760
28.03.2021 10:00;2;1990;2;1990;24;153334;193;606352;105;921287;1;260;2;2000;2;2000;0;0;0;0;12;14588;3;3030;39;472900;142;1015601;98;558977;67;273921
28.03.2021 11:00;2;2000;2;2000;42;223270;257;1083763;170;1261613;3;910;2;2000;2;2000;0;0;0;0;21;22970;7;7030;49;362060;146;1384285;118;833429;124;607079
28.03.2021 12:00;3;3000;3;2990;51;252124;279;1226673;311;2022761;5;31480;3;3000;3;3000;0;0;1;650;23;23410;5;5090;54;705591;167;1734947;122;1133617;100;850807
28.03.2021 13:00;4;4000;4;3980;68;426100;352;1173643;360;2225708;8;80788;4;4000;4;4000;0;0;0;0;31;36460;10;10060;75;991254;138;2009147;135;1301071;135;899210
28.03.2021 14:00;4;4000;4;4000;58;410210;308;1529128;340;1975432;2;2010;4;3990;4;3990;0;0;0;0;23;24480;10;9939;94;1232004;171;1930373;112;1381665;122;1042592
28.03.2021 15:00;4;3980;4;4000;68;272135;341;1349123;335;2209060;1;720;4;4000;4;3990;0;0;0;0;36;36820;8;8060;74;885615;165;1971652;119;1009450;132;778510
28.03.2021 16:00;4;4000;4;3990;41;160480;334;1561004;360;2175098;8;3300;4;4000;4;4000;0;0;0;0;24;26980;10;10060;59;644383;182;1815524;100;1065575;119;907303
28.03.2021 17:00;4;3980;4;4000;46;456897;354;1509286;353;2298313;8;3250;4;3990;4;4000;0;0;0;0;26;26990;8;8060;54;791035;182;2046529;123;1347496;112;888131
28.03.2021 18:00;4;3990;4;4000;68;411631;376;1474148;340;2018749;3;1500;4;4000;4;4000;0;0;0;0;19;21380;16;16310;72;1096809;195;1979824;115;1134928;130;882391
28.03.2021 19:00;2;2000;2;2000;43;268207;304;974302;149;1243223;2;970;2;2000;2;2000;0;0;0;0;19;21170;6;6040;64;640657;170;1781982;106;1104786;107;523919
28.03.2021 20:00;2;2000;2;2000;27;167878;243;656388;109;951161;2;710;2;1990;2;1990;0;0;0;0;14;14580;4;4000;43;512590;141;1405995;118;547338;93;392828
28.03.2021 21:00;2;2000;2;2000;15;119493;162;610770;66;725438;0;0;2;2000;2;2000;0;0;0;0;14;15610;2;2570;32;496630;97;749673;82;238190;72;232179
28.03.2021 22:00;2;2000;2;2000;12;45120;94;368405;35;438610;0;0;2;2000;2;2000;0;0;0;0;3;4000;2;2020;15;177870;79;457209;65;145623;54;129299
28.03.2021 23:00;2;2000;2;1990;4;34190;53;177720;17;272587;1;36690;2;2000;2;2000;0;0;0;0;2;2020;2;2000;9;111220;52;198544;26;77400;27;65880
29.03.2021 00:00;0;0;1;1000;5;26300;35;71340;11;198487;0;0;0;0;1;1000;0;0;0;0;0;0;0;0;6;128700;32;124640;11;16417;16;34960
29.03.2021 01:00;0;0;0;0;2;37360;17;26000;7;41520;0;0;0;0;0;0;0;0;0;0;1;1010;1;1010;0;0;15;59605;4;7000;9;21780
29.03.2021 02:00;0;0;0;0;0;0;11;4690;4;91949;1;28140;0;0;0;0;0;0;0;0;0;0;0;0;3;73990;9;29161;5;10080;9;16140
29.03.2021 03:00;0;0;0;0;0;0;17;12030;7;123540;0;0;0;0;0;0;0;0;0;0;0;0;0;0;2;81170;12;39030;2;4700;2;1100
29.03.2021 04:00;1;1000;0;0;4;22130;27;30200;16;275421;0;0;1;1000;0;0;0;0;0;0;0;0;0;0;6;32500;26;85440;21;43000;16;28710
29.03.2021 05:00;3;2990;2;2000;15;43590;151;336335;30;599454;0;0;3;3000;3;3000;0;0;0;0;2;2260;0;0;12;113000;106;635484;55;134740;22;55050
29.03.2021 06:00;4;4000;4;4000;26;211000;347;855618;89;1281299;5;55144;4;3990;4;4000;0;0;0;0;3;3250;1;1000;29;642557;132;1732949;107;442855;77;199243
29.03.2021 07:00;7;6990;6;5990;70;618402;469;1676780;229;2270143;8;82310;7;7000;5;5000;0;0;0;0;27;42319;15;15530;70;1113994;160;2843459;100;1729073;99;1063360
29.03.2021 08:00;8;7990;9;9000;69;653249;492;1723906;274;1930278;6;112515;8;8000;9;9000;0;0;0;0;26;27450;13;13230;55;771524;199;2911713;89;1998835;100;1563694
29.03.2021 09:00;3;3000;4;4000;77;553832;390;1503403;280;2346016;8;4660;3;3000;4;3990;0;0;0;0;31;33780;13;13290;88;1017379;194;2488996;105;1503510;138;1527967
29.03.2021 10:00;6;6000;4;3990;70;570197;396;1553929;248;1847931;11;31810;6;6000;4;3990;0;0;0;0;42;42770;16;16300;98;1284373;170;2550514;99;1959851;157;1606430
29.03.2021 11:00;4;3980;5;4990;77;546879;382;1516093;257;1890420;9;5330;4;4000;5;5000;0;0;0;0;38;40110;18;18330;107;1533079;158;2233295;107;2018139;165;1414490
29.03.2021 12:00;5;5000;4;4000;83;637446;390;1458906;278;2289713;10;66540;5;5000;5;5000;0;0;0;0;37;39750;16;16130;104;1515539;175;2341676;130;1783364;159;1313513
29.03.2021 13:00;8;8045;8;7990;87;621973;406;1822232;287;2094452;9;68160;8;8000;7;6980;0;0;0;0;45;48330;15;15850;96;1524125;181;2578095;126;1993673;135;1495482
29.03.2021 14:00;5;4990;7;6990;75;618102;437;1535175;283;1979765;3;1560;5;4980;7;7000;0;0;0;0;37;39980;12;12080;96;1226875;180;2543836;128;2044631;140;1458881
29.03.2021 15:00;4;4000;4;4054;109;786385;500;1838790;299;2390456;11;6240;4;4000;4;3990;0;0;0;0;37;40280;21;21900;95;1422695;210;2714918;134;2187529;150;1728386
29.03.2021 16:00;4;4000;3;3000;111;868700;483;1628150;293;2641664;5;2410;4;4000;4;4000;0;0;0;0;63;66480;19;19150;105;1456141;265;2350303;143;1988101;141;1557589
29.03.2021 17:00;4;4000;4;4000;78;705958;479;1419504;265;2271790;11;78180;4;4000;4;3990;0;0;0;0;57;64490;13;13080;96;1625707;254;2206538;138;2218962;131;1650538
29.03.2021 18:00;4;3990;5;4990;86;451706;462;1237886;208;1786223;4;1950;4;4000;4;3990;0;0;0;0;43;45760;16;16520;81;1161427;268;2065805;149;1929031;192;1442235
29.03.2021 19:00;5;4990;3;3000;60;590758;295;1136941;154;1669124;5;25470;5;4990;4;4000;0;0;0;0;35;41160;5;5020;72;1144070;194;1310830;113;1229996;115;849666
29.03.2021 20:00;3;3000;4;3990;33;399620;237;994375;138;1071499;7;3700;3;2990;4;4000;0;0;0;0;33;35620;9;9070;53;811988;152;1404773;105;572136;90;446919
29.03.2021 21:00;2;2000;2;2000;17;165366;170;607840;75;809524;0;0;2;2000;2;2000;0;0;0;0;12;13192;2;2010;36;405417;110;759985;71;249407;75;227520
29.03.2021 22:00;2;2000;2;2000;24;159054;105;451896;49;710672;0;0;2;2000;2;2000;0;0;0;0;10;11600;3;3020;29;327050;84;404586;43;106898;56;166820
29.03.2021 23:00;2;1990;2;2000;6;50823;57;158270;21;291665;1;19810;2;1990;2;2000;0;0;0;0;2;2020;0;0;13;255483;49;239124;25;46240;24;54380
30.03.2021 00:00;0;0;1;1000;2;37870;39;58806;6;125280;0;0;0;0;1;1000;0;0;0;0;0;0;0;0;5;23776;36;116482;13;22540;22;43600
30.03.2021 01:00;0;0;0;0;1;1060;20;40440;8;108380;1;43970;0;0;0;0;0;0;0;0;0;0;1;1010;2;19070;21;78547;10;15980;8;18520
30.03.2021 02:00;0;0;0;0;0;0;16;9020;4;95130;1;13400;0;0;0;0;0;0;0;0;0;0;0;0;1;20280;13;40340;5;9050;4;6620
30.03.2021 03:00;0;0;0;0;0;0;17;15580;4;111490;1;36810;0;0;0;0;0;0;0;0;0;0;0;0;1;480;16;59990;4;8330;8;14870
30.03.2021 04:00;1;990;0;0;4;15080;31;83524;9;156370;0;0;1;1000;0;0;0;0;0;0;0;0;0;0;7;41640;28;107830;15;28060;18;52250
30.03.2021 05:00;3;3000;3;3000;15;57790;131;423896;34;497108;0;0;3;3000;3;2990;0;0;0;0;1;1100;1;1000;17;181324;94;741930;52;114120;34;64630
30.03.2021 06:00;4;4000;3;2990;30;135180;374;951781;99;1312634;4;54664;4;4000;4;3990;0;0;0;0;20;20780;1;1810;20;351453;146;1810621;115;764922;77;392026
30.03.2021 07:00;7;7000;7;6990;70;502573;466;1663249;229;2029506;8;9180;7;7044;7;7000;0;0;0;0;32;49099;8;8010;62;1031373;153;2888071;87;1858642;91;1065262
30.03.2021 08:00;8;7980;8;8000;81;492356;488;1715524;290;2124767;6;58550;8;8000;8;7980;0;0;0;0;28;29920;8;8050;89;1031221;204;2854186;104;1910827;118;1491884
30.03.2021 09:00;4;3990;3;3000;50;399980;450;1472408;291;2176983;6;3560;4;3990;3;3000;0;0;0;0;24;24220;8;8170;70;1193697;190;2655876;112;1714053;151;1460615
30.03.2021 10:00;3;2990;4;4000;72;815073;410;1516361;257;1905272;9;4130;3;2990;4;4000;0;0;0;0;35;45760;9;9060;91;1385071;183;2491576;108;2040455;156;1509047
30.03.2021 11:00;6;6000;5;5000;74;591559;410;1645317;277;1955548;12;61160;6;5990;6;5990;0;0;0;0;30;34030;9;10640;98;1526099;169;2570860;129;1705778;141;1229502
30.03.2021 12:00;5;4990;6;6000;88;752198;414;1708324;262;1926654;5;79790;5;5000;5;5000;0;0;0;0;45;48600;20;20150;105;1970786;197;2652357;134;2167922;164;2011107
30.03.2021 13:00;8;7980;7;7000;91;681291;482;1679829;293;2124803;9;31350;8;8000;8;7980;0;0;0;0;54;60340;8;8050;92;1494466;149;2952200;131;2059918;157;1616625
30.03.2021 14:00;5;5000;6;5990;65;544953;496;1847621;283;2248319;2;1240;5;5000;6;6000;0;0;0;0;47;50620;13;13530;101;1391749;206;2944722;116;2355584;130;1605348
30.03.2021 15:00;4;4000;4;4000;99;1059476;537;1765667;311;2652942;9;103560;4;4000;4;3990;0;0;0;0;48;49360;22;22250;87;1557759;253;2721035;132;2395561;139;1760506
30.03.2021 16:00;4;4000;4;3980;104;875974;570;1774424;258;2612752;11;7540;4;4000;4;4000;0;0;0;0;49;54850;23;23260;109;1701858;267;2949639;141;2381371;138;1869512
30.03.2021 17:00;4;3990;4;4000;78;596312;558;1852015;297;2592135;11;79460;4;3990;4;3990;0;0;0;0;49;50980;15;15110;96;1340172;263;3041711;137;2321312;138;1836805
30.03.2021 18:00;4;4000;4;4000;95;704120;470;1398737;276;2264907;9;3563;4;3990;3;3000;0;0;0;0;47;48270;11;11090;87;1310596;271;2298153;111;2061145;182;1503578
30.03.2021 19:00;5;5000;4;3990;67;623719;331;1010428;196;2028785;8;4700;5;5000;4;4000;0;0;0;0;31;34070;9;9160;78;1129177;206;1730081;107;1307043;115;1003128
30.03.2021 20:00;3;2990;4;4000;43;364057;239;967179;153;1124052;1;130;3;2990;4;4000;0;0;0;0;26;26980;6;6030;51;758704;133;1476879;118;899020;118;605434
30.03.2021 21:00;2;2000;3;3000;23;72050;198;654870;82;632409;1;23960;2;2000;3;3000;0;0;0;0;13;13390;5;5090;41;482092;117;842620;91;363272;86;323103
30.03.2021 22:00;2;1990;2;2000;9;353184;127;437730;53;456419;1;260;2;2000;2;1990;0;0;0;0;4;4240;1;1010;33;467428;89;557426;53;134945;64;210659
30.03.2021 23:00;2;2000;2;2000;8;99100;66;135180;26;220871;1;190;2;2000;2;2000;0;0;0;0;4;4220;1;1000;10;139670;55;251946;26;70940;21;45939
31.03.2021 00:00;0;0;1;1000;3;44360;28;71300;17;207570;0;0;0;0;1;1000;0;0;0;0;1;1010;2;2010;10;130380;23;74700;18;31720;10;30430
31.03.2021 01:00;0;0;0;0;2;15840;19;35280;6;148600;2;16420;0;0;0;0;0;0;0;0;0;0;1;1000;0;0;15;56773;3;4050;7;13980
31.03.2021 02:00;0;0;0;0;2;18080;13;10520;3;60095;2;18230;0;0;0;0;0;0;0;0;0;0;0;0;1;15910;12;30300;7;11680;7;12240
31.03.2021 03:00;0;0;0;0;0;0;13;7910;4;123740;0;0;0;0;0;0;0;0;0;0;0;0;0;0;0;0;11;35887;8;7670;7;11660
31.03.2021 04:00;1;1000;0;0;3;44330;23;44282;16;228953;0;0;1;1000;0;0;0;0;0;0;0;0;1;1050;4;9200;19;79160;13;25520;17;41240
31.03.2021 05:00;3;2990;3;2990;9;34020;152;368720;27;476680;0;0;3;3000;3;3000;0;0;0;0;1;1110;3;3000;9;30060;94;563242;47;136580;31;88080
31.03.2021 06:00;4;3990;4;4000;27;298880;346;804508;84;938940;3;40770;4;4000;4;4000;0;0;0;0;5;5330;3;3160;25;470363;131;1769916;92;545428;72;294910
31.03.2021 07:00;7;6980;6;5990;58;489116;475;1470383;260;2020448;3;16010;7;6990;6;6000;0;0;0;0;19;19280;10;10200;64;1227104;198;2758482;95;1743886;89;1117672
31.03.2021 08:00;8;7990;7;6990;76;643050;495;1660496;289;2089369;9;4730;8;7990;8;7990;0;0;0;0;16;16360;6;6050;74;1290024;207;2920752;84;2083499;105;1381293
31.03.2021 09:00;4;4000;4;4000;74;504005;424;1544559;297;1979228;8;92480;4;4000;3;2990;0;0;0;0;24;26500;21;21420;75;1327052;178;2469811;107;1831610;151;1378233
31.03.2021 10:00;5;4980;5;5000;70;445821;421;1660561;301;2199608;11;91674;5;4990;5;5000;0;0;0;0;40;42270;12;12440;86;1200695;180;2459809;123;1720429;152;1512106
31.03.2021 11:00;4;4000;5;4990;87;726388;436;1582413;299;2341672;7;48080;4;3990;5;5000;0;0;0;0;37;40380;12;13420;95;1352153;181;2656938;125;1922492;128;1257468
31.03.2021 12:00;5;4980;4;4000;92;812087;453;1769898;307;2254426;16;126916;5;5000;4;4000;0;0;0;0;39;44370;17;17080;99;1299639;178;2798868;132;2098990;168;1668226
31.03.2021 13:00;8;7980;9;8990;107;804613;449;1829433;282;2301505;7;99450;8;7990;9;8970;0;0;0;0;40;43179;6;6170;117;1847319;167;2961258;140;2138099;144;1952262
31.03.2021 14:00;4;3990;5;5000;76;621097;463;1830597;262;2032005;4;910;4;3990;5;4990;0;0;0;0;47;49260;13;13800;83;1338119;213;2753627;150;1967312;166;1426825
31.03.2021 15:00;4;4000;5;5000;91;682926;498;1662883;290;2228682;8;47370;4;4000;5;4990;0;0;0;0;53;56930;16;16100;103;1506511;237;2647814;103;2643981;163;1924807
31.03.2021 16:00;4;4000;4;4000;103;662339;501;1654744;282;2353755;9;52490;4;4000;4;4000;0;0;0;0;58;65424;19;19730;100;1430202;239;2507414;116;2230775;133;1607138
31.03.2021 17:00;4;3990;3;3000;111;760870;468;1690300;295;2262114;7;4750;4;3980;4;4000;0;0;0;0;64;71138;11;11200;99;1251652;269;2587903;145;2104045;165;1543576
31.03.2021 18:00;4;4000;4;4000;87;746662;446;1288101;251;2081677;4;50860;4;4000;3;3000;0;0;0;0;44;49270;17;17070;83;1285647;249;2194020;145;2278255;179;1782916
31.03.2021 19:00;5;4990;4;4000;53;522508;352;1088756;200;1987691;2;3250;5;5000;4;4000;0;0;0;0;30;33730;8;8050;65;986825;201;1493700;124;1663227;129;1240049
31.03.2021 20:00;3;3000;5;5000;28;265054;276;1342793;127;974911;1;330;3;2990;5;4990;0;0;0;0;30;31960;6;6050;51;674006;162;1783356;135;845921;107;634155
31.03.2021 21:00;2;1980;2;2000;20;192580;186;885615;99;774335;1;390;2;2065;2;1990;0;0;0;0;19;22830;4;4010;34;731537;139;1048587;100;405443;103;335360
31.03.2021 22:00;2;1990;2;2000;18;86140;166;761505;51;464170;1;260;2;2000;2;2000;0;0;0;0;17;18220;4;4680;32;327042;139;876589;79;223212;68;306292
31.03.2021 23:00;2;1990;2;2000;6;62130;74;599344;29;330291;1;200;2;2000;2;1990;0;0;0;0;6;6080;2;2010;17;241380;65;320071;31;100330;28;62470
01.04.2021 00:00;0;0;1;990;1;31575;43;92830;16;209059;1;1430;0;0;1;1000;0;0;0;0;1;1010;1;1010;6;90915;38;126490;23;50680;18;60650
01.04.2021 01:00;0;0;0;0;2;44990;21;12360;14;90180;1;390;0;0;0;0;0;0;0;0;0;0;0;0;1;14530;14;77730;8;16170;12;28140
01.04.2021 02:00;0;0;0;0;3;47670;11;87346;8;110260;1;260;0;0;0;0;0;0;0;0;0;0;0;0;4;73840;8;72390;6;15940;6;13860
01.04.2021 03:00;0;0;0;0;0;0;21;15530;3;30260;0;0;0;0;0;0;0;0;0;0;0;0;0;0;1;31090;16;56040;8;15340;7;14600
01.04.2021 04:00;1;1000;0;0;3;40310;21;40500;10;184607;0;0;1;1000;0;0;0;0;0;0;0;0;0;0;4;62700;22;84550;8;43670;17;45380
01.04.2021 05:00;3;3000;2;2000;10;57795;138;362339;28;421155;0;0;3;2990;2;1990;0;0;0;0;0;0;1;1010;14;143100;85;598627;43;112870;25;69640
01.04.2021 06:00;4;4000;5;5000;19;209615;329;725240;86;1123900;2;590;4;4000;5;5000;0;0;0;0;3;3380;2;2010;25;495910;145;1538083;106;559291;64;214700
01.04.2021 07:00;7;6990;5;5000;55;608125;481;1542116;252;1943407;7;31670;7;6990;5;4990;0;0;1;1100;29;31700;6;6060;67;1268702;175;2733464;90;1777847;88;1076812
01.04.2021 08:00;8;7990;9;9000;77;504470;508;1704462;263;2184890;7;4280;8;7980;8;8000;0;0;0;0;32;34120;14;14130;87;1347740;176;2883973;94;1828982;107;1180372
01.04.2021 09:00;4;4000;3;3000;58;509253;438;1653776;282;2166626;10;89550;4;4000;4;4000;0;0;0;0;38;40030;9;9060;74;1197928;176;2617716;108;1612759;119;1297566
01.04.2021 10:00;4;4000;4;4000;79;632843;414;1547217;322;2212493;13;71001;4;4000;4;4000;0;0;0;0;47;49560;12;12080;102;1473381;162;2660146;112;1813696;123;1181803
01.04.2021 11:00;4;3990;5;4990;95;542195;422;1758867;307;2146020;10;4470;4;4000;4;4000;0;0;0;0;37;39080;12;12070;107;1588165;156;2720705;111;2009946;133;1364834
01.04.2021 12:00;5;5000;4;3980;115;898852;405;1763774;308;2385922;3;3370;5;5000;5;4990;0;0;0;0;49;54200;12;12100;118;1691016;164;2724674;137;2263880;154;1415416
01.04.2021 13:00;8;7990;9;8980;109;717091;442;1742046;335;2078503;7;97594;8;7980;8;8000;0;0;0;0;49;51510;22;24220;112;1576548;177;2901319;131;1921766;147;1579545
01.04.2021 14:00;5;5000;6;5990;86;702928;479;1726695;290;2025234;4;1500;5;5000;6;5990;0;0;0;0;39;43680;22;22180;100;1674667;177;2893511;127;2168351;147;1370583
01.04.2021 15:00;4;4000;3;3000;86;799429;469;1922344;280;2244510;8;30280;4;4000;4;4000;0;0;0;0;50;58440;14;14070;96;1267032;229;2659715;138;2260625;157;1704269
01.04.2021 16:00;4;3990;5;5000;109;741278;507;1911998;316;2504231;5;2400;4;4000;4;4000;0;0;0;0;43;51470;20;20960;97;1409779;264;2731164;129;2389278;158;2083536
01.04.2021 17:00;4;4000;3;3000;111;943617;480;1559015;293;2284167;9;30750;4;4000;3;3000;0;0;0;0;39;44430;17;17110;92;1620140;257;2501635;131;2249134;126;1901797
01.04.2021 18:00;4;4000;4;4000;101;594830;458;1558372;257;1869546;11;50320;4;4000;5;5000;0;0;0;0;59;67310;14;14060;95;1496004;243;2515471;135;2093153;140;1494328
01.04.2021 19:00;4;4000;5;4140;48;452490;374;1132311;212;2102889;6;64910;5;4980;4;4000;0;0;0;0;60;68368;18;18100;65;936283;226;1614112;119;1315002;122;1077902
01.04.2021 20:00;4;4000;4;4850;44;308305;363;1084654;165;1212404;1;330;3;3000;4;3990;0;0;0;0;45;49196;11;11260;66;770606;169;2242477;143;667764;136;994535
01.04.2021 21:00;2;2000;2;2000;17;90318;313;856345;95;903027;3;28550;2;2000;2;1990;0;0;0;0;28;32159;1;1010;51;579560;159;1657963;80;262590;127;473523
01.04.2021 22:00;2;2000;2;2000;30;220432;174;626660;73;824480;0;0;2;2000;2;2000;0;0;0;0;11;11210;3;3030;42;325915;128;756034;73;254684;75;290670
01.04.2021 23:00;2;2000;2;1980;14;48490;77;284100;36;479802;0;0;2;2000;2;1990;0;0;0;0;6;6150;1;1000;16;174986;66;275663;48;96530;47;161542
02.04.2021 00:00;0;0;1;1000;6;7300;45;112270;19;227324;0;0;0;0;1;1000;0;0;0;0;2;2020;0;0;8;105650;33;138780;31;89080;20;46550
02.04.2021 01:00;0;0;0;0;5;12930;19;41350;13;183740;1;1100;0;0;0;0;0;0;0;0;3;3020;1;1010;6;64585;14;70240;9;14680;11;29860
02.04.2021 02:00;0;0;0;0;2;19850;18;38470;9;85650;0;0;0;0;0;0;0;0;0;0;1;1830;0;0;1;1840;20;66020;5;7420;10;18960
02.04.2021 03:00;0;0;0;0;1;32180;17;9590;5;32570;0;0;0;0;0;0;0;0;0;0;0;0;0;0;3;37320;12;36790;11;15320;9;23150
02.04.2021 04:00;1;1000;0;0;3;16940;12;6590;9;166824;0;0;1;1000;0;0;0;0;0;0;0;0;0;0;1;5670;9;35370;14;23500;9;24210
02.04.2021 05:00;2;1990;2;2055;7;3720;35;41084;6;50040;0;0;2;2000;2;2000;0;0;0;0;1;1190;1;1010;3;40490;27;95174;6;14260;6;17270
02.04.2021 06:00;2;2000;2;1990;7;93230;37;108910;13;265214;0;0;2;1990;2;2000;0;0;0;0;0;0;0;0;8;213530;37;151444;18;40700;20;54310
02.04.2021 07:00;2;2000;2;2000;10;143232;44;179793;22;373860;0;0;2;2000;2;2000;0;0;0;0;0;0;1;1010;5;146360;36;78840;29;162750;19;59120
02.04.2021 08:00;2;1990;2;2000;18;259964;75;159465;37;620801;0;0;2;2000;2;2000;0;0;0;0;5;5650;1;1000;14;359480;62;213630;46;186200;31;163962
02.04.2021 09:00;2;1990;2;1990;20;201605;163;487511;104;1261906;3;57210;2;2000;2;2000;0;0;0;0;9;10060;2;2020;24;456168;101;894858;83;661762;54;374038
02.04.2021 10:00;2;2000;2;2000;27;252590;216;753390;107;1413336;6;41830;2;1990;2;2000;0;0;0;0;14;15670;0;0;36;599753;126;1102624;111;918906;89;557296
02.04.2021 11:00;2;2000;2;2000;42;421563;248;734645;136;1194550;5;1290;2;2000;2;1990;0;0;0;0;8;8160;8;8220;48;858175;139;1337295;107;973136;116;714307
02.04.2021 12:00;2;2000;2;2000;30;435933;271;1058904;156;1450612;2;840;2;2000;2;1990;0;0;0;0;9;9960;5;5080;36;623405;161;1323181;110;962404;96;787126
02.04.2021 13:00;4;3990;4;3990;32;278594;325;832169;189;1986726;0;0;4;4000;4;3990;0;0;0;0;27;28165;9;10960;45;633711;230;1253647;94;1286761;98;834118
02.04.2021 14:00;4;4000;4;4000;34;335775;346;743235;205;2111001;0;0;4;4000;4;3990;0;0;0;0;28;33240;7;7050;52;1243727;222;1198523;119;1544290;98;874912
02.04.2021 15:00;4;4000;5;4980;35;376500;319;1027874;218;1908733;0;0;4;4000;4;4000;0;0;1;430;22;30130;7;7030;42;732367;223;1385682;99;1073728;95;792323
02.04.2021 16:00;4;4000;4;3990;57;272215;301;691993;206;1721363;2;1430;4;4000;4;4000;0;0;0;0;29;31250;3;3030;64;984375;206;1027476;101;1311916;100;976548
02.04.2021 17:00;4;4056;4;4000;43;381530;326;862573;238;1884957;13;104563;4;4000;4;4000;0;0;0;0;28;31640;4;4040;47;643765;235;1258752;115;1517758;107;746501
02.04.2021 18:00;4;4000;4;4000;43;338264;332;839416;256;2088164;11;75990;4;4000;4;4000;0;0;0;0;26;27160;11;11080;54;687500;224;1253876;102;1084338;80;777254
02.04.2021 19:00;4;4000;4;4000;38;348317;270;815280;174;1613841;3;48470;4;4000;4;4000;0;0;0;0;22;31443;15;16010;42;715078;183;936091;79;802637;78;446457
02.04.2021 20:00;2;2000;2;1990;30;188389;186;933027;137;1088529;2;450;2;1990;2;2000;0;0;0;0;14;14240;16;16140;53;680584;132;1237929;91;508169;75;429310
02.04.2021 21:00;2;2000;2;1990;15;58820;157;604254;99;1108059;1;20810;2;2000;2;2000;0;0;0;0;3;4040;4;4230;27;391690;113;703192;69;265424;58;203500
02.04.2021 22:00;2;2000;2;2000;19;37090;100;448068;67;766047;2;15310;2;2000;2;2000;0;0;0;0;2;2320;4;4000;28;316360;75;432306;64;225336;30;88550
02.04.2021 23:00;2;2000;2;1990;16;73174;82;288765;39;586035;0;0;2;2000;2;2000;0;0;0;0;3;3010;1;1000;14;161830;71;301890;24;49205;29;71970
03.04.2021 00:00;1;1000;2;2000;5;25050;51;144700;19;291030;1;390;1;1000;2;1990;0;0;0;0;0;0;0;0;6;83573;39;165866;33;67220;23;68008
03.04.2021 01:00;0;0;0;0;2;17920;28;136110;20;293744;1;260;0;0;0;0;0;0;0;0;0;0;0;0;5;91320;20;67610;11;38100;10;30930
03.04.2021 02:00;0;0;0;0;4;43290;10;6000;14;290197;0;0;0;0;0;0;0;0;0;0;0;0;0;0;5;170972;8;26720;13;23450;7;14480
03.04.2021 03:00;0;0;0;0;0;0;16;12690;11;164930;0;0;0;0;0;0;0;0;0;0;0;0;1;1000;0;0;10;43320;1;720;5;12850
03.04.2021 04:00;3;3000;2;2000;5;3080;22;23380;8;118080;1;15920;3;3000;2;2000;0;0;0;0;0;0;0;0;4;37550;16;60820;2;4060;11;28440
03.04.2021 05:00;3;2990;4;4000;7;13700;42;104550;14;199450;0;0;3;3000;4;4000;0;0;0;0;0;0;0;0;10;167503;29;106966;18;31000;13;30850
03.04.2021 06:00;6;6000;5;5000;11;7090;63;134020;35;561433;1;770;6;5990;5;5000;0;0;0;0;2;2010;0;0;16;198965;49;226210;43;169940;19;50630
03.04.2021 07:00;6;5980;6;6000;20;70060;122;487944;66;776944;1;35150;6;6000;6;6000;0;0;0;0;8;8220;0;0;21;283642;92;521885;38;205852;25;115400
03.04.2021 08:00;6;6000;6;5990;27;91540;198;940945;155;1156872;1;60;6;6000;6;5990;0;0;0;0;22;24950;1;1000;36;445266;136;1112184;79;555932;55;315060
03.04.2021 09:00;6;5990;6;5990;47;161290;254;1318919;214;1725854;4;2060;6;6000;6;5990;0;0;0;0;33;34470;7;7980;49;795800;152;1607059;98;832196;96;1002022
03.04.2021 10:00;6;6000;6;5990;87;625635;314;1477140;293;2061176;6;2200;6;5990;6;5990;0;0;0;0;38;43028;5;5020;77;737779;159;2162501;89;1559431;122;931589
03.04.2021 11:00;6;5980;6;6000;87;693930;372;1724102;312;2003905;11;6480;6;6000;6;5980;0;0;0;0;43;47950;7;7030;96;1551583;180;2385730;118;1617588;126;1017525
03.04.2021 12:00;6;6000;6;6000;66;374355;407;1422045;317;2169747;10;4280;6;6000;6;6000;0;0;0;0;48;50320;14;14080;100;1446032;164;2430585;119;1784186;114;1502527
03.04.2021 13:00;6;6000;6;5990;78;595408;357;1719789;307;2065127;8;5930;6;5980;6;6000;0;0;0;0;55;65868;14;14920;88;1454234;183;2353182;124;1915649;134;1464944
03.04.2021 14:00;6;5980;6;6000;64;461806;413;1411799;290;2105436;2;34230;6;6000;6;6000;0;0;0;0;36;45141;8;8040;92;1658873;162;2359811;127;1959473;112;1449898
03.04.2021 15:00;6;6000;6;6000;69;566916;377;1436683;273;1915936;5;55810;6;5980;6;5980;0;0;0;0;40;53987;9;9040;56;1528923;183;2196138;104;1636319;104;1004116
03.04.2021 16:00;6;5990;6;6000;47;414313;317;1455573;256;1794859;5;2960;6;5990;6;5980;0;0;0;0;46;47710;13;13880;62;837330;166;1904117;113;1481643;104;924496
03.04.2021 17:00;6;6000;6;5990;66;409190;339;1492270;225;1713756;8;8630;6;5980;6;6000;0;0;0;0;20;23090;7;7190;66;1088613;176;2116057;108;1420208;105;1039603
03.04.2021 18:00;6;5990;6;6000;48;212070;335;1339680;237;1640803;6;2920;6;5980;6;5990;0;0;0;0;25;27985;7;7030;73;1019570;150;2050575;95;1049799;104;834291
03.04.2021 19:00;6;5980;6;5990;47;520524;259;1383983;205;1487035;0;0;7;7000;6;6000;0;0;0;0;26;27940;9;9300;62;934269;141;1679705;102;1224585;84;808047
03.04.2021 20:00;4;4000;5;5000;26;137620;246;951052;133;911876;0;0;3;2990;5;4990;0;0;0;0;26;28950;3;3000;45;575498;130;1434478;87;405535;108;555711
03.04.2021 21:00;2;2000;2;2000;21;105370;212;831136;97;790977;0;0;2;2000;2;1990;0;0;0;0;11;11110;6;6690;33;427741;146;1149916;71;308350;81;239784
03.04.2021 22:00;2;2000;2;1990;17;38310;137;633425;91;867363;0;0;2;2000;2;2000;0;0;0;0;9;11460;2;2270;36;345008;97;730188;54;204648;65;235061
03.04.2021 23:00;2;2000;2;2000;14;48580;89;399700;40;503685;1;510;2;2000;2;2000;0;0;0;0;4;4020;6;6309;15;166200;75;312837;25;64310;30;97800
04.04.2021 00:00;1;1000;2;2000;1;80;54;215730;36;565238;0;0;1;1000;2;1990;0;0;0;0;5;5030;3;3020;8;126440;42;149760;16;31060;19;52990
04.04.2021 01:00;0;0;0;0;1;160;38;101812;29;247642;0;0;0;0;0;0;0;0;0;0;0;0;2;2210;6;94920;28;105492;14;30300;22;62870
04.04.2021 02:00;0;0;0;0;2;32810;26;25090;12;224250;0;0;0;0;0;0;0;0;0;0;0;0;1;1010;1;26290;27;79820;17;30840;12;23350
04.04.2021 03:00;0;0;0;0;1;17255;14;37845;12;237318;0;0;0;0;0;0;0;0;0;0;0;0;0;0;2;31315;13;42060;4;5830;3;9340
04.04.2021 04:00;1;1000;0;0;2;25980;9;19040;7;99110;0;0;1;1000;0;0;0;0;0;0;0;0;2;2110;2;31570;7;38990;5;14670;4;6780
04.04.2021 05:00;2;1990;2;2000;5;10610;19;9880;8;146862;1;580;2;2000;2;1990;0;0;0;0;1;1960;0;0;4;27230;18;45720;15;27230;10;20060
04.04.2021 06:00;2;1990;2;2000;2;2840;24;68680;11;124195;0;0;2;2000;2;2000;0;0;0;0;1;1010;0;0;7;70540;18;63330;8;70940;7;15210
04.04.2021 07:00;2;2000;2;2000;7;43660;37;150510;26;389180;0;0;2;1990;2;2000;0;0;0;0;0;0;0;0;4;30580;37;135980;18;72860;12;25410
04.04.2021 08:00;2;2000;2;1990;11;36300;77;344030;61;654434;0;0;2;1990;2;2000;0;0;0;0;3;3030;2;2020;16;175150;67;314660;32;167540;21;51354
04.04.2021 09:00;2;1990;2;2000;19;85930;149;531012;98;910690;4;43620;2;2000;2;2000;0;0;0;0;3;3010;2;2060;25;318652;115;824429;60;449215;58;196445
04.04.2021 10:00;2;2000;2;2000;34;168270;241;803547;150;1172080;3;1160;2;1990;2;2000;0;0;0;0;10;10120;73;935326;31;311623;166;1242358;88;711377;109;521181
04.04.2021 11:00;2;2000;2;2000;38;228790;283;1112302;206;1472371;3;1100;2;2000;2;1990;0;0;0;0;14;15430;204;2715134;57;506601;156;1761795;121;1168312;114;780189
04.04.2021 12:00;2;2053;2;2000;44;476070;354;1413902;231;1891067;8;3820;2;2000;2;2000;0;0;0;0;8;8440;44;436016;58;675990;173;1954415;121;1278250;91;860557
04.04.2021 13:00;4;4000;4;3980;38;177105;319;1111416;235;1750635;2;790;4;4000;4;4000;0;0;0;0;23;30670;6;6880;54;605343;168;1682501;104;1204623;76;688052
04.04.2021 14:00;4;3990;4;4000;40;337450;322;931548;234;1735556;5;36730;4;4000;4;3990;0;0;0;0;16;18090;10;10080;45;521760;168;1826570;127;1206714;115;696832
04.04.2021 15:00;4;4000;4;4000;39;209570;318;1197430;205;1525414;7;2450;4;3990;4;4000;0;0;0;0;24;25130;2;2020;42;556397;182;1646760;103;991694;77;662260
04.04.2021 16:00;4;4000;4;4000;33;206720;304;1038996;204;1475910;2;1420;4;4000;4;3990;0;0;0;0;21;22950;6;6040;39;519492;190;1382419;98;867097;81;560090
04.04.2021 17:00;4;4000;4;4058;42;332120;317;1209428;220;1409839;1;70;4;3990;4;4000;0;0;0;0;23;25020;10;10290;50;765515;214;1756052;108;1164295;91;591541
04.04.2021 18:00;4;4000;4;3990;35;239634;320;1354916;236;1657138;9;15120;4;3990;4;4000;0;0;0;0;25;28690;8;8050;42;536884;148;2015213;93;1127740;98;749714
04.04.2021 19:00;4;4047;4;4000;35;299097;275;1039718;184;1228524;3;18530;4;4000;4;4000;0;0;0;0;25;27610;5;5240;52;550200;154;1555398;98;797527;83;536502
04.04.2021 20:00;2;2000;2;2000;28;146650;250;895811;141;1259469;1;520;2;2000;2;2000;0;0;0;0;15;15920;6;6060;44;357208;149;1536209;95;563971;70;393697
04.04.2021 21:00;2;2000;2;1990;15;50170;171;645723;93;812960;1;640;2;2000;2;2000;0;0;0;0;13;13190;2;2020;29;313890;120;960718;77;363436;61;182775
04.04.2021 22:00;2;1990;2;2000;16;98460;107;479721;66;748860;0;0;2;2000;2;2000;0;0;0;0;6;6910;3;3040;20;238630;81;458602;52;172066;25;73640
04.04.2021 23:00;2;2000;2;2000;8;17510;74;337870;32;564138;1;250;2;1990;2;2000;0;0;0;0;1;1000;1;1010;10;117633;65;332377;30;75000;30;68990
05.04.2021 00:00;1;1000;2;2000;7;74760;51;137837;29;444304;1;13710;1;1000;2;2000;0;0;0;0;0;0;0;0;8;96690;34;120830;21;46530;10;18250
05.04.2021 00:00;1;1000;2;2000;7;74760;51;137837;29;444304;1;13710;1;1000;2;2000;0;0;0;0;0;0;0;0;8;96690;34;120830;21;46530;10;18250
05.04.2021 01:00;0;0;0;0;5;55330;26;11740;16;335750;1;38170;0;0;0;0;0;0;0;0;2;3040;0;0;4;81010;22;59770;9;17550;8;19520
05.04.2021 02:00;0;0;0;0;1;1210;6;3170;7;102863;0;0;0;0;0;0;0;0;0;0;0;0;0;0;1;16460;6;19170;10;17060;4;9270
05.04.2021 03:00;0;0;0;0;3;3560;14;9270;5;129420;1;960;0;0;0;0;0;0;0;0;0;0;0;0;3;21950;8;27310;7;12230;5;8070
05.04.2021 04:00;1;1000;0;0;1;650;6;3660;6;116753;2;4390;1;1000;0;0;0;0;0;0;0;0;0;0;3;46410;4;11090;2;4320;5;10210
05.04.2021 05:00;2;2000;2;2000;3;17020;28;61490;7;58720;0;0;2;2000;2;2000;0;0;0;0;0;0;0;0;9;51890;29;95866;7;10700;6;8450
05.04.2021 06:00;2;2000;2;2000;3;5420;23;31210;8;253700;0;0;2;2000;2;1990;0;0;0;0;0;0;0;0;6;166997;18;53140;26;61020;7;20754
05.04.2021 07:00;2;1990;2;2000;7;48640;28;58970;29;626198;0;0;2;2000;2;2000;0;0;0;0;2;2010;0;0;9;126207;22;59220;14;83890;6;14830
05.04.2021 08:00;2;2000;2;2000;8;20763;62;114290;42;664423;1;260;2;1990;2;2000;0;0;0;0;3;3210;1;1800;9;267385;47;201595;52;178360;21;72900
05.04.2021 09:00;2;2000;2;2000;11;26690;118;392093;91;1255730;2;55540;2;1990;2;2000;0;0;0;0;2;2020;1;1010;14;364779;87;602371;61;287970;31;131373
05.04.2021 10:00;2;2000;2;2000;18;133560;206;703246;146;1400128;6;47270;2;2000;2;2000;0;0;0;0;10;11400;2;2020;31;497455;130;1079264;89;729682;80;411860
05.04.2021 11:00;2;1990;2;2000;39;413940;238;1129428;188;1536682;5;3450;2;2000;2;2000;0;0;0;0;14;14370;3;3030;50;780773;124;1572624;97;755459;75;515852
05.04.2021 12:00;2;2000;2;2000;34;296294;274;1196774;215;1760898;1;41020;2;2000;2;2000;0;0;0;0;13;14350;2;2010;52;851230;139;1881470;113;1064916;98;508186
05.04.2021 13:00;4;3990;4;3990;40;339330;294;1254241;189;1577106;1;260;4;3990;4;4000;0;0;0;0;21;21640;6;6030;42;712644;162;1621260;96;1132539;85;723440
05.04.2021 14:00;4;4000;4;4000;37;375346;315;1392899;199;1550459;4;1490;4;3970;4;3990;0;0;0;0;5;5330;0;0;57;905147;135;1881046;111;1376559;95;946600
05.04.2021 15:00;4;4000;4;3990;35;344943;292;1209212;172;1633501;0;0;4;4000;4;4000;0;0;0;0;9;9300;11;11100;44;646255;151;1396112;126;949150;86;656281
05.04.2021 16:00;4;4000;4;4000;40;313504;314;912687;165;1941916;1;580;4;3980;4;4000;0;0;0;0;10;10300;6;6010;36;625026;192;1169878;107;1210663;69;617478
05.04.2021 17:00;4;3990;4;3990;46;593870;324;825541;190;2068100;2;650;4;4000;4;4000;0;0;0;0;10;10650;5;5120;47;868250;205;1212543;110;1413428;90;919921
05.04.2021 18:00;4;3990;4;4000;45;305153;310;698162;181;1890924;4;830;4;4000;4;3980;0;0;0;0;23;24050;6;6240;48;848045;208;1048557;113;1149701;99;750540
05.04.2021 19:00;4;4000;4;3990;35;338036;261;600954;136;1490480;3;710;4;4000;4;4000;0;0;0;0;17;18310;2;2010;44;623134;181;894965;109;974698;92;695221
05.04.2021 20:00;2;2000;2;2000;26;172517;233;885339;138;1298861;1;6440;2;2000;2;2000;0;0;0;0;13;14260;8;8370;47;600324;139;1359149;114;874850;80;440275
05.04.2021 21:00;2;2000;2;2000;16;60440;157;581801;72;852869;0;0;2;1990;2;2000;0;0;0;0;8;8280;3;3020;33;401656;114;706437;63;223360;52;149760
05.04.2021 22:00;2;1990;2;2000;15;101230;96;471984;56;683218;1;390;2;2000;2;2000;0;0;0;0;2;2010;0;0;11;170143;76;368268;56;229332;53;169312
05.04.2021 23:00;2;1990;2;2000;9;65450;56;184417;41;515314;1;15074;2;2000;2;1990;0;0;0;0;1;1000;1;1000;11;164470;53;211437;29;175590;33;96890
06.04.2021 00:00;1;1000;2;2000;7;53010;39;76730;21;285466;0;0;1;1000;2;2000;0;0;0;0;1;1010;3;3450;5;59760;33;105970;8;15260;14;51065
06.04.2021 01:00;0;0;0;0;0;0;12;31800;7;112550;1;320;0;0;0;0;0;0;0;0;0;0;0;0;2;41680;11;41380;0;0;6;19600
06.04.2021 02:00;0;0;0;0;2;17040;16;69962;10;214963;0;0;0;0;0;0;0;0;0;0;0;0;0;0;0;0;11;34570;7;10280;6;9740
06.04.2021 03:00;0;0;0;0;0;0;18;60420;10;173554;0;0;0;0;0;0;0;0;0;0;0;0;0;0;3;47460;12;43670;3;6090;8;16760
06.04.2021 04:00;3;3000;2;2000;6;21420;21;15180;13;222142;2;15080;3;3000;2;2000;0;0;0;0;1;1010;0;0;7;62286;21;61460;11;21910;10;26820
06.04.2021 05:00;4;4000;4;4000;11;51610;138;369680;36;427600;0;0;4;3990;4;4000;0;0;0;0;1;1000;1;1000;12;126080;85;707893;39;142320;35;90935
06.04.2021 06:00;6;5970;5;4990;27;505470;350;686881;89;1205848;3;2130;6;5990;5;5000;0;0;0;0;8;9410;3;3020;23;385916;136;1748774;106;703671;60;430591
06.04.2021 07:00;6;6000;6;5990;35;396148;464;1381011;220;1989684;4;2070;6;6027;6;6000;0;0;0;0;16;17600;6;6020;54;1026029;178;2531463;97;1380054;88;732543
06.04.2021 08:00;6;6000;6;5980;55;541745;449;1422068;256;2147723;4;2130;6;5990;6;5990;0;0;0;0;28;28720;4;4250;63;941024;219;2414712;91;1507937;110;1020662
06.04.2021 09:00;6;5990;6;6000;60;538728;434;1448771;272;2104074;7;44330;6;5990;6;6000;0;0;0;0;34;37625;13;13050;76;1179962;185;2348812;93;1499766;95;912971
06.04.2021 10:00;6;6000;6;5990;57;600312;348;1450821;297;2085098;3;40625;6;5990;6;5990;0;0;0;0;24;27090;8;8030;76;1226383;131;2364004;93;1705692;126;1044376
06.04.2021 11:00;6;5980;6;6046;75;554207;313;1731672;260;1803799;5;46670;6;5990;6;5990;0;0;0;0;36;37830;11;10860;86;1110744;158;2210198;118;1725028;119;1038501
06.04.2021 12:00;6;6000;6;6000;76;643681;381;1549397;278;2076089;9;44620;6;6000;6;5990;0;0;0;0;32;33900;10;10230;101;1557559;130;2520848;101;1728131;120;1478871
06.04.2021 13:00;6;5990;6;6000;61;446980;385;1586720;320;2029735;12;46840;6;6000;6;6000;0;0;0;0;33;35764;7;7230;72;949839;144;2590768;112;1578938;147;1102513
06.04.2021 14:00;6;6000;6;5990;79;716186;402;1710314;313;2006997;4;3220;6;5990;6;5980;0;0;0;0;42;44449;9;9020;94;1522600;172;2633172;131;2011746;139;1410285
06.04.2021 15:00;6;6000;6;5990;90;681278;459;1508246;300;2213664;6;3050;6;6000;6;5980;0;0;0;0;36;40280;17;18460;84;1272358;221;2583636;113;2061019;138;1482978
06.04.2021 16:00;6;6000;6;5980;95;782681;483;1818241;353;2633156;16;8050;6;5980;6;6000;0;0;0;0;41;42830;14;14460;97;1419203;200;2837813;114;2417517;131;1672226
06.04.2021 17:00;6;5990;6;5990;94;809308;472;1614742;317;2520522;10;3170;6;6000;6;5990;0;0;0;0;39;43450;18;18360;110;1363832;244;2400949;100;2518918;140;1855779
06.04.2021 18:00;6;5980;6;5990;81;492263;401;1236169;254;2157998;3;900;6;6000;6;5990;0;0;0;0;32;33899;12;13420;109;1584442;220;1790352;122;2055022;114;1342160
06.04.2021 19:00;6;6000;6;5990;48;538217;295;897057;193;1733954;3;1030;6;6000;6;5980;0;0;0;0;24;25100;9;9140;56;1097649;185;1499067;108;1323187;98;778716
06.04.2021 20:00;5;5000;5;5000;38;281440;195;948717;120;1009909;1;390;5;5000;5;5000;0;0;0;0;26;27410;7;7210;53;669420;142;1198465;103;563278;86;535158
06.04.2021 21:00;2;2000;3;3000;15;104550;173;597880;86;704558;3;47948;2;2000;3;3000;0;0;0;0;12;16180;6;6010;29;327225;122;686352;66;209404;69;263254
06.04.2021 22:00;2;2000;2;2000;9;48010;128;453140;49;617739;0;0;2;2000;2;1990;0;0;0;0;9;9360;3;3020;21;221166;90;398950;58;261960;57;214817
06.04.2021 23:00;2;2000;2;2000;7;61240;68;110190;25;433674;0;0;2;1990;2;2000;0;0;0;0;0;0;0;0;12;164860;47;163220;38;92656;31;82991
07.04.2021 00:00;0;0;1;1000;4;4130;29;83200;18;260120;1;19970;0;0;1;1000;0;0;0;0;0;0;0;0;4;53120;28;85186;16;23930;11;25540
07.04.2021 01:00;0;0;0;0;1;18780;22;23270;11;195350;1;17110;0;0;0;0;0;0;0;0;3;3020;0;0;1;2370;17;56626;4;9400;4;10231
07.04.2021 02:00;0;0;0;0;2;480;10;60060;12;186145;0;0;0;0;0;0;0;0;0;0;0;0;0;0;2;27810;8;25940;2;4740;3;9020
07.04.2021 03:00;0;0;0;0;2;36120;14;7310;5;66310;0;0;0;0;0;0;0;0;0;0;0;0;0;0;1;27170;12;38650;1;1180;7;20910
07.04.2021 04:00;3;3000;2;2000;7;55750;16;326515;11;249930;2;18410;3;2990;2;2000;0;0;0;0;0;0;1;1000;5;78640;18;61510;14;28560;12;29620
07.04.2021 05:00;4;3980;4;4000;9;27230;142;459759;30;616305;1;27250;4;4000;4;4000;0;0;0;0;2;2010;1;1010;16;158130;83;679870;41;125797;26;93835
07.04.2021 06:00;6;6000;5;5000;29;255040;325;642940;83;1015024;1;520;6;6000;5;5000;0;0;0;0;8;8910;4;4020;31;633584;159;1482841;96;730236;59;337560
07.04.2021 07:00;6;6000;6;5990;35;396290;475;1440161;203;1947606;6;2110;6;6000;6;6000;0;0;0;0;17;17120;2;2000;38;888241;181;2536623;91;1563868;87;757909
07.04.2021 08:00;6;5970;6;6000;58;603731;434;1325350;257;2155823;6;2510;6;6000;6;5990;0;0;0;0;18;18800;8;8020;58;996693;219;2369934;90;1458534;94;876709
07.04.2021 09:00;6;6000;6;6000;51;469000;378;1254000;252;2014287;12;106110;6;6000;6;5970;0;0;0;0;29;33320;8;8070;63;1038273;159;2290736;89;1407285;100;872772
07.04.2021 10:00;6;6000;6;5990;73;517660;328;1503110;294;1849167;13;85480;6;6000;6;6000;0;0;0;0;26;26200;4;4010;88;1181889;149;2348727;99;1609169;134;1194850
07.04.2021 11:00;6;6000;6;5990;84;683012;341;1491987;291;1926357;13;24920;6;6000;6;5990;0;0;0;0;34;36040;10;10010;79;1358120;147;2558061;97;1695665;111;1122908
07.04.2021 12:00;6;5970;6;5990;78;772249;379;1585819;291;2087131;7;47050;6;6000;6;5990;0;0;0;0;30;32880;9;9030;76;1100704;152;2356058;115;1646258;127;1030499
07.04.2021 13:00;6;5970;6;6044;73;701702;346;1428291;299;1935137;5;2610;6;6000;6;5990;0;0;0;0;24;26500;7;7010;85;1215313;142;2542236;112;1641107;105;1035775
07.04.2021 14:00;6;5980;6;5990;80;574015;374;1619196;297;1888037;9;54660;6;6000;6;5990;0;0;0;0;38;39250;3;3020;99;1504955;148;2478637;108;2072154;121;1317249
07.04.2021 15:00;6;5990;6;6000;86;606859;427;1445765;263;2152688;8;4080;6;6000;6;5990;0;0;0;0;39;40620;4;4060;92;1456488;184;2467036;133;2064913;136;1275067
07.04.2021 16:00;6;5990;6;5990;85;908395;473;1478772;285;2305051;8;4070;6;5990;6;6000;0;0;0;0;30;33120;15;15140;97;1318027;233;2353251;124;2136809;113;1356120
07.04.2021 17:00;6;6000;6;5990;80;548835;492;1493753;281;2314466;9;4250;6;6000;6;6000;0;0;0;0;29;31225;12;12020;88;1257410;180;2476674;108;2365459;137;1224942
07.04.2021 18:00;6;6000;6;6000;70;630520;402;1271371;209;1889791;7;87411;6;6000;6;6000;0;0;0;0;29;30140;4;4010;85;1452352;210;1877293;120;1691268;112;1176277
07.04.2021 19:00;6;6000;6;6000;49;362050;322;1155110;164;1684719;2;1550;6;6000;6;6000;0;0;0;0;22;24436;3;3010;57;869067;183;1477167;92;1427154;90;803558
07.04.2021 20:00;5;5000;5;5000;25;244264;198;822657;121;1082373;1;910;5;4990;5;5000;0;0;0;0;20;23400;5;5250;46;522717;135;1256337;81;597950;77;349237
07.04.2021 21:00;2;2000;3;3000;16;68250;140;507704;83;891943;0;0;2;2000;3;3000;0;0;0;0;9;9090;1;1000;34;444900;108;669810;60;254020;57;165645
07.04.2021 22:00;2;2000;2;2000;16;114525;119;517183;47;583208;1;30910;2;2000;2;2000;0;0;0;0;6;6010;0;0;22;206726;95;539323;62;168110;38;115980
07.04.2021 23:00;2;1990;2;2000;4;3970;63;278748;41;593288;0;0;2;2000;2;2000;0;0;0;0;3;3110;0;0;10;65060;53;185685;31;94680;22;54890
08.04.2021 00:00;0;0;1;1000;3;35380;35;60290;18;300437;0;0;0;0;1;1000;0;0;0;0;2;2000;1;1010;7;96360;26;93410;16;33330;10;32990
08.04.2021 01:00;0;0;0;0;4;32980;22;20370;14;248180;2;1670;0;0;0;0;0;0;0;0;1;1140;0;0;5;80320;23;63500;9;17090;6;12770
08.04.2021 02:00;0;0;0;0;0;0;8;3890;6;72050;0;0;0;0;0;0;0;0;0;0;0;0;0;0;0;0;9;27040;4;7230;4;7090
08.04.2021 03:00;0;0;0;0;0;0;16;9300;7;205000;0;0;0;0;0;0;0;0;0;0;0;0;0;0;2;57111;14;47840;1;1120;5;9670
08.04.2021 04:00;3;3000;2;2000;7;46270;22;51020;9;177767;2;19786;3;3000;2;1990;0;0;0;0;0;0;1;1010;5;65120;18;65310;6;9640;19;62390
08.04.2021 05:00;4;4000;4;4000;8;16120;146;297926;30;396379;0;0;4;4000;4;4000;0;0;0;0;1;1000;0;0;19;163149;108;596609;48;159276;23;77040
08.04.2021 06:00;6;6000;5;5000;26;218600;354;962207;89;1215616;4;2980;6;5980;5;5058;0;0;0;0;4;5070;5;5030;30;309087;155;1646004;85;840486;57;398742
08.04.2021 07:00;6;6000;6;5990;36;472961;477;1143737;180;1991884;2;1290;6;6000;6;6000;0;0;0;0;16;16781;10;10530;42;862172;210;2215285;88;1236714;82;619426
08.04.2021 08:00;6;6000;6;6000;65;561866;462;1461996;244;1961645;3;1740;6;5990;6;6000;0;0;0;0;22;23170;2;2010;66;1272668;193;2494410;96;1649849;100;906289
08.04.2021 09:00;6;6000;6;5980;71;645836;393;1326408;285;2112966;8;3410;6;6000;6;5990;0;0;0;0;35;36150;7;7130;78;1129416;170;2367938;102;1534475;107;862059
08.04.2021 10:00;6;5990;6;5990;72;475970;376;1460259;278;1981896;12;7040;6;6000;6;5980;0;0;0;0;26;28820;5;5160;70;1198616;141;2294762;122;1780256;109;1061653
08.04.2021 11:00;6;6043;6;6000;86;753003;349;1574003;321;2184796;9;5860;6;5990;6;5990;0;0;0;0;31;33410;8;8030;92;1293289;156;2496107;109;1923320;117;1308301
08.04.2021 12:00;6;5990;6;6000;83;537985;405;1422279;291;2310360;10;4970;6;5990;6;5990;0;0;0;0;32;34314;2;2010;88;1312755;168;2513982;108;1900839;114;1231171
08.04.2021 13:00;6;6000;6;6000;84;566311;369;1700984;320;2197222;10;57190;6;5970;6;6000;0;0;0;0;34;37790;8;8110;87;1555440;165;2554805;134;2070697;131;1024021
08.04.2021 14:00;6;6000;6;5990;92;573499;391;1814989;318;2115076;9;41080;6;5990;6;6000;0;0;0;0;29;30140;9;9470;96;1607654;151;2749818;103;2406402;119;1446586
08.04.2021 15:00;6;6000;6;6000;87;454065;437;1568293;327;2295772;5;3040;6;6000;6;5990;0;0;0;0;36;43420;17;17070;105;1169688;194;2652944;126;2214090;142;1170651
08.04.2021 16:00;6;5980;6;6000;106;890152;516;1862007;321;2568486;7;5350;6;6000;6;5990;0;0;0;0;48;51380;12;12030;114;1538391;228;2732597;124;2435159;122;1557781
08.04.2021 17:00;6;6000;6;6000;88;715054;497;1581878;332;2475104;13;70052;6;6054;6;6000;0;0;0;0;46;51400;15;15920;98;1417386;253;2465981;122;2242301;141;1657368
08.04.2021 18:00;6;6000;6;5990;88;556431;420;1706908;274;2287485;6;3290;6;5990;6;5980;0;0;0;0;38;39740;8;8050;95;1272453;232;2478038;118;1834623;103;1420521
08.04.2021 19:00;6;6000;6;6000;52;378820;313;1145321;208;1860485;5;2270;6;5990;6;5980;0;0;0;0;23;24390;2;2000;65;1029718;189;1508994;98;1331740;104;797560
08.04.2021 20:00;5;4990;5;5000;49;155850;221;942803;145;883784;1;260;5;5000;5;5000;0;0;0;0;20;21860;4;4010;55;739035;146;1542860;99;666563;81;514591
08.04.2021 21:00;2;2000;3;2990;17;129133;198;805953;93;702184;0;0;2;2000;3;3000;0;0;0;0;15;15270;0;0;32;319660;138;1004495;69;304924;66;201392
08.04.2021 22:00;2;2000;2;2000;14;94080;132;586618;60;723686;0;0;2;2000;2;2000;0;0;0;0;11;16780;0;0;18;217370;89;523561;59;260133;66;242029
08.04.2021 23:00;2;2000;2;2000;10;63440;61;199150;43;552543;0;0;2;2000;2;2000;0;0;0;0;1;1010;0;0;10;149675;56;263374;30;78056;30;78903
09.04.2021 00:00;0;0;1;1000;4;4220;50;74960;11;195479;0;0;0;0;1;1000;0;0;0;0;1;1000;0;0;8;130250;35;115300;19;30940;17;28970
09.04.2021 01:00;0;0;0;0;4;62460;21;35320;16;202040;3;51470;0;0;0;0;0;0;0;0;3;3030;0;0;2;30520;17;61120;14;46750;6;14170
09.04.2021 02:00;0;0;0;0;0;0;13;6960;8;120550;0;0;0;0;0;0;0;0;0;0;0;0;0;0;0;0;10;36890;4;6580;5;8570
09.04.2021 03:00;0;0;0;0;1;330;20;10700;4;39340;0;0;0;0;0;0;0;0;0;0;0;0;0;0;5;35900;15;40750;3;7660;2;9490
09.04.2021 04:00;3;2990;2;2000;8;46860;23;15110;10;205890;1;2250;3;3000;2;1990;0;0;0;0;0;0;1;990;5;47630;17;84401;8;17400;15;32820
09.04.2021 05:00;4;3990;4;4000;14;85130;138;335553;35;427720;0;0;4;4000;4;4000;0;0;0;0;0;0;0;0;16;153970;93;550968;40;96800;28;76180
09.04.2021 06:00;6;6000;5;5000;24;199620;315;877611;80;1117794;3;2260;6;5990;5;5000;0;0;0;0;5;5010;0;0;33;491284;153;1590998;96;762627;58;345683
09.04.2021 07:00;6;6000;6;6000;33;321710;443;1099291;185;1771947;4;75410;6;6000;6;5990;0;0;0;0;23;25140;6;6230;40;579325;223;2302736;91;1212948;93;598322
09.04.2021 08:00;6;6000;6;5990;50;494800;432;1309705;212;1886478;7;2890;6;6000;6;6000;0;0;0;0;26;28880;6;6020;76;1192421;222;2337874;84;1406908;97;1072579
09.04.2021 09:00;6;6000;6;5980;48;557130;389;1379161;296;2203025;8;4000;6;5990;6;6000;0;0;0;0;26;28100;9;9030;57;951844;161;2311510;129;1511834;110;1061789
09.04.2021 10:00;6;5990;6;6000;70;510500;365;1435392;301;2055873;13;6370;6;6000;6;5990;0;0;0;0;33;33226;16;16210;85;1237202;152;2427674;111;1640300;119;1381177
09.04.2021 11:00;7;7000;7;7000;91;777038;388;1462434;308;2290328;16;45260;7;6970;7;7000;0;0;0;0;42;42930;11;11270;108;1571136;152;2344294;112;1637593;136;1412640
09.04.2021 12:00;6;5990;6;5990;94;829280;382;1638368;311;2331083;8;37320;6;6000;6;5990;0;0;0;0;30;31940;8;8250;100;1272742;199;2434089;116;2027670;136;1310597
09.04.2021 13:00;6;6000;6;5990;77;553634;480;1428839;312;2370228;9;5240;6;6000;6;6000;0;0;0;0;56;58150;13;13080;82;1242341;237;2701610;122;2304146;163;1335807
09.04.2021 14:00;6;5980;6;6000;87;707274;441;1488366;326;2456738;7;3780;6;6000;6;5980;0;0;0;0;35;39124;16;17090;106;1374380;244;2351707;131;2112511;130;1354419
09.04.2021 15:00;6;5990;6;6000;79;775900;470;1538876;309;2554996;9;4110;6;5990;6;6000;0;0;0;0;44;48760;7;7040;70;1049000;244;2416019;122;2321268;130;1586207
09.04.2021 16:00;6;5990;6;5990;85;549520;479;1601081;296;2328375;13;6420;6;5990;6;6000;0;0;0;0;45;49320;13;13080;95;1298693;239;2409932;126;2116835;121;1574059
09.04.2021 17:00;6;5980;6;5990;83;659670;468;1392563;286;2229293;13;60770;6;5990;6;6000;0;0;0;0;46;51262;14;14080;84;1229656;247;2199240;155;1875241;118;1331822
09.04.2021 18:00;6;6000;6;6000;79;452672;421;1556101;294;2345912;8;3820;6;5970;6;5990;0;0;0;0;40;47790;7;7010;89;1280515;193;2468268;133;1823492;113;1413005
09.04.2021 19:00;6;6054;6;5980;54;411861;334;1175044;231;2092779;7;4010;6;5990;6;6000;0;0;0;0;35;37150;12;12070;66;1177425;220;1319150;101;1294498;118;881304
09.04.2021 20:00;5;5000;5;4990;51;413977;243;1068975;180;1454867;3;1170;5;4990;5;4980;0;0;0;0;19;21820;5;5110;59;688302;141;1683149;113;795103;110;486273
09.04.2021 21:00;2;2000;3;2980;25;172530;195;702908;127;1000760;3;1040;2;1990;3;2990;0;0;0;0;14;15220;6;6020;43;541964;135;1016205;107;420255;86;245240
09.04.2021 22:00;2;2000;2;2000;11;68630;148;549271;99;877330;2;17970;2;1990;2;2000;0;0;0;0;9;10110;3;3000;25;256521;109;794346;60;178289;68;270525
09.04.2021 23:00;2;2000;2;2000;13;49570;100;362680;70;709017;3;2470;2;2000;2;2000;0;0;0;0;2;2020;3;3310;27;238910;77;382095;30;114494;29;65760
10.04.2021 00:00;0;0;1;1000;7;24170;45;73207;23;232034;0;0;0;0;1;1000;0;0;0;0;1;1010;1;1010;10;164888;44;177510;30;110327;33;131870
10.04.2021 01:00;0;0;0;0;4;35939;38;102000;35;441320;3;18470;0;0;0;0;0;0;0;0;1;2170;0;0;7;126430;35;120560;19;50190;19;45110
10.04.2021 02:00;0;0;0;0;1;160;27;57700;14;164994;0;0;0;0;0;0;0;0;0;0;0;0;0;0;1;3040;26;88640;9;13490;15;36190
10.04.2021 03:00;0;0;0;0;0;0;18;10390;15;298575;0;0;0;0;0;0;0;0;0;0;0;0;0;0;0;0;16;83540;4;10780;5;20000
10.04.2021 04:00;3;3000;2;2000;10;10950;18;60702;17;278564;1;40610;3;3000;2;2000;0;0;0;0;1;1010;0;0;9;36730;19;125082;8;33250;9;36030
10.04.2021 05:00;4;4000;4;4000;12;7800;47;78060;18;338819;0;0;4;4000;4;4000;0;0;0;0;1;1010;0;0;8;132590;37;195872;24;100870;25;143390
10.04.2021 06:00;6;5980;5;5000;19;42080;80;238280;26;461788;0;0;6;5990;5;4990;0;0;0;0;1;1010;0;0;11;123910;57;334700;59;346450;36;190180
10.04.2021 07:00;6;6000;6;5980;31;202340;124;425330;55;535830;0;0;6;5990;6;5990;0;0;0;0;8;8300;4;4040;25;295320;73;674505;55;385423;38;183450
10.04.2021 08:00;6;6000;6;6000;43;127100;202;941867;123;1012040;3;25960;6;5990;6;6000;0;0;0;0;14;14080;2;2010;36;409946;123;952129;65;450249;40;221120
10.04.2021 09:00;6;5990;6;6000;43;217124;297;1244952;178;1533281;3;1360;6;5990;6;6000;0;0;0;0;22;22320;4;4020;39;657524;146;1721230;88;1026724;82;396260
10.04.2021 10:00;7;6990;6;5990;61;288229;338;1417911;263;2003506;3;1430;7;6990;6;6000;0;0;0;0;31;34107;7;7030;70;1174971;148;1861062;99;1112180;99;994419
10.04.2021 11:00;6;6000;7;7000;64;400330;354;1625153;285;2055104;10;44053;6;6000;7;7000;0;0;0;0;22;23510;5;5010;64;835353;135;2384124;105;1876392;105;1269513
10.04.2021 12:00;7;7000;6;6000;85;684133;389;1599748;313;2060595;4;44350;7;6990;6;5990;0;0;0;0;32;36040;6;6050;86;1546779;128;2391742;107;1981637;124;1440931
10.04.2021 13:00;6;5990;7;6990;69;356742;364;1549706;267;1961074;9;3090;6;6000;7;6980;0;0;0;0;28;29200;8;8170;76;1062951;154;2362706;111;1880962;117;1093071
10.04.2021 14:00;6;5990;6;5990;84;539157;385;1516824;246;1647868;2;910;6;6000;6;5990;0;0;0;0;37;38440;8;8110;83;1157797;172;2373908;116;1763443;97;1029364
10.04.2021 15:00;6;6000;6;6000;54;371140;340;1544606;241;1662541;1;260;6;5980;6;5990;0;0;0;0;34;36002;3;3830;64;1061012;169;2210605;122;1217202;107;930496
10.04.2021 16:00;6;5990;6;6000;54;398043;314;1237684;224;1689392;6;1760;6;6000;6;6000;0;0;0;0;45;48680;4;4930;65;940328;164;1923816;118;1563689;106;730769
10.04.2021 17:00;6;6000;6;6000;55;480066;328;1517913;233;1714963;7;6004;6;5990;6;6000;0;0;0;0;38;41280;8;8060;68;952104;142;2018490;88;1406371;108;863170
10.04.2021 18:00;6;5990;6;6000;60;447464;322;1441947;205;1466338;8;34820;6;5990;6;5990;0;0;0;0;41;46080;9;9300;72;1054866;168;1939463;98;1377454;100;794729
10.04.2021 19:00;6;6000;6;6000;46;587692;270;1055330;188;1612677;1;1600;6;5990;6;5990;0;0;0;0;29;31210;3;3380;56;792474;161;1582802;95;946255;92;770369
10.04.2021 20:00;4;4000;5;4990;43;327130;236;1189980;144;1238908;2;1240;4;3990;5;4990;0;0;0;0;36;37330;2;2120;48;542240;157;1332727;97;466736;94;495908
10.04.2021 21:00;2;2000;2;1990;26;222536;218;862475;113;1084279;0;0;2;1980;2;1990;0;0;0;0;16;16787;4;4030;27;301780;148;1285658;88;335155;99;356869
10.04.2021 22:00;2;1990;2;2000;22;254626;168;597070;78;610088;1;460;2;2000;2;2000;0;0;0;0;10;10210;0;0;33;503200;126;699333;60;182420;62;165830
10.04.2021 23:00;2;1990;2;2000;11;80970;121;261277;53;644080;3;16896;2;2000;2;2000;0;0;0;0;8;8220;2;2110;20;323239;99;475117;47;167832;44;112906
11.04.2021 00:00;1;1000;2;2000;6;54100;73;178080;35;487754;1;520;1;1000;2;2000;0;0;0;0;2;2020;0;0;7;51320;56;233040;35;104870;37;79960
11.04.2021 01:00;0;0;0;0;9;153952;45;107830;22;321180;0;0;0;0;0;0;0;0;0;0;1;1010;0;0;7;71561;35;111244;24;68650;23;49560
11.04.2021 02:00;0;0;0;0;5;16160;36;108680;18;332894;0;0;0;0;0;0;0;0;0;0;2;2010;1;1010;5;76240;27;108310;10;30677;17;43770
11.04.2021 03:00;0;0;0;0;4;3750;16;9590;12;210300;0;0;0;0;0;0;0;0;0;0;0;0;0;0;4;77990;16;59170;8;10660;9;18300
11.04.2021 04:00;1;1000;0;0;5;4950;9;4790;7;137230;0;0;1;1000;0;0;0;0;0;0;0;0;1;1000;2;15967;6;22260;7;8110;7;13100
11.04.2021 05:00;2;2000;2;2000;4;5120;19;46210;14;114050;0;0;2;1990;2;1990;0;0;0;0;1;1000;0;0;5;64420;20;74405;9;21930;10;24720
11.04.2021 06:00;2;2000;2;2000;7;2910;24;60880;13;269309;0;0;2;2000;2;2000;0;0;0;0;0;0;0;0;4;52320;20;99800;15;54150;14;44580
11.04.2021 07:00;2;1990;2;2000;12;39880;24;45870;28;443720;0;0;2;2000;2;2000;0;0;0;0;1;1100;0;0;14;202330;16;71450;18;86020;11;37390
11.04.2021 08:00;2;2000;2;2000;19;86710;83;320391;64;579371;4;31740;2;2000;2;1990;0;0;0;0;4;4010;0;0;14;190996;54;293111;30;140320;26;76980
11.04.2021 09:00;2;2000;2;2000;19;96440;141;631498;103;860460;0;0;2;1990;2;2000;0;0;0;0;7;7090;4;4020;28;308280;104;772252;55;391757;37;136140
11.04.2021 10:00;2;2000;2;2000;27;203537;189;721732;159;1085860;3;5480;2;2000;2;2000;0;0;0;0;11;11040;4;4030;37;339577;134;950794;80;702886;66;357002
11.04.2021 11:00;2;2000;2;2000;39;286480;245;1061802;186;1273920;0;0;2;2000;2;2000;0;0;0;0;14;14460;8;8080;43;597694;145;1283599;94;849222;95;582995
11.04.2021 12:00;2;2000;2;2000;35;336799;310;1050203;227;1527227;3;33500;2;1990;2;2000;0;0;0;0;18;18835;1;1010;44;520368;179;1575490;106;1040593;95;644438
11.04.2021 13:00;4;4000;4;4000;46;357405;287;1301528;227;1521715;5;2020;4;4000;4;3990;0;0;0;0;20;21330;5;5040;55;581148;170;1735985;108;912623;93;543554
11.04.2021 14:00;4;4000;4;4000;52;301286;328;1050591;191;1404102;4;2590;4;4000;4;3990;0;0;0;0;19;19340;8;8070;60;764573;170;1805631;115;953308;106;628110
11.04.2021 15:00;4;4000;4;3990;41;202808;288;989740;198;1478156;4;1610;4;3970;4;4000;0;0;0;0;18;20550;6;6040;55;637208;163;1630115;110;892422;95;478970
11.04.2021 16:00;4;4000;4;4000;31;105910;336;1408536;225;1483222;5;1990;4;3990;4;4000;0;0;0;0;19;19320;6;6050;57;936440;159;1825346;103;1038997;93;679987
11.04.2021 17:00;4;3990;4;4000;44;383660;348;1253671;204;1567491;2;770;4;4000;4;3990;0;0;0;0;14;14270;2;2010;51;655199;158;2018104;104;1093385;100;782257
11.04.2021 18:00;4;3990;4;4000;55;260030;310;1135860;184;1459959;6;40180;4;3990;4;4000;0;0;0;0;11;11720;3;3030;57;724494;152;1696170;91;983329;79;530726
11.04.2021 19:00;4;4000;4;3990;30;248398;266;1093756;146;1320369;2;380;4;4000;4;4000;0;0;0;0;6;6130;1;1010;47;675008;118;1637566;93;844059;75;498648
11.04.2021 20:00;2;2000;2;2000;30;230520;175;759630;100;972195;2;14980;2;2038;2;1990;0;0;0;0;11;13130;1;1010;29;310480;109;1114212;65;474565;68;587235
11.04.2021 21:00;2;2000;2;2000;18;179940;133;544133;80;833790;2;24820;2;2000;2;2000;0;0;0;0;4;4020;1;1000;15;251220;101;809187;69;626239;65;436090
11.04.2021 22:00;2;2000;2;1990;10;69515;79;424250;60;749846;2;510;2;1990;2;1990;0;0;0;0;4;4030;1;1010;16;165890;71;452706;43;346302;36;181882
11.04.2021 23:00;2;2000;2;2000;4;3890;52;169550;27;408115;1;390;2;2000;2;2000;0;0;0;0;0;0;0;0;13;160760;43;223985;23;82780;32;150630
12.04.2021 00:00;1;1000;2;2000;5;3980;37;91684;27;419354;0;0;1;1000;2;2000;0;0;0;0;1;1010;1;1110;3;23210;34;161814;9;27920;16;76660
12.04.2021 01:00;0;0;0;0;1;24470;17;8860;6;107450;1;16730;0;0;0;0;0;0;0;0;0;0;0;0;2;28100;13;70626;8;25160;8;27430
12.04.2021 02:00;0;0;0;0;0;0;10;6230;6;122637;1;1230;0;0;0;0;0;0;0;0;0;0;0;0;1;15180;5;21380;4;8710;9;29170
12.04.2021 03:00;0;0;0;0;1;1290;11;6330;5;71030;0;0;0;0;0;0;0;0;0;0;0;0;0;0;1;39400;9;41654;2;2850;3;6380
12.04.2021 04:00;3;2990;2;2000;6;37320;29;52660;10;185105;1;520;3;3000;2;2000;0;0;0;0;0;0;0;0;5;61310;26;84940;12;39500;14;39090
12.04.2021 05:00;4;4000;4;4000;10;90010;157;404294;40;643754;4;19030;4;3990;4;3980;0;0;0;0;0;0;0;0;11;42170;110;694310;59;271368;32;101989
12.04.2021 06:00;6;5990;5;5000;30;410300;395;874192;90;1102418;3;1040;6;6000;5;5000;0;0;0;0;5;5030;4;4020;30;544290;173;1864908;95;772155;63;328845
12.04.2021 07:00;6;6000;6;6000;43;583864;512;1532203;209;1844154;4;71690;6;6044;6;6000;0;0;0;0;20;21360;8;8220;45;809534;218;2626250;87;1255973;74;641257
12.04.2021 08:00;6;5980;6;5990;78;692485;517;1638815;307;2258501;4;1810;6;6000;6;6000;0;0;0;0;22;23340;7;7020;75;1155817;203;2846564;71;1790711;96;1151855
12.04.2021 09:00;7;6980;6;5990;74;591104;394;1258319;295;1889225;12;6280;7;7000;6;5990;0;0;0;0;25;27010;8;8050;76;1087146;179;2521668;87;1625452;96;1136639
12.04.2021 10:00;7;7000;7;7000;76;762790;379;1442997;306;2332260;9;89810;7;7000;7;6990;0;0;0;0;32;34830;7;7050;89;1331076;136;2477528;109;1652498;96;1029202
12.04.2021 11:00;6;6000;7;7000;71;420069;339;1583857;278;1993048;7;63120;6;6000;7;6990;0;0;0;0;36;40770;12;12080;84;1278163;162;2364536;90;1580385;111;868519
12.04.2021 12:00;6;5990;6;5990;91;524977;337;1654123;299;1843833;9;3820;6;6000;6;5980;0;0;0;0;44;46860;12;12260;95;1352373;166;2522416;123;1961922;114;1122437
12.04.2021 13:00;6;5980;6;5990;98;794951;376;1690407;296;1889699;11;6890;6;5990;6;6000;0;0;0;0;30;33170;7;7040;86;1310592;135;2466137;108;2051067;113;796737
12.04.2021 14:00;6;6000;6;6000;82;617101;368;1537172;295;2079873;3;1750;6;6000;6;5990;0;0;0;0;34;35980;8;9040;124;1577181;158;2641409;124;2172345;116;1360786
12.04.2021 15:00;6;5990;6;6000;110;763233;464;1591798;308;2515866;11;86770;6;6000;6;5990;0;0;0;0;39;40930;10;10060;91;1680817;197;2631486;102;2387242;136;2003522
12.04.2021 16:00;6;5990;6;5980;101;897805;428;2027330;306;2438188;10;17080;6;6000;6;6000;0;0;0;0;41;42030;12;12060;93;1577447;185;2717611;111;2020404;153;1790705
12.04.2021 17:00;6;5990;6;5990;92;667302;430;1837671;295;2475212;16;88385;6;6000;6;6000;0;0;0;0;42;46020;9;9030;104;1560883;208;2512875;143;2394539;141;1230183
12.04.2021 18:00;6;5980;6;6000;89;891062;400;1249257;245;2182688;6;62732;6;6000;6;5990;0;0;0;0;44;49240;6;6140;91;1581579;221;1895744;116;1879830;140;1416875
12.04.2021 19:00;6;6000;6;6000;58;515342;309;969830;194;1925287;2;780;6;6000;6;6000;0;0;0;0;32;37024;10;10030;64;968732;181;1543452;107;1298885;110;799849
12.04.2021 20:00;5;4990;5;4990;42;250935;202;914722;137;1233710;0;0;5;4990;5;4990;0;0;0;0;13;13160;6;6010;45;595647;125;1346948;86;775694;74;347647
12.04.2021 21:00;2;2000;3;2990;16;149230;163;663497;99;935799;1;450;2;2000;3;3000;0;0;0;0;7;9680;6;6480;26;379151;106;777907;59;225890;59;218624
12.04.2021 22:00;2;1990;2;2000;9;64090;136;468530;69;791611;2;1160;2;2000;2;2000;0;0;0;0;12;12160;3;3330;25;324960;107;556700;38;114956;46;205510
12.04.2021 23:00;2;2000;2;2000;12;60447;71;179545;35;468358;2;40530;2;1990;2;2000;0;0;0;0;2;3000;0;0;8;79220;66;280448;19;56720;21;46760
13.04.2021 00:00;0;0;1;1000;0;0;28;76360;18;306460;1;710;0;0;1;990;0;0;0;0;0;0;1;1000;3;33130;26;88670;11;34120;22;58760
13.04.2021 01:00;0;0;0;0;4;71120;15;7860;11;141723;1;14670;0;0;0;0;0;0;0;0;0;0;0;0;3;54320;11;34730;2;5580;5;15450
13.04.2021 02:00;0;0;0;0;1;4370;14;36200;4;30710;0;0;0;0;0;0;0;0;0;0;0;0;0;0;2;35090;14;49020;10;21850;9;17150
13.04.2021 03:00;0;0;0;0;0;0;11;6590;2;18780;0;0;0;0;0;0;0;0;0;0;0;0;0;0;0;0;11;24120;1;2420;3;10630
13.04.2021 04:00;3;2990;2;2000;5;17060;28;58300;12;230410;2;2060;3;3000;2;2000;0;0;0;0;0;0;1;1000;5;34070;21;71900;10;28150;12;34290
13.04.2021 05:00;4;3990;4;4000;3;5340;145;362742;46;656632;1;130;4;3990;4;3990;0;0;0;0;1;1010;1;1410;14;92820;93;548139;45;128523;23;100450
13.04.2021 06:00;6;5980;5;4990;24;294795;373;843452;110;1523148;2;520;6;5990;5;4990;0;0;0;0;6;7400;2;2520;36;646649;156;1707694;110;898960;71;388544
13.04.2021 07:00;6;5990;6;6000;35;344029;516;1411885;206;1959367;9;4110;6;5980;6;5990;0;0;0;0;10;11110;7;7180;48;721305;246;2579532;77;1363113;93;749992
13.04.2021 08:00;6;5980;6;5990;68;899036;477;1489458;286;2271245;5;1990;6;6000;6;6000;0;0;0;0;26;26160;4;4010;73;1408821;158;2810949;109;1507509;98;892478
13.04.2021 09:00;6;6000;6;5990;59;400120;432;1293646;286;1986991;8;4530;6;5990;6;5990;0;0;0;0;26;26720;5;5010;67;1088681;184;2595571;111;1713832;123;1024666
13.04.2021 10:00;6;5990;6;5980;68;396335;343;1534065;308;1945895;16;54870;6;5980;6;5990;0;0;0;0;32;34010;12;12670;77;1121485;161;2441541;103;1645710;121;1084483
13.04.2021 11:00;6;5990;6;5990;85;593785;328;1536842;316;1912501;6;2320;6;6000;6;6000;0;0;0;0;29;32060;14;14320;94;1385357;149;2415294;102;1467443;120;1127686
13.04.2021 12:00;6;5990;6;6000;83;620320;357;1382748;307;2355153;7;2860;6;6000;6;5990;0;0;0;0;48;50790;6;6050;94;1225626;137;2406468;121;1949099;119;1298921
13.04.2021 13:00;6;5980;6;6000;78;669955;348;1550740;293;1970386;9;5180;6;6000;6;6000;0;0;0;0;29;31330;13;13090;99;1706485;134;2365392;114;2107739;113;1266301
13.04.2021 14:00;6;5990;6;5990;79;525523;370;1540366;330;2106310;7;3630;6;6000;6;5990;0;0;0;0;28;29360;18;18120;93;1519103;145;2619921;106;2104741;132;1399364
13.04.2021 15:00;6;6000;6;6000;111;853927;439;1602992;343;2504148;9;47680;6;6000;6;5990;0;0;0;0;38;39910;9;9040;91;1457400;182;2648676;105;2534012;108;1585744
13.04.2021 16:00;6;6000;6;6000;99;926512;426;1811484;317;2636385;16;63610;6;5990;6;5990;0;0;0;0;53;59940;13;15214;99;1472678;231;2382481;116;2764073;117;2066621
13.04.2021 17:00;6;6000;6;5990;97;817905;428;1619493;284;2359970;8;4010;6;6000;6;6000;0;0;0;0;49;50740;13;13340;92;1463521;274;2345010;131;2317821;139;1995784
13.04.2021 18:00;6;5990;6;5980;72;567478;412;1636479;259;1986371;4;26180;6;6000;6;6000;0;0;0;0;28;29600;18;18180;83;1205275;228;2312944;136;2205991;163;1511190
13.04.2021 19:00;6;5990;6;6000;65;668278;320;1122652;205;1876091;4;2020;6;6000;6;5980;0;0;0;0;32;36880;9;9040;64;1087993;182;1538870;101;1543740;109;1279927
13.04.2021 20:00;5;5000;5;5000;44;126750;196;880636;144;1304887;2;1160;5;4990;5;4990;0;0;0;0;15;15280;3;3010;41;670660;127;1272977;100;994125;79;559680
13.04.2021 21:00;2;2000;3;3055;16;123680;164;493548;81;760218;3;910;2;2000;3;3000;0;0;0;0;13;13340;1;1000;38;490910;118;969055;75;376589;64;248619
13.04.2021 22:00;2;2000;2;2000;11;42440;117;342164;61;739454;2;710;2;2000;2;2000;0;0;0;0;7;7371;2;2010;13;177590;84;468081;68;207710;54;165020
13.04.2021 23:00;2;2000;2;2000;18;139950;68;429727;48;643450;0;0;2;2000;2;2000;0;0;0;0;5;5060;1;1000;13;115723;61;365400;31;327497;27;74710
14.04.2021 00:00;0;0;1;1000;2;980;27;56460;20;258207;1;15930;0;0;1;1000;0;0;0;0;2;2020;0;0;2;78534;27;80940;10;32640;12;34540
14.04.2021 01:00;0;0;0;0;3;31286;15;13040;9;177175;2;43000;0;0;0;0;0;0;0;0;0;0;0;0;2;62420;10;37980;9;17730;6;14530
14.04.2021 02:00;0;0;0;0;0;0;13;29940;8;95909;0;0;0;0;0;0;0;0;0;0;0;0;0;0;3;19560;11;19120;3;6390;4;9210
14.04.2021 03:00;0;0;0;0;0;0;17;38330;6;85860;0;0;0;0;0;0;0;0;0;0;0;0;0;0;2;19080;15;48030;1;800;4;11933
14.04.2021 04:00;3;2980;2;2000;5;45430;23;27220;13;193285;3;42590;3;3000;2;2000;0;0;0;0;0;0;1;1000;7;72660;19;57080;8;18260;11;24700
14.04.2021 05:00;4;4000;4;3990;10;15290;147;264234;49;689204;3;2900;4;4000;4;3990;0;0;0;0;0;0;0;0;13;85474;92;635220;41;209860;24;71030
14.04.2021 06:00;6;6000;5;4990;28;171080;374;959793;91;1086890;2;2000;6;6000;5;4990;0;0;0;0;7;7040;1;1000;25;425390;159;1910960;84;895154;64;482374
14.04.2021 07:00;6;5990;6;6000;49;375434;504;1631317;221;2081941;7;4422;6;6000;6;5990;0;0;0;0;12;13000;5;5030;48;800531;222;2703441;100;1312366;86;834698
14.04.2021 08:00;6;5990;6;6000;62;748797;499;1332148;296;2133586;3;2305;6;6000;6;5980;0;0;0;0;19;19180;6;6700;61;1224537;185;2804056;81;1725745;82;1203105
14.04.2021 09:00;6;6000;6;5980;71;682340;436;1482062;262;2049805;11;5580;6;5990;6;5990;0;0;0;0;30;32110;12;12860;75;1329862;172;2557065;104;1384902;110;891287
14.04.2021 10:00;6;6000;6;6000;57;341975;357;1555408;304;1997181;6;2340;6;6000;6;5980;0;0;0;0;41;45180;4;4020;81;1209285;141;2486298;114;1551621;125;980427
14.04.2021 11:00;6;5990;6;6000;76;453694;364;1626092;301;2113528;4;1750;6;6000;6;6000;0;0;0;0;38;41660;8;8040;94;1214513;144;2441318;97;1611207;116;1076840
14.04.2021 12:00;6;5990;6;6000;74;478567;350;1616669;346;2109111;8;29990;6;5990;6;5990;0;0;0;0;30;31680;11;11230;100;1402565;156;2364356;111;1822271;120;1180484
14.04.2021 13:00;6;5980;6;6000;78;541541;378;1691118;295;1917541;9;3750;6;5980;6;5990;0;0;0;0;37;40280;8;8040;74;1044217;158;2422740;117;1989132;105;949356
14.04.2021 14:00;6;5990;6;6000;102;424464;354;1657048;304;2052879;7;2440;6;6000;6;6000;0;0;0;0;55;73670;4;4020;82;1244735;150;2387699;111;2123830;114;1319142
14.04.2021 15:00;6;6000;6;6000;98;653852;430;1365185;333;2422159;6;2350;6;6000;6;5990;0;0;0;0;36;38740;16;16080;93;1053406;192;2586247;115;2064893;130;1322149
14.04.2021 16:00;6;5990;6;6000;131;699260;438;1760296;331;2468829;16;7810;6;5970;6;5980;0;0;0;0;36;38390;7;7030;93;1156625;187;2832142;125;2447477;124;1642427
14.04.2021 17:00;6;5990;6;6000;114;592840;427;1514419;318;2464961;8;3740;6;6000;6;6000;0;0;0;0;41;42140;12;12050;84;1283186;193;2743264;100;2260106;124;1724929
14.04.2021 18:00;6;5990;6;6000;84;606351;381;1301827;267;2232612;12;63380;6;6000;6;6000;0;0;0;0;41;49380;18;18080;84;1405272;219;2116431;109;1866624;111;1246493
14.04.2021 19:00;6;6000;6;5990;65;269290;311;1129336;198;1723653;3;62650;6;6000;6;6000;0;0;0;0;21;21170;6;6030;67;988199;173;1644094;108;1124011;99;845896
14.04.2021 20:00;5;5000;5;5000;45;435909;198;858850;133;1143394;2;840;5;5000;5;4980;0;0;0;0;18;19590;6;6210;41;534084;132;1249306;99;721688;79;474486
14.04.2021 21:00;2;2000;3;2990;18;96877;173;640733;100;1058884;1;190;2;2000;3;2990;0;0;0;0;11;11400;2;2000;31;406668;113;780704;67;219810;68;254595
14.04.2021 22:00;2;2000;2;1990;14;89810;116;342467;57;578200;2;1160;2;1990;2;2000;0;0;0;0;6;6010;2;2010;21;268742;94;470445;59;187756;54;166840
14.04.2021 23:00;2;2000;2;2000;7;42650;74;164113;25;397327;0;0;2;1990;2;2000;0;0;0;0;5;5040;2;2010;14;148460;59;298120;25;70330;32;115970
15.04.2021 00:00;0;0;1;1000;5;2850;32;75640;15;271665;1;190;0;0;1;1000;0;0;0;0;1;1100;0;0;4;101751;30;112840;27;74490;10;32030
15.04.2021 01:00;0;0;0;0;2;31050;22;11780;11;162700;2;18170;0;0;0;0;0;0;0;0;0;0;1;1010;6;101240;16;87093;0;0;7;19120
15.04.2021 02:00;0;0;0;0;0;0;12;6150;5;122220;1;3150;0;0;0;0;0;0;0;0;0;0;0;0;3;78660;9;27030;1;1020;5;10450
15.04.2021 03:00;0;0;0;0;0;0;11;4890;3;62906;0;0;0;0;0;0;0;0;0;0;0;0;0;0;0;0;9;32620;2;4790;5;5200
15.04.2021 04:00;3;3000;2;2000;8;27598;31;140515;11;137570;1;22250;3;3000;2;2000;0;0;0;0;0;0;1;1000;5;72530;28;108795;12;25860;6;14200
15.04.2021 05:00;4;4000;4;3990;12;36710;126;301554;39;618151;0;0;4;3990;4;3980;0;0;0;0;1;1000;1;1010;13;76840;95;652089;46;136900;31;79770
15.04.2021 06:00;6;5990;5;4990;26;300590;346;984842;111;1155475;2;43150;6;6000;5;4980;0;0;0;0;9;9460;2;2010;29;591616;165;1787017;98;708472;50;361468
15.04.2021 07:00;6;6000;6;5980;29;333650;488;1604086;199;2000654;9;63342;6;5990;6;6000;0;0;0;0;18;19730;8;8060;41;669554;312;2413607;91;1493383;93;757538
15.04.2021 08:00;6;6000;6;5990;71;718086;485;1577566;293;1985629;12;160927;6;6000;6;5980;0;0;0;0;15;15070;4;4020;70;879543;179;2791290;94;1659804;106;897599
15.04.2021 09:00;6;6000;6;5970;67;518257;421;1543179;284;1960633;12;5540;6;5960;6;6000;0;0;0;0;34;34750;6;6030;71;1080902;161;2568853;100;1738763;120;827731
15.04.2021 10:00;7;6990;7;6990;105;791660;362;1511693;305;1894848;10;28090;7;6990;7;6990;0;0;0;0;28;28980;8;8030;85;1487023;137;2460464;106;1651486;119;1258710
15.04.2021 11:00;6;5990;6;5990;87;718674;362;1726002;311;2002376;9;4080;6;6000;6;5990;0;0;0;0;29;30000;8;8050;106;1595955;152;2520491;107;1976550;131;1422690
15.04.2021 12:00;6;5990;6;6000;74;607760;361;1699656;322;2300310;5;5120;6;6000;6;5990;0;0;3;780;37;38280;9;9170;81;1277627;142;2645100;108;2221536;135;1586000
15.04.2021 13:00;6;6000;6;6000;91;775299;347;1419327;323;1962741;7;2120;6;5980;6;5990;0;0;0;0;39;43750;10;10030;96;1507660;155;2526048;99;2306718;125;1168459
15.04.2021 14:00;6;6000;6;6000;92;498688;420;1682991;330;2288605;10;4590;6;5990;6;5990;0;0;0;0;36;39770;10;10110;95;1499737;160;2707967;135;2262755;144;1573303
15.04.2021 15:00;6;6000;6;5990;101;520039;391;1645606;350;2198688;11;4840;6;6000;6;5980;0;0;0;0;36;38386;12;12970;94;1310305;179;2482136;108;2476573;122;1561317
15.04.2021 16:00;6;6000;6;5990;103;701836;459;1801521;321;2431584;9;99370;6;6000;6;5990;0;0;0;0;51;54130;9;9060;89;1233494;240;2663914;137;2499365;162;1605071
15.04.2021 17:00;6;6000;6;6000;102;856286;453;1725165;304;2259233;7;3190;6;5970;6;6000;0;0;0;0;47;56710;31;31490;101;1513190;241;2446414;145;2461517;147;1766447
15.04.2021 18:00;6;6000;6;5990;88;774000;446;1376530;298;2419698;7;4080;6;6000;6;6000;0;0;0;0;35;40420;14;15470;101;1322870;253;2047882;141;2190208;139;1377289
15.04.2021 19:00;6;6000;6;5990;64;547664;353;1205460;223;1992999;4;2070;6;5990;6;6000;0;0;0;0;30;34960;11;11150;76;1274904;210;1644845;101;1503918;99;895119
15.04.2021 20:00;4;3990;5;4990;38;165051;240;920563;131;1099619;3;1360;4;4000;5;5000;0;0;0;0;24;29161;5;5020;53;602046;144;1170190;100;717222;89;566098
15.04.2021 21:00;3;2990;3;3000;33;128280;145;424803;97;947480;1;27400;3;3000;3;3000;0;0;0;0;18;19320;0;0;40;465714;115;777952;89;310670;75;259461
15.04.2021 22:00;2;2000;2;2000;10;48860;151;572783;58;676941;2;1220;2;2000;2;2000;0;0;0;0;12;12825;2;2010;29;409898;116;514170;69;221730;49;191420
15.04.2021 23:00;2;1990;2;2000;9;118660;73;291660;30;494600;0;0;2;2000;2;2000;0;0;0;0;1;1000;2;2000;14;200102;66;273088;25;90500;30;86130
16.04.2021 00:00;0;0;1;1000;4;43851;35;98257;15;175246;0;0;0;0;1;1000;0;0;0;0;1;1000;2;2060;7;192076;27;90410;21;39890;22;55880
16.04.2021 01:00;0;0;0;0;2;17320;11;50840;11;221839;0;0;0;0;0;0;0;0;0;0;0;0;0;0;2;26290;10;28810;12;20339;4;7600
16.04.2021 02:00;0;0;0;0;2;15760;17;17670;6;89710;1;520;0;0;0;0;0;0;0;0;1;1010;0;0;0;0;14;42410;4;59020;4;7650
16.04.2021 03:00;0;0;0;0;1;410;17;8520;7;78220;0;0;0;0;0;0;0;0;0;0;0;0;0;0;0;0;10;40870;1;2220;7;12920
16.04.2021 04:00;3;3000;2;2000;8;25820;28;33480;10;205714;3;73544;3;2990;2;2000;0;0;0;0;0;0;1;1010;4;39800;27;80390;11;21980;12;27080
16.04.2021 05:00;4;4000;4;3990;8;33470;139;360710;36;579896;1;20280;4;4000;4;3990;0;0;0;0;0;0;1;1000;13;122550;100;590184;50;178454;34;89056
16.04.2021 06:00;6;6000;5;4990;20;454865;352;699453;96;1247062;5;46554;6;5990;5;4990;0;0;0;0;5;5090;0;0;28;521001;163;1600892;91;757660;55;243780
16.04.2021 07:00;6;6000;6;5990;27;279890;480;1250708;207;1924687;6;108690;6;5990;6;6000;0;0;0;0;14;15010;4;4030;49;770414;218;2402477;92;1191271;80;740305
16.04.2021 08:00;6;5990;6;5990;53;599182;465;1380481;278;2171494;10;4410;6;6000;6;6000;0;0;0;0;25;27240;6;6130;53;1264164;161;2706197;104;1490822;95;943448
16.04.2021 09:00;6;6000;6;6000;72;542710;396;1455928;302;2047740;7;3800;6;5990;6;5990;0;0;0;0;23;23490;7;7040;69;1030810;161;2282247;88;1573801;95;1102945
16.04.2021 10:00;7;6990;7;6990;84;575930;383;1625041;330;2191264;10;65440;7;7000;7;6970;0;0;0;0;33;34880;6;6240;86;1389905;151;2621536;88;1704056;110;1305315
16.04.2021 11:00;6;6000;6;5990;69;629940;395;1699990;341;2163074;6;45280;6;6000;6;6000;0;0;0;0;40;41820;9;9050;96;1193710;163;2663619;109;1936499;111;1261271
16.04.2021 12:00;7;7000;6;6000;91;757076;406;1639586;301;2146781;7;114246;6;5990;6;5990;0;0;0;0;33;35970;4;4020;96;1614121;175;2589499;105;2238086;117;1463656
16.04.2021 13:00;6;6000;6;6000;96;610184;472;1546255;331;2435759;9;59354;6;5990;6;5990;0;0;0;0;35;36340;11;11060;107;1413795;219;2534989;103;2326819;111;1520002
16.04.2021 14:00;6;6000;6;6000;91;577472;450;1416744;350;2320723;5;1760;6;5980;6;6000;0;0;0;0;40;42440;14;14040;83;1340523;228;2162780;136;1984687;112;1495872
16.04.2021 15:00;6;5990;6;6000;104;914888;451;1436316;327;2562317;4;2260;6;6000;6;5990;0;0;0;0;51;57380;7;7030;96;1465386;230;2302607;118;2156187;106;1539413
16.04.2021 16:00;6;6000;6;5990;96;671933;448;1787559;282;2123081;7;3550;6;6000;6;6000;0;0;0;0;60;63752;8;8040;89;1317784;206;2495879;136;2195838;137;1317191
16.04.2021 17:00;6;6000;6;5990;94;506719;429;1532692;288;2335466;5;3020;6;6000;6;6000;0;0;0;0;35;37270;12;12060;97;1279287;187;2317495;121;1976443;120;1320669
16.04.2021 18:00;6;6000;6;6000;87;520972;419;1301595;296;2431025;3;23050;6;6042;6;6000;0;0;0;0;44;47954;10;10941;76;1142202;202;1960287;123;1905529;123;1149899
16.04.2021 19:00;6;6000;6;6000;71;544604;341;1016232;194;1982667;3;1420;6;6000;6;5980;0;0;0;0;53;57480;10;10050;78;1031172;198;1490313;113;1059420;107;983758
16.04.2021 20:00;4;4000;5;4980;33;239574;223;985568;136;1007973;4;39594;5;5000;5;4990;0;0;0;0;18;19070;5;5220;60;825624;155;1543902;82;567424;84;525944
16.04.2021 21:00;3;3000;3;2990;26;91040;212;884700;103;915583;1;320;2;2000;3;3000;0;0;0;0;16;18400;2;2050;33;370413;139;1071826;64;306910;66;253370
16.04.2021 22:00;2;1990;2;2000;19;121518;163;635014;90;810284;0;0;2;2000;2;1990;0;0;0;0;7;7040;1;1000;22;204580;108;675180;54;182570;62;229304
16.04.2021 23:00;2;2000;2;2000;10;80660;93;382750;53;521434;0;0;2;2000;2;2000;0;0;0;0;3;3030;3;3030;15;93788;78;424133;39;113280;41;114210
17.04.2021 00:00;0;0;1;1000;5;2370;58;195570;39;385913;0;0;0;0;1;1000;0;0;0;0;4;4650;0;0;11;194381;47;196220;23;54800;28;59780
17.04.2021 01:00;0;0;0;0;3;36160;37;112555;35;429350;1;17660;0;0;0;0;0;0;0;0;2;2220;0;0;7;165270;24;115858;19;39290;13;35100
17.04.2021 02:00;0;0;0;0;2;25320;40;76820;18;167820;1;13920;0;0;0;0;0;0;0;0;0;0;1;1000;4;90593;33;131000;4;10210;10;23210
17.04.2021 03:00;0;0;0;0;0;0;9;29110;14;173959;1;770;0;0;0;0;0;0;0;0;1;1010;0;0;6;86925;6;17600;8;14110;5;10380
17.04.2021 04:00;3;2990;2;2000;4;5350;19;36910;9;170470;2;62440;3;3000;2;2000;0;0;0;0;0;0;0;0;6;106934;19;61410;5;8940;14;25960
17.04.2021 05:00;4;3980;4;4000;8;22710;54;141655;16;308316;1;16890;4;4000;4;3990;0;0;0;0;0;0;0;0;9;105130;44;153120;19;76170;21;43480
17.04.2021 06:00;6;6000;5;5000;12;31200;97;301284;29;335180;0;0;6;6000;5;5000;0;0;0;0;2;2110;0;0;14;115660;79;450637;43;226438;22;71640
17.04.2021 07:00;6;5970;6;5990;18;79890;101;427480;75;737360;3;26670;6;6000;6;6000;0;0;0;0;4;4190;3;3010;20;354080;77;536806;44;259610;38;151560
17.04.2021 08:00;6;6000;6;6046;24;78210;191;765628;131;962041;3;980;6;5990;6;6000;0;0;0;0;21;23310;5;5020;28;424176;115;1251448;68;588006;63;307158
17.04.2021 09:00;6;5990;6;6000;28;177356;264;975030;209;1619918;3;900;6;6000;6;6000;0;0;0;0;29;30650;5;5030;46;505188;130;1614492;96;1412410;98;679910
17.04.2021 10:00;6;6000;6;5990;75;442637;296;1232007;289;1861159;8;4090;6;5990;6;6000;0;0;0;0;43;44530;12;12480;62;984066;139;2034321;114;1357078;95;751249
17.04.2021 11:00;6;6000;6;6000;61;471192;353;1584174;295;2003526;6;28450;6;6000;6;6000;0;0;0;0;34;34310;7;7060;75;824717;160;2411210;99;1393436;112;923917
17.04.2021 12:00;6;5990;6;6000;75;492381;367;1856385;305;1788014;3;43010;6;6000;6;6000;0;0;0;0;35;40650;10;11000;89;1249187;158;2522532;133;1679993;134;940235
17.04.2021 13:00;3;3000;2;2000;66;681235;394;1487107;283;2061891;5;2040;3;3000;2;2000;0;0;1;240;47;52080;15;15250;82;1220325;157;2426306;124;1724521;101;1083852
17.04.2021 14:00;6;5980;7;6980;65;765704;403;1544534;268;1941751;2;780;6;5990;7;7000;0;0;0;0;39;42249;9;9040;71;1079477;168;2600010;105;1997090;113;1325672
17.04.2021 15:00;6;6000;6;5980;58;324204;338;1559030;265;1798505;3;970;6;5990;6;5990;0;0;0;0;34;36690;13;13330;66;789144;157;2292903;112;1493926;116;1168235
17.04.2021 16:00;6;5990;6;6000;51;367853;385;1258788;214;1637712;5;2520;6;6000;6;6000;0;0;0;0;34;36090;12;12270;69;845106;147;2447696;102;1344823;96;888036
17.04.2021 17:00;6;5990;6;6049;60;491797;345;1463956;250;1747349;2;460;6;6000;6;6000;0;0;0;0;48;52873;8;8630;73;1235919;146;2333191;115;1538498;98;1255723
17.04.2021 18:00;6;5980;6;6000;64;546675;327;1468245;218;1535623;2;640;6;6000;6;5990;0;0;0;0;49;51200;6;6030;72;1358342;140;2193566;115;1477891;112;890007
17.04.2021 19:00;6;5990;6;6000;59;415536;309;1344703;204;1452434;2;1420;7;6990;6;6000;0;0;0;0;27;30610;6;6670;67;1134830;159;1706494;93;1015903;96;846510
17.04.2021 20:00;4;4000;5;4990;39;262370;245;877810;143;1156658;3;34670;3;2990;5;4990;0;0;0;0;14;14050;3;3110;40;514079;141;1283070;92;793195;92;375091
17.04.2021 21:00;2;1990;2;2000;29;213585;203;705723;111;937007;4;1740;2;2000;2;2000;0;0;0;0;17;17323;3;3020;31;397478;142;846172;70;313157;69;254230
17.04.2021 22:00;2;2000;2;1990;17;84870;149;568097;74;832739;1;18570;2;2000;2;2000;0;0;0;0;13;14180;4;4060;15;173130;112;747974;60;213930;75;231284
17.04.2021 23:00;2;2000;2;2000;12;138550;110;406227;41;525753;0;0;2;2000;2;1990;0;0;0;0;8;9150;0;0;8;122450;90;531292;33;86960;37;74190
18.04.2021 00:00;1;1000;2;1990;9;65630;89;348575;42;454630;0;0;1;1000;2;2000;0;0;0;0;3;3030;3;3680;9;77990;60;296590;26;65500;26;68550
18.04.2021 01:00;0;0;0;0;7;65720;44;147086;24;275780;1;25760;0;0;0;0;0;0;0;0;0;0;0;0;7;183177;36;140460;15;30945;31;64780
18.04.2021 02:00;0;0;0;0;3;14820;28;86340;19;339287;1;14400;0;0;0;0;0;0;0;0;2;2020;1;1000;9;186660;24;86450;11;24930;10;17380
18.04.2021 03:00;0;0;0;0;2;16850;20;63290;7;123320;1;13980;0;0;0;0;0;0;0;0;0;0;0;0;3;21450;17;62720;5;15840;8;16720
18.04.2021 04:00;1;1000;0;0;3;2600;7;3250;4;18270;0;0;1;1000;0;0;0;0;0;0;0;0;0;0;3;46940;7;28030;7;7980;9;16700
18.04.2021 05:00;2;2000;2;2000;3;1690;18;63370;16;191634;0;0;2;1990;2;2000;0;0;0;0;0;0;0;0;5;63150;13;66310;12;27230;8;19140
18.04.2021 06:00;2;2000;2;2000;5;33530;25;40034;16;248980;0;0;2;1990;2;2000;0;0;0;0;1;1010;0;0;4;34260;21;77240;39;52250;7;16580
18.04.2021 07:00;2;2000;2;2000;5;3070;24;86680;28;361270;1;36620;2;2000;2;1990;0;0;0;0;0;0;0;0;6;101940;23;119860;15;54533;9;28700
18.04.2021 08:00;2;2000;2;2000;10;144820;60;292064;52;719659;1;260;2;2000;2;2000;0;0;0;0;3;3030;1;1010;11;158820;53;219360;33;135710;26;75576
18.04.2021 09:00;2;2000;2;1990;23;150670;120;522751;94;796783;2;27539;2;2000;2;1990;0;0;0;0;14;14360;3;3010;32;373650;88;545026;50;328440;32;130550
18.04.2021 10:00;2;1990;2;2000;22;124050;166;822325;132;1030867;1;520;2;2000;2;1990;0;0;0;0;16;16330;2;2020;29;405326;118;854750;79;654265;47;225984
18.04.2021 11:00;2;1990;2;1990;44;218120;232;983839;165;1106223;2;840;2;2000;2;2000;0;0;0;0;22;22570;6;6040;55;720690;148;1342614;96;819416;74;313587
18.04.2021 12:00;2;2000;2;2000;38;228284;258;1048327;189;1372715;0;0;2;1990;2;1980;0;0;0;0;21;22760;5;5020;46;524000;151;1564326;110;931521;88;437209
18.04.2021 13:00;4;3990;4;3990;53;276898;294;1079491;217;1506748;14;29210;4;4000;4;3980;0;0;0;0;19;21440;2;2020;56;610592;166;1721933;95;1141299;82;551759
18.04.2021 14:00;4;3990;4;4000;48;309970;292;1226915;245;1623196;2;910;4;4000;4;3980;0;0;0;0;18;19390;2;2710;45;446467;158;1586695;98;1034151;87;823615
18.04.2021 15:00;4;4000;4;4000;44;197046;300;1143263;236;1525104;2;25060;4;4000;4;3990;0;0;0;0;21;24700;6;6040;47;730137;161;1477210;112;1072430;86;634570
18.04.2021 16:00;4;3970;4;3990;30;170890;305;1038874;191;1404286;6;35170;4;3990;4;3990;0;0;0;0;14;14990;9;9050;49;634800;172;1774463;103;982545;85;608481
18.04.2021 17:00;4;3990;4;4000;50;361253;294;1192242;212;1534188;2;27330;4;4052;4;4000;0;0;0;0;20;23300;9;9470;60;654524;162;1667521;106;999575;88;595254
18.04.2021 18:00;4;4000;4;3990;37;177108;289;1219365;194;1353794;2;900;4;3990;4;4000;0;0;0;0;21;22780;8;8090;56;739394;163;1577008;97;925522;86;502156
18.04.2021 19:00;4;3990;4;4051;39;364175;271;1114035;178;1243217;3;1230;4;4000;4;3990;0;0;0;0;23;26700;4;4040;59;710648;162;1461478;98;797404;75;462110
18.04.2021 20:00;2;2000;2;2000;34;217620;167;644177;128;912261;3;1040;2;1990;2;2000;0;0;0;0;16;17590;7;7030;36;410268;128;971516;91;610218;69;323120
18.04.2021 21:00;2;2000;2;2000;16;116380;149;636445;83;802162;0;0;2;2000;2;1990;0;0;0;0;14;14740;3;3000;21;330201;125;789218;72;258190;39;172713
18.04.2021 22:00;2;2000;2;2000;13;11620;106;334500;50;642906;2;23930;2;2000;2;2000;0;0;0;0;3;3010;0;0;18;287497;86;415251;44;131120;45;114760
18.04.2021 23:00;2;2000;2;2000;12;93210;58;220090;28;372212;2;29982;2;1990;2;1990;0;0;0;0;5;5040;1;1000;14;177048;51;207954;29;83290;17;48250
19.04.2021 00:00;1;1000;2;2000;7;17840;34;49920;11;140110;1;710;1;1000;2;2000;0;0;0;0;0;0;1;1000;4;40360;32;122614;15;51250;15;67180
19.04.2021 01:00;0;0;0;0;0;0;15;8200;5;27220;2;1870;0;0;0;0;0;0;0;0;0;0;0;0;1;42388;14;53730;4;10220;6;26920
19.04.2021 02:00;0;0;0;0;0;0;11;52360;5;60383;1;640;0;0;0;0;0;0;0;0;0;0;0;0;2;27170;10;53380;3;9960;6;30560
19.04.2021 03:00;0;0;0;0;2;2840;17;16480;3;95890;1;16500;0;0;0;0;0;0;0;0;0;0;0;0;0;0;16;80460;3;9510;4;13640
19.04.2021 04:00;1;1000;0;0;3;38230;28;87540;11;259480;2;31600;1;1000;0;0;0;0;0;0;0;0;0;0;2;29783;27;123962;16;89023;9;45293
19.04.2021 05:00;3;2990;3;3000;13;87350;156;396790;40;689010;1;17770;3;3000;3;3000;0;0;0;0;1;1000;1;1000;13;160910;92;927603;36;181271;34;142176
19.04.2021 06:00;4;4000;4;3990;31;776032;424;1065498;103;1267377;4;1690;4;4000;4;3990;0;0;0;0;3;3020;1;1010;27;417154;124;2111663;99;897267;62;400875
19.04.2021 07:00;7;6990;5;4990;66;403225;545;1650230;257;1902300;11;8010;7;7000;5;5000;0;0;0;0;26;35960;11;11700;59;1049176;137;3022548;81;1687413;106;1020484
19.04.2021 08:00;8;8000;9;9000;72;483883;455;1632527;308;2139163;7;66660;8;7990;9;8990;0;0;0;0;22;26030;4;4000;80;1064891;175;2712757;89;1481016;115;966551
19.04.2021 09:00;4;4000;3;2990;66;436337;394;1459549;295;1968425;14;9270;4;3990;4;4000;0;0;0;0;26;27040;4;4320;85;1065151;170;2426982;93;1758219;106;802082
19.04.2021 10:00;4;3990;4;4000;79;657445;349;1516557;279;2030544;11;5760;4;4000;4;3980;0;0;0;0;29;32360;9;9270;69;965182;172;2381629;105;1253238;115;987107
19.04.2021 11:00;4;3970;5;5000;73;598382;319;1596035;299;1930072;12;90156;4;4000;4;3980;0;0;0;0;36;37260;13;13420;72;1195163;144;2346446;103;1532441;99;840016
19.04.2021 12:00;5;5000;4;4000;72;664498;362;1540253;282;1942146;12;92040;5;4990;5;4990;0;0;0;0;31;33830;10;10060;78;1212628;148;2460933;117;1742797;105;868257
19.04.2021 13:00;8;8000;9;9000;93;618298;400;1558218;307;1816942;10;7800;8;8000;8;7990;0;0;0;0;33;34958;9;10030;100;1521216;151;2642421;107;2087872;112;1374040
19.04.2021 14:00;5;4990;5;4990;67;500382;412;1566605;264;1905956;5;2590;5;4990;6;6000;0;0;0;0;44;48708;11;11080;81;1425195;145;2590542;135;1805296;130;898194
19.04.2021 15:00;4;4000;4;4000;78;540899;426;1434539;319;2331779;9;5943;4;4000;4;4000;0;0;0;0;42;45710;15;15400;94;1249239;182;2558139;114;2227539;145;1246622
19.04.2021 16:00;4;4000;5;5000;103;851813;479;1316528;327;2525703;6;2530;4;4000;4;3990;0;0;0;0;51;55180;14;14770;74;1425314;255;2267109;117;2241383;144;1625189
19.04.2021 17:00;4;3990;3;3000;88;694767;432;1479910;287;2348787;7;65427;4;4000;4;4000;0;0;0;0;40;46500;16;16450;88;1521561;230;2264716;134;2163966;133;1548443
19.04.2021 18:00;4;4000;4;4000;68;483281;379;1132909;253;2182982;5;1820;4;3990;4;3990;0;0;0;0;35;39550;10;10070;84;1416321;233;1703417;124;2012154;122;1269245
19.04.2021 19:00;5;4990;5;5000;47;372110;313;1070056;193;2000287;2;71360;5;5000;4;3990;0;0;0;0;28;29899;13;13080;62;991757;205;1358880;104;1533347;99;862216
19.04.2021 20:00;3;3000;4;4000;34;225650;184;820837;107;1155973;4;2060;3;2990;4;4000;0;0;0;0;18;19240;1;1010;49;704260;123;1043615;113;674203;60;321700
19.04.2021 21:00;2;1990;2;1990;22;86624;139;708337;90;752706;1;390;2;2000;2;2000;0;0;0;0;17;18560;3;3020;28;327061;113;688206;84;313720;69;219103
19.04.2021 22:00;2;2000;2;1990;11;49750;114;405950;70;759729;0;0;2;2000;2;2000;0;0;0;0;7;7260;2;2020;22;242083;96;492394;43;138459;44;145700
19.04.2021 23:00;2;2000;2;2000;14;90980;65;144540;25;440912;1;1490;2;2000;2;2000;0;0;0;0;2;2010;1;1010;11;113894;60;216240;31;63060;29;56950
20.04.2021 00:00;2;2000;2;2000;5;18130;34;171340;13;205343;0;0;2;1990;2;2000;0;0;0;0;0;0;2;2000;2;11830;31;126436;6;38500;11;26180
20.04.2021 01:00;0;0;1;1000;3;19260;23;63470;11;162230;1;30080;0;0;1;990;0;0;0;0;0;0;0;0;3;37890;19;61707;3;8430;8;17050
20.04.2021 02:00;0;0;0;0;0;0;14;7050;6;41117;0;0;0;0;0;0;0;0;0;0;0;0;0;0;2;8550;11;26750;6;9760;3;4240
20.04.2021 03:00;0;0;0;0;1;10920;21;29690;7;193624;0;0;0;0;0;0;0;0;0;0;0;0;0;0;0;0;19;66700;2;1920;3;5190
20.04.2021 04:00;1;990;0;0;2;16110;32;17325;10;187345;1;29160;1;1000;0;0;0;0;0;0;1;1150;0;0;3;56040;27;73370;12;20140;16;29530
20.04.2021 05:00;3;2990;3;3000;9;7520;159;513440;51;694469;0;0;3;3000;3;2990;0;0;0;0;1;1000;1;1010;12;96460;100;729230;57;161810;27;62680
20.04.2021 06:00;4;3990;4;3990;26;225225;365;840367;110;1472313;3;1600;4;4000;4;4000;0;0;0;0;3;3170;1;1010;26;382491;176;1667700;93;832538;68;385011
20.04.2021 07:00;7;7000;5;5000;64;554144;532;1364675;247;1942871;7;110310;7;6990;5;5000;0;0;0;0;20;25096;8;8300;68;1166852;199;2979083;105;1700100;109;847529
20.04.2021 08:00;7;6990;7;7000;58;555718;441;1652233;281;2175619;10;6280;8;7990;8;8000;0;0;0;0;18;18660;12;12090;61;1129710;139;2649772;102;1589021;98;1011411
20.04.2021 09:00;5;4990;4;4000;74;572583;421;1559838;284;2058440;6;2640;4;4000;4;4000;0;0;0;0;29;34370;9;9090;79;1240246;169;2575925;104;1675418;121;958930
20.04.2021 10:00;4;3990;4;4000;71;530033;391;1655280;317;2074527;20;81410;4;3990;4;4000;0;0;0;0;26;27110;6;6070;91;1242432;143;2489510;113;1330142;114;1087923
20.04.2021 11:00;4;4000;5;4980;88;726433;356;1552499;306;1999208;10;62120;4;4000;4;4000;0;0;0;0;35;39239;11;11070;89;1622981;154;2491945;112;1722820;108;1167100
20.04.2021 12:00;5;4990;5;4040;70;709410;362;1438965;265;1956674;5;4990;5;5000;5;4990;0;0;0;0;39;47925;9;9102;94;1228748;166;2410854;140;1869348;114;938978
20.04.2021 13:00;8;7980;8;8950;77;598873;404;1463394;319;2027374;9;4870;8;8000;8;8000;0;0;0;0;51;52820;13;13120;102;1564064;159;2683147;104;1921563;129;1230260
20.04.2021 14:00;5;5000;6;6000;83;635845;354;1747401;319;2073642;11;5060;5;4990;6;6000;0;0;0;0;40;43110;7;7204;86;1286657;154;2548042;118;2073805;114;1240676
20.04.2021 15:00;4;4000;3;3000;91;697554;433;1501101;330;2459606;14;88822;4;4000;3;3000;0;0;0;0;43;47670;18;19130;100;1304367;216;2397708;125;2409298;121;1475278
20.04.2021 16:00;4;4000;4;4000;99;748886;488;1517633;329;2429251;5;51040;4;4000;5;5000;0;0;0;0;38;41970;18;20070;86;1533587;234;2539296;126;2310350;125;1719479
20.04.2021 17:00;4;3990;5;5000;108;712375;477;1623009;336;2652067;9;5590;4;4000;4;4000;0;0;0;0;44;49590;13;13640;103;1490288;241;2511293;144;2278800;127;1290170
20.04.2021 18:00;4;3990;4;3990;94;643638;411;1481072;316;2246179;7;4090;4;3990;4;4000;0;0;0;0;48;54590;12;12680;90;1162322;234;1957562;119;1994799;117;1495642
20.04.2021 19:00;5;4990;4;4000;63;558009;322;1160550;210;1814632;5;3440;5;5000;4;3990;0;0;0;0;25;27530;7;7050;76;1373576;201;1554907;95;1342714;94;798621
20.04.2021 20:00;3;3000;4;4000;31;177940;220;848804;164;1160252;3;2150;3;3000;4;4000;0;0;0;0;26;28950;2;2010;42;584565;140;1607794;89;676715;84;492186
20.04.2021 21:00;2;2000;2;2000;22;196790;157;640450;103;719809;0;0;2;2000;2;1990;0;0;0;0;19;20380;8;8050;29;297060;112;835280;74;306255;72;231515
20.04.2021 22:00;2;2000;2;2000;12;79840;137;427689;76;685205;1;5560;2;2056;2;1990;0;0;0;0;6;6200;3;3010;19;365012;104;572356;72;225105;61;192536
20.04.2021 23:00;2;2000;2;2000;13;76320;69;193301;39;417440;0;0;2;1990;2;2000;0;0;0;0;2;3020;0;0;8;148320;53;233137;36;87970;27;64350
21.04.2021 00:00;2;2000;2;2000;4;2360;32;103053;14;129893;1;580;2;2000;2;2000;0;0;0;0;1;1010;1;1010;3;29913;30;112213;10;24260;11;20540
21.04.2021 01:00;0;0;1;1000;4;52780;23;92330;7;104920;0;0;0;0;1;1000;0;0;0;0;0;0;0;0;2;8630;14;61480;3;4880;11;25090
21.04.2021 02:00;0;0;0;0;1;1620;9;4800;8;151760;1;14920;0;0;0;0;0;0;0;0;0;0;0;0;5;99228;6;19400;4;12190;5;6230
21.04.2021 03:00;0;0;0;0;3;16920;15;8360;4;73760;0;0;0;0;0;0;0;0;0;0;0;0;0;0;4;4390;13;61240;0;0;5;12140
21.04.2021 04:00;1;1000;0;0;3;57210;28;63114;11;227600;1;14280;1;1000;0;0;0;0;0;0;0;0;0;0;2;17490;23;113330;11;19210;13;29840
21.04.2021 05:00;3;2990;3;3000;11;57630;156;392520;49;728437;1;40152;3;2990;3;2990;0;0;0;0;0;0;2;2030;14;102270;91;683170;37;75890;31;90240
21.04.2021 06:00;4;3980;4;3990;26;155600;372;968800;99;1098115;4;2780;4;4000;4;4000;0;0;0;0;5;8570;0;0;31;578995;170;1896000;95;948170;65;336780
21.04.2021 07:00;7;6990;5;4990;54;603382;535;1754611;274;2069723;8;20740;7;6980;6;6000;0;0;0;0;27;28550;13;13250;73;1214329;140;3026206;94;1536551;101;819292
21.04.2021 08:00;-1;-1;-1;-1;-1;-1;-1;-1;-1;-1;-1;-1;-1;-1;-1;-1;-1;-1;-1;-1;-1;-1;-1;-1;-1;-1;-1;-1;-1;-1;-1;-1
21.04.2021 09:00;4;3990;4;4000;58;483170;390;1250252;267;2135659;6;3630;4;3990;4;4000;0;0;0;0;31;33949;12;12300;71;1063707;190;2228308;99;1356906;140;899239
21.04.2021 10:00;4;4000;3;3000;68;549671;371;1638837;297;2082833;16;52200;4;4000;4;3990;0;0;0;0;45;50870;10;11380;79;1145887;153;2355732;114;1992128;131;1103490
21.04.2021 11:00;4;3990;4;4000;78;543535;375;1721639;325;1926550;9;4610;4;4000;4;4000;0;0;0;0;43;46010;6;6050;86;1350269;153;2443333;118;1880197;91;890059
21.04.2021 12:00;5;4990;5;5000;72;403787;362;1639399;347;2356001;8;6410;5;5055;5;4980;0;0;0;0;37;40900;15;15400;98;1302889;168;2418426;117;1813093;98;1272000
21.04.2021 13:00;8;7990;8;7990;77;753312;409;1612925;278;2043358;11;40630;8;8000;7;6990;0;0;0;0;39;44500;9;9060;82;1459610;164;2683729;94;1931795;115;1162222
21.04.2021 14:00;4;4000;6;6000;75;610387;328;1530685;271;1837113;15;8800;4;3990;7;6990;0;0;0;0;26;28780;11;11210;90;1343309;142;2246435;84;1968884;107;1193926
21.04.2021 15:00;4;3990;3;3000;81;514490;464;1506446;313;2483927;4;37040;4;3990;3;3000;0;0;0;0;39;43287;19;19170;95;1344283;220;2448164;134;2296809;113;1356459
21.04.2021 16:00;4;4000;5;5000;98;697845;489;1625309;337;2563552;9;123030;4;4000;5;5000;0;0;0;0;34;34950;14;14080;96;1427899;244;2514545;115;2363301;105;1437768
21.04.2021 17:00;4;3990;4;4000;90;721980;489;1598405;298;2403835;11;67800;4;3990;4;4000;0;0;0;0;51;58040;10;10080;96;1570703;257;2565990;106;2335019;121;1536199
21.04.2021 18:00;4;3990;4;3990;90;658794;390;1371183;276;2027524;4;1810;4;3990;4;3990;0;0;0;0;44;62610;13;13090;85;1324490;238;1808414;120;1771700;132;1127076
21.04.2021 19:00;5;4990;4;4000;51;559313;327;1037902;228;1915229;5;61053;5;4990;4;4000;0;0;0;0;26;34340;16;16380;64;840114;194;1638186;107;1506628;112;998984
21.04.2021 20:00;3;2990;4;3990;20;127980;213;926003;145;1160125;1;260;3;3000;4;4000;0;0;0;0;19;23060;12;12080;32;530787;151;1186615;102;869292;74;704583
21.04.2021 21:00;2;2000;2;1990;22;155050;183;620602;97;983023;4;16850;2;1980;2;2000;0;0;0;0;12;12080;1;1010;43;411485;121;824147;72;265049;60;226220
21.04.2021 22:00;2;2000;2;2000;16;146360;124;491705;72;694148;0;0;2;2000;2;2000;0;0;0;0;12;13210;5;5010;25;321620;82;492373;47;158119;44;142605
21.04.2021 23:00;2;2000;2;1990;11;54490;72;287567;32;406180;0;0;2;2000;2;2000;0;0;0;0;0;0;0;0;14;128653;70;354930;28;67783;35;79330
22.04.2021 00:00;2;1990;2;1990;8;11610;41;67084;21;315957;0;0;2;2000;2;2000;0;0;0;0;1;1000;2;2000;6;62230;29;142745;8;19030;18;34890
22.04.2021 01:00;0;0;1;1000;3;15650;16;31380;11;187630;1;33310;0;0;1;1000;0;0;0;0;0;0;0;0;2;19330;15;48590;4;9820;3;6640
22.04.2021 02:00;0;0;0;0;1;16650;11;4960;5;97170;1;14940;0;0;0;0;0;0;0;0;0;0;0;0;1;33560;11;35860;6;17320;5;8090
22.04.2021 03:00;0;0;0;0;0;0;23;15100;7;65335;0;0;0;0;0;0;0;0;0;0;1;1010;0;0;1;38680;23;82237;5;8280;5;7530
22.04.2021 04:00;1;990;0;0;4;7860;34;46357;11;205410;1;12370;1;1000;0;0;0;0;0;0;0;0;0;0;4;25520;30;111730;11;30360;13;27360
22.04.2021 05:00;3;3000;2;2000;13;78220;145;313006;43;527120;0;0;3;3000;2;2000;0;0;0;0;0;0;1;1010;14;174510;105;708326;42;150505;28;106425
22.04.2021 06:00;4;4000;4;3990;28;195230;370;734006;116;1364110;2;119400;4;3990;5;5000;0;0;0;0;5;5040;1;1350;26;444552;160;1900009;90;850791;54;295026
22.04.2021 07:00;7;7043;7;7000;68;631308;506;1627712;262;2030466;4;66820;7;6970;6;6000;0;0;0;0;30;34318;8;8050;61;920238;198;2905621;99;1736840;104;946529
22.04.2021 08:00;8;7980;8;8000;80;774336;508;1565450;311;2057648;17;60450;8;8000;8;7980;0;0;0;0;28;28900;13;13370;63;1334941;166;2896801;104;1788950;147;1088679
22.04.2021 09:00;4;3990;3;2990;62;407366;446;1628960;292;2126783;12;41090;4;4000;4;4000;0;0;0;0;29;33760;5;5380;60;1021023;166;2640910;99;1287760;188;1421700
22.04.2021 10:00;4;4000;4;4000;66;525735;369;1743128;306;2041263;9;19430;4;4000;4;3990;0;0;0;0;44;46230;15;15480;68;1086427;172;2495965;108;1333071;189;1624273
22.04.2021 11:00;4;4000;4;4000;76;809938;356;1606011;296;2047295;9;3690;4;3990;4;4000;0;0;0;0;30;34070;19;20090;87;1261582;165;2450465;107;1825309;110;1160655
22.04.2021 12:00;5;5000;5;5000;69;575889;365;1736939;315;2211708;6;6070;5;4980;4;4000;0;0;0;0;43;44387;14;14070;104;1481995;176;2459186;128;1546786;97;1108043
22.04.2021 13:00;8;7990;8;8000;77;624351;407;1612827;294;2016093;14;52930;8;7990;9;9035;0;0;0;0;41;52800;23;23980;83;1202801;181;2598390;103;2028743;97;1481082
22.04.2021 14:00;4;4000;5;5000;76;688426;402;1462955;304;2002037;8;4220;5;5000;6;6000;0;0;0;0;46;49420;7;7220;89;1069833;167;2540108;117;1936976;134;1311339
22.04.2021 15:00;4;3980;4;3990;101;730492;470;1474281;346;2471913;10;6250;4;4000;4;3990;0;0;0;0;33;35300;13;13080;108;1567444;232;2517905;138;2118195;157;1433063
22.04.2021 16:00;4;4000;5;5000;109;819299;468;1835318;334;2624562;6;64060;4;4000;4;3990;0;0;0;0;63;80116;20;20060;103;1593513;268;2494753;147;2289557;162;1685152
22.04.2021 17:00;4;4000;4;3990;103;666144;539;1803878;349;2739475;7;4090;4;4000;4;4000;0;0;0;0;67;70510;20;20330;110;1751515;278;2606856;135;2212951;145;1652698
22.04.2021 18:00;4;3980;4;4000;86;849018;420;1539665;305;2265647;11;6010;4;4000;4;4000;0;0;0;0;40;44730;7;7030;77;1348486;241;2226447;127;2160230;123;1652151
22.04.2021 19:00;5;5000;4;4000;58;477809;331;1079596;221;1861615;4;1430;5;4980;4;4000;0;0;0;0;33;33399;7;7030;75;990530;190;1666747;103;1890864;94;927515
22.04.2021 20:00;3;2990;4;4000;36;235211;249;794227;181;1284721;1;520;3;2990;4;3990;0;0;0;0;26;43027;9;9080;57;748012;131;1418951;92;907403;93;759696
22.04.2021 21:00;2;2000;2;2000;27;111293;196;754687;106;857097;6;2340;2;2000;2;2000;0;0;0;0;18;19340;3;3020;29;382136;138;968399;73;289730;80;291891
22.04.2021 22:00;2;2000;2;1990;17;110680;139;346009;61;614890;1;450;2;2000;2;2000;0;0;0;0;8;8840;1;1000;24;302012;91;512028;67;236108;41;147144
22.04.2021 23:00;2;2000;2;2000;12;27910;71;297790;36;424954;0;0;2;2000;2;1990;0;0;0;0;2;2030;0;0;11;169895;59;272124;35;77360;32;67150
23.04.2021 00:00;2;2000;2;1990;7;41810;38;49980;15;243981;0;0;2;2000;2;2000;0;0;0;0;1;1010;0;0;5;52560;33;117494;13;29840;18;34520
23.04.2021 01:00;0;0;1;1000;2;30572;13;50580;14;157190;0;0;0;0;1;1000;0;0;0;0;0;0;0;0;2;56630;12;49060;5;13670;8;15250
23.04.2021 02:00;0;0;0;0;0;0;21;11360;7;132017;0;0;0;0;0;0;0;0;0;0;0;0;0;0;2;6960;18;57836;5;11560;2;4540
23.04.2021 03:00;0;0;0;0;2;16710;14;35080;4;35800;0;0;0;0;0;0;0;0;0;0;0;0;0;0;2;42010;13;51670;4;7590;4;3760
23.04.2021 04:00;1;1000;0;0;5;92081;29;50230;8;113844;1;1930;1;990;0;0;0;0;0;0;0;0;0;0;3;24680;24;85803;12;25290;10;27360
23.04.2021 05:00;3;3000;3;2990;9;82410;123;324988;46;674276;0;0;3;3000;3;3000;0;0;0;0;0;0;0;0;9;116425;92;663368;57;172945;24;84330
23.04.2021 06:00;4;3980;4;3990;22;128010;342;768517;100;1398836;6;3680;4;4000;4;4000;0;0;0;0;6;8220;1;1010;30;449532;197;1505223;86;780477;49;240400
23.04.2021 07:00;7;7000;5;4980;58;582863;486;1435995;281;1915375;11;66670;7;6990;5;5000;0;0;0;0;27;32240;8;8330;57;1085121;122;3073103;81;1842542;98;995461
23.04.2021 08:00;8;7990;9;8980;70;732375;481;1622268;314;2292100;10;31880;8;8000;9;8990;0;0;0;0;21;22870;5;5020;77;1231810;155;2877788;101;1675718;100;918951
23.04.2021 09:00;4;3990;4;3980;64;454320;399;1601840;285;1954845;8;58550;4;3990;4;4000;0;0;0;0;35;42782;9;9060;70;1025372;189;2425519;96;1369119;118;1014356
23.04.2021 10:00;4;4039;4;3980;69;478703;373;1582212;310;2203013;11;101710;4;4000;4;4000;0;0;0;0;33;38013;12;12100;66;795299;161;2464008;107;1539458;121;1086678
23.04.2021 11:00;4;4000;4;4000;87;676257;420;1436729;349;2235853;8;4020;4;4000;4;4000;0;0;0;0;49;51237;9;9040;97;1428466;174;2578948;114;1821934;126;1422522
23.04.2021 12:00;5;5000;5;4990;90;749156;429;1811642;359;2624398;17;62880;5;5000;5;4980;0;0;0;0;47;59940;27;28100;103;1365338;208;2399163;142;2012105;119;1842406
23.04.2021 13:00;8;8000;7;7000;106;1010481;448;1666775;346;2722823;10;6410;8;7990;8;7980;0;0;0;0;62;66560;14;15470;108;1505899;210;2783090;128;2185979;140;1658557
23.04.2021 14:00;5;4990;6;6000;89;777750;472;1813641;368;2708425;5;2520;5;4990;5;5000;0;0;0;0;53;61530;12;12080;108;1586917;215;2630045;116;2190920;120;1302926
23.04.2021 15:00;4;4000;5;4160;93;595653;450;1541914;336;2448427;7;3570;4;4000;5;4990;0;0;0;0;33;35150;7;7020;93;1403697;228;2381182;130;2155197;116;1413339
23.04.2021 16:00;4;3990;4;4820;96;679379;491;1430393;293;2509606;8;4720;4;4000;4;4000;0;0;0;0;41;43560;23;23160;96;1282831;284;2376980;138;1976180;137;1320478
23.04.2021 17:00;4;3990;4;4000;92;822075;440;1548217;312;2418456;14;10510;4;3990;4;3990;0;0;0;0;46;49120;10;10920;105;1755777;252;2346277;123;2398230;139;1485051
23.04.2021 18:00;4;4000;4;4000;84;529871;426;1542794;319;2425357;11;142640;4;4000;4;4000;0;0;0;0;45;50170;11;11180;91;1052151;232;2394575;129;1905864;130;1235936
23.04.2021 19:00;5;5000;4;4000;58;315970;371;1394989;259;2197116;0;0;5;5000;4;4000;0;0;0;0;69;74250;9;10310;89;1196647;226;1856530;118;1642297;113;1266233
23.04.2021 20:00;3;3000;4;4000;45;198110;269;1259437;185;1269862;3;27000;3;3000;4;3980;0;0;0;0;24;24160;6;6030;59;734599;149;1686943;94;847981;76;639132
23.04.2021 21:00;2;2000;2;2000;22;112700;196;706338;125;997980;1;260;2;2000;2;2000;0;0;0;0;19;21140;5;5030;44;449895;134;898307;77;272344;93;351499
23.04.2021 22:00;2;2000;2;2000;16;67300;167;627730;72;684648;2;60090;2;2000;2;2000;0;0;0;0;10;10700;4;4020;32;349480;136;860377;74;295134;55;169590
23.04.2021 23:00;2;2000;2;2000;13;96724;94;320803;52;589479;0;0;2;1990;2;2000;0;0;0;0;8;8050;2;2010;16;223674;83;404010;47;161909;49;120240
24.04.2021 00:00;1;1000;1;1000;7;39970;53;201335;38;640297;2;4920;1;990;1;1000;0;0;0;0;0;0;0;0;4;32220;49;245790;25;51460;13;26300
24.04.2021 01:00;0;0;1;1000;6;108895;37;151504;20;289420;1;16620;0;0;1;1000;0;0;0;0;0;0;0;0;10;106950;30;113590;9;19710;9;17650
24.04.2021 02:00;0;0;0;0;1;39575;23;36240;13;223428;1;26255;0;0;0;0;0;0;0;0;3;3190;0;0;3;44110;14;50931;7;12580;7;19990
24.04.2021 03:00;0;0;0;0;1;730;13;6560;8;120100;1;31310;0;0;0;0;0;0;0;0;0;0;0;0;0;0;20;48555;2;4150;2;5350
24.04.2021 04:00;1;990;0;0;4;62720;10;5590;10;214162;0;0;1;1000;0;0;0;0;0;0;0;0;0;0;3;52530;12;27120;4;6950;9;16300
24.04.2021 05:00;3;3000;3;3000;6;19340;44;80410;11;189770;0;0;3;3000;3;3000;0;0;0;0;0;0;0;0;10;94071;33;110740;20;58380;23;56050
24.04.2021 06:00;4;3990;4;3990;10;30510;73;199270;42;492230;1;510;4;4000;4;4000;0;0;0;0;3;3010;1;1010;12;176740;56;246069;54;353140;24;89360
24.04.2021 07:00;4;4063;4;4000;14;81665;133;650412;70;723153;3;34720;4;4000;4;4000;0;0;0;0;11;12430;1;1010;25;303877;107;649347;57;273968;26;71010
24.04.2021 08:00;6;5990;5;4990;27;151810;205;863290;157;1343207;1;330;6;5990;5;4990;0;0;0;0;18;18130;2;2160;29;392723;128;1430951;78;706560;64;293005
24.04.2021 09:00;6;5990;5;5000;39;168320;290;1203301;211;1564976;2;590;6;5980;5;5000;0;0;0;0;29;30975;5;5140;45;453795;152;1753438;79;1120252;106;723099
24.04.2021 10:00;4;4000;5;5000;57;562518;331;1430197;289;1878685;5;2570;4;3990;5;4990;0;0;0;0;38;41010;14;14110;71;1031373;149;2116224;125;1376885;126;1095260
24.04.2021 11:00;4;4000;4;4000;69;477879;356;1466801;280;1828478;4;1620;4;3990;4;4000;0;0;0;0;38;40860;12;12100;74;1003404;176;2308720;107;1785182;112;990137
24.04.2021 12:00;4;4000;4;4000;70;637508;382;1577956;306;2096558;4;1690;4;3980;4;4000;0;0;0;0;46;47929;12;12913;80;1207429;176;2311049;126;2019524;105;1070116
24.04.2021 13:00;4;3990;4;3990;70;663739;390;1519110;318;2072701;9;12660;4;4000;4;4000;0;0;0;0;40;42357;11;11090;87;1134423;188;2457053;114;1867808;123;1267122
24.04.2021 14:00;4;3990;4;4000;72;373077;414;1148228;295;1857152;8;3760;4;3990;4;4000;0;0;0;0;44;45790;9;9180;77;1022449;182;2539153;135;1938116;121;1479366
24.04.2021 15:00;4;3980;4;3990;46;293150;377;1316154;254;1829893;5;2810;4;4000;4;4000;0;0;0;0;52;54510;13;13160;71;917562;198;2263407;119;1561155;115;1161081
24.04.2021 16:00;4;3990;4;4000;53;305403;357;1432759;272;1701694;7;1760;4;3990;4;3990;0;0;0;0;43;45776;29;29540;62;1090348;189;2271640;106;1460501;94;1033219
24.04.2021 17:00;4;4000;5;5000;50;464120;382;1561345;242;1846746;9;136160;4;4000;5;5000;0;0;0;0;43;47860;13;13090;67;1147421;168;2225807;129;1607363;131;1005748
24.04.2021 18:00;4;4000;4;4000;56;584362;331;1661737;275;1811775;4;2910;4;4000;4;3990;0;0;0;0;57;63320;7;7050;58;991975;158;2229039;121;1525096;104;1103775
24.04.2021 19:00;4;3990;4;4000;54;376868;298;1173706;211;1458341;4;4280;4;3990;4;4000;0;0;0;0;38;38910;2;2020;67;790085;152;1673136;84;952207;99;663135
24.04.2021 20:00;2;2000;2;1990;29;281150;304;1290472;158;1251778;4;29470;2;1990;2;2000;0;0;0;0;22;22320;6;6040;38;482940;172;1857110;102;944152;95;670454
24.04.2021 21:00;2;1990;2;2000;21;198044;279;1076512;135;1083401;6;2800;2;1990;2;2000;0;0;0;0;16;17740;4;4040;42;536973;159;1555762;113;455620;99;406652
24.04.2021 22:00;2;1990;2;2000;10;11300;87;365591;52;607525;1;43040;2;2000;2;2000;0;0;0;0;3;3140;4;4030;17;250735;74;541523;49;200826;34;117720
24.04.2021 23:00;2;2000;2;2000;10;19760;35;174185;20;285830;0;0;2;2000;2;2000;0;0;0;0;1;1000;0;0;13;135269;27;86337;9;11510;18;40280
25.04.2021 00:00;2;1990;2;2000;5;2030;22;28960;5;98844;0;0;2;2000;2;2000;0;0;0;0;0;0;0;0;4;16550;18;50410;5;9190;9;23210
25.04.2021 01:00;0;0;1;990;0;0;10;5920;6;126310;1;1670;0;0;1;1000;0;0;0;0;0;0;0;0;1;2470;5;15810;2;6240;5;7330
25.04.2021 02:00;0;0;0;0;0;0;9;5030;6;105310;0;0;0;0;0;0;0;0;0;0;0;0;0;0;0;0;7;25300;1;1600;5;10520
25.04.2021 03:00;0;0;0;0;0;0;4;2520;2;20290;0;0;0;0;0;0;0;0;0;0;0;0;0;0;2;40670;7;8040;1;3030;2;4390
25.04.2021 04:00;0;0;0;0;0;0;6;3660;5;66660;0;0;0;0;0;0;0;0;0;0;0;0;0;0;1;33695;3;6060;0;0;0;0
25.04.2021 05:00;2;2000;1;1000;5;25180;19;37520;11;176080;0;0;2;1990;1;990;0;0;0;0;0;0;0;0;7;92236;22;66579;7;15070;12;29520
25.04.2021 06:00;2;2000;2;2000;5;46110;21;72130;13;98937;0;0;2;2000;2;1990;0;0;0;0;2;2110;0;0;6;112944;15;58550;7;22930;12;42250
25.04.2021 07:00;2;2000;2;2000;5;29220;35;144412;31;426210;0;0;2;2000;2;2000;0;0;0;0;10;11320;0;0;6;91234;34;131960;17;57760;12;27770
25.04.2021 08:00;2;2000;2;2000;9;123840;68;329437;63;669044;1;640;2;2000;2;2000;0;0;0;0;14;14810;1;1010;19;374910;53;382041;24;133420;33;138810
25.04.2021 09:00;2;2000;2;2000;27;114660;137;563232;103;926425;1;320;2;2000;2;2000;0;0;0;0;17;21290;0;0;31;412392;114;725746;93;516540;69;261640
25.04.2021 10:00;2;2000;2;2000;26;190735;205;780960;155;1215342;1;1100;2;2000;2;2000;0;0;0;0;7;7920;6;6123;28;277189;132;1034470;99;832337;92;482146
25.04.2021 11:00;2;1990;2;2000;27;184310;261;1192878;192;1387574;0;0;2;2000;2;2000;0;0;0;0;14;14180;6;6200;43;690496;149;1489492;97;762013;78;423665
25.04.2021 12:00;3;3000;3;3000;48;268650;322;1064028;226;1556794;1;320;3;2990;3;3000;0;0;0;0;20;20470;7;7410;52;705315;186;1441341;111;1018424;104;716475
25.04.2021 13:00;4;4000;4;3990;43;236314;352;1256706;237;1747631;2;710;4;3990;4;3990;0;0;0;0;26;28420;9;8920;45;479195;184;1821671;116;1095602;108;665259
25.04.2021 14:00;4;4000;4;3990;41;297385;331;1297436;284;1768190;3;1050;4;3980;4;4000;0;0;0;0;24;26050;10;10870;65;812786;178;1979767;120;1175073;111;688140
25.04.2021 15:00;4;3990;4;4000;49;302839;341;1145487;244;1353321;5;1680;4;4000;4;4000;0;0;0;0;28;33590;11;11040;54;658281;181;1973546;117;1073132;109;741130
25.04.2021 16:00;4;4000;4;3980;55;334679;317;1211332;235;1634273;5;1550;4;4000;4;4000;0;0;0;0;24;25570;2;2020;49;642728;184;1718454;122;947081;111;703220
25.04.2021 17:00;4;4000;4;4000;49;221334;372;1302643;254;1629978;5;41730;4;4000;4;4000;0;0;0;0;36;38420;6;6020;63;817166;228;2029307;127;1202261;102;745079
25.04.2021 18:00;4;4000;4;4000;47;412180;342;1341066;237;1781467;8;20140;4;4000;4;4000;0;0;0;0;14;14720;7;7130;56;695660;188;1819727;109;1193766;108;692347
25.04.2021 19:00;2;1990;2;2000;43;245520;260;1153286;185;1125956;4;1310;2;1990;2;2000;0;0;0;0;27;28410;3;3020;59;583080;161;1682204;97;920762;87;490074
25.04.2021 20:00;2;1990;2;2000;35;176477;215;945778;128;959691;1;260;2;2000;2;1980;0;0;0;0;16;16620;2;2020;30;404760;139;1039760;83;679308;83;404060
25.04.2021 21:00;2;1990;2;2000;26;156412;194;575720;115;1049533;1;640;2;2000;2;1990;0;0;0;0;13;13900;1;1000;27;336152;146;1006029;96;293560;75;245310
25.04.2021 22:00;2;2049;2;2000;12;72080;79;143046;20;272768;0;0;2;1990;2;2000;0;0;0;0;3;3020;4;4020;10;159348;60;249591;36;101510;16;38360
25.04.2021 23:00;2;1990;2;2000;6;17290;30;82830;14;175660;0;0;2;2000;2;2000;0;0;0;0;1;1000;1;1010;5;124100;27;98110;11;33970;18;37770
26.04.2021 00:00;2;2000;2;2000;4;4550;20;36270;9;144300;2;26220;2;2000;2;1990;0;0;0;0;0;0;0;0;2;11510;17;58310;0;0;5;12540
26.04.2021 01:00;0;0;1;1000;0;0;7;3570;5;125495;0;0;0;0;1;1000;0;0;0;0;0;0;0;0;2;61370;6;25627;2;7830;2;5280
26.04.2021 02:00;0;0;0;0;0;0;7;4280;4;47275;2;36785;0;0;0;0;0;0;0;0;0;0;0;0;0;0;3;24030;2;4800;5;9550
26.04.2021 03:00;0;0;0;0;0;0;16;9280;7;74060;0;0;0;0;0;0;0;0;0;0;0;0;0;0;1;18426;15;43890;0;0;3;3830
26.04.2021 04:00;1;1000;0;0;5;62480;33;83790;13;220380;0;0;1;1000;0;0;0;0;0;0;0;0;0;0;2;34830;27;167992;16;33850;9;15374
26.04.2021 05:00;3;3000;2;2000;14;113490;165;413660;44;579619;0;0;3;3000;2;1990;0;0;0;0;0;0;0;0;16;233734;117;670436;64;193003;29;103490
26.04.2021 06:00;4;4000;4;4000;25;246820;376;964083;103;1089027;3;1230;4;3990;5;4970;0;0;0;0;7;7180;0;0;33;524208;185;1682573;83;1005594;76;479126
26.04.2021 07:00;6;6000;6;6000;47;651585;529;1703263;275;2063123;9;51610;6;5990;5;5000;0;0;0;0;25;31164;12;12040;63;1045265;112;3201657;97;1625807;96;874813
26.04.2021 08:00;8;7990;9;9019;69;531673;485;1613090;317;2276550;8;111970;8;8000;9;9000;0;0;0;0;21;22600;7;7050;84;1147931;152;2962839;110;1672405;102;1361515
26.04.2021 09:00;4;3990;3;3000;63;645119;410;1314916;301;2147915;8;56870;4;3990;3;3000;0;0;0;0;22;23414;11;12170;80;1222049;172;2392936;101;1451498;126;870586
26.04.2021 10:00;4;3990;5;5000;60;483920;349;1735196;288;1946272;7;4420;4;4000;5;4990;0;0;0;0;38;44340;7;7110;92;1213129;156;2569225;123;1596198;107;1354232
26.04.2021 11:00;5;5000;5;5000;78;606623;366;1522550;299;2190106;5;1740;5;4980;5;5000;0;0;0;0;31;31370;8;8630;103;1633490;173;2330330;107;1540867;137;1448334
26.04.2021 12:00;5;5000;4;4000;95;674062;372;1272813;305;2405219;10;8230;5;5000;4;4000;0;0;0;0;41;42405;21;21370;106;1545546;187;2158907;150;1376337;141;2434208
26.04.2021 13:00;8;7990;8;8000;91;678323;390;1352466;312;2263610;11;6020;8;7990;8;8000;0;0;0;0;34;38700;8;8210;99;1498832;195;2461149;129;1843509;89;1804599
26.04.2021 14:00;5;5000;7;7000;73;521756;416;1499692;312;2077782;4;1560;5;5000;7;7000;0;0;0;0;30;32780;9;9030;92;1315183;169;2601759;128;2014371;122;1050882
26.04.2021 15:00;4;4000;3;2990;78;637328;454;1395663;314;2316320;9;4300;4;3990;4;4000;0;0;0;0;40;42950;31;32320;95;1291301;250;2272106;138;2336582;126;1314842
26.04.2021 16:00;4;4000;5;5050;98;635255;440;1608524;321;2506674;14;69430;4;4000;4;4000;0;0;0;0;39;42070;17;17060;100;1425124;250;2546820;129;2212267;124;1770749
26.04.2021 17:00;4;3990;4;3990;87;618930;457;1760715;337;2313848;4;1610;4;4000;4;4000;0;0;0;0;30;31830;19;19170;100;1432644;235;2474721;113;2352448;140;1594670
26.04.2021 18:00;4;4000;3;3000;76;510431;394;1227918;255;2037988;11;78300;4;4000;4;3980;0;0;0;0;48;51785;19;19540;88;1201759;225;1910653;131;1847903;122;999737
26.04.2021 19:00;5;5000;5;4990;64;514814;349;1070181;201;1966765;5;2020;5;4990;4;3990;0;0;0;0;36;43850;3;3020;65;1015514;235;1504500;110;1467798;101;1224234
26.04.2021 20:00;3;3000;4;4000;33;213675;184;1003613;155;1073760;2;22980;3;2990;4;3980;0;0;0;0;28;34050;3;3010;38;526625;116;1322295;78;745464;61;423593
26.04.2021 21:00;2;2000;2;2000;24;251690;173;917795;104;907083;1;190;2;2000;2;2000;0;0;0;0;21;23600;6;6020;37;321126;115;1033436;75;280760;74;247244
26.04.2021 22:00;2;2000;2;2000;11;33945;92;257171;40;425590;0;0;2;2000;2;2000;0;0;0;0;3;3030;2;2020;17;156460;78;307753;34;103090;36;93420
26.04.2021 23:00;2;2000;2;2000;6;25830;37;98390;16;162345;0;0;2;2000;2;1990;0;0;0;0;0;0;2;2010;9;93260;36;169410;13;24730;11;22700
27.04.2021 00:00;2;1990;2;2000;6;6400;28;19940;3;74850;1;40980;2;2000;2;2000;0;0;0;0;0;0;0;0;2;9260;24;76474;1;1180;8;17060
27.04.2021 01:00;0;0;1;1000;2;2920;12;12400;7;168130;0;0;0;0;1;1000;0;0;0;0;0;0;0;0;1;39950;9;39110;0;0;0;0
27.04.2021 02:00;0;0;0;0;0;0;9;15010;3;17390;0;0;0;0;0;0;0;0;0;0;0;0;0;0;1;16760;9;29000;3;6140;7;10520
27.04.2021 03:00;0;0;0;0;0;0;17;50526;6;110460;0;0;0;0;0;0;0;0;0;0;0;0;0;0;0;0;15;90966;1;880;3;6790
27.04.2021 04:00;1;1000;0;0;5;35110;22;50790;11;178550;1;41140;1;1000;0;0;0;0;0;0;0;0;0;0;8;51210;22;88950;13;27815;16;36920
27.04.2021 05:00;3;2990;3;3000;9;47890;163;360482;32;522770;0;0;3;3000;3;3000;0;0;0;0;2;2010;2;2020;12;130365;106;686521;43;104083;28;85310
27.04.2021 06:00;4;3990;3;3000;29;270374;380;822722;112;1540031;1;450;4;3990;4;4000;0;0;0;0;6;6040;0;0;30;433794;210;1622342;96;920980;71;420196
27.04.2021 07:00;7;6970;7;7000;56;652174;519;1700264;249;2057153;6;77620;7;7000;6;5990;0;0;0;0;23;32700;11;11030;44;1173483;118;3264150;102;1665188;109;905712
27.04.2021 08:00;7;6980;8;7980;65;498312;534;1520404;316;2359639;9;3470;8;8000;8;8000;0;0;0;0;25;27834;16;16250;78;1186995;167;3080064;90;1625313;111;913118
27.04.2021 09:00;5;5000;3;3000;62;457914;438;1445378;280;2127306;9;126740;4;4000;4;3980;0;0;0;0;21;22940;7;7120;81;1405551;188;2493701;94;1657059;111;1090835
27.04.2021 10:00;4;4000;5;5000;70;527348;374;1414485;312;2062292;9;50930;4;4000;4;4000;0;0;0;0;35;39780;8;8050;90;1238635;155;2500576;111;1502441;113;987626
27.04.2021 11:00;4;4000;4;4000;75;683580;370;1494116;294;2089676;8;23910;4;3990;4;4000;0;0;0;0;33;34400;11;11050;91;1285467;155;2341629;125;1616388;124;1264855
27.04.2021 12:00;4;4000;2;2000;85;601574;372;1716173;305;2020975;10;29640;4;3990;2;2000;0;0;0;0;24;26680;11;11070;95;1305112;167;2583226;131;1943240;128;1661772
27.04.2021 13:00;8;8000;9;8990;93;632310;373;1717166;333;2230703;10;5740;8;7980;10;9990;0;0;0;0;58;64440;11;11060;120;1481311;173;2624804;107;1870373;128;1515277
27.04.2021 14:00;4;4000;7;6990;85;663730;428;1597418;297;2139495;6;3290;5;5000;6;5980;0;0;0;0;36;36370;22;22330;83;1287057;189;2582828;133;2249764;114;1519353
27.04.2021 15:00;5;4990;4;3990;78;555904;443;1611632;358;2586196;11;71287;4;4000;4;4000;0;0;0;0;45;48610;29;29310;93;1290568;218;2503402;137;2434843;127;1370829
27.04.2021 16:00;4;4000;4;4000;115;759494;496;1831892;336;2524373;16;43220;4;4000;4;3990;0;0;0;0;54;58820;23;24173;118;1669698;232;2710862;131;2339264;158;1634444
27.04.2021 17:00;4;4000;4;4000;88;692662;501;1734306;356;2675453;13;79654;4;4000;4;3990;0;0;0;0;42;47900;13;13320;99;1177547;259;2644748;137;2133095;138;1634634
27.04.2021 18:00;4;3990;4;3910;82;512442;439;1155532;283;2150764;8;50510;4;3990;4;4000;0;0;0;0;39;45070;18;18090;94;1708772;245;2065173;124;1783639;124;1303507
27.04.2021 19:00;5;4980;4;4090;55;495330;331;1083541;191;1764363;3;780;5;4990;4;3990;0;0;0;0;38;42020;9;9040;56;1104073;212;1574088;119;1414045;106;942425
27.04.2021 20:00;3;2980;4;3990;35;290911;213;898842;166;1127011;3;900;3;2990;4;3990;0;0;0;0;23;24300;7;7090;41;545856;147;1337932;87;771730;83;514449
27.04.2021 21:00;2;1990;2;1990;26;115654;209;720901;127;887016;3;910;2;2000;2;2000;0;0;0;0;26;29050;6;6020;44;451194;127;1017595;73;316324;78;269285
27.04.2021 22:00;2;1990;2;2000;20;139940;84;344184;41;448594;0;0;2;2000;2;2000;0;0;0;0;5;5070;1;1000;11;182663;69;296573;48;130120;44;132050
27.04.2021 23:00;2;2000;2;2000;6;19960;32;80570;8;165200;2;18300;2;1990;2;2000;0;0;0;0;2;2010;1;1000;9;123874;25;107950;13;45380;10;15590
28.04.2021 00:00;2;2000;2;2000;7;47980;19;10590;3;47340;0;0;2;2000;2;1990;0;0;0;0;0;0;0;0;2;10770;12;42480;3;8230;5;15420
28.04.2021 01:00;0;0;1;1000;0;0;6;4060;2;42460;1;1550;0;0;1;1000;0;0;0;0;0;0;0;0;0;0;6;13240;2;3170;4;9280
28.04.2021 02:00;0;0;0;0;0;0;10;5140;4;79600;0;0;0;0;0;0;0;0;0;0;0;0;0;0;1;37030;10;33550;0;0;2;4880
28.04.2021 03:00;0;0;0;0;0;0;8;5110;4;74452;0;0;0;0;0;0;0;0;0;0;0;0;0;0;0;0;7;63440;3;6950;5;7990
28.04.2021 04:00;1;1000;0;0;4;38080;28;67540;12;263689;2;17610;1;1000;0;0;0;0;0;0;0;0;0;0;2;23900;21;91020;13;29550;8;27160
28.04.2021 05:00;3;3000;3;3000;13;59923;157;430820;42;505905;1;42310;3;3000;3;3000;0;0;0;0;2;2010;1;1000;12;73190;116;726525;54;267203;36;90860
28.04.2021 06:00;4;4000;3;3000;32;370040;349;1003774;114;1533168;2;52596;4;3990;4;4000;0;0;0;0;7;13117;1;1000;38;667474;192;1815005;101;1015114;80;432700
28.04.2021 07:00;7;6990;6;5990;63;589275;538;1667397;275;2366137;12;87040;7;7000;5;4990;0;0;0;0;25;27890;10;10040;65;874467;101;3326152;89;1731142;96;941665
28.04.2021 08:00;7;6980;9;8990;73;626800;480;1430432;315;2258791;6;2400;8;7990;9;9000;0;0;0;0;31;31930;5;5030;62;929191;152;2955627;96;1982935;118;1384316
28.04.2021 09:00;5;4990;4;3990;59;361070;437;1310594;287;2058977;9;4990;4;3990;4;3980;0;0;0;0;29;29940;5;5010;79;1172366;160;2520601;108;1731231;124;944404
28.04.2021 10:00;5;5000;6;5990;78;620603;400;1406888;307;1917101;12;33570;6;6000;6;5990;0;0;0;0;38;39550;16;16570;94;1299858;157;2663923;101;1736917;102;1163622
28.04.2021 11:00;4;3990;3;3000;81;577750;370;1542063;309;2158075;12;49860;3;2990;3;3000;0;0;0;0;42;44860;11;12100;97;1271722;163;2332997;123;1777725;100;1204640
28.04.2021 12:00;6;6000;5;5000;75;593506;377;1761546;298;2183398;6;51730;6;5980;6;6000;0;0;0;0;50;52500;9;9050;89;1553450;168;2498482;121;2126171;109;1540898
28.04.2021 13:00;8;8000;10;10000;86;950294;414;1576420;342;2442810;8;33600;8;7990;8;7980;0;0;2;670;25;27170;6;6040;88;1533545;181;2733439;128;2334100;128;1449265
28.04.2021 14:00;5;4990;5;4980;79;590580;420;1632729;297;2025762;5;253567;5;4990;5;5000;0;0;0;0;27;27910;13;13140;94;1108072;177;2707001;119;2102128;120;1340191
28.04.2021 15:00;4;4000;4;4000;112;710085;457;1352620;316;2383851;10;101240;4;3990;5;4990;0;0;0;0;45;47960;11;11080;106;1436659;186;2548836;129;2401497;132;1473628
28.04.2021 16:00;4;3990;3;3000;99;711760;490;1612260;317;2257856;15;64620;4;4000;4;3990;0;0;0;0;40;57450;13;15050;101;1404999;233;2559293;128;2262229;127;1685543
28.04.2021 17:00;4;3990;4;3990;93;881899;451;1692949;303;2297358;10;73200;4;4000;4;4000;0;0;0;0;56;61080;18;18110;91;1358383;224;2552884;112;2110731;130;1500720
28.04.2021 18:00;4;3990;5;4990;98;396890;406;1392713;280;2264514;4;51060;4;4000;4;3990;0;0;0;0;41;45960;8;8060;91;1386608;205;2296702;111;2109718;133;1372749
28.04.2021 19:00;5;4990;4;4000;58;446390;330;1449850;214;1862015;7;4040;5;5000;4;4000;0;0;0;0;26;26410;12;12050;71;1029195;169;1857986;107;1506059;99;1070176
28.04.2021 20:00;3;3000;3;3000;35;197006;243;1061212;145;1393020;0;0;3;3000;4;4000;0;0;0;0;18;19760;4;4020;50;778926;141;1840658;98;1030628;100;821545
28.04.2021 21:00;2;2000;3;3000;25;137870;196;757489;136;1091753;1;320;2;1990;2;2000;0;0;0;0;11;11920;3;3030;36;476549;119;1045298;84;476662;69;455848
28.04.2021 22:00;2;2000;2;1990;10;73360;53;416856;38;449751;1;19060;2;2000;2;2000;0;0;0;0;3;3010;0;0;12;110155;45;230390;48;163160;29;131250
28.04.2021 23:00;2;2000;2;2000;9;51450;28;43358;4;19760;0;0;2;2000;2;2000;0;0;0;0;0;0;0;0;7;42814;26;117860;11;48690;16;98740
29.04.2021 00:00;2;2000;2;2000;5;4060;16;8950;2;44040;0;0;2;1990;2;2000;0;0;0;0;0;0;1;1000;2;11020;11;49392;5;18750;6;30420
29.04.2021 01:00;0;0;1;1000;0;0;6;3900;3;57270;1;17170;0;0;1;1000;0;0;0;0;0;0;0;0;0;0;4;17650;4;19030;3;19870
29.04.2021 02:00;0;0;0;0;0;0;4;2110;4;81140;0;0;0;0;0;0;0;0;0;0;0;0;0;0;3;21060;2;6560;2;3540;6;19510
29.04.2021 03:00;0;0;0;0;0;0;9;5520;6;138425;0;0;0;0;0;0;0;0;0;0;0;0;0;0;0;0;9;33910;2;5340;3;9750
29.04.2021 04:00;1;1000;0;0;4;24810;29;86250;16;335565;1;19730;1;990;0;0;0;0;0;0;0;0;0;0;8;61992;24;99560;11;50420;8;34090
29.04.2021 05:00;3;3000;3;3000;12;33170;161;447404;41;497378;1;260;3;3000;3;2990;0;0;0;0;0;0;0;0;12;95900;99;819872;35;191119;28;204479
29.04.2021 06:00;4;4000;4;3980;28;254800;381;1019428;112;1118654;2;460;4;3990;4;4000;0;0;0;0;4;4210;1;1000;25;572140;165;1868664;73;1055274;65;484860
29.04.2021 07:00;7;6980;5;4990;57;672632;545;1597524;282;2108625;5;4510;7;6990;5;4990;0;0;0;0;20;22530;11;11110;61;714921;175;2994601;103;1640265;94;878476
29.04.2021 08:00;8;7990;9;9000;82;693373;503;1431571;340;2346085;6;3050;8;7980;9;9000;0;0;0;0;21;21425;13;13120;77;1023628;162;2862143;85;1883527;114;1112292
29.04.2021 09:00;4;4000;4;4000;43;353072;399;1420016;291;1887231;6;3240;4;3990;4;3990;0;0;0;0;31;33780;7;7100;71;944665;174;2592752;98;1815197;107;797598
29.04.2021 10:00;4;3990;4;4000;65;583048;400;1663912;312;2132346;13;82190;4;4000;4;4000;0;0;0;0;38;44310;9;9080;73;1225707;152;2579011;152;1813535;105;927456
29.04.2021 11:00;4;4000;4;3980;76;517128;341;1540050;306;2197604;8;3690;4;4000;4;4045;0;0;0;0;44;49820;12;12160;86;1283942;142;2315599;116;1759408;143;1278684
29.04.2021 12:00;5;5000;5;4980;91;582621;378;1909314;302;2078202;6;5760;5;5000;5;5000;0;0;0;0;45;47090;17;17740;108;1268372;148;2561279;108;1893973;115;989485
29.04.2021 13:00;8;7990;8;8000;85;679328;430;1596336;341;2280502;9;16680;8;8000;8;8000;0;0;0;0;41;43300;9;9070;93;1536564;161;2860795;97;1966097;105;1253895
29.04.2021 14:00;5;4990;6;5990;86;635095;465;1971779;320;2055868;7;4340;4;4000;6;6000;0;0;0;0;26;26930;10;10090;88;1473742;147;2943371;99;2020466;109;1263415
29.04.2021 15:00;4;4000;3;2990;93;520333;392;1697793;352;2478374;11;6730;4;3990;3;3000;0;0;0;0;36;42510;16;17019;99;1379088;193;2678951;118;2255349;130;1581667
29.04.2021 16:00;4;4000;4;3990;111;820364;432;1838740;322;2398514;10;4790;4;4000;5;5000;0;0;0;0;69;82930;12;13030;117;1449589;246;2381987;147;2494339;127;1624253
29.04.2021 17:00;4;4000;4;3990;85;839797;476;1724549;354;2562674;14;6110;4;4000;4;3990;0;0;0;0;64;78605;51;52970;96;1318095;244;2597891;123;2256404;118;1558153
29.04.2021 18:00;4;4000;5;4990;99;697373;469;1441892;317;2395168;10;4880;4;3990;4;3990;0;0;0;0;48;51470;17;17770;89;1351441;230;2408399;111;2089334;128;1313852
29.04.2021 19:00;5;5000;3;2990;56;708881;359;1132190;214;1819489;2;780;5;5000;4;4000;0;0;0;0;33;32680;7;7030;70;1117029;208;1508690;104;1401211;126;991932
29.04.2021 20:00;3;3000;5;4990;40;385156;252;1047004;158;1332420;2;580;3;3000;4;3990;0;0;0;0;20;24260;11;11330;54;880657;161;1567604;85;704272;105;693781
29.04.2021 21:00;2;2000;2;1990;24;161915;201;627634;145;1213277;2;260;2;2000;2;2000;0;0;0;0;14;16810;7;7010;30;194175;132;1104361;87;397360;78;265970
29.04.2021 22:00;2;1990;2;2000;16;176700;70;248874;40;383952;1;780;2;2000;2;2000;0;0;0;0;6;6020;4;4000;12;171005;61;313445;36;148182;38;87430
29.04.2021 23:00;2;2000;2;2000;10;7240;35;63340;13;182320;0;0;2;2000;2;2000;0;0;0;0;0;0;0;0;6;81790;32;92860;13;42337;20;41620
30.04.2021 00:00;2;2000;2;2000;7;22450;18;25390;7;120630;0;0;2;2000;2;2000;0;0;0;0;1;1000;1;1000;3;26960;15;52815;3;6640;4;9010
30.04.2021 01:00;0;0;1;1000;1;1620;7;6990;1;24590;1;1610;0;0;1;1000;0;0;0;0;0;0;0;0;0;0;7;24770;2;2920;5;16250
30.04.2021 02:00;0;0;0;0;1;730;6;2430;4;37740;1;14970;0;0;0;0;0;0;0;0;0;0;0;0;1;16230;2;7110;0;0;3;12595
30.04.2021 03:00;0;0;0;0;0;0;11;7620;3;96507;1;43627;0;0;0;0;0;0;0;0;2;3310;0;0;1;38360;12;34939;3;3690;5;8780
30.04.2021 04:00;1;1000;0;0;6;65929;26;46520;13;170954;2;1160;1;1000;0;0;0;0;0;0;0;0;0;0;5;51155;24;87450;11;29050;13;28680
30.04.2021 05:00;3;3000;2;2000;13;38930;138;374155;46;550175;0;0;3;3000;2;1990;0;0;0;0;0;0;1;1010;16;138926;92;687352;34;175195;37;167350
30.04.2021 06:00;4;4000;5;5000;16;179672;329;769941;91;1338138;1;710;4;4000;5;5000;0;0;0;0;4;4030;6;6020;25;468701;158;1470577;98;976644;65;393920
30.04.2021 07:00;7;7000;5;4990;62;649632;507;1552439;287;2309179;8;4840;7;7000;6;5990;0;0;0;0;20;32440;14;15350;65;921985;120;2981346;92;1703596;105;1041455
30.04.2021 08:00;8;7980;8;8000;69;652038;463;1420644;328;2169353;10;57770;8;8000;8;8000;0;0;0;0;32;35163;8;8040;63;1041965;158;2784915;104;1729440;108;1194759
30.04.2021 09:00;4;4000;5;4990;60;566438;402;1721413;325;2247433;8;5480;4;3990;4;3990;0;0;0;0;29;30590;8;8770;83;964517;174;2498662;116;1536212;116;1201334
30.04.2021 10:00;4;3330;2;2000;96;598949;399;1776945;350;2423285;8;4020;4;3990;3;3000;0;0;0;0;36;38072;7;7020;104;1314748;144;2663125;103;1833839;118;1102065
30.04.2021 11:00;4;4670;5;5000;96;662151;406;1565258;339;2400274;7;56000;4;3990;4;4000;0;0;0;0;44;48060;11;11180;105;1654117;156;2555243;116;1726155;131;922553
30.04.2021 12:00;5;5000;4;3990;124;869588;407;1975313;364;2533549;13;42210;5;5000;4;4000;0;0;0;0;42;45150;9;9040;106;1601796;172;2750577;124;1919919;130;1275801
30.04.2021 13:00;8;7990;8;7970;117;674517;482;1769503;363;2632830;6;10230;8;8000;8;7990;0;0;0;0;42;48200;16;16180;115;1565161;191;2691539;107;2146623;129;1326958
30.04.2021 14:00;5;5000;6;5980;116;1008100;455;1657079;350;2504671;8;3660;5;5000;7;6990;0;0;0;0;38;42000;10;10050;98;1388281;200;2808931;110;2415542;111;1317550
30.04.2021 15:00;4;3980;4;4000;110;773789;493;1517232;356;2634743;5;1680;4;4000;4;4000;0;0;0;0;40;40980;10;10340;97;1340534;244;2587140;129;2176794;131;1492549
30.04.2021 16:00;4;4000;4;3990;112;879368;437;1561610;358;2578319;12;103860;4;3970;3;2990;0;0;0;0;37;40818;17;17810;83;1303351;221;2495477;136;1990030;128;1598523
30.04.2021 17:00;4;4000;4;3990;103;653339;483;1620354;347;2600784;13;55690;4;4000;4;4000;0;0;0;0;71;76910;9;9080;91;1236857;215;2793572;111;2236990;122;1911154
30.04.2021 18:00;4;4000;5;5000;106;585364;513;1681475;329;2512423;8;24870;4;3990;5;5000;0;0;0;0;34;35870;9;9050;101;1474834;199;3031150;107;2040352;109;1814563
30.04.2021 19:00;5;5000;3;3000;72;284029;428;1332774;263;2019689;5;2020;5;5000;3;3000;0;0;0;0;44;46529;3;3030;72;736065;212;2055450;127;1641738;110;1193584
30.04.2021 20:00;3;3000;4;4000;45;354392;290;1235692;179;1258461;3;8380;3;3000;5;5000;0;0;0;0;34;42990;5;5030;66;694376;165;1928882;111;975609;101;839445
30.04.2021 21:00;2;2000;3;2990;38;132740;261;1369783;150;1197519;2;840;2;2000;2;2000;0;0;0;0;24;27610;7;7050;53;599121;146;1723554;98;530387;125;397321
30.04.2021 22:00;2;1990;2;2000;19;131710;117;372274;51;678006;3;1360;2;2000;2;2000;0;0;0;0;3;3020;3;3030;19;250520;90;607535;59;154070;51;130900
30.04.2021 23:00;2;2000;2;2000;13;16230;29;189270;25;269635;1;520;2;2000;2;2000;0;0;0;0;3;3030;1;1010;13;102330;26;112960;11;21570;23;63660
01.05.2021 00:00;2;2000;2;2000;5;2920;16;14270;11;80530;0;0;2;2000;2;2000;0;0;0;0;1;1000;1;1053;7;85495;13;42550;7;13920;14;31440
01.05.2021 01:00;0;0;1;1000;1;29210;7;2910;5;100780;1;17010;0;0;1;1000;0;0;0;0;0;0;0;0;0;0;6;15650;3;5270;1;3430
01.05.2021 02:00;0;0;0;0;0;0;7;22270;6;73170;0;0;0;0;0;0;0;0;0;0;0;0;0;0;2;37140;6;12890;1;1760;2;5330
01.05.2021 03:00;0;0;0;0;1;38480;9;3670;4;35574;1;780;0;0;0;0;0;0;0;0;0;0;0;0;2;33441;6;19020;0;0;3;7040
01.05.2021 04:00;0;0;0;0;0;0;10;4880;4;145300;1;1490;0;0;0;0;0;0;0;0;0;0;0;0;1;22320;7;23580;6;9840;7;17950
01.05.2021 05:00;2;2000;1;1000;4;30220;40;103780;14;225705;1;130;2;2000;1;1000;0;0;0;0;0;0;0;0;7;52060;34;117310;12;22380;16;30210
01.05.2021 06:00;2;2000;2;2000;5;6400;27;65370;18;307520;1;14220;2;2000;2;1990;0;0;0;0;0;0;0;0;6;92520;26;90390;17;68920;14;40340
01.05.2021 07:00;2;2000;2;2000;7;48880;40;103540;24;316020;1;2070;2;2000;2;2000;0;0;0;0;0;0;1;1020;8;172326;46;212710;23;78152;14;34220
01.05.2021 08:00;2;2000;2;2000;13;147720;103;290117;74;746003;1;260;2;2000;2;2000;0;0;0;0;3;3010;2;2010;16;196143;70;389564;47;256143;36;167193
01.05.2021 09:00;2;2000;2;2000;23;81210;181;611411;120;970424;0;0;2;1990;2;1990;0;0;0;0;13;13960;1;1010;23;260814;105;921335;87;574322;63;344110
01.05.2021 10:00;2;1990;2;1990;33;145570;244;940913;180;1389217;3;840;2;2000;2;2000;0;0;0;0;20;20680;9;9290;33;400455;177;1333502;90;882565;77;381111
01.05.2021 11:00;2;1990;2;2000;34;104570;261;925391;174;1357151;3;2660;2;2000;2;2000;0;0;0;0;23;23180;13;13180;32;361770;155;1490486;101;957590;92;515201
01.05.2021 12:00;3;2980;3;3053;55;332248;291;981720;200;1549587;2;1230;3;3000;3;3000;0;0;0;0;20;21496;4;4040;49;532140;162;1675862;115;1060547;98;718696
01.05.2021 13:00;4;4000;4;4000;44;193250;312;1061354;197;1347332;1;260;4;3990;4;3980;0;0;0;0;23;24910;8;8090;45;573360;175;1678535;116;1131276;94;629841
01.05.2021 14:00;4;4000;4;3990;46;261190;299;1117420;227;1461065;4;1870;4;4000;4;4000;0;0;0;0;23;23870;7;7140;57;650881;179;1659867;103;985832;90;712008
01.05.2021 15:00;4;4000;4;4000;42;292128;274;1015905;242;1451538;3;2526;4;4000;4;4000;0;0;0;0;30;40640;7;7070;52;850560;146;1584682;105;880403;99;628832
01.05.2021 16:00;4;3990;4;3990;43;408608;290;1074931;217;1482400;1;520;4;4000;4;4000;0;0;0;0;22;23230;8;8100;61;735453;167;1682191;103;902639;89;567305
01.05.2021 17:00;4;4000;4;4000;41;277610;298;1310603;231;1612960;1;330;4;4000;4;3990;0;0;0;0;27;28790;6;6030;47;577091;164;1800996;106;799421;86;563497
01.05.2021 18:00;4;4000;4;3990;60;343392;285;939442;212;1237903;4;1100;4;3990;4;4000;0;0;0;0;22;23080;9;9130;62;668423;159;1689090;102;1015016;100;616984
01.05.2021 19:00;2;2000;2;2000;43;189510;231;1141003;174;1068184;2;520;2;2000;2;1990;0;0;0;0;35;35780;8;8090;45;551016;150;1269250;93;775904;92;421504
01.05.2021 20:00;2;2000;2;2000;29;250305;216;865287;147;1279677;1;780;2;2000;2;1990;0;0;0;0;8;8030;4;4050;45;518533;141;1334138;74;616060;72;318820
01.05.2021 21:00;2;2000;2;2000;27;91830;216;844716;178;1210430;2;850;2;1990;2;2000;0;0;0;0;9;9160;7;7110;54;549409;131;1184926;99;348766;98;311835
01.05.2021 22:00;2;2000;2;2000;15;69478;68;401265;35;472141;1;260;2;2000;2;2000;0;0;0;0;8;8060;0;0;11;142408;68;301810;37;96570;51;128123
01.05.2021 23:00;2;1990;2;2000;10;9270;34;44932;18;230290;0;0;2;2000;2;1990;0;0;0;0;0;0;2;2040;9;71890;32;83110;15;28050;17;43510
02.05.2021 00:00;2;2000;2;2000;7;980;11;8024;10;212397;0;0;2;1990;2;1990;0;0;0;0;0;0;0;0;3;69260;11;32960;3;7440;6;16630
02.05.2021 01:00;0;0;1;1000;0;0;12;5490;5;114490;1;33580;0;0;1;1000;0;0;0;0;1;1010;0;0;2;37690;9;26560;3;3340;7;16290
02.05.2021 02:00;0;0;0;0;0;0;6;3590;5;105710;1;16690;0;0;0;0;0;0;0;0;0;0;0;0;0;0;7;22260;4;8950;8;6380
02.05.2021 03:00;0;0;0;0;0;0;7;35240;5;46670;0;0;0;0;0;0;0;0;0;0;0;0;0;0;3;42980;6;14180;2;2540;7;8810
02.05.2021 04:00;0;0;0;0;0;0;4;2120;5;74460;0;0;0;0;0;0;0;0;0;0;0;0;0;0;1;39480;4;14220;3;2790;1;1680
02.05.2021 05:00;2;1990;1;1000;7;102810;26;83290;12;191950;0;0;2;2000;1;990;0;0;0;0;0;0;0;0;6;107320;25;81080;19;36510;14;26010
02.05.2021 06:00;2;1990;2;2000;4;42210;27;63785;12;165500;0;0;2;2000;2;2000;0;0;0;0;0;0;0;0;10;186092;26;100370;13;40300;11;26650
02.05.2021 07:00;2;2000;2;2000;10;90870;32;113700;31;538524;0;0;2;2000;2;2000;0;0;0;0;1;1010;0;0;10;128070;23;85550;16;52450;17;56390
02.05.2021 08:00;2;2000;2;1990;6;20310;69;296490;60;676950;0;0;2;2000;2;2000;0;0;0;0;8;10700;1;1010;11;227660;59;271571;30;123200;15;58490
02.05.2021 09:00;2;2000;2;2000;29;161070;135;556362;121;944091;2;390;2;2000;2;2000;0;0;0;0;16;18120;8;8360;25;299093;106;809530;62;432963;43;228588
02.05.2021 10:00;2;1990;2;1990;31;115089;182;744676;138;1313949;5;2130;2;2000;2;2000;0;0;0;0;19;20410;9;10480;35;386946;140;1024634;84;642136;74;363790
02.05.2021 11:00;2;2000;2;2000;35;142578;228;987270;185;1376486;3;30690;2;2000;2;2000;0;0;0;0;25;25700;3;3030;35;421567;163;1356490;103;894094;92;458705
02.05.2021 12:00;3;2990;3;2990;44;361888;291;965861;204;1513943;2;320;3;3000;3;3000;0;0;0;0;15;16310;6;6050;48;705779;164;1639040;108;1012125;99;582163
02.05.2021 13:00;4;4000;4;4000;40;240301;339;1094997;238;1664520;1;520;4;4000;4;4000;0;0;0;0;23;24440;8;8060;69;751936;170;1898491;116;1002075;93;631385
02.05.2021 14:00;4;3990;4;4000;48;373057;334;1222419;231;1759950;1;330;4;4000;4;3990;0;0;0;0;28;31750;9;9330;72;899672;188;1912535;138;1125138;143;887236
02.05.2021 15:00;4;3990;4;3980;45;379474;331;1314977;242;1665034;3;780;4;4000;4;4000;0;0;0;0;20;22300;4;4010;53;863959;171;1932533;125;1054814;100;746555
02.05.2021 16:00;4;3980;4;4000;45;324280;315;1181150;254;1653894;4;78541;4;4000;4;4000;0;0;0;0;26;27050;8;8060;42;638107;165;1853895;107;997478;95;715224
02.05.2021 17:00;4;4000;4;3990;45;248393;366;1343617;231;1640897;3;2260;4;4000;4;4000;0;0;0;0;21;25050;9;9170;61;704322;198;1837697;126;917059;88;525810
02.05.2021 18:00;4;4000;4;4000;65;316207;351;1392213;234;1539891;5;27020;4;3980;4;3990;0;0;0;0;17;19190;8;8300;68;876346;199;1922192;112;1031214;105;810962
02.05.2021 19:00;2;2000;2;2000;32;309947;282;974211;182;1353454;0;0;2;2000;2;1990;0;0;0;0;25;25650;7;7030;44;556753;168;1676428;100;936743;89;575206
02.05.2021 20:00;2;2000;2;2000;41;186960;221;848743;132;937605;1;520;2;2000;2;2000;0;0;0;0;17;18140;4;4030;47;587697;136;1278163;72;634178;69;455584
02.05.2021 21:00;2;2000;2;2000;27;238599;182;884240;108;954343;4;9060;2;2000;2;2000;0;0;0;0;2;2530;4;4030;35;321437;122;895444;89;358766;79;289224
02.05.2021 22:00;2;2000;2;2000;13;57340;59;162275;40;439260;1;640;2;2000;2;2000;0;0;0;0;1;1090;1;1010;13;102690;54;194065;35;83740;24;80653
02.05.2021 23:00;2;1980;2;2000;3;1780;25;91198;16;220010;0;0;2;2000;2;2000;0;0;0;0;1;1010;0;0;4;45117;29;100020;18;25020;14;38210
03.05.2021 00:00;2;2000;2;2000;5;3820;16;23150;3;68700;0;0;2;2000;2;2000;0;0;0;0;0;0;0;0;2;11290;14;34990;1;3120;2;4350
03.05.2021 01:00;0;0;1;990;0;0;5;3980;4;82584;1;16930;0;0;1;1000;0;0;0;0;0;0;0;0;0;0;3;13700;4;6550;6;11540
03.05.2021 02:00;0;0;0;0;0;0;9;4810;2;32520;1;15360;0;0;0;0;0;0;0;0;0;0;0;0;2;27550;6;20490;3;3750;1;2640
03.05.2021 03:00;0;0;0;0;1;320;11;37560;3;53574;0;0;0;0;0;0;0;0;0;0;0;0;0;0;2;3890;8;26630;1;1750;3;3500
03.05.2021 04:00;1;1000;0;0;5;59829;24;53000;13;242989;0;0;1;990;0;0;0;0;0;0;0;0;0;0;5;72050;20;89940;10;23920;13;29500
03.05.2021 05:00;3;2990;3;3000;8;65120;135;431950;53;754243;1;21220;3;2990;3;3000;0;0;0;0;1;1000;0;0;12;95360;103;776746;46;215385;30;119830
03.05.2021 06:00;4;4000;4;3990;18;188020;397;798798;95;1142107;1;260;4;4000;4;3990;0;0;0;0;8;8040;0;0;30;560473;203;1775967;91;921793;56;358428
03.05.2021 07:00;6;6000;5;4990;59;597267;555;1381563;239;1972087;7;5090;6;6000;5;4990;0;0;0;0;32;32770;8;8020;62;1228360;101;3095070;107;1558896;113;924461
03.05.2021 08:00;8;7990;8;7980;70;601899;506;1474209;292;2123747;8;71490;8;7990;8;7990;0;0;0;0;32;53861;11;11050;70;1075770;166;2807924;118;1945607;111;1087596
03.05.2021 09:00;4;4000;3;3000;78;476255;458;1557652;292;2116805;9;112550;4;4000;4;4045;0;0;0;0;34;37620;16;16640;91;1228678;174;2574920;104;1845263;111;1023857
03.05.2021 10:00;3;3000;5;4990;70;564862;350;1525287;282;2040917;12;17130;4;4000;4;4000;0;0;0;0;28;29770;9;9000;86;1231399;140;2571122;110;1689707;120;1182511
03.05.2021 11:00;5;5000;3;3000;67;585216;360;1587020;315;2078346;7;4780;4;4000;4;3150;0;0;0;0;41;42390;12;12120;94;1330611;160;2559159;110;1189375;125;1021060
03.05.2021 12:00;5;4990;6;5990;80;507565;357;1485132;344;2175525;7;6400;5;5000;5;5840;0;0;0;0;48;52220;19;19430;95;1354835;148;2532248;138;1838921;170;1341642
03.05.2021 13:00;8;7980;8;7980;67;445046;376;1813318;304;1941082;8;3880;8;8000;8;7990;0;0;0;0;31;32870;16;17170;79;1461284;141;2703230;100;1945304;103;1514335
03.05.2021 14:00;5;4980;5;4990;77;777067;389;1611431;284;2089585;4;1890;5;5000;6;6000;0;0;0;0;40;42120;15;16010;106;1597140;151;2578848;122;2237508;124;1089535
03.05.2021 15:00;4;4000;5;5000;83;647496;454;1530765;340;2374407;10;54520;4;3990;4;3990;0;0;0;0;42;44180;13;13110;75;1395963;196;2686700;123;2102959;122;1453547
03.05.2021 16:00;4;4000;4;4000;107;895002;462;1489217;314;2480927;8;4020;4;4000;4;3990;0;0;0;0;44;48830;14;14050;93;1645946;239;2491491;136;2319449;122;1416300
03.05.2021 17:00;4;4000;4;4000;89;541887;486;1350882;280;2535917;9;40413;4;4000;4;4000;0;0;0;0;35;37560;12;12070;91;1457957;207;2490992;145;2100117;136;1531915
03.05.2021 18:00;4;4000;4;4000;96;575630;419;1430242;262;1961267;9;3000;4;4000;4;3990;0;0;0;0;38;40660;10;10020;98;1411210;239;2107351;112;2079668;130;1624385
03.05.2021 19:00;4;3990;4;4000;55;440028;332;1085766;223;2092994;4;1560;5;4990;4;4000;0;0;0;0;32;35440;10;10050;70;1130983;218;1173530;108;1419525;86;949809
03.05.2021 20:00;4;4000;4;4000;35;372428;205;1123161;144;1185153;6;50364;3;3000;4;4000;0;0;0;0;17;18750;4;4000;50;824029;138;1397291;90;783287;74;388892
03.05.2021 21:00;2;2000;2;2000;34;215479;171;812589;120;911229;2;580;2;2000;2;2000;0;0;0;0;12;12630;10;10040;41;344151;128;936280;81;287783;76;283445
03.05.2021 22:00;2;2000;2;2000;9;47390;59;258197;31;408010;2;15633;2;2000;2;2000;0;0;0;0;3;3020;3;3000;10;114340;52;219560;40;117297;38;95110
03.05.2021 23:00;2;2000;2;2000;8;12230;22;10810;8;124310;0;0;2;2000;2;2000;0;0;0;0;4;4030;0;0;3;50200;20;64832;13;26540;18;41690
04.05.2021 00:00;2;2000;2;2000;7;2030;9;3500;6;162750;0;0;2;2000;2;1990;0;0;0;0;0;0;0;0;3;45950;7;23560;6;15210;11;26100
04.05.2021 01:00;0;0;1;1000;0;0;8;5200;5;128790;1;23460;0;0;1;1000;0;0;0;0;0;0;0;0;2;53540;6;13560;3;3750;2;2950
04.05.2021 02:00;0;0;0;0;0;0;5;3420;3;60740;0;0;0;0;0;0;0;0;0;0;0;0;0;0;0;0;3;10070;2;2110;1;2080
04.05.2021 03:00;0;0;0;0;0;0;10;6090;3;54570;0;0;0;0;0;0;0;0;0;0;0;0;0;0;0;0;10;38290;6;13530;4;6800
04.05.2021 04:00;1;1000;0;0;2;16850;15;31900;11;186010;1;22030;1;1000;0;0;0;0;0;0;0;0;0;0;9;54144;19;55370;7;11110;12;27921
04.05.2021 05:00;3;3000;2;2000;9;73730;152;356255;47;545339;0;0;3;3000;2;2000;0;0;0;0;0;0;1;1010;14;141290;102;647020;40;144204;23;65659
04.05.2021 06:00;4;4000;5;5000;25;409195;390;1236537;109;1137481;3;1100;4;3990;5;4970;0;0;0;0;12;13130;4;4130;27;529025;179;2043228;104;956009;64;383205
04.05.2021 07:00;6;5990;5;4990;62;710688;511;1561334;273;2319957;6;4460;6;6000;5;5000;0;0;0;0;24;25740;8;8040;52;1057479;217;2820168;102;1666689;104;877781
04.05.2021 08:00;7;7000;7;6990;100;607335;491;1588292;368;2227227;13;35960;7;7000;7;6990;0;0;0;0;27;27960;11;11100;76;1007594;183;3012144;94;1639238;117;977680
04.05.2021 09:00;3;2990;3;3000;66;512524;418;1529899;256;1991785;16;138040;4;3980;3;3000;0;0;0;0;34;37890;14;14040;70;988319;150;2685422;103;1585354;112;845373
04.05.2021 10:00;5;4990;5;5000;83;559803;392;1475861;321;2161640;12;85672;4;3990;5;5000;0;0;0;0;33;33910;12;12040;75;1259173;150;2549781;112;1617717;87;1044427
04.05.2021 11:00;4;3990;4;4000;79;515829;340;1596069;294;2012938;7;4140;4;4000;4;4000;0;0;0;0;32;35283;10;10050;85;1019996;150;2361869;110;1809479;110;903854
04.05.2021 12:00;5;5000;5;5000;95;762216;350;1718011;316;2177530;5;3880;5;4990;5;4990;0;0;0;0;37;37820;13;13110;105;1719694;169;2552280;97;2003212;106;1194296
04.05.2021 13:00;8;7990;7;7000;108;917691;396;1765879;323;2170117;11;56374;8;7980;7;6990;0;0;0;0;39;41729;13;13040;107;1592115;136;2737542;95;2157319;124;1305597
04.05.2021 14:00;5;5000;7;7034;82;466300;414;1735618;300;2116344;4;1560;5;4990;7;7000;0;0;0;0;27;28850;8;8020;93;1286008;152;2654361;102;2036975;123;1290466
04.05.2021 15:00;4;3990;3;2990;108;728548;431;1693772;308;2229194;4;27540;4;4000;4;4000;0;0;0;0;40;43560;10;10050;94;1548572;202;2531074;122;2198433;140;1376319
04.05.2021 16:00;4;4000;5;5000;109;625006;456;1592880;291;2632377;7;3610;4;4000;4;4000;0;0;0;0;42;44600;14;14380;98;1477052;200;2685175;195;2522575;129;1859323
04.05.2021 17:00;3;3000;4;3990;113;682196;505;1616513;297;2353403;6;3830;3;3000;4;4000;0;0;0;0;36;38510;12;12020;95;1425340;213;2651155;110;2149709;132;1433197
04.05.2021 18:00;5;4990;4;4000;88;450353;412;1482032;247;2317728;4;1810;5;4990;4;3990;0;0;0;0;27;28640;10;10050;98;1502932;184;2239495;131;2216517;133;1390852
04.05.2021 19:00;5;5000;4;3980;60;462387;323;1141839;187;1634254;3;1350;5;5000;4;4000;0;0;0;0;24;25610;8;8140;71;1180462;180;1509212;130;1205194;118;836439
04.05.2021 20:00;3;3000;4;3990;29;169410;193;972297;108;1179817;2;30400;3;3000;4;4000;0;0;0;0;19;20780;6;6640;39;547083;128;1165145;76;498875;72;432611
04.05.2021 21:00;2;1990;2;2000;19;190904;167;735845;100;893870;1;650;2;2000;2;1990;0;0;0;0;15;22040;4;4010;29;261130;121;1084256;91;453365;63;340945
04.05.2021 22:00;2;2000;2;2000;8;39900;70;229464;39;470246;2;18000;2;1990;2;2000;0;0;0;0;3;3030;1;1000;17;181390;49;227480;53;287535;38;118080
04.05.2021 23:00;2;1990;2;2000;6;70545;31;63380;16;195260;1;390;2;2000;2;2000;0;0;0;0;3;3030;1;1000;7;125640;26;124440;16;38750;18;46790
05.05.2021 00:00;2;1990;2;2000;2;1860;13;7790;6;136300;0;0;2;2000;2;2000;0;0;0;0;1;1160;0;0;5;70700;12;35830;4;8540;8;14420
05.05.2021 01:00;0;0;1;1000;0;0;7;26840;4;96960;1;26450;0;0;1;1000;0;0;0;0;0;0;1;1000;1;1910;4;12000;1;3040;4;6710
05.05.2021 02:00;0;0;0;0;0;0;9;49590;3;38080;2;2450;0;0;0;0;0;0;0;0;0;0;0;0;2;16780;7;41010;2;2420;1;1290
05.05.2021 03:00;0;0;0;0;3;19660;9;5030;2;21270;0;0;0;0;0;0;0;0;0;0;0;0;0;0;0;0;8;27830;2;2000;4;5490
05.05.2021 04:00;1;1000;0;0;5;37160;17;45993;12;214860;1;30630;1;1000;0;0;0;0;0;0;0;0;0;0;5;49570;16;53930;8;13970;16;41896
05.05.2021 05:00;3;2990;3;3000;8;35540;152;349610;44;708699;1;770;3;3000;3;2990;0;0;0;0;2;2020;1;1000;10;89650;101;855593;50;227460;24;74990
05.05.2021 06:00;4;4000;4;4000;32;342041;386;921281;111;1208720;3;43606;4;3990;4;3990;0;0;0;0;7;7650;1;1010;37;431044;202;1654779;88;1037604;73;514279
05.05.2021 07:00;7;6990;6;5990;59;709581;562;1749464;270;2151368;6;61690;7;7000;6;6054;0;0;0;0;24;24280;13;13190;73;1135740;82;3270980;88;1797499;98;1177628
05.05.2021 08:00;8;8000;7;7000;69;588119;526;1370974;293;2191775;7;2950;8;7990;8;8000;0;0;0;0;23;23150;9;9940;65;1289675;202;2803396;103;1772533;107;1120993
05.05.2021 09:00;5;5000;4;4000;65;822374;390;1424310;320;2169270;10;5300;4;4000;4;4000;0;0;0;0;31;32370;16;16610;69;1165838;176;2491213;96;1386646;88;966504
05.05.2021 10:00;5;4990;5;5000;80;643353;370;1624603;287;1963560;10;13350;5;5000;5;5000;0;0;0;0;34;36610;9;9040;94;1435432;139;2493528;117;1643437;111;1116658
05.05.2021 11:00;4;3980;5;5000;85;517665;386;1727912;321;2196483;8;65040;4;4000;5;4990;0;0;0;0;37;42680;9;10110;90;1355109;165;2433274;108;1466004;118;1354204
05.05.2021 12:00;5;5000;6;6000;102;736821;377;1803543;322;2004126;9;57130;5;4990;5;5000;0;0;0;0;31;32000;10;10030;94;1296492;145;2634920;123;1667450;128;1325822
05.05.2021 13:00;8;7990;8;7990;94;700743;377;1667764;306;2212950;12;31590;8;8000;8;8000;0;0;0;0;34;39460;13;13940;108;1435377;148;2569817;121;2153459;123;1237245
05.05.2021 14:00;5;4990;5;4990;82;633103;389;1666791;304;2080326;12;6200;5;5000;6;6000;0;0;0;0;40;43610;10;10130;80;1401914;169;2647319;121;2208957;126;1318881
05.05.2021 15:00;4;3980;4;4000;61;380071;452;1190769;292;2049064;9;4330;4;3990;4;4000;0;0;0;0;35;37450;5;5073;88;1281797;191;2355472;115;2330649;137;1461131
05.05.2021 16:00;4;4000;4;4000;115;688694;490;1754019;304;2365218;14;79210;4;3990;4;3990;0;0;0;0;50;52820;12;12070;110;1246102;238;2445843;119;2118002;123;1327802
05.05.2021 17:00;4;3990;4;4000;109;758156;484;1631843;262;2260101;7;83676;4;4000;4;4000;0;0;0;0;51;53140;13;13927;103;1321190;226;2461279;137;2120735;141;1392731
05.05.2021 18:00;4;4000;5;4990;84;593421;417;1214367;251;2173640;5;2000;4;3990;4;3980;0;0;0;0;44;53160;11;11920;87;1352966;203;1838697;144;1917767;154;1291742
05.05.2021 19:00;5;4990;4;4000;58;307126;321;1187756;180;1816018;3;1360;5;4990;4;3980;0;0;0;0;29;31730;3;3010;68;1137630;183;1652859;107;1270690;103;960066
05.05.2021 20:00;3;3000;4;4000;35;316284;219;862680;126;1121585;1;260;3;2990;4;3990;0;0;0;0;16;17470;4;4020;43;702373;144;1109229;96;792049;82;492892
05.05.2021 21:00;2;2000;2;2000;28;164690;196;847773;126;972687;1;330;2;1990;2;2000;0;0;0;0;8;8520;6;6190;49;475021;136;1210970;82;502836;59;346860
05.05.2021 22:00;2;2000;2;2000;15;147100;71;348302;37;486501;0;0;2;2000;2;2000;0;0;0;0;2;2020;3;3000;10;174620;52;294736;40;257270;64;320510
05.05.2021 23:00;2;1990;2;2000;6;39290;36;35410;15;334626;1;18050;2;2000;2;1990;0;0;0;0;1;1010;1;1000;8;33430;26;122335;20;50020;23;125590
06.05.2021 00:00;2;2000;2;2000;3;3160;8;19770;9;152340;0;0;2;2000;2;2000;0;0;0;0;0;0;0;0;2;11210;5;19850;9;28030;14;52990
06.05.2021 01:00;0;0;1;1000;1;17770;5;3480;3;18170;0;0;0;0;1;1000;0;0;0;0;0;0;0;0;0;0;3;12380;4;10220;4;13960
06.05.2021 02:00;0;0;0;0;1;24390;5;2920;3;44360;0;0;0;0;0;0;0;0;0;0;0;0;0;0;1;20440;4;11040;7;25800;3;10940
06.05.2021 03:00;0;0;0;0;2;19470;10;6560;4;77610;0;0;0;0;0;0;0;0;0;0;0;0;0;0;0;0;8;26810;4;8950;4;16350
06.05.2021 04:00;1;990;0;0;5;62695;22;67600;13;171180;2;46420;1;1054;0;0;0;0;0;0;0;0;0;0;10;128260;18;62590;12;43460;14;33820
06.05.2021 05:00;3;3000;3;2980;6;26130;151;364410;45;675449;0;0;3;3000;3;3000;0;0;0;0;0;0;0;0;6;58530;110;706192;35;118234;28;64074
06.05.2021 06:00;4;3990;4;4000;28;459157;391;783248;96;1103615;2;1300;4;3980;4;3980;0;0;0;0;3;3020;2;2030;28;425933;181;1669885;84;685586;64;314920
06.05.2021 07:00;7;7000;5;5000;72;732967;511;1766527;301;2361973;16;105630;7;6960;6;6000;0;0;0;0;55;57980;6;6380;71;1044144;164;3016848;93;1941254;97;1187508
06.05.2021 08:00;8;7990;9;8980;74;399898;555;1613363;299;2254511;4;2340;8;8000;8;7980;0;0;0;0;22;24300;10;10080;82;1273063;159;3110573;93;2029685;108;1234571
06.05.2021 09:00;4;4000;3;3000;60;569164;447;1746339;270;2159652;6;44576;4;3990;3;3000;0;0;0;0;27;27970;7;7080;73;1182703;172;2683113;97;1486249;115;1158684
06.05.2021 10:00;4;3990;4;4000;68;502810;361;1905169;303;1995717;4;1540;4;4000;4;4000;0;0;0;0;32;33210;6;6040;89;1240830;144;2528711;111;1846455;107;1135272
06.05.2021 11:00;4;4000;4;4000;85;613495;362;1720578;304;2135009;6;71920;4;4000;5;4980;0;0;0;0;39;41090;9;9230;102;1155258;132;2622316;103;1764837;93;1183109
06.05.2021 12:00;5;5000;6;6000;77;767745;419;1497870;281;2207223;7;51435;5;5000;5;4990;0;0;0;0;44;47443;16;16320;103;1687836;144;2620801;131;1968446;134;1313003
06.05.2021 13:00;8;7980;8;7990;87;658399;406;1710322;358;2354737;12;38990;8;7990;8;7990;0;0;0;0;45;50710;32;32760;106;1635742;155;2783740;111;2220024;111;1576796
06.05.2021 14:00;6;5990;6;6000;101;695546;370;1856675;324;2322140;13;5610;6;5990;7;6990;0;0;0;0;38;42640;13;13960;93;1434731;148;2646122;115;2188222;129;1214012
06.05.2021 15:00;4;4000;5;5000;97;705184;484;1671799;320;2314383;7;2920;4;4000;4;4000;0;0;0;0;51;59830;16;16680;111;1389014;171;2725031;125;2237096;118;1483405
06.05.2021 16:00;4;3990;3;3000;106;803187;469;1900605;323;2379309;6;16270;4;4000;3;3000;0;0;0;0;44;46086;8;8060;106;1405921;200;2809039;130;2317108;129;1399032
06.05.2021 17:00;4;3980;5;4990;114;874830;443;1974984;294;2380503;5;1750;4;4000;5;5000;0;0;0;0;35;36054;8;8070;109;1843880;167;2888258;111;2580085;131;1771403
06.05.2021 18:00;4;3980;4;4000;92;534234;435;1392094;296;2135504;3;1750;4;4000;4;4000;0;0;0;0;28;31320;6;6060;89;1259926;198;2337672;119;2205451;130;1356107
06.05.2021 19:00;5;5000;4;4000;42;338324;329;1256388;188;1659330;2;710;5;5000;4;3990;0;0;0;0;23;24620;4;4040;75;1205190;171;1681028;95;1514403;99;974208
06.05.2021 20:00;3;3000;4;4000;35;262080;224;962768;134;1041212;6;2970;3;3000;4;4000;0;0;0;0;15;16290;4;4040;60;709743;99;1602811;87;1001291;91;610999
06.05.2021 21:00;2;1990;2;2000;21;85230;191;566679;100;961629;4;6090;2;1990;2;2000;0;0;0;0;16;16514;4;4020;34;371460;130;1112455;80;570138;70;537046
06.05.2021 22:00;2;2000;2;2000;9;86260;76;273830;29;253214;1;37780;2;1980;2;2000;0;0;0;0;12;13850;1;1010;19;250149;55;313828;45;252907;34;173191
06.05.2021 23:00;2;2000;2;1990;2;4860;36;73310;12;198590;0;0;2;2000;2;2000;0;0;0;0;2;2000;0;0;8;51380;26;120080;12;35264;17;84430
07.05.2021 00:00;2;2000;2;2000;3;2440;18;10300;4;78340;0;0;2;2000;2;1990;0;0;0;0;0;0;0;0;2;10460;14;52330;4;6660;9;38370
07.05.2021 01:00;0;0;1;1000;0;0;6;3980;5;106090;0;0;0;0;1;1000;0;0;0;0;0;0;0;0;0;0;6;19450;2;7500;3;6480
07.05.2021 02:00;0;0;0;0;0;0;6;3090;4;85520;0;0;0;0;0;0;0;0;0;0;0;0;0;0;4;59540;5;10109;3;7200;3;15330
07.05.2021 03:00;0;0;0;0;0;0;9;4870;4;68180;0;0;0;0;0;0;0;0;0;0;0;0;0;0;0;0;8;40440;6;16900;9;27700
07.05.2021 04:00;1;1000;0;0;2;29340;18;29943;15;233615;1;580;1;1000;0;0;0;0;0;0;0;0;0;0;5;65974;16;92403;6;25572;12;52900
07.05.2021 05:00;3;2990;3;3000;5;6371;155;342465;41;566616;3;18340;3;3000;3;2990;0;0;0;0;0;0;1;1000;9;96181;88;855194;36;234006;29;91327
07.05.2021 06:00;3;3000;3;3000;27;234650;373;879275;103;1311875;4;2520;3;3000;3;2970;0;0;0;0;4;4020;4;4040;26;548220;178;1699855;101;931013;57;367083
07.05.2021 07:00;7;7000;5;5000;69;431665;508;1273809;275;2050407;4;1830;7;6990;6;6000;0;0;0;0;31;33160;10;10080;75;1270086;137;2876440;80;1800074;82;1177314
07.05.2021 08:00;8;7990;9;8960;67;795803;481;1576102;298;2022755;10;4780;8;8000;8;8000;0;0;0;0;28;28800;4;4020;80;1244277;183;2834910;102;2070624;118;1278262
07.05.2021 09:00;4;3990;3;3000;55;547167;420;1606176;296;2089463;7;4450;4;4000;3;3000;0;0;0;0;24;24930;9;9110;69;1110326;159;2675019;101;1675636;122;1067128
07.05.2021 10:00;4;3990;5;4980;72;643951;388;1638021;314;2168635;15;7770;4;4000;5;5000;0;0;0;0;32;33770;13;12999;90;1513933;158;2663160;115;1787082;116;1237477
07.05.2021 11:00;4;4000;4;4000;88;638758;390;1694576;344;2316634;5;3560;4;3990;4;3990;0;0;0;0;33;35970;8;8080;96;1285023;157;2521805;125;1782364;109;1160751
07.05.2021 12:00;6;5980;5;5000;117;751035;447;1874150;362;2655194;11;6390;6;5990;5;5000;0;0;0;0;34;37990;9;9100;105;1632190;166;2906610;107;2228907;128;1217336
07.05.2021 13:00;8;8000;9;8910;112;803728;478;1650280;362;2715676;11;6580;8;7980;9;8990;0;0;0;0;35;39400;25;26790;101;1679594;195;2455993;137;2229503;125;1732355
07.05.2021 14:00;5;4990;5;5080;102;829387;492;1833037;342;2517561;6;2580;5;4990;6;5990;0;0;0;0;34;40870;14;15300;97;1762517;220;2697493;116;2279551;124;1577410
07.05.2021 15:00;4;4000;5;4990;88;669229;495;1419631;320;2436571;1;47530;4;4000;4;4000;0;0;0;0;37;38369;6;6310;100;1497105;258;2479091;118;2421809;130;1484512
07.05.2021 16:00;4;3990;4;3980;120;1000487;485;1312445;327;2552043;8;3400;4;4000;4;3990;0;0;0;0;45;49603;9;9230;90;1297005;268;2134733;124;2395011;133;1735757
07.05.2021 17:00;4;4000;3;2990;101;744984;467;1460309;318;2657513;12;49420;4;4000;4;4000;0;0;0;0;41;44200;17;17140;111;1228165;235;2241422;126;2064043;138;1287577
07.05.2021 18:00;4;3990;5;5000;79;755353;439;1466604;273;1974651;12;66106;4;3990;4;3990;0;0;0;0;30;32716;11;11160;79;1406874;247;2297369;123;1897914;113;1484131
07.05.2021 19:00;5;5000;3;3000;61;404388;356;1036334;212;2035787;5;27390;5;5000;4;4000;0;0;0;0;34;40750;4;4030;73;1079876;179;1610622;100;1412134;112;1047686
07.05.2021 20:00;3;3000;5;5000;36;229720;256;1078825;166;1133953;2;2840;3;2990;4;4000;0;0;0;0;26;29180;8;8140;46;541905;145;1408246;84;1128115;100;757324
07.05.2021 21:00;2;2000;2;2000;33;123840;224;785124;146;1226913;8;32210;2;2000;2;2000;0;0;0;0;14;14260;4;4020;43;402023;128;1191985;101;669978;105;408435
07.05.2021 22:00;2;1990;2;1990;10;65644;95;307404;50;538295;1;510;2;2000;2;1990;0;0;0;0;3;4220;0;0;20;323494;77;488850;52;114365;36;87150
07.05.2021 23:00;2;2000;2;1990;5;38030;43;60870;27;270879;0;0;2;2000;2;2000;0;0;0;0;5;5150;1;1010;12;101680;37;133690;19;46220;30;69560
08.05.2021 00:00;2;1990;2;2000;3;3410;16;25130;6;108200;1;36060;2;2000;2;2000;0;0;0;0;0;0;0;0;4;57540;15;42430;6;12390;10;16680
08.05.2021 01:00;0;0;1;1000;1;20040;13;8590;7;93880;1;33470;0;0;1;1000;0;0;0;0;0;0;0;0;1;20050;11;25260;3;5520;5;8700
08.05.2021 02:00;0;0;0;0;2;490;11;6360;9;131240;1;15060;0;0;0;0;0;0;0;0;0;0;0;0;1;32840;9;31960;8;23190;9;8380
08.05.2021 03:00;0;0;0;0;0;0;8;3830;3;23830;0;0;0;0;0;0;0;0;0;0;0;0;0;0;2;21580;8;19560;4;6960;6;11290
08.05.2021 04:00;1;1000;0;0;1;1620;15;10230;11;241111;0;0;1;1000;0;0;0;0;0;0;0;0;0;0;3;77450;15;48043;1;1360;5;12300
08.05.2021 05:00;3;2990;3;3000;5;59340;64;52350;23;380201;0;0;3;3000;3;3000;0;0;0;0;2;2020;0;0;6;73090;53;194020;23;106150;17;35000
08.05.2021 06:00;4;3980;4;4000;9;97930;102;323240;28;395314;1;710;4;4000;4;4000;0;0;0;0;3;3000;0;0;12;202290;76;221888;53;326652;28;118659
08.05.2021 07:00;4;4000;4;4000;13;30090;140;584345;73;764738;3;23224;4;3990;4;4000;0;0;0;0;6;6400;2;2020;22;328840;99;789092;56;362264;52;224500
08.05.2021 08:00;5;5000;4;4000;33;164960;221;817205;157;1189270;3;56930;5;5000;4;4000;0;0;0;0;12;13820;5;5020;38;488255;147;1313863;74;466125;70;432336
08.05.2021 09:00;4;4000;4;3990;37;243420;307;1231869;215;1590746;7;4150;4;4000;4;4000;0;0;0;0;29;31136;2;2020;50;625571;147;1940654;89;1225638;99;932834
08.05.2021 10:00;4;3980;4;4000;63;377230;348;1549627;271;1943371;11;64590;4;4056;4;4000;0;0;0;0;35;38980;11;11170;66;1079177;129;2284276;111;1744588;106;947241
08.05.2021 11:00;4;4056;4;4000;66;326820;359;1592978;288;2132127;8;4350;4;3980;4;4000;0;0;0;0;33;34600;8;8151;72;970433;135;2475582;106;1486909;118;1229342
08.05.2021 12:00;4;4000;4;4000;64;586081;389;1572137;323;2240993;11;25410;4;3980;4;3990;0;0;0;0;39;41240;12;12150;95;1446854;153;2517920;109;2058849;125;1234476
08.05.2021 13:00;4;4000;4;3990;80;598081;404;1777738;310;2015394;9;33760;4;4000;4;4000;0;0;0;0;54;59607;22;22980;87;1173818;174;2642499;125;1591624;115;1299841
08.05.2021 14:00;4;4000;4;3990;88;541862;437;1593994;277;2166113;17;9600;4;4000;4;4000;0;0;0;0;44;51630;10;10250;73;1224036;175;2624504;118;1992644;115;1582346
08.05.2021 15:00;4;3990;4;3970;66;510330;394;1467664;287;2102297;11;5660;4;4000;4;4000;0;0;0;0;41;42800;9;9050;67;946754;164;2477088;99;2030459;121;1244459
08.05.2021 16:00;4;4000;4;3990;58;454555;344;1351339;224;1598332;10;93330;4;3990;4;4000;0;0;0;0;45;49340;11;11070;62;1101166;165;2222122;110;1555984;107;1172316
08.05.2021 17:00;4;4000;5;5000;56;649916;370;1567611;271;1969346;4;1680;4;4000;5;4990;0;0;0;0;58;63430;8;8040;72;1023833;167;2278469;103;1468325;113;1000404
08.05.2021 18:00;4;3990;4;4000;55;399503;357;1458238;225;1749968;9;59210;4;3990;4;3990;0;0;0;0;41;45510;10;10250;72;1150815;163;2180766;109;1464202;120;1326741
08.05.2021 19:00;4;3990;4;4000;49;472520;297;1182537;198;1395901;1;330;4;4000;4;4056;0;0;0;0;42;46550;6;6040;62;1031969;154;1811949;85;919124;96;781381
08.05.2021 20:00;2;2000;2;2000;35;118730;243;1074436;166;1206141;3;39320;2;2000;2;2000;0;0;0;0;28;28950;5;5010;50;673184;155;1439611;80;614170;94;652795
08.05.2021 21:00;2;2000;2;2000;27;163450;263;933801;144;1067236;0;0;2;1990;2;2000;0;0;0;0;29;31390;3;3010;35;396250;156;1531229;91;352770;76;389440
08.05.2021 22:00;2;2000;2;2000;10;94560;100;447151;36;473877;0;0;2;2000;2;2000;0;0;0;0;8;8410;1;1100;14;102640;82;470790;55;159239;51;111370
08.05.2021 23:00;2;2000;2;2000;6;66780;30;86940;32;293525;0;0;2;1990;2;2000;0;0;0;0;5;5260;0;0;6;33060;35;141765;29;93410;23;54360
09.05.2021 00:00;2;2000;2;2000;7;49280;13;7060;6;80090;1;190;2;1990;2;2000;0;0;0;0;0;0;2;2010;7;118540;11;31830;12;22390;17;36382
09.05.2021 01:00;0;0;1;990;1;730;8;4390;4;66890;1;16040;0;0;1;1000;0;0;0;0;0;0;0;0;2;33650;6;17856;6;14710;12;27260
09.05.2021 02:00;0;0;0;0;0;0;4;2520;8;104800;0;0;0;0;0;0;0;0;0;0;0;0;0;0;0;0;3;6780;1;240;4;6130
09.05.2021 03:00;0;0;0;0;0;0;6;3500;2;17090;0;0;0;0;0;0;0;0;0;0;0;0;0;0;0;0;5;20690;2;2330;5;7800
09.05.2021 04:00;0;0;0;0;1;21300;4;1950;3;30360;0;0;0;0;0;0;0;0;0;0;0;0;0;0;4;59461;4;17160;1;1420;1;3670
09.05.2021 05:00;2;2000;1;1000;5;11110;29;25480;10;150100;0;0;2;1990;1;1000;0;0;0;0;1;310;0;0;4;72945;23;80380;12;25620;18;34910
09.05.2021 06:00;2;2000;2;2000;4;3800;27;33600;16;355616;0;0;2;2000;2;2000;0;0;0;0;0;870;0;0;10;190720;19;43020;15;71060;20;48520
09.05.2021 07:00;2;2000;2;2000;8;32410;71;220216;32;373638;1;130;2;1980;2;2000;0;0;0;0;2;3220;0;0;15;336698;59;278080;19;61373;12;30410
09.05.2021 08:00;2;2000;2;2000;17;38452;121;434187;91;920139;0;0;2;2000;2;2000;0;0;0;0;9;9710;1;1010;19;273252;90;579018;48;316007;54;235830
09.05.2021 09:00;2;2000;2;2000;22;138290;211;798320;141;1236053;10;6420;2;2000;2;2000;0;0;0;0;21;22060;8;8320;48;569740;141;1104663;73;727428;68;312900
09.05.2021 10:00;2;2000;2;2000;35;279198;256;1080631;211;1426303;9;3570;2;2000;2;2000;0;0;0;0;30;39770;3;3010;43;461548;197;1572346;98;975868;95;583946
09.05.2021 11:00;2;2000;2;1990;36;236600;367;1244803;283;1968657;15;6612;2;2000;2;2044;0;0;0;0;27;29460;4;4030;61;672812;163;1903783;142;1176105;130;889551
09.05.2021 12:00;3;3000;3;3000;63;489888;391;1451666;267;2009348;13;6800;3;3000;3;3000;0;0;0;0;25;27130;15;15180;69;839082;199;2171274;142;1329943;134;980259
09.05.2021 13:00;4;4000;4;4000;48;256866;385;1318643;291;1837194;9;4290;4;3990;4;4000;0;0;0;0;18;20080;5;5040;74;792466;189;2170364;129;1339469;125;910966
09.05.2021 14:00;4;4000;4;3990;53;203625;375;1489647;294;1933754;8;38031;4;3990;4;4000;0;0;0;0;23;23590;11;11350;76;823612;172;2144209;138;1275594;105;729228
09.05.2021 15:00;4;3990;4;4000;56;288030;328;1225875;237;1559280;6;2220;4;3990;4;4000;0;0;0;0;32;37340;4;4040;59;764143;190;1912081;133;953140;117;874193
09.05.2021 16:00;4;3990;4;4000;54;308875;318;1100061;232;1462340;9;27930;4;4000;4;3990;0;0;0;0;21;22840;5;5100;68;720820;188;1700355;111;1058401;116;693084
09.05.2021 17:00;4;3990;4;3990;52;283397;382;1320467;241;1559651;3;1110;4;4000;4;4000;0;0;0;0;22;24650;6;6060;63;805616;214;2023183;106;1060769;101;713860
09.05.2021 18:00;4;4000;4;4000;43;264600;368;1172733;262;1775824;9;29010;4;3990;4;3990;0;0;0;0;32;33800;9;9140;66;731322;184;2009973;117;1267128;121;920613
09.05.2021 19:00;2;2000;2;2000;39;317370;356;1260738;229;1734171;5;3320;2;2000;2;2000;0;0;0;0;20;21050;3;3030;54;731723;173;1951717;119;1108631;101;666805
09.05.2021 20:00;2;2000;2;2000;40;187620;292;1035135;177;1234033;2;37102;2;2000;2;1990;0;0;0;0;14;15680;11;11150;44;608501;193;1600579;104;740634;98;535776
09.05.2021 21:00;2;2000;2;2000;26;252860;233;702132;138;960206;0;0;2;1990;2;2000;0;0;0;0;10;10170;2;2030;30;244850;155;1261359;107;580635;91;271661
09.05.2021 22:00;2;2000;2;2000;11;108310;80;360210;38;381365;1;1300;2;1990;2;2000;0;0;0;0;9;9570;3;3030;20;351010;60;397380;40;153160;38;84170
09.05.2021 23:00;2;1990;2;2000;8;71274;24;16550;19;319298;0;0;2;2000;2;1990;0;0;0;0;5;5490;0;0;6;90400;25;74060;19;36270;9;16130
10.05.2021 00:00;2;2000;2;2000;3;22430;16;39340;6;123884;0;0;2;2000;2;1990;0;0;0;0;0;0;1;1010;3;41350;18;65230;6;11220;6;12680
10.05.2021 01:00;0;0;1;1000;0;0;8;11130;6;67500;1;16590;0;0;1;1000;0;0;0;0;1;1010;0;0;1;32850;7;20810;0;0;6;14190
10.05.2021 02:00;0;0;0;0;0;0;10;17310;4;59796;1;9690;0;0;0;0;0;0;0;0;0;0;0;0;0;0;7;25190;2;2960;6;8670
10.05.2021 03:00;0;0;0;0;2;57936;8;4300;5;105530;0;0;0;0;0;0;0;0;0;0;0;0;0;0;2;5760;8;24990;2;3440;2;5310
10.05.2021 04:00;1;1000;0;0;4;67510;27;31833;10;174071;3;20430;1;1000;0;0;0;0;0;0;1;1080;2;2020;7;77965;24;77090;14;33028;15;45390
10.05.2021 05:00;3;2990;2;2000;9;80500;153;398031;46;698227;0;0;3;3000;2;2000;0;0;0;0;0;0;1;1010;9;64860;107;752436;43;226027;31;123418
10.05.2021 06:00;4;4000;5;4990;29;234884;378;859814;109;1450104;1;260;4;3980;5;4990;0;0;0;0;5;5040;1;1010;26;460380;177;1910460;81;1094214;69;489080
10.05.2021 07:00;7;7000;5;5000;71;646564;543;1464529;294;2412888;13;9960;7;7000;6;5990;0;0;0;0;34;45790;10;10120;60;1044842;176;2909195;94;1714415;95;1259954
10.05.2021 08:00;7;7000;9;8990;76;627360;521;1426434;299;2227824;8;4610;8;8000;8;8000;0;0;0;0;25;26510;6;6050;75;1331915;207;3019775;91;1766979;108;1010286
10.05.2021 09:00;5;4980;3;3000;65;620528;420;1507937;291;2302156;6;4010;4;4000;4;3990;0;0;0;0;32;32970;7;7040;69;1293691;185;2568341;95;1792080;105;1258565
10.05.2021 10:00;4;4000;4;4000;66;580393;365;1403725;248;1870177;15;25320;4;4000;3;2990;0;0;0;0;37;40290;13;13150;81;1299518;161;2451346;112;1660166;108;1064691
10.05.2021 11:00;4;3980;5;5000;69;622265;346;1814735;292;1886647;10;46470;4;4000;5;5000;0;0;0;0;45;48160;9;9190;84;1200395;130;2468682;110;1948751;106;1009341
10.05.2021 12:00;5;5000;4;4000;93;761465;399;1482360;296;2005242;16;102857;5;5000;4;4000;0;0;0;0;35;36560;11;11070;95;1356039;157;2454896;109;2022108;108;983786
10.05.2021 13:00;8;8000;9;8980;89;586833;391;1574819;320;2119580;6;4670;8;8000;9;8990;0;0;0;0;35;38590;16;17400;95;1425409;145;2663483;104;2324853;124;1172221
10.05.2021 14:00;5;5000;6;6000;68;508286;366;1834604;292;1977242;8;5070;5;5000;6;6000;0;0;0;0;33;36150;11;11430;89;1319593;138;2601389;115;2066844;115;1289722
10.05.2021 15:00;4;3990;3;2990;76;753171;437;1711246;298;2224879;9;50205;4;4000;4;3990;0;0;0;0;41;45835;26;26620;91;1445907;182;2414318;130;1944943;137;1277627
10.05.2021 16:00;4;4000;5;5000;91;639735;470;1817181;312;2195479;9;22240;4;3990;4;4000;0;0;0;0;33;35230;15;15450;126;1624804;200;2623029;136;2370355;135;1588813
10.05.2021 17:00;4;4000;3;3000;99;747540;491;1830472;316;2489723;7;4210;4;3990;4;3980;0;0;0;0;38;42190;12;12080;93;1730822;195;2721746;119;2216941;133;1287104
10.05.2021 18:00;4;4000;5;5000;66;427804;420;1387192;241;2134292;5;2460;4;4000;4;4000;0;0;0;0;31;31680;6;6050;90;1349034;207;2101809;127;1964341;122;1431254
10.05.2021 19:00;5;4980;4;3990;41;368138;324;908828;167;1698355;1;320;5;5000;4;3990;0;0;0;0;31;37560;4;4040;61;926324;201;1217135;105;1498749;122;939202
10.05.2021 20:00;3;3000;3;3000;33;388286;210;965907;135;1120070;1;710;3;2990;4;4000;0;0;0;0;21;21390;5;5030;42;547429;101;1254460;84;966681;88;755075
10.05.2021 21:00;2;2000;3;3000;18;46180;159;579424;83;688075;0;0;2;2000;2;2000;0;0;0;0;15;17020;7;7020;35;471971;113;908308;68;394230;67;421024
10.05.2021 22:00;2;1990;2;2000;10;110870;70;296696;35;532581;1;330;2;1990;2;2052;0;0;0;0;5;5780;3;3650;11;182650;59;301048;38;177410;35;199920
10.05.2021 23:00;2;1980;2;2000;2;3170;25;15350;16;190010;1;42830;2;2000;2;1990;0;0;0;0;2;2020;1;1010;6;96960;17;70276;12;36500;12;53790
11.05.2021 00:00;2;1990;2;2000;5;30880;16;89930;6;105100;0;0;2;2000;2;2000;0;0;0;0;0;0;0;0;2;10320;12;67571;7;24920;9;43677
11.05.2021 01:00;0;0;1;1000;0;0;4;34830;1;40210;1;38270;0;0;1;1000;0;0;0;0;0;0;0;0;2;46480;3;11800;5;15540;1;3350
11.05.2021 02:00;0;0;0;0;1;16130;4;1940;2;21020;0;0;0;0;0;0;0;0;0;0;0;0;0;0;2;23250;2;6800;1;2880;2;6070
11.05.2021 03:00;0;0;0;0;1;45680;10;6090;3;62848;1;14060;0;0;0;0;0;0;0;0;0;0;0;0;3;127900;10;42260;4;7850;3;17020
11.05.2021 04:00;1;1000;0;0;4;35090;27;55400;9;139090;2;32650;1;1000;0;0;0;0;0;0;1;1010;0;0;9;60520;28;142540;14;41240;13;71630
11.05.2021 05:00;3;3000;3;3000;14;36784;142;290354;41;590534;1;200;3;3000;3;3000;0;0;0;0;0;0;1;1000;11;99933;89;613603;48;238993;28;129495
11.05.2021 06:00;4;3990;4;3990;29;184424;403;926231;114;1525873;5;96610;4;3990;4;4000;0;0;0;0;2;2020;1;1010;30;439824;167;1868554;88;902270;56;405100
11.05.2021 07:00;7;7000;6;5990;75;863376;571;1523802;276;2199931;5;53280;7;7000;6;6000;0;0;0;0;38;48780;7;7040;66;1192643;161;2989383;84;1786425;85;1153389
11.05.2021 08:00;8;8056;8;7990;72;489398;516;1773082;323;2097269;11;5240;8;8000;8;8000;0;0;0;0;24;25960;7;7160;77;1129231;185;3117465;84;1980452;112;1079387
11.05.2021 09:00;3;2990;4;4000;60;530462;494;1811131;333;2274900;9;6600;4;4000;4;4000;0;0;0;0;38;40370;8;8060;64;950352;162;2968242;125;1899482;89;1333146
11.05.2021 10:00;5;4990;4;4000;74;603493;353;1706051;295;1928609;7;11340;4;4000;4;4000;0;0;0;0;33;34370;11;11070;89;1352056;142;2562738;107;1422996;111;1093735
11.05.2021 11:00;3;2990;4;4000;80;707744;355;1816324;309;2130020;10;4100;3;3000;4;4000;0;0;0;0;33;37640;11;11110;97;1566996;161;2588997;121;1717832;114;1131298
11.05.2021 12:00;6;5990;4;3990;107;679396;401;1832694;327;2408121;18;65650;6;6000;4;4000;0;0;0;0;39;41130;14;14300;105;1639713;147;2621188;112;2054134;124;1232748
11.05.2021 13:00;8;7980;9;8980;92;694854;408;1709541;346;2122429;16;52685;8;8000;9;8980;0;0;0;0;31;37050;14;14540;90;1542292;158;2787739;110;2320824;121;1464981
11.05.2021 14:00;5;4990;6;6000;77;680986;435;1794894;326;2192908;4;1360;5;5000;6;5990;0;0;0;0;36;40570;5;5030;105;1763584;148;2727362;120;2047746;134;1310015
11.05.2021 15:00;4;4000;3;3000;94;763511;470;1594536;324;2265542;8;3180;4;4000;4;3990;0;0;0;0;46;50572;11;11090;109;1539611;205;2785000;121;2195885;116;1446100
11.05.2021 16:00;4;3990;4;4000;78;617238;487;1894615;327;2446688;14;6110;4;3990;4;3990;0;0;0;0;42;48120;12;12100;87;1194678;196;2612775;99;2576181;123;1612252
11.05.2021 17:00;4;4000;5;4990;96;762006;525;1756855;322;2495402;9;4250;4;4000;4;4000;0;0;0;0;50;54660;10;10050;100;1438667;237;2683203;112;2326188;117;1636980
11.05.2021 18:00;4;3970;3;3000;80;711635;420;1494582;267;2249140;5;59980;4;4000;3;3000;0;0;0;0;28;29840;17;17130;97;1368059;208;2067547;134;1922732;138;1106504
11.05.2021 19:00;5;4980;4;3990;61;438813;332;1323940;176;2036171;6;45480;5;5000;5;4990;0;0;0;0;24;25880;4;4040;85;1178255;165;1699112;100;1504477;114;1086373
11.05.2021 20:00;2;2000;4;4000;32;220653;230;969429;142;1040964;6;4490;2;1990;3;2990;0;0;0;0;13;13750;3;3030;49;717910;99;1482834;98;1063311;85;741157
11.05.2021 21:00;3;3000;3;3000;22;225200;180;826994;109;797063;1;390;3;3000;3;3000;0;0;0;0;13;13320;3;3010;30;346190;117;1189238;75;559164;71;569359
11.05.2021 22:00;2;2000;2;2000;16;139360;77;344993;47;651323;3;38860;2;2000;2;2000;0;0;0;0;7;7050;2;2000;8;78560;57;386202;39;142210;29;153002
11.05.2021 23:00;2;2000;2;2000;5;5120;22;106320;15;292390;0;22450;2;2000;2;2000;0;0;0;0;0;0;0;0;7;109010;18;77560;15;54650;19;78130
12.05.2021 00:00;2;2000;2;2000;3;3990;21;42930;7;128940;1;37060;2;2000;2;2000;0;0;0;0;0;0;0;0;4;43700;19;113580;8;19958;8;28118
12.05.2021 01:00;0;0;1;1063;0;0;9;5930;4;109340;0;0;0;0;1;1000;0;0;0;0;0;0;0;0;0;0;10;35330;6;27544;7;28724
12.05.2021 02:00;0;0;0;0;1;410;8;5040;2;46010;0;0;0;0;0;0;0;0;0;0;0;0;0;0;1;20930;7;21000;4;12780;5;25080
12.05.2021 03:00;0;0;0;0;1;16180;8;25550;4;67920;1;22970;0;0;0;0;0;0;0;0;0;0;0;0;1;37130;8;40650;2;6710;6;20690
12.05.2021 04:00;1;1000;0;0;6;42960;25;58030;9;181254;1;2010;1;1000;0;0;0;0;0;0;0;0;0;0;5;46340;22;141700;12;35870;17;75793
12.05.2021 05:00;3;3000;3;3000;17;32790;138;196720;39;552754;0;0;3;3000;3;2990;0;0;0;0;0;0;1;1010;13;128370;86;667395;39;316874;44;254672
12.05.2021 06:00;4;4000;4;4000;25;165800;356;784379;117;1412791;1;27110;4;4000;4;4000;0;0;0;0;7;7050;3;3150;26;439566;142;1698160;92;958426;75;484950
12.05.2021 07:00;7;6990;5;5000;65;581424;532;1838583;294;2215857;6;65740;7;7000;5;4990;0;0;0;0;23;25430;8;9050;54;808290;163;3100227;91;1798466;98;1076393
12.05.2021 08:00;7;6990;8;8000;84;785330;521;1767157;343;2182277;7;3240;7;6990;8;8000;0;0;0;0;23;23320;16;16220;70;1181376;153;3165885;98;1720148;114;956151
12.05.2021 09:00;3;3000;5;4990;55;395010;426;1550985;315;2056061;7;2790;4;4000;5;4990;0;0;0;0;44;47759;16;16270;73;1187251;185;2799885;91;1628055;119;1083340
12.05.2021 10:00;5;4990;3;3000;81;795469;447;1476596;288;1953929;8;3440;4;4000;4;3990;0;0;0;0;40;42770;14;15210;81;1124520;182;2632985;107;2017229;123;1195189
12.05.2021 11:00;4;4000;5;5000;55;516158;366;1575716;315;2096694;12;4840;4;4000;4;4000;0;0;0;0;43;48630;9;9100;97;1502096;140;2455881;92;2046684;98;1072565
12.05.2021 12:00;5;4990;4;4000;98;815633;401;1782197;333;2305162;9;6360;5;4980;4;4000;0;0;0;0;44;48200;17;18330;96;1629377;127;2768452;100;2216685;119;1439504
12.05.2021 13:00;7;7000;8;7990;104;650123;413;1867313;345;2295745;12;8810;7;6990;8;7990;0;0;0;0;43;65215;10;10720;106;1544358;146;2855517;111;2312887;108;1178515
12.05.2021 14:00;5;4990;6;5990;83;773671;433;1645991;291;2111637;8;56580;5;4990;6;6000;0;0;0;0;44;47469;12;12970;88;1449916;196;2692083;118;2377920;117;1134900
12.05.2021 15:00;4;3990;4;3990;72;555090;472;1492812;335;2300901;11;82330;4;4000;4;3990;0;0;0;0;49;61260;21;21650;103;1318540;188;2789100;115;2149952;122;1351548
12.05.2021 16:00;4;4000;3;3000;104;866506;489;1736910;337;2562145;6;3700;4;3990;4;4000;0;0;0;0;44;48630;40;41427;90;1655562;242;2703342;114;2390016;120;1815778
12.05.2021 17:00;4;4000;5;5000;101;841924;474;1877028;319;2558015;5;1670;4;4000;4;3990;0;0;0;0;59;67456;15;17130;94;1755113;177;2863962;98;2532404;122;1684179
12.05.2021 18:00;4;4000;4;4000;78;582105;455;1633924;301;2453691;8;72100;4;3990;4;4000;0;0;0;0;58;74436;18;18080;93;1441358;227;2499516;134;2171076;128;1550911
12.05.2021 19:00;5;5000;4;4000;62;500867;394;1329785;235;1835638;6;4270;5;5000;4;4000;0;0;0;0;47;50880;3;3010;79;1260564;216;2110387;112;1710108;112;1324877
12.05.2021 20:00;3;3000;3;3000;43;278095;257;1124704;135;1167485;1;10350;3;3000;4;4000;0;0;0;0;34;37745;7;7050;58;996579;159;1509898;99;999941;111;750538
12.05.2021 21:00;2;2000;3;3000;22;111248;237;876349;125;992405;3;1300;2;2000;2;2000;0;0;0;0;29;29850;4;4030;40;566555;157;1385823;96;422541;96;501017
12.05.2021 22:00;2;1990;2;2000;14;55380;145;568466;59;599906;2;1170;2;2000;2;2000;0;0;0;0;3;3680;1;1000;23;202240;97;784784;47;123530;56;149040
12.05.2021 23:00;2;2000;2;2000;11;104524;47;154054;16;291860;2;65690;2;2000;2;2000;0;0;0;0;3;3160;1;1010;8;147530;37;302582;25;55290;19;65650
13.05.2021 00:00;3;3000;3;2990;11;7060;14;52500;12;205723;0;0;3;3000;3;3000;0;0;0;0;0;0;0;0;6;71970;13;58530;9;14770;12;30210
13.05.2021 01:00;0;0;1;1000;0;0;14;8350;9;215354;0;0;0;0;1;1000;0;0;0;0;0;0;0;0;0;0;11;42100;7;17510;10;26638
13.05.2021 02:00;0;0;0;0;3;18800;5;2290;4;51385;0;0;0;0;0;0;0;0;0;0;0;0;0;0;0;0;4;10150;5;7430;5;10030
13.05.2021 03:00;0;0;0;0;0;0;5;3020;0;0;0;0;0;0;0;0;0;0;0;0;0;0;0;0;0;0;4;10770;1;1840;5;9740
13.05.2021 04:00;0;0;0;0;0;0;11;6030;6;55220;0;0;0;0;0;0;0;0;0;0;0;0;0;0;0;0;12;30780;4;5120;2;6790
13.05.2021 05:00;2;2000;1;1000;7;432252;36;81580;9;133662;0;0;2;2000;1;1000;0;0;0;0;0;0;0;0;7;101150;30;314200;12;61090;8;17830
13.05.2021 06:00;2;1990;2;2000;5;4790;46;110358;23;407455;0;0;2;2000;2;2000;0;0;0;0;2;2010;0;0;5;99300;44;158326;28;93320;13;42130
13.05.2021 07:00;2;2000;2;1990;7;140210;54;165124;33;733604;1;580;2;2000;2;2000;0;0;0;0;1;1000;4;4030;12;319475;48;240989;24;86370;23;83080
13.05.2021 08:00;2;1990;2;1990;11;69000;101;296920;89;1310651;0;0;2;2051;2;2000;0;0;0;0;8;9290;1;1010;15;266540;70;416561;50;385045;40;220875
13.05.2021 09:00;2;2000;2;2000;32;235395;157;584428;118;1336194;6;3700;2;2000;2;2000;0;0;0;0;16;18170;2;2030;27;538943;115;810061;66;650390;61;400921
13.05.2021 10:00;2;2000;2;2000;30;296120;223;832165;171;1328715;4;1380;2;2000;2;1990;0;0;0;0;24;27830;4;4140;35;424370;115;1371977;119;1015229;113;607232
13.05.2021 11:00;2;2000;2;2000;34;316400;240;1091898;194;1442705;3;1430;2;1990;2;2000;0;0;0;0;20;21370;5;5880;38;605009;134;1811229;99;1278331;94;957864
13.05.2021 12:00;3;3000;3;3000;37;193719;280;1260422;222;1388796;10;4290;3;3000;3;3000;0;0;0;0;13;13635;5;5070;38;628078;155;1711789;116;1179077;111;777221
13.05.2021 13:00;4;4000;4;4000;33;197500;320;1277861;230;1775803;4;1810;4;3990;4;3990;0;0;0;0;20;21300;4;4010;49;836366;180;1953198;119;1205384;94;862089
13.05.2021 14:00;4;4000;4;4000;50;339210;318;1405792;218;1534616;5;50580;4;4000;4;4054;0;0;0;0;17;17920;9;9260;51;846328;144;1971179;116;1350793;104;788407
13.05.2021 15:00;4;4000;4;4000;44;364917;302;1131476;195;1712808;3;46460;4;4000;4;3990;0;0;0;0;27;29180;9;9060;53;822029;179;1474174;103;1148568;110;983034
13.05.2021 16:00;4;4000;4;3990;27;180980;312;987597;182;1747673;4;1560;4;4000;4;3990;0;0;0;0;21;24600;5;4890;35;488797;200;1137335;93;1077336;103;845826
13.05.2021 17:00;4;4000;4;4000;45;483914;344;971053;202;1802739;5;2600;4;4000;4;4000;0;0;0;0;28;29520;5;5040;58;933955;190;1416981;102;1046703;80;533434
13.05.2021 18:00;3;2990;3;3000;49;477014;313;887591;190;1900944;2;710;3;3000;3;3000;0;0;0;0;23;26570;6;6030;59;923985;192;1377812;91;1170626;80;851926
13.05.2021 19:00;2;2000;2;2000;38;340820;313;846987;183;1671010;0;0;2;1990;2;1990;0;0;0;0;23;25180;12;12220;45;825821;202;1270367;94;1155968;87;711590
13.05.2021 20:00;2;2000;2;2000;36;235550;211;942974;160;1272231;2;850;2;1990;2;2000;0;0;0;0;9;9570;5;5010;46;696978;147;1177291;82;775678;73;517895
13.05.2021 21:00;2;1990;1;1000;21;172935;210;711130;106;925751;1;130;2;2000;2;2000;0;0;0;0;9;9590;2;2010;35;368365;141;1112300;94;441490;89;402560
13.05.2021 22:00;2;2000;2;2000;10;28220;80;284315;58;478228;2;1110;2;1990;2;2000;0;0;0;0;4;4150;4;4320;22;239225;69;364813;39;106280;46;133150
13.05.2021 23:00;2;2000;2;1990;4;27900;40;77030;27;253750;0;0;2;1990;2;2000;0;0;0;0;2;2010;3;3000;3;52934;37;110055;28;66939;15;67584
14.05.2021 00:00;2;1990;2;2000;5;4470;25;23400;4;64764;0;0;2;2000;2;2000;0;0;0;0;0;0;0;0;5;59200;24;75210;6;8120;14;28400
14.05.2021 01:00;0;0;1;1000;2;17620;16;17280;5;63224;1;17960;0;0;1;1000;0;0;0;0;1;1010;0;0;0;0;14;43460;5;9680;5;7740
14.05.2021 02:00;0;0;0;0;1;16140;11;6950;4;55340;1;32870;0;0;0;0;0;0;0;0;0;0;0;0;0;0;8;25042;0;0;8;14770
14.05.2021 03:00;0;0;0;0;0;0;10;4810;0;0;0;0;0;0;0;0;0;0;0;0;0;0;0;0;1;26450;7;27504;5;8150;8;7780
14.05.2021 04:00;1;1000;0;0;6;30110;21;43300;9;146220;1;1550;1;1000;0;0;0;0;0;0;0;0;0;0;3;33640;19;104085;7;16270;13;43070
14.05.2021 05:00;3;3000;3;3000;13;97050;102;253286;32;618666;0;0;3;3000;3;2990;0;0;0;0;0;0;2;2020;12;157290;78;380568;33;207083;32;100340
14.05.2021 06:00;4;4000;4;4000;22;222879;223;652382;63;819654;1;14540;4;4000;4;3990;0;0;0;0;4;4090;0;0;19;421090;156;910457;69;520020;53;236640
14.05.2021 07:00;7;6980;6;5980;42;305672;294;909768;125;1446212;2;840;7;7000;6;6000;0;0;0;0;8;8030;3;3060;34;632691;161;1389043;79;1010031;75;566780
14.05.2021 08:00;8;7990;8;7990;46;438716;374;1073386;200;1599293;8;2770;8;8000;8;7990;0;0;0;0;30;35840;5;5010;54;755900;191;2011526;87;1186005;89;642026
14.05.2021 09:00;4;4000;3;3000;45;339546;375;1182899;249;1957423;6;3630;4;4000;4;4000;0;0;0;0;33;41950;14;14070;65;1097408;193;2069720;100;1347253;83;762408
14.05.2021 10:00;4;4000;4;3990;65;566858;379;1546450;315;2132008;11;76450;4;3990;4;4000;0;0;0;0;39;40890;15;15150;81;1345335;137;2591684;121;1445357;92;1105587
14.05.2021 11:00;4;3990;5;5055;71;625082;355;1511467;309;1909113;2;720;4;4000;4;3990;0;0;0;0;31;33160;6;6010;138;1409799;161;2335223;109;1587374;117;1473891
14.05.2021 12:00;4;4000;4;4000;89;759679;456;1370398;327;2434652;6;9070;4;4000;5;5000;0;0;0;0;49;51460;24;26130;82;1513506;187;2482072;128;1957826;125;1285713
14.05.2021 13:00;7;7000;7;6990;95;891670;463;1826527;282;2312481;6;3490;7;6990;6;5990;0;0;2;2670;31;33030;7;7020;104;1739683;188;2734925;124;2376116;120;1585984
14.05.2021 14:00;5;5000;5;4990;72;561660;479;1677273;315;2270913;6;65560;5;5000;5;5000;0;0;0;0;46;48880;16;16300;79;1476548;221;2718990;136;1902589;136;1395983
14.05.2021 15:00;4;3990;5;5000;83;769660;446;1275456;300;2314454;2;60266;4;4000;5;5000;0;0;0;0;36;41610;12;12260;78;1274127;256;2258641;121;1780164;129;1386114
14.05.2021 16:00;4;4000;3;3000;77;673088;440;1354007;286;2396547;10;91430;4;4000;4;4000;0;0;0;0;47;50740;7;7050;99;1303274;236;2260498;151;1705806;145;1386965
14.05.2021 17:00;4;4000;4;3990;72;385602;479;1630541;291;2367463;4;2080;4;3990;4;4000;0;0;0;0;45;47770;12;12170;89;1573203;240;2579696;108;1747413;113;1265270
14.05.2021 18:00;4;3990;4;3990;67;435765;435;1273526;281;2085058;5;2600;4;4000;4;4000;0;0;0;0;30;33220;10;10260;80;1196015;194;2205682;118;1643024;122;1561835
14.05.2021 19:00;5;5000;4;4000;52;382913;321;904050;186;1641244;3;1890;5;4990;4;4000;0;0;0;0;33;35068;10;10040;70;1068092;185;1571028;100;1813628;100;1013282
14.05.2021 20:00;3;2990;5;5000;41;414457;251;832722;152;1169270;4;15480;3;3000;4;3990;0;0;0;0;22;24030;9;9050;45;614317;136;1497112;87;923892;92;687400
14.05.2021 21:00;2;2000;2;2000;20;134101;239;803963;127;1162667;2;2010;2;2000;2;1990;0;0;0;0;27;29990;5;5010;53;498352;133;1552841;89;505431;101;493917
14.05.2021 22:00;2;2000;2;2000;13;89433;123;377555;58;607462;1;130;2;2000;2;1990;0;0;0;0;14;15743;2;2010;25;429069;94;588863;67;211810;47;130040
14.05.2021 23:00;2;1990;2;1990;11;58768;45;225033;29;268622;0;0;2;2054;2;2000;0;0;0;0;8;8590;3;3010;9;161730;40;137390;22;66913;25;60060
15.05.2021 00:00;2;2000;2;2000;5;23440;23;91735;8;143440;0;0;2;2000;2;2000;0;0;0;0;1;1010;0;0;5;30910;22;73190;14;32310;17;29549
15.05.2021 01:00;0;0;1;1000;2;17890;16;20550;5;96310;1;15460;0;0;1;1000;0;0;0;0;0;0;0;0;0;0;6;19090;2;2470;5;17440
15.05.2021 02:00;0;0;0;0;1;2030;5;3250;11;135610;1;13780;0;0;0;0;0;0;0;0;1;1000;0;0;1;17963;6;18800;0;0;3;5490
15.05.2021 03:00;0;0;0;0;2;17420;6;10460;2;2980;0;0;0;0;0;0;0;0;0;0;0;0;0;0;0;0;5;15430;2;2150;5;7500
15.05.2021 04:00;1;1000;0;0;6;15320;14;31960;16;165071;1;380;1;1000;0;0;0;0;0;0;0;0;0;0;2;36130;11;28170;6;13470;7;11688
15.05.2021 05:00;3;3000;3;3000;7;16930;51;187156;14;181320;0;0;3;3000;3;3000;0;0;0;0;1;1950;0;0;11;117075;45;283216;26;113790;18;89460
15.05.2021 06:00;4;3990;4;4000;20;51373;72;257896;30;483340;2;1430;4;3990;4;4000;0;0;0;0;1;1010;0;0;10;171747;56;264650;48;322093;27;65440
15.05.2021 07:00;4;3980;4;4000;22;68520;96;335103;60;781995;1;320;4;4000;4;4000;0;0;0;0;3;3260;5;5220;21;214990;81;486544;50;261493;39;139296
15.05.2021 08:00;5;5000;4;3990;35;143910;180;700347;116;977599;1;260;5;5000;4;3990;0;0;0;0;13;13090;9;9040;28;330766;129;1041925;86;554727;64;247840
15.05.2021 09:00;4;4000;4;4000;38;252250;266;1022252;201;1402795;10;4350;4;3990;4;3980;0;0;0;0;21;21950;12;12060;48;897367;143;1715059;87;1303871;81;507869
15.05.2021 10:00;4;4000;4;4000;58;382800;347;1319797;263;1909657;6;42590;4;4000;4;3990;0;0;0;0;38;42550;10;10040;67;1059831;140;2309003;112;1280727;92;952785
15.05.2021 11:00;4;4000;4;3980;63;391550;308;1479973;289;1942635;1;260;4;3990;4;4000;0;0;0;0;35;38640;12;12115;81;1053475;157;2015610;104;1568235;97;799589
15.05.2021 12:00;4;3990;4;4000;55;487130;408;1555072;262;2169219;3;1420;4;4000;4;4000;0;0;0;0;26;27350;4;4220;76;1188079;132;2636532;111;1963676;120;1086731
15.05.2021 13:00;4;3980;4;3990;68;675084;390;1388659;237;1905947;7;6880;4;4000;4;4000;0;0;0;0;42;48614;8;8130;61;969337;160;2363018;110;1969098;109;1263446
15.05.2021 14:00;4;3990;4;3980;73;748160;386;1495485;272;1991408;5;1820;4;4000;4;3990;0;0;0;0;36;39960;9;9170;80;1237247;152;2549597;105;1792403;97;1103436
15.05.2021 15:00;4;4000;4;3990;54;532795;361;1689543;245;1856595;2;650;4;4000;4;4000;0;0;0;0;28;29430;9;9050;61;1066013;158;2163087;117;1798636;113;1174928
15.05.2021 16:00;4;4000;4;3990;42;305533;313;1150338;197;1782049;2;770;4;3990;4;4000;0;0;0;0;35;37430;11;11040;61;1013734;170;1710027;104;1585321;100;920991
15.05.2021 17:00;4;3990;5;5000;52;349110;308;1285271;216;1733569;3;2390;4;4000;5;5000;0;0;0;0;32;37125;7;7040;81;1151548;136;2010814;99;1167812;132;878669
15.05.2021 18:00;4;3990;4;3990;56;544358;333;1269586;196;1333138;3;1300;4;4000;4;3990;0;0;0;0;26;27640;9;9090;68;1177851;157;1976863;95;1399740;109;1079733
15.05.2021 19:00;4;4000;4;3990;56;506308;289;1145697;174;1483541;4;1220;4;4000;4;3980;0;0;0;0;39;40773;7;7070;59;890466;148;1812962;103;1135489;87;825436
15.05.2021 20:00;2;2000;2;2000;28;220744;235;765139;160;1389151;3;970;2;2000;2;1990;0;0;0;0;25;26350;4;4050;43;458934;160;1180455;78;563684;78;546528
15.05.2021 21:00;2;1990;2;2000;17;170935;251;965273;115;1181402;0;0;2;2000;2;2000;0;0;0;0;21;23240;2;2020;39;469265;151;1596870;96;846322;123;966869
15.05.2021 22:00;2;1990;2;2000;19;55860;141;472491;58;618000;0;0;2;2000;2;2000;0;0;0;0;6;6070;0;0;18;296064;91;782977;50;314867;62;341980
15.05.2021 23:00;2;2000;2;2000;14;21080;45;139250;30;257804;1;320;2;2000;2;1990;0;0;0;0;4;4030;2;2020;6;70815;35;179187;27;133390;30;181500
16.05.2021 00:00;2;2000;2;2000;12;6410;48;93780;16;243555;0;0;2;2000;2;2000;0;0;0;0;2;2440;0;0;10;102672;39;169510;21;76100;16;78739
16.05.2021 01:00;0;0;1;1000;2;43028;27;11860;17;294780;2;43990;0;0;1;990;0;0;0;0;0;0;0;0;2;33160;18;72060;12;28330;12;44070
16.05.2021 02:00;0;0;0;0;2;970;9;4140;5;84390;0;0;0;0;0;0;0;0;0;0;0;0;0;0;2;44080;12;36680;8;25260;11;29280
16.05.2021 03:00;0;0;0;0;1;23850;6;24550;5;72570;0;0;0;0;0;0;0;0;0;0;0;0;0;0;1;20470;5;24865;3;8140;5;16850
16.05.2021 04:00;0;0;0;0;0;0;8;13710;3;53330;0;0;0;0;0;0;0;0;0;0;0;0;0;0;3;73829;9;26690;5;13240;3;9350
16.05.2021 05:00;2;2000;1;1000;7;19941;26;113903;10;138980;0;0;2;2000;1;1000;0;0;0;0;0;0;0;0;5;64521;22;64970;7;22910;10;19770
16.05.2021 06:00;2;2000;2;2000;1;890;27;64240;13;227857;0;0;2;2000;2;2000;0;0;0;0;1;1000;0;0;2;11796;24;56100;16;62510;13;34580
16.05.2021 07:00;2;2000;2;2000;14;118830;25;72000;32;402344;0;0;2;2000;2;2000;0;0;0;0;1;1010;1;1010;12;169468;23;76380;20;108450;11;25810
16.05.2021 08:00;2;1990;2;2000;12;4480;58;241310;66;692177;1;260;2;2000;2;2000;0;0;0;0;22;24520;1;1020;24;280455;49;309290;31;150112;22;54170
16.05.2021 09:00;2;1990;2;2056;18;214330;146;465649;77;867590;2;710;2;2000;2;1990;0;0;0;0;5;5130;2;2040;39;432591;95;699276;69;442840;55;248386
16.05.2021 10:00;2;2000;2;2000;22;120380;171;814134;129;1126866;4;18050;2;2000;2;2000;0;0;0;0;10;10340;5;5060;34;325027;133;882483;64;473874;54;280011
16.05.2021 11:00;2;1990;2;2000;32;215350;239;902470;151;1028321;5;2010;2;2000;2;2000;0;0;0;0;16;18410;2;2030;40;509500;137;1223825;97;796230;75;363683
16.05.2021 12:00;3;3000;3;2990;33;180740;259;960159;168;1333831;3;1040;3;2990;3;3000;0;0;0;0;14;14290;4;4050;46;441945;166;1325723;101;761011;104;629455
16.05.2021 13:00;4;4000;4;4000;40;443411;274;1057241;190;1389872;1;190;4;4000;4;4000;0;0;0;0;16;19470;4;4810;30;522550;179;1474867;93;1068486;94;604183
16.05.2021 14:00;4;4000;4;3980;54;311630;316;950139;222;1518510;4;13280;4;3990;4;4000;0;0;0;0;22;24510;9;9130;57;647944;172;1714122;130;1236246;102;674863
16.05.2021 15:00;4;4042;4;3990;29;271693;279;1216704;206;1480098;4;3440;4;4000;4;4000;0;0;0;0;19;20089;15;15300;41;479570;167;1695139;95;911543;92;714205
16.05.2021 16:00;4;4000;4;4000;38;152496;315;1188978;187;1404916;5;34380;4;4000;4;4000;0;0;0;0;25;26720;4;4050;51;627282;186;1753866;113;790805;90;442824
16.05.2021 17:00;4;4000;4;4000;53;448067;337;1300930;199;1422918;3;16520;4;4000;4;3990;0;0;0;0;28;30590;10;10150;46;637890;204;1949163;120;1254610;91;614741
16.05.2021 18:00;4;3990;4;3980;53;351136;311;1359496;249;1809225;7;10150;4;4000;4;4000;0;0;0;0;27;28080;8;8390;66;459849;178;1833329;117;1168031;103;679002
16.05.2021 19:00;2;2000;2;2055;33;183510;277;1264205;169;1212345;4;1570;2;2000;2;2000;0;0;0;0;18;26540;0;0;47;486457;150;1611320;102;1037354;115;645477
16.05.2021 20:00;2;2000;2;2000;33;213290;208;669420;121;996537;1;1030;2;1980;2;2000;0;0;0;0;10;10180;3;3030;34;471146;124;1034685;64;477454;97;534846
16.05.2021 21:00;2;2000;2;2000;21;99016;163;419830;98;874016;0;0;2;2000;2;2000;0;0;0;0;7;7450;4;4040;26;271870;113;872086;72;538630;74;400535
16.05.2021 22:00;2;2000;2;2000;10;54560;93;346189;33;491793;0;0;2;2000;2;2000;0;0;0;0;7;7310;0;0;13;127100;77;446319;53;497214;55;342556
16.05.2021 23:00;2;2000;2;2000;10;5820;38;122065;24;272230;0;0;2;2000;2;2000;0;0;0;0;2;2010;0;0;11;154520;34;163680;17;74527;19;91300
17.05.2021 00:00;2;2000;2;2000;9;20450;23;20990;8;96950;0;0;2;2000;2;2000;0;0;0;0;0;0;0;0;5;81760;19;73770;5;18600;13;66830
17.05.2021 01:00;0;0;1;1000;2;51290;11;5850;7;83760;1;18200;0;0;1;1000;0;0;0;0;1;1000;0;0;0;0;12;41470;1;3600;5;17190
17.05.2021 02:00;0;0;0;0;1;3000;12;6840;4;70146;1;2520;0;0;0;0;0;0;0;0;0;0;0;0;3;36734;10;49899;1;3830;3;9370
17.05.2021 03:00;0;0;0;0;0;0;16;10890;7;177242;0;0;0;0;0;0;0;0;0;0;0;0;0;0;0;0;11;51878;3;6800;7;23100
17.05.2021 04:00;1;1000;0;0;6;51050;24;59950;10;155331;2;29510;1;1000;0;0;0;0;0;0;0;0;0;0;3;29790;19;93080;8;26910;12;59480
17.05.2021 05:00;3;3000;3;3000;14;38140;158;407170;44;657027;1;520;3;3000;3;3000;0;0;0;0;1;1000;0;0;6;93410;93;940160;43;274490;32;182294
17.05.2021 06:00;4;4000;4;4000;34;188798;418;996655;102;1151706;0;0;4;3990;4;3990;0;0;0;0;1;1010;2;2020;33;481431;165;1860295;79;1036397;76;435830
17.05.2021 07:00;6;5990;5;4990;76;502890;521;1712552;311;2417338;13;175122;6;6000;5;5000;0;0;0;0;18;18570;8;8080;67;1003042;147;3062280;97;1786124;102;1051711
17.05.2021 08:00;9;9000;8;7990;77;486370;555;2018545;356;2328133;4;1880;9;8990;8;7990;0;0;0;0;22;23880;11;11140;67;1311114;136;3273208;84;1948602;99;1145734
17.05.2021 09:00;3;2990;4;4000;87;525531;442;1691219;311;2277430;5;2250;3;3000;4;4000;0;0;0;0;31;33260;10;10160;90;1401125;153;2829774;94;1787837;102;1194027
17.05.2021 10:00;6;5990;5;5000;84;714572;379;1564547;281;1970895;9;88710;6;5990;5;5000;0;0;0;0;37;40040;10;10150;95;1603963;160;2651799;105;1844656;113;966553
17.05.2021 11:00;3;3000;5;5000;90;726553;364;1688419;289;1896739;8;44506;4;4000;5;5000;0;0;0;0;38;40770;11;11150;94;1457875;151;2445271;95;2130030;100;965629
17.05.2021 12:00;6;5990;5;5000;87;765286;358;1591745;288;2252695;11;50830;5;4990;5;5000;0;0;0;0;25;28710;6;6060;88;1315322;142;2593792;117;2015157;119;838344
17.05.2021 13:00;8;7990;7;7000;77;662289;414;1785097;316;2335894;13;46973;8;8000;7;7000;0;0;0;0;28;29383;18;18560;91;1528799;151;2730818;120;1782037;119;953334
17.05.2021 14:00;5;4990;7;7000;95;812160;409;1753473;281;2040604;6;2860;5;5000;7;6990;0;0;0;0;28;29962;12;12130;104;1607692;162;2666467;114;2014002;114;1293359
17.05.2021 15:00;4;3990;3;3057;78;481229;485;1683669;293;2123066;8;84680;4;4000;3;3000;0;0;0;0;41;45303;13;13160;90;1372922;189;2838188;123;2174539;125;1213212
17.05.2021 16:00;4;4000;5;5000;89;720569;506;1501360;303;2579413;5;66600;4;3990;5;5000;0;0;0;0;37;44230;13;13130;94;1256812;230;2774313;125;2296102;135;1573304
17.05.2021 17:00;4;3990;4;4000;92;882675;488;1537231;300;2460624;8;54020;4;4000;4;4000;0;0;0;0;42;45220;16;16620;97;1371716;229;2398206;122;2396237;145;1422041
17.05.2021 18:00;4;4000;4;3990;72;693959;412;1409227;250;2239297;4;1290;4;3990;4;4000;0;0;0;0;34;38088;9;9100;94;1708068;206;2063488;117;2052295;99;1697767
17.05.2021 19:00;5;5000;3;2990;48;444046;300;919986;182;1828515;3;840;5;5000;4;3990;0;0;0;0;33;34820;7;7060;57;965725;190;1183519;112;1529949;100;1121242
17.05.2021 20:00;3;3036;5;5000;40;306274;212;1027151;128;1223161;0;0;3;3000;4;4000;0;0;0;0;26;27160;9;9090;33;452176;128;1324413;83;1107445;73;725900
17.05.2021 21:00;2;2000;2;2000;16;92540;179;674314;91;835592;0;0;2;2000;2;2000;0;0;0;0;12;12230;4;4030;31;432024;111;912080;81;542516;96;646647
17.05.2021 22:00;2;2000;2;2000;15;157110;131;429363;61;590458;0;0;2;2000;2;1990;0;0;0;0;8;8360;1;1010;28;239050;95;648624;42;462365;52;327674
17.05.2021 23:00;2;2000;2;2000;8;10240;40;123988;32;447518;0;0;2;1990;2;2000;0;0;0;0;6;6040;1;1010;9;79270;40;190440;22;69090;21;97380
18.05.2021 00:00;2;2000;2;2000;12;73755;34;103870;10;247340;0;0;2;2000;2;1990;0;0;0;0;0;0;0;0;3;25466;20;90600;10;37170;11;42150
18.05.2021 01:00;0;0;1;1000;1;240;9;24350;9;113500;0;0;0;0;1;1000;0;0;0;0;0;0;0;0;2;59300;5;20040;4;8290;1;3830
18.05.2021 02:00;0;0;0;0;1;490;11;6320;6;73290;3;28240;0;0;0;0;0;0;0;0;0;0;0;0;3;22110;9;29050;3;10060;0;0
18.05.2021 03:00;0;0;0;0;0;0;16;8870;2;10530;1;8260;0;0;0;0;0;0;0;0;0;0;0;0;1;2060;16;54060;3;6160;5;14050
18.05.2021 04:00;1;1000;0;0;3;1060;20;37534;12;179810;2;17240;1;1000;0;0;0;0;0;0;0;0;0;0;6;48760;17;57930;7;20800;13;38870
18.05.2021 05:00;3;2990;3;3000;9;26460;165;393740;39;506756;0;0;3;3000;3;3000;0;0;0;0;0;0;0;0;11;92460;113;716327;28;180430;21;102630
18.05.2021 06:00;4;3990;4;3990;34;235243;380;945331;116;1493373;4;1480;4;3990;4;4000;0;0;0;0;7;12610;4;4040;33;515306;185;1718956;89;1064965;76;530658
18.05.2021 07:00;7;6990;5;4990;80;595795;571;1655883;321;2259176;10;102828;7;7000;6;6000;0;0;0;0;35;42290;13;13120;72;1312130;173;3119517;90;1811338;100;1221463
18.05.2021 08:00;8;7980;8;7970;85;700949;562;1828147;316;2469843;7;5100;8;8000;8;8000;0;0;0;0;34;37273;8;8070;75;1381244;139;3301510;90;2048762;105;1281713
18.05.2021 09:00;4;4000;4;3990;65;628501;442;1681119;306;2188124;4;2580;4;4000;4;4000;0;0;0;0;32;33770;12;12250;79;1218848;173;2676357;94;1656214;101;947728
18.05.2021 10:00;4;4000;5;5000;71;506447;385;1591786;323;2186153;6;2210;4;4000;4;4000;0;0;0;0;27;27440;19;20390;86;1328785;158;2429499;117;1817244;134;996394
18.05.2021 11:00;4;4000;3;3000;91;932710;387;1766771;293;2015566;5;3670;4;4000;4;3990;0;0;0;0;46;49912;10;10140;99;1622032;159;2548993;130;1536453;157;1496580
18.05.2021 12:00;5;5000;5;5000;90;728835;395;1648556;318;2073401;16;105210;5;4990;5;4990;0;0;0;0;37;39210;11;11150;104;1458614;150;2624281;107;1822772;124;1055272
18.05.2021 13:00;8;8000;8;8000;89;825365;382;1811308;308;2214056;10;47340;8;7980;7;7000;0;0;0;0;68;71940;22;22240;84;1327580;157;2620685;113;2208521;132;1352718
18.05.2021 14:00;5;5000;6;5990;83;530055;406;1617054;316;2063138;10;44896;5;5036;6;6000;0;0;0;0;40;43920;13;13140;99;1581113;155;2632225;106;2058664;112;1516233
18.05.2021 15:00;4;4000;4;4000;105;1018000;491;1574649;342;2340549;8;2910;4;4000;5;5000;0;0;0;0;65;71570;14;14560;85;1260765;220;2675609;135;2094672;147;1382423
18.05.2021 16:00;4;4000;5;5000;107;828500;517;1697066;330;2718911;11;5380;4;4047;4;3980;0;0;0;0;38;39720;12;12100;98;1233706;197;2761047;115;2229162;123;1823030
18.05.2021 17:00;4;4000;4;4000;100;795664;494;1455975;312;2410311;15;9510;4;3990;4;4000;0;0;0;0;37;39090;13;13100;108;1869669;252;2374329;117;2470179;137;1710261
18.05.2021 18:00;4;4000;3;3000;90;706773;426;1326778;257;2186456;8;4100;4;4000;4;4000;0;0;0;0;42;44680;12;12270;97;1653525;218;2240411;131;2100154;134;1693711
18.05.2021 19:00;5;5000;5;5000;54;488607;349;893465;185;1931811;4;3100;5;4990;4;4000;0;0;0;0;29;31140;10;10100;69;1194470;209;1416419;102;1682602;111;984845
18.05.2021 20:00;3;2990;4;4000;37;275378;230;975047;133;976074;1;330;3;3000;4;4000;0;0;0;0;13;16400;4;4050;47;601455;114;1254653;94;829080;92;633420
18.05.2021 21:00;2;2000;2;2057;23;230127;189;541623;97;807742;1;770;2;2000;2;1990;0;0;0;0;14;15760;4;4020;40;570824;135;1030458;71;418124;71;231870
18.05.2021 22:00;2;2000;2;2000;17;101084;128;483897;58;609065;2;520;2;1990;2;2000;0;0;0;0;8;8820;1;1260;25;209531;99;594929;75;237347;41;145210
18.05.2021 23:00;2;2000;2;2000;12;24540;65;161250;22;317866;1;1230;2;1990;2;2053;0;0;0;0;1;1050;1;1010;13;161107;56;237374;25;69710;17;43600
19.05.2021 00:00;2;1990;2;2000;7;5290;25;29850;9;152563;0;0;2;2000;2;2000;0;0;0;0;1;1000;0;0;5;68830;22;76840;10;29530;16;44270
19.05.2021 01:00;0;0;1;1000;1;46990;14;29950;12;269349;1;18580;0;0;1;1000;0;0;0;0;1;1010;1;1020;0;0;13;42650;7;9590;8;18640
19.05.2021 02:00;0;0;0;0;3;15730;14;7570;4;102920;0;0;0;0;0;0;0;0;0;0;1;1000;0;0;2;48110;14;36190;2;3270;5;9800
19.05.2021 03:00;0;0;0;0;1;240;15;19340;4;55250;0;0;0;0;0;0;0;0;0;0;1;1000;0;0;1;41250;14;52820;1;1520;3;8720
19.05.2021 04:00;1;1000;0;0;5;2030;20;19534;10;189454;1;28200;1;1000;0;0;0;0;0;0;0;0;0;0;5;93952;18;61610;13;30400;10;24940
19.05.2021 05:00;3;3000;3;3000;16;72080;149;403240;36;482900;0;0;3;3000;3;3000;0;0;0;0;0;0;0;0;12;110480;105;694332;29;105570;23;79290
19.05.2021 06:00;4;4000;4;3990;34;371510;362;788855;101;1177607;2;1170;4;3980;4;3990;0;0;0;0;4;6630;1;1020;30;649420;183;1586413;86;932783;67;393995
19.05.2021 07:00;7;7000;5;4990;70;586881;511;1779577;287;2159040;10;6090;7;6980;5;4990;0;0;0;0;28;62725;12;12510;73;1103540;184;3023747;89;1840373;91;1076645
19.05.2021 08:00;7;6990;8;8000;92;616020;505;1894601;322;2244583;6;50990;8;7990;9;9000;0;0;0;0;30;31650;9;9365;95;1422935;160;3223355;90;1884467;105;1079762
19.05.2021 09:00;4;4000;4;4000;63;702272;456;1186712;277;1995436;7;3250;4;3990;4;4000;0;0;0;0;35;36880;6;6610;70;1461754;173;2513134;97;1666076;107;939862
19.05.2021 10:00;5;5000;4;4000;80;586421;386;1520775;301;2032261;6;3700;4;3990;4;4000;0;0;0;0;34;36680;14;14190;88;1284381;157;2677243;154;1646767;112;1138621
19.05.2021 11:00;4;3990;4;4000;78;464700;341;1553730;343;2223917;10;4080;4;3990;4;3990;0;0;0;0;38;39530;10;10110;88;1099297;148;2575000;118;1587135;106;1024152
19.05.2021 12:00;4;4000;5;4990;89;549072;355;1807654;348;2248062;13;8890;4;4000;4;4000;0;0;0;0;42;46292;10;10110;104;1423914;157;2552086;133;2120235;112;1428798
19.05.2021 13:00;8;8000;8;8000;79;718006;428;1732538;312;2346511;11;31720;8;8000;9;9000;0;0;0;0;42;46434;23;23210;92;1465448;149;2843480;133;2080451;116;1243449
19.05.2021 14:00;5;4980;7;6990;84;763700;391;1515017;299;2186878;7;2460;5;5000;6;6000;0;0;0;0;29;32355;15;15110;89;1384390;185;2490229;115;2138196;118;1254102
19.05.2021 15:00;4;4000;4;3990;89;764594;440;1411118;331;2449956;6;2210;4;3990;4;4000;0;0;0;0;53;57445;30;32460;118;1639091;214;2406683;130;2193951;146;1316161
19.05.2021 16:00;4;4000;3;3000;99;783658;467;1330243;315;2493186;10;33540;4;3980;4;4000;0;0;0;0;31;32160;7;7040;87;1240214;239;2346850;118;2081383;132;1468093
19.05.2021 17:00;4;4000;5;4990;108;667350;477;1655482;278;2319841;6;11690;4;4000;4;3990;0;0;0;0;42;45965;13;13070;95;1455855;259;2427331;122;2503515;120;1603199
19.05.2021 18:00;4;4000;4;4000;102;758921;427;1422708;268;2218703;6;3770;4;3980;4;4000;0;0;0;0;38;40890;15;15140;116;1692913;233;2322617;115;1943740;121;1160405
19.05.2021 19:00;5;4980;3;2990;69;450310;352;1022069;212;1956969;1;190;5;4990;4;4000;0;0;0;0;51;67089;6;6050;78;1423726;208;1398884;109;1490956;97;930280
19.05.2021 20:00;3;3000;5;4980;40;294646;220;917973;145;1061468;1;1560;3;3000;4;3990;0;0;0;0;31;33050;5;5030;43;663129;144;1353292;77;553774;90;500880
19.05.2021 21:00;2;1990;2;1990;25;166468;179;813909;128;1059060;1;190;2;2000;2;2000;0;0;0;0;19;19748;3;3020;44;491672;115;941924;82;387320;75;385030
19.05.2021 22:00;2;1990;2;2000;14;84760;135;583269;68;632326;1;520;2;2000;2;2000;0;0;0;0;10;10080;1;1000;23;252890;98;717436;70;381584;45;243462
19.05.2021 23:00;2;2000;2;2038;9;21088;64;228780;43;450480;0;0;2;1990;2;1990;0;0;0;0;3;3820;2;2000;16;137234;53;298032;31;115990;34;171000
20.05.2021 00:00;2;2000;2;1990;6;20940;25;30850;21;304685;1;2070;2;1990;2;2000;0;0;0;0;2;2110;1;1000;7;85130;24;107230;8;23240;10;42168
20.05.2021 01:00;0;0;1;1000;2;5120;19;33340;12;115259;1;42190;0;0;1;1000;0;0;0;0;0;0;0;0;4;33290;17;62310;6;14460;4;3980
20.05.2021 02:00;0;0;0;0;3;1380;12;7020;6;67380;0;0;0;0;0;0;0;0;0;0;0;0;0;0;1;30120;10;38430;5;18950;5;11090
20.05.2021 03:00;0;0;0;0;0;0;18;10470;3;48930;0;0;0;0;0;0;0;0;0;0;0;0;0;0;0;0;19;62440;2;1370;2;6540
20.05.2021 04:00;1;990;0;0;6;42120;19;9200;10;137520;1;15100;1;1000;0;0;0;0;0;0;0;0;0;0;5;70453;17;54255;9;24930;13;42174
20.05.2021 05:00;3;3000;3;3000;15;38890;133;379750;46;658480;0;0;3;3000;3;3000;0;0;0;0;1;2260;0;0;10;84930;91;666837;30;204423;23;88780
20.05.2021 06:00;4;3970;3;2990;26;219800;361;972704;101;1174623;3;960;4;4000;4;4000;0;0;0;0;5;5450;4;4020;28;498025;171;1666848;117;956293;48;384229
20.05.2021 07:00;7;6990;6;6000;72;619086;545;1686824;298;2305655;9;30090;7;7000;5;5000;0;0;0;0;33;41150;13;13290;72;1151456;184;3055144;83;1741571;97;1040584
20.05.2021 08:00;8;8000;9;9000;82;632200;498;1580455;323;2227115;11;5040;8;8000;9;8990;0;0;0;0;25;25490;6;6020;71;1258041;185;3130557;94;1916817;98;1248930
20.05.2021 09:00;3;2990;3;3056;57;415818;475;1570796;310;2256667;8;3620;3;3000;4;3980;0;0;0;0;29;30410;13;13480;58;945322;186;2743010;99;1691332;103;975915
20.05.2021 10:00;6;6000;4;3990;73;608913;408;1591708;314;2226259;7;108935;6;5980;4;4000;0;0;0;0;23;30790;10;10030;74;1142107;137;2782908;108;1948720;117;1190651
20.05.2021 11:00;4;3990;6;6000;93;727687;382;1560295;305;2299660;7;3180;4;3990;5;4990;0;0;0;0;43;46340;13;13100;99;1347516;161;2547677;119;1956995;111;1417806
20.05.2021 12:00;5;4970;4;4042;93;929308;376;1761482;357;2467617;8;40790;5;5000;5;5000;0;0;1;1410;39;41840;10;10040;142;1750583;163;2562295;111;2138192;116;1411379
20.05.2021 13:00;8;8000;8;7990;96;755573;399;1859347;343;2399086;13;7960;8;7990;7;7000;0;0;0;0;43;49980;34;34710;103;1552703;153;2845996;106;2256885;126;1437147
20.05.2021 14:00;5;5000;6;5980;73;602275;405;1747232;295;2067599;4;2580;5;4990;7;6970;0;0;0;0;55;58100;16;16220;105;1605367;181;2531990;121;2047859;134;1317318
20.05.2021 15:00;4;4000;5;4990;86;760356;451;1588249;339;2597343;12;59550;4;3980;4;4010;0;0;0;0;53;66237;26;26350;95;1674555;227;2608949;138;2188445;143;1422483
20.05.2021 16:00;4;4000;4;3990;114;970509;476;1706991;326;2313749;6;2650;4;3990;4;3990;0;0;0;0;47;52100;16;16070;103;1449582;252;2613701;124;2432177;140;1477010
20.05.2021 17:00;4;3990;4;4000;100;560470;486;1829206;336;2376059;17;76880;4;4000;4;4000;0;0;0;0;40;42600;16;16790;95;1405733;223;2830657;118;2205387;122;1480953
20.05.2021 18:00;4;4000;4;3990;115;973914;452;1368211;321;2452983;8;52400;4;4000;4;3980;0;0;0;0;35;37312;12;12180;96;1411125;234;2232949;130;1973469;138;1353121
20.05.2021 19:00;5;5000;4;3990;61;598232;364;1227086;205;2228760;5;3630;5;4980;4;4000;0;0;0;0;42;44670;11;11090;91;1171913;198;1823649;115;1515436;118;1136159
20.05.2021 20:00;3;2990;3;2990;42;349564;228;942667;140;1102224;2;1160;3;3000;3;3000;0;0;0;0;17;17780;11;11040;55;778538;145;1232203;101;916654;83;441110
20.05.2021 21:00;2;2000;3;3000;19;87240;193;596506;103;880480;1;130;2;1990;3;3000;0;0;0;0;18;18870;6;6010;21;247910;135;981448;102;597146;92;502396
20.05.2021 22:00;2;2000;2;2000;13;85373;132;432226;58;599010;0;0;2;2000;2;2000;0;0;0;0;11;11400;5;5730;24;337490;103;516775;72;241135;48;202053
20.05.2021 23:00;2;2000;2;2000;8;61440;64;200813;32;365216;2;18500;2;1990;2;2000;0;0;0;0;1;1010;3;3160;9;187080;59;324910;29;55460;27;66940
21.05.2021 00:00;2;2000;2;2000;6;21170;33;119505;17;218260;0;0;2;2000;2;1990;0;0;0;0;1;1000;0;0;6;88160;25;93110;17;39210;21;51130
21.05.2021 01:00;0;0;1;1000;1;570;22;32910;7;97450;0;0;0;0;1;1000;0;0;0;0;0;0;0;0;2;56440;17;74190;7;14905;7;21660
21.05.2021 02:00;0;0;0;0;1;1540;17;12510;9;95862;0;0;0;0;0;0;0;0;0;0;2;2010;0;0;4;54820;14;53210;6;8030;6;14070
21.05.2021 03:00;0;0;0;0;0;0;17;13850;5;79910;1;320;0;0;0;0;0;0;0;0;0;0;0;0;1;42610;16;55810;4;9720;6;12090
21.05.2021 04:00;1;990;0;0;6;12957;25;70780;13;226970;0;0;1;1000;0;0;0;0;0;0;0;0;0;0;3;25819;23;87899;9;22260;7;18670
21.05.2021 05:00;3;2990;3;3000;7;26950;132;307614;38;417010;1;520;3;3000;3;3000;0;0;0;0;2;2010;1;1010;11;232103;101;586036;35;196310;18;72190
21.05.2021 06:00;4;4000;4;4000;25;242170;363;658379;88;1285872;6;3110;4;4000;4;4000;0;0;0;0;4;4880;1;1010;30;530812;184;1518235;79;938209;61;387230
21.05.2021 07:00;7;7000;6;5990;60;656484;491;1597083;279;2225324;10;55810;7;6990;6;5990;0;0;0;0;29;41330;13;13040;69;1090373;197;2795467;98;1846912;97;1042148
21.05.2021 08:00;8;8000;7;6990;72;625283;473;1602446;296;2192971;2;36830;8;7980;7;6990;0;0;0;0;41;42480;13;13110;73;1105884;146;2875573;84;1777782;100;984720
21.05.2021 09:00;4;4000;5;4990;61;526890;450;1738170;288;2341849;7;4010;4;3990;5;5000;0;0;0;0;35;37440;11;11115;84;1192759;194;2623541;103;1867802;114;1160229
21.05.2021 10:00;4;3990;3;3000;87;716678;381;1654247;328;2280849;9;4780;4;4000;4;3990;0;0;0;0;32;36895;13;13060;81;1264724;160;2501623;108;1914224;109;1195782
21.05.2021 11:00;4;3990;4;4000;75;727814;430;1759728;306;2112027;15;7420;4;4000;4;3990;0;0;0;0;41;50860;10;10190;110;1383214;168;2737544;122;1908672;116;1188130
21.05.2021 12:00;5;4990;6;6000;112;753160;418;1584468;322;2375902;8;4350;5;5000;5;5000;0;0;0;0;34;35150;12;12050;106;1600711;175;2713909;101;2605502;118;1564421
21.05.2021 13:00;8;7990;8;8000;90;719837;485;1922028;332;2554391;7;78072;8;7990;8;7990;0;0;0;0;31;35536;35;39479;96;1686452;194;2841704;113;2344666;139;1659626
21.05.2021 14:00;5;4980;6;5350;100;782420;487;1390561;302;2456669;7;2520;5;4990;6;6000;0;0;0;0;33;37150;9;9200;95;1593308;237;2430634;143;2229675;145;1565412
21.05.2021 15:00;4;3990;3;3640;96;469066;483;1399627;318;2511275;11;5080;4;4000;3;2990;0;0;0;0;38;41380;19;19360;85;1444837;244;2447718;124;2192718;155;1647313
21.05.2021 16:00;4;3990;5;4750;82;572138;501;1530750;265;2243029;3;1370;4;4000;5;4990;0;0;0;0;41;45450;29;31369;87;1207096;235;2429008;131;2123507;135;1513284
21.05.2021 17:00;4;3990;3;3240;88;737387;456;1831328;301;2446532;7;3430;4;4000;3;3000;0;0;0;0;39;42540;11;11040;106;1470832;227;2529856;128;2194950;138;1590770
21.05.2021 18:00;4;4000;5;5000;73;769593;426;1438498;277;2195302;7;64980;4;4000;5;4990;0;0;0;0;54;58900;15;15470;90;1460110;201;2415367;109;1914157;128;1306883
21.05.2021 19:00;5;5000;4;4000;76;564914;345;1123453;212;1968814;1;44610;5;4990;4;4000;0;0;0;0;32;37590;8;9010;76;1177193;185;1822005;101;1671423;99;1144699
21.05.2021 20:00;3;2990;4;4054;49;301699;282;1062057;122;1094500;3;41680;3;3000;4;4000;0;0;0;0;52;53230;4;4010;64;958959;155;1659519;82;793820;105;686900
21.05.2021 21:00;2;2000;2;2000;34;297860;212;862430;125;924991;2;1620;2;2000;2;2000;0;0;0;0;24;25770;8;8060;44;509045;144;1365403;82;642710;80;538983
21.05.2021 22:00;2;2000;2;1990;27;189310;192;829276;72;691119;1;840;2;1990;2;2000;0;0;0;0;11;12180;6;6030;26;334519;128;1078551;88;500650;79;332458
21.05.2021 23:00;2;2000;2;1990;15;117050;116;377146;58;577596;4;46690;2;2000;2;2000;0;0;0;0;7;7250;1;1000;16;219327;84;479734;47;111700;52;160110
22.05.2021 00:00;2;2000;2;2000;17;38370;63;239826;44;426653;2;1110;2;2000;2;2000;0;0;0;0;6;7240;0;0;20;164810;45;210696;28;73460;26;80156
22.05.2021 01:00;0;0;1;1000;4;59675;50;139690;24;345560;1;15856;0;0;1;1000;0;0;0;0;1;1000;1;1000;1;7030;40;168273;19;65950;23;86730
22.05.2021 02:00;0;0;0;0;4;5520;28;42030;9;105490;1;22560;0;0;0;0;0;0;0;0;1;1060;0;0;0;0;24;95650;10;46160;15;64100
22.05.2021 03:00;0;0;0;0;1;560;25;108390;11;263433;0;0;0;0;0;0;0;0;0;0;0;0;0;0;2;1840;20;81450;10;36950;13;83770
22.05.2021 04:00;1;1000;0;0;7;64567;22;40090;18;236700;2;2710;1;990;0;0;0;0;0;0;0;0;1;1000;6;77730;17;72690;8;26720;7;31264
22.05.2021 05:00;3;2990;3;3000;13;54310;58;42150;16;319440;0;0;3;2990;3;2980;0;0;0;0;0;0;1;1000;10;142580;45;160420;19;125860;20;71270
22.05.2021 06:00;4;4000;4;4000;15;55130;94;233092;23;294221;1;1160;4;4032;4;3990;0;0;0;0;2;2420;2;2010;8;122670;89;258808;53;352561;29;116212
22.05.2021 07:00;4;3990;4;4000;16;73740;122;351754;68;595670;1;4440;4;4000;4;3990;0;0;0;0;12;12600;1;1000;21;318750;94;662781;56;285484;35;135900
22.05.2021 08:00;5;4990;4;3990;37;194313;227;709910;143;1097788;0;0;5;5000;4;4053;0;0;0;0;17;17790;10;10360;29;445263;138;1117357;71;628495;65;361520
22.05.2021 09:00;4;3990;4;3990;38;365170;292;1140181;223;1702128;1;190;4;4000;4;4000;0;0;0;0;30;34340;7;7020;48;646471;149;1898412;81;1101966;92;976895
22.05.2021 10:00;4;3990;4;4000;55;383290;365;1687993;285;1932283;5;3230;4;3990;4;4000;0;0;0;0;40;45150;10;10040;64;852580;154;2322095;117;1421975;115;1025213
22.05.2021 11:00;4;4000;4;3980;79;505683;373;1393091;292;2161145;7;52143;4;3990;4;3990;0;0;0;0;48;50915;10;10560;88;1053201;150;2515087;118;1567960;128;1263730
22.05.2021 12:00;4;4000;4;4000;69;523276;389;1386060;295;2025531;9;37880;4;4000;4;3970;0;0;0;0;37;40610;6;6170;83;1165575;175;2332557;112;2007594;122;1226616
22.05.2021 13:00;4;3990;4;3980;92;799895;402;1391250;252;2007328;6;26100;4;4000;4;3990;0;0;0;0;36;38760;12;12140;82;1578924;171;2500974;124;1866281;132;1399783
22.05.2021 14:00;4;3990;4;4000;82;607045;414;1482875;241;1931346;5;42620;4;4000;4;3980;0;0;0;0;41;44300;8;8240;81;1256685;162;2536066;119;1537435;136;1238970
22.05.2021 15:00;4;4000;4;3990;62;570631;361;1329808;225;1658298;3;1040;4;4000;4;4000;0;0;0;0;48;52116;10;10040;68;1032168;167;2308403;129;1775526;125;1128323
22.05.2021 16:00;4;3980;4;4000;52;392191;354;1348433;192;1681855;1;130;4;4000;4;4000;0;0;0;0;40;40864;12;12150;65;1113236;161;2136986;127;1578606;116;1113395
22.05.2021 17:00;4;3990;5;5056;69;649334;320;1498982;206;1472934;3;1550;4;3990;5;5000;0;0;0;0;41;44560;9;9280;72;1235680;168;1830018;124;1390067;135;1058528
22.05.2021 18:00;4;4000;4;4000;65;541774;354;1325218;171;1394762;2;14720;4;4000;4;3990;0;0;0;0;41;42950;8;8010;71;1213270;172;2107534;115;1567187;113;1143582
22.05.2021 19:00;4;4000;4;3990;40;406995;331;1096016;175;1295874;1;320;4;4000;4;4000;0;0;0;0;45;48406;10;10430;75;1094684;161;1806108;96;1332498;118;1069754
22.05.2021 20:00;2;2000;2;2000;41;225500;273;1074953;150;1119121;2;650;2;2000;2;2000;0;0;0;0;45;46309;7;7340;40;539239;171;1330455;85;707469;101;581354
22.05.2021 21:00;2;2000;2;2000;35;215847;218;1000454;103;915463;2;380;2;2000;2;1990;0;0;0;0;16;17930;6;6020;35;584750;142;1251008;88;438886;87;474825
22.05.2021 22:00;2;2000;2;2000;16;255544;216;746161;78;587250;3;1480;2;1990;2;2000;0;0;0;0;9;9460;6;6010;32;338395;142;1290456;77;348690;78;463570
22.05.2021 23:00;2;2000;2;2000;16;72620;118;299840;62;802444;0;0;2;2000;2;2000;0;0;0;0;5;5030;0;0;23;267722;87;566780;38;268412;45;300408
23.05.2021 00:00;2;2000;2;2000;9;70480;61;220613;48;569624;0;0;2;2000;2;2000;0;0;0;0;0;0;0;0;12;191855;56;281239;36;106630;24;117300
23.05.2021 01:00;0;0;1;1000;14;107460;50;193955;32;416840;2;48850;0;0;1;1000;0;0;0;0;1;1950;2;2010;6;60660;48;218130;30;102171;20;60601
23.05.2021 02:00;0;0;0;0;4;3510;28;70940;17;208484;0;0;0;0;0;0;0;0;0;0;1;1010;0;0;3;40580;29;90700;5;23090;8;29400
23.05.2021 03:00;0;0;0;0;2;18630;22;11640;7;117880;0;0;0;0;0;0;0;0;0;0;1;1000;0;0;2;2560;21;58180;2;6480;8;23170
23.05.2021 04:00;0;0;0;0;0;0;14;17290;3;4270;1;1610;0;0;0;0;0;0;0;0;0;0;0;0;2;51300;9;22970;2;2480;11;31760
23.05.2021 05:00;2;2000;1;1000;5;9620;24;21610;8;120590;1;14630;2;2000;1;1000;0;0;0;0;0;0;0;0;5;75696;24;60840;8;20990;14;30720
23.05.2021 06:00;2;2000;2;2000;6;37790;41;146390;11;207635;0;0;2;2000;2;2000;0;0;0;0;2;2020;1;1010;3;37170;38;101940;15;59090;4;10380
23.05.2021 07:00;2;2000;2;2000;9;61770;36;96410;20;265023;0;0;2;2000;2;2000;0;0;0;0;0;0;0;0;6;133770;37;112540;16;57980;11;31790
23.05.2021 08:00;2;2000;2;1990;12;31180;87;323680;46;448106;0;0;2;2000;2;2000;0;0;0;0;12;12880;2;2010;7;74035;66;278794;33;199325;24;110465
23.05.2021 09:00;2;2000;2;2000;21;176694;171;696707;125;940565;1;15080;2;1990;2;2000;0;0;0;0;6;6937;5;5010;32;402940;157;878543;74;495575;72;306606
23.05.2021 10:00;2;1990;2;2000;32;165747;218;845270;150;1184986;3;22760;2;2000;2;2000;0;0;0;0;13;15370;3;3030;32;275463;131;1294471;103;758844;96;495900
23.05.2021 11:00;2;2000;2;2000;35;221910;291;787889;140;1146141;3;850;2;2000;2;2000;0;0;0;0;21;24150;7;7100;40;581969;172;1452502;113;892816;110;608420
23.05.2021 12:00;3;3000;3;3000;35;136350;293;1185325;165;1380201;3;840;3;3000;3;3000;0;0;0;0;25;27870;6;6040;53;519390;167;1630524;109;912922;127;854340
23.05.2021 13:00;4;4000;4;4000;46;281000;315;1063101;186;1370137;4;34390;4;3990;4;4000;0;0;0;0;25;25820;6;6040;44;516330;174;1561165;105;913783;110;784047
23.05.2021 14:00;4;3990;4;4000;63;456534;364;1281020;197;1600486;1;260;4;3990;4;4000;0;0;0;0;25;26269;7;7860;69;895327;190;1993824;118;1157021;126;939422
23.05.2021 15:00;4;4000;4;4000;58;381717;306;981108;205;1241220;4;1230;4;4000;4;3990;0;0;0;0;32;32360;9;9130;55;633208;215;1640042;101;913358;111;668987
23.05.2021 16:00;4;4000;4;3990;43;238934;309;1107537;189;1690986;3;900;4;4000;4;3990;0;0;0;0;31;31270;4;4030;46;688072;171;1556077;113;1096397;114;770987
23.05.2021 17:00;4;3990;4;3990;43;334240;307;972635;169;1302086;3;1310;4;3980;4;3980;0;0;0;0;22;24070;2;2020;53;643565;178;1585830;130;992684;99;733250
23.05.2021 18:00;4;3980;4;4000;30;229719;346;1124686;157;1344795;2;720;4;4000;4;3990;0;0;0;0;20;25510;6;6150;51;687746;191;1780931;108;1068860;92;660399
23.05.2021 19:00;2;1990;2;2000;46;212100;283;1253353;178;1160070;2;14607;2;2000;2;2000;0;0;0;0;18;19720;10;10210;49;511407;153;1566404;99;851123;105;639601
23.05.2021 20:00;2;1990;2;2000;31;169320;230;965617;111;962074;0;0;2;2000;2;2000;0;0;0;0;16;17878;8;8030;35;403652;150;1262954;76;697805;70;390814
23.05.2021 21:00;2;2000;2;2000;20;63810;198;702689;95;943175;0;0;2;2000;2;2000;0;0;0;0;13;14680;4;4070;42;493370;128;1080022;79;403580;70;284363
23.05.2021 22:00;2;2000;2;2000;20;177564;114;515774;74;630521;0;0;2;1990;2;2000;0;0;0;0;10;11330;5;5040;23;177410;78;376220;59;352050;69;192830
23.05.2021 23:00;2;2000;2;1990;13;42530;89;261695;52;553619;0;0;2;2000;2;1990;0;0;0;0;6;6160;0;0;17;268379;64;272446;47;138905;37;116530
24.05.2021 00:00;2;1990;2;1990;8;28580;67;229373;23;297640;0;0;2;2000;2;2000;0;0;0;0;0;0;1;1010;11;168400;65;276090;23;47970;39;94345
24.05.2021 01:00;0;0;1;990;5;66300;44;112810;23;282900;3;32650;0;0;1;1000;0;0;0;0;0;0;1;1010;7;101740;45;149150;7;11360;7;15240
24.05.2021 02:00;0;0;0;0;3;57040;27;17480;12;180690;1;260;0;0;0;0;0;0;0;0;1;1000;0;0;1;16470;21;62470;4;5480;17;39190
24.05.2021 03:00;0;0;0;0;1;410;18;38525;5;63905;1;43705;0;0;0;0;0;0;0;0;0;0;0;0;2;28430;16;53280;3;6790;9;17510
24.05.2021 04:00;0;0;0;0;2;31870;9;27240;6;56590;0;0;0;0;0;0;0;0;0;0;0;0;0;0;1;640;9;24300;4;10263;4;16700
24.05.2021 05:00;2;2000;1;1000;6;3150;43;58490;8;148396;0;0;2;1990;1;1000;0;0;0;0;0;0;0;0;4;29856;42;111249;11;31790;16;36380
24.05.2021 06:00;2;1990;2;2000;17;39240;34;66100;14;273570;0;0;2;2000;2;2000;0;0;0;0;1;1010;1;1010;5;149860;31;94680;16;48980;15;33380
24.05.2021 07:00;2;2000;2;2000;9;35310;35;18200;26;558923;0;0;2;2000;2;2000;0;0;0;0;0;0;1;1020;9;145615;34;68690;28;114080;18;43040
24.05.2021 08:00;2;2000;2;2000;12;135590;72;208730;50;952220;0;0;2;2000;2;2000;0;0;0;0;4;4020;0;0;13;420485;61;318000;33;124575;18;71040
24.05.2021 09:00;2;2000;2;1990;22;145380;157;558750;98;1274369;1;60250;2;2000;2;2000;0;0;0;0;16;17580;1;1010;33;699550;107;592785;77;429787;46;316438
24.05.2021 10:00;2;2000;2;2000;28;184220;216;961704;139;1399237;2;590;2;2000;2;2000;0;0;0;0;14;16030;8;8290;39;809111;135;1369070;95;989473;92;541183
24.05.2021 11:00;2;1990;2;2000;22;188271;263;1024929;164;1272236;1;260;2;2000;2;2000;0;0;0;0;17;17946;6;6070;31;519626;139;1549468;110;921886;92;724625
24.05.2021 12:00;3;3000;3;3000;37;176017;290;1186123;211;1560362;4;1830;3;2980;3;2990;0;0;0;0;12;12080;4;4040;49;860513;161;1786243;127;1282152;113;797406
24.05.2021 13:00;4;3990;4;4000;40;330329;322;1303341;221;1404688;5;850;4;4000;4;3990;0;0;0;0;22;23040;5;5030;49;794228;158;2028691;114;1341850;110;1152077
24.05.2021 14:00;4;4000;4;4000;53;397638;372;1154551;209;1617693;2;1490;4;4000;4;3980;0;0;0;0;32;35080;3;3030;57;987192;175;2078346;133;1496648;114;1129321
24.05.2021 15:00;4;4000;4;3990;50;398496;337;1187637;218;1906534;3;1110;4;3990;4;4000;0;0;0;0;45;48963;17;17286;67;1026747;176;1868963;114;1526761;123;1211884
24.05.2021 16:00;4;3990;4;4000;56;266126;413;930777;250;2100525;4;1690;4;4000;4;4000;0;0;0;0;33;34460;22;22200;56;889189;256;1887726;121;1744227;124;1190871
24.05.2021 17:00;4;3990;4;4000;46;530579;383;1144249;162;1669013;5;2840;4;4000;4;3990;0;0;0;0;21;22040;5;5050;62;969729;228;1665174;138;1393039;118;1052379
24.05.2021 18:00;4;4000;4;4000;32;384629;365;1155502;173;1778615;4;1680;4;4000;4;4000;0;0;0;0;30;31210;7;7180;49;918459;202;1449065;113;1395102;115;964287
24.05.2021 19:00;2;2000;2;1990;30;367920;303;852923;120;1611327;3;710;2;2000;2;2000;0;0;0;0;12;12080;2;2340;47;825212;191;830248;94;929373;96;645578
24.05.2021 20:00;2;2000;2;2000;19;211735;216;898404;96;1038291;3;53700;2;2000;2;1990;0;0;0;0;11;12060;6;6080;39;521507;134;1257689;91;666740;82;476330
24.05.2021 21:00;2;2000;2;2052;22;173780;183;552135;71;779670;0;0;2;2000;2;2000;0;0;0;0;11;12980;3;3050;32;406020;131;995250;78;521952;60;357661
24.05.2021 22:00;2;2000;2;2000;12;94990;106;806779;45;576929;0;0;2;1980;2;2000;0;0;0;0;5;5050;2;2010;24;258493;79;584207;59;296830;70;355945
24.05.2021 23:00;2;2000;2;1990;6;30040;61;134990;22;354304;0;0;2;2000;2;2000;0;0;0;0;4;4770;4;4050;10;202360;50;249470;27;86050;22;96940
25.05.2021 00:00;2;2000;2;2000;4;10720;27;39180;12;197299;0;0;2;2000;2;2000;0;0;0;0;0;0;0;0;5;62550;20;78516;9;29690;18;52630
25.05.2021 01:00;0;0;1;1000;0;0;14;14630;5;131070;1;2050;0;0;1;1000;0;0;0;0;1;1010;1;1020;2;83980;7;25900;6;19400;8;27670
25.05.2021 02:00;0;0;0;0;0;0;11;4800;3;52764;1;14530;0;0;0;0;0;0;0;0;0;0;0;0;2;23060;7;19230;5;19690;7;22296
25.05.2021 03:00;0;0;0;0;0;0;11;7880;6;136090;1;1680;0;0;0;0;0;0;0;0;0;0;0;0;0;0;8;32460;0;0;2;1570
25.05.2021 04:00;1;990;0;0;5;3090;27;27640;12;137170;1;14490;1;1000;0;0;0;0;0;0;0;0;0;0;5;61957;22;82340;9;17520;14;32950
25.05.2021 05:00;3;3000;3;2990;11;48780;153;403138;38;475208;2;520;3;2990;3;3000;0;0;0;0;0;0;1;1020;14;123485;108;758513;52;254858;23;89710
25.05.2021 06:00;4;4000;3;3000;38;561939;388;990698;109;1373258;3;1490;4;3990;4;4000;0;0;0;0;5;5090;3;3030;25;453210;202;1883454;106;883494;49;330153
25.05.2021 07:00;6;6000;5;4990;81;791021;471;1609089;281;2043348;11;119852;6;6000;4;4000;0;0;2;2580;25;31030;18;18200;80;1486896;165;3055306;98;1876493;97;1132118
25.05.2021 08:00;7;6990;8;8000;86;698894;535;1758047;315;2046370;9;5840;7;6990;8;8000;0;0;1;1220;19;21510;11;11380;61;1197595;149;3291103;84;2148527;91;1258963
25.05.2021 09:00;4;4000;3;3000;62;481452;427;1429560;288;2265818;3;1280;4;3990;3;3000;0;0;0;0;24;26381;13;13160;72;1280594;170;2398996;107;1775189;106;1000091
25.05.2021 10:00;4;3990;4;3990;88;675004;347;1766837;291;1734827;7;10280;4;4000;5;5000;0;0;0;0;42;43726;10;10090;85;1194778;146;2694264;110;2018125;113;1055017
25.05.2021 11:00;4;4000;4;3990;104;813066;356;1615363;277;1956283;7;45860;4;4000;3;3000;0;0;0;0;38;40985;8;8090;95;1387792;162;2547621;112;1858583;126;1131278
25.05.2021 12:00;5;4990;6;5990;105;636860;392;1960401;298;2208064;9;7720;5;4990;6;6000;0;0;0;0;52;61510;12;12400;107;1563140;141;2604809;121;1829770;135;1067775
25.05.2021 13:00;8;8000;7;7000;94;882407;408;1840736;322;2267792;12;10790;8;7970;7;6970;0;0;0;0;34;41360;25;25600;119;1754137;134;2866043;111;2206848;147;1385641
25.05.2021 14:00;5;4990;6;5990;71;657916;421;1672914;286;2224452;6;16500;5;5000;7;6990;0;0;0;0;40;42230;11;11050;83;1518407;165;2745342;119;2231095;129;1469200
25.05.2021 15:00;4;3990;4;3990;81;941148;469;1516196;311;2518313;14;6800;4;4000;4;4000;0;0;0;0;45;45660;11;11230;93;1502475;240;2526567;125;2201323;155;1554446
25.05.2021 16:00;4;4000;5;5000;94;661050;474;1382731;294;2437763;2;1300;4;4000;4;4000;0;0;0;0;40;43640;21;21930;95;1512462;228;2510087;134;2399083;132;1640466
25.05.2021 17:00;4;3990;3;2990;92;694240;519;1563486;292;2444617;6;68150;4;4000;4;4000;0;0;0;0;54;59641;20;20130;93;1327721;233;2676370;119;2338116;139;1539436
25.05.2021 18:00;4;3990;4;3990;85;771826;454;1501250;234;2136897;10;7590;4;4000;3;3000;0;0;0;0;44;47970;13;13240;97;1612033;228;2364193;148;2085823;161;1389837
25.05.2021 19:00;5;5000;5;5000;52;532616;335;1164576;169;1877264;2;970;5;4990;5;4990;0;0;0;0;32;33940;5;5020;72;1218622;174;1684368;106;1751301;119;828737
25.05.2021 20:00;3;3000;3;3000;30;161620;233;963077;114;1123734;2;850;3;3000;3;3000;0;0;0;0;28;33100;1;1310;52;757291;127;1483378;94;867613;82;628404
25.05.2021 21:00;2;2000;3;2980;14;73220;177;610695;72;605100;0;0;2;2000;3;3000;0;0;0;0;10;10660;0;0;37;569261;120;1009890;81;613620;83;467759
25.05.2021 22:00;2;2000;2;2000;21;134200;123;382780;43;448286;1;260;2;1990;2;2000;0;0;0;0;5;5040;0;0;25;313429;94;730493;66;295769;45;315480
25.05.2021 23:00;2;1990;2;2000;10;27910;46;108183;26;396907;0;0;2;1990;2;2000;0;0;0;0;3;3020;0;0;9;183190;43;185210;25;617424;26;143316
26.05.2021 00:00;2;2000;2;2000;9;33870;31;69380;9;121070;0;0;2;2000;2;2000;0;0;0;0;1;1010;0;0;8;141430;27;120640;12;36190;13;50950
26.05.2021 01:00;0;0;1;1000;3;23390;10;12670;7;137760;1;18160;0;0;1;1000;0;0;0;0;0;0;0;0;3;95580;10;48080;2;3890;2;2330
26.05.2021 02:00;0;0;0;0;0;0;7;4400;4;76490;1;15230;0;0;0;0;0;0;0;0;0;0;0;0;6;91251;6;25960;1;1100;5;13480
26.05.2021 03:00;0;0;0;0;1;250;9;4970;4;64610;1;2840;0;0;0;0;0;0;0;0;0;0;0;0;2;52900;7;29250;3;8210;3;7980
26.05.2021 04:00;1;1000;0;0;8;61930;30;62679;8;121885;0;0;1;1000;0;0;0;0;0;0;0;0;0;0;3;22110;29;113819;11;38105;10;41130
26.05.2021 05:00;3;3000;2;2000;13;86790;138;418676;49;613489;0;0;3;3000;3;3000;0;0;0;0;2;2010;0;0;15;162770;89;809803;38;245894;29;127690
26.05.2021 06:00;4;4000;4;4000;33;146520;377;904122;104;1411059;4;2080;4;4000;4;3990;0;0;0;0;8;8060;0;0;29;323557;139;1788417;84;1100512;59;618617
26.05.2021 07:00;7;7000;6;5990;84;594726;560;1978150;293;2171201;8;81300;7;7000;5;4990;0;0;0;0;38;43450;39;40010;71;1286884;137;3065161;84;1779819;95;1146837
26.05.2021 08:00;7;6980;8;7990;88;702650;559;1865177;303;2227102;8;74730;7;6990;8;7990;0;0;0;0;16;17020;7;7060;76;1295884;157;3237566;81;1792642;84;1129411
26.05.2021 09:00;5;4990;4;4000;73;740859;470;1689330;256;2057532;8;7420;5;4990;5;5000;0;0;0;0;28;30210;6;6060;72;1424102;199;2727230;103;1839119;111;1141630
26.05.2021 10:00;5;4970;5;5000;87;578054;362;1632666;277;1978604;5;3610;5;5000;4;3980;0;0;0;0;20;20588;6;6890;103;1387709;121;2544141;108;2093625;108;1059312
26.05.2021 11:00;4;4000;4;4000;84;704241;416;1626978;267;2123653;4;52230;4;3990;5;5000;0;0;0;0;34;35980;14;16080;104;1492826;138;2607238;109;1714754;107;1171650
26.05.2021 12:00;5;5000;5;5000;81;539117;418;1865425;291;1956890;16;109370;5;5000;4;4000;0;0;0;0;34;38160;8;8100;93;1511220;153;2649530;118;2051221;119;1267442
26.05.2021 13:00;8;8044;8;7990;90;748043;401;2000238;300;2154145;9;94860;8;7990;8;8000;0;0;0;0;31;31940;6;6060;92;1755235;128;2970629;84;2457216;104;1476654
26.05.2021 14:00;5;4990;7;6990;76;601254;402;1879544;253;1866000;5;1810;5;4990;7;6990;0;0;0;0;32;41800;15;15710;97;1303650;174;2572127;109;2373712;142;1251303
26.05.2021 15:00;4;4000;4;3990;74;425246;452;1654287;298;2314876;8;4390;4;3990;4;4000;0;0;0;0;25;25486;28;29555;114;1460090;166;2698763;127;2263571;130;1489969
26.05.2021 16:00;4;4000;4;4000;97;916631;469;1448851;282;2542164;7;4210;4;4000;4;3990;0;0;0;0;29;29870;10;10090;94;1685456;212;2423046;119;2393989;123;1736244
26.05.2021 17:00;4;3980;4;4000;109;905273;473;1704739;280;2363210;8;4800;4;3990;4;4055;0;0;0;0;31;32140;9;9360;110;1624510;213;2501341;100;2625835;143;1588119
26.05.2021 18:00;4;3990;4;4000;88;653618;408;1634901;215;2146341;5;2590;4;4000;4;4000;0;0;0;0;31;31760;5;5130;98;1472322;179;2513821;121;2245655;124;1565365
26.05.2021 19:00;5;4990;4;4000;65;694328;373;821367;168;1788081;2;780;5;5000;4;4000;0;0;0;0;25;25920;6;6030;75;1221544;189;1423538;95;1757152;105;1212021
26.05.2021 20:00;3;3000;4;4000;38;345674;233;879090;117;1016367;1;130;3;3000;4;3990;0;0;0;0;24;25410;6;6020;45;641220;132;1225099;98;989873;87;670279
26.05.2021 21:00;2;2000;2;2000;20;153990;190;728324;88;961940;1;260;2;2000;2;2000;0;0;0;0;32;33603;4;4040;44;623306;131;1021743;66;357530;71;474704
26.05.2021 22:00;2;1990;2;2000;26;154400;147;431403;50;651307;0;0;2;2000;2;2000;0;0;0;0;4;4010;7;7070;28;322513;107;793455;67;276120;56;322511
26.05.2021 23:00;2;2000;2;2000;28;115604;58;222140;24;240953;1;650;2;2000;2;2000;0;0;0;0;2;2030;0;0;12;296784;48;247390;32;106050;28;152203
27.05.2021 00:00;2;1990;2;1990;21;25225;41;74770;14;184654;1;320;2;2000;2;1990;0;0;0;0;1;1010;0;0;2;35220;35;169853;14;59590;15;54040
27.05.2021 01:00;0;0;1;1000;2;650;12;61505;7;133770;1;16670;0;0;1;1000;0;0;0;0;1;1040;0;0;3;22510;13;47500;7;21890;13;39160
27.05.2021 02:00;0;0;0;0;2;640;10;28870;4;22220;0;0;0;0;0;0;0;0;0;0;0;0;0;0;6;114600;8;39720;3;4640;10;28900
27.05.2021 03:00;0;0;0;0;4;70870;14;24720;5;92940;0;0;0;0;0;0;0;0;0;0;0;0;0;0;5;89371;11;50140;4;13750;3;8690
27.05.2021 04:00;1;1000;0;0;2;31500;25;88620;9;151806;1;15050;1;990;0;0;0;0;0;0;0;0;0;0;2;7510;23;79610;12;31850;13;44204
27.05.2021 05:00;3;3000;3;3000;10;22110;151;271740;45;542275;0;0;3;2990;3;3000;0;0;0;0;0;0;1;1010;15;249538;110;664411;53;322355;22;118755
27.05.2021 06:00;4;3990;3;3000;26;376873;369;885779;109;1293014;1;1110;4;4000;4;4000;0;0;0;0;9;9730;2;2030;35;638823;183;1710376;143;1191670;84;510856
27.05.2021 07:00;7;6990;7;6990;75;744392;531;1873764;274;2060729;10;10770;7;6990;6;6000;0;0;0;0;46;51760;11;11140;89;937593;157;3071653;93;1908252;95;1364584
27.05.2021 08:00;8;8000;7;6970;70;665877;508;1709517;326;2295555;9;7060;8;7980;7;6990;0;0;0;0;28;30150;13;13240;75;1153897;195;2983705;93;1956122;100;1181662
27.05.2021 09:00;4;3990;4;3980;75;388287;430;1571763;288;1991292;5;2730;4;4000;5;5000;0;0;0;0;31;33630;5;5060;84;1153414;180;2714785;124;1490578;111;962314
27.05.2021 10:00;4;4000;4;4000;74;513740;381;1546057;276;2056240;4;4270;4;4000;3;3000;0;0;0;0;30;31290;12;12220;90;1279892;163;2436667;113;1706266;113;988355
27.05.2021 11:00;4;4000;4;3980;79;696696;349;1568837;257;1931391;5;3320;4;3990;4;4000;0;0;0;0;37;38990;13;13190;91;1389512;145;2387764;181;1778554;107;1096243
27.05.2021 12:00;5;4990;5;4990;89;973792;352;1812572;268;1955814;4;3240;5;5000;6;6055;0;0;0;0;47;51190;6;6130;98;1612651;154;2531025;116;1903401;152;1253558
27.05.2021 13:00;9;9000;10;10000;96;749037;395;1680571;309;2182576;3;1230;9;8990;9;9000;0;0;0;0;47;55040;24;24370;100;1663358;142;2846961;112;2214150;129;1352731
27.05.2021 14:00;5;5000;5;5000;92;650214;429;1925791;305;2341043;7;4840;5;4990;5;5000;0;0;0;0;29;31190;16;16067;114;1551354;175;2803172;126;2246131;138;1441126
27.05.2021 15:00;4;4000;4;3990;104;909987;510;1745825;308;2441042;13;113177;4;3990;5;4980;0;0;0;0;31;32750;10;10820;100;1734048;207;2594929;99;2529883;125;1645262
27.05.2021 16:00;4;4000;5;5000;93;792425;504;1669660;294;2405054;6;55380;4;4000;4;4000;0;0;0;0;39;41124;14;14250;103;1495770;227;2635802;119;2327072;123;1635141
27.05.2021 17:00;4;4000;3;3000;118;776657;489;1673720;276;2344575;6;2850;4;4000;4;3990;0;0;0;0;45;49800;14;14190;111;1705225;249;2664575;116;2438379;136;1651302
27.05.2021 18:00;4;3990;5;4990;82;657253;434;1215564;253;2171953;6;3830;4;4000;4;3980;0;0;0;0;37;41404;13;13320;106;1621106;192;2066982;111;2140624;135;1387976
27.05.2021 19:00;5;5000;4;3980;53;498694;349;1138576;183;1718540;3;910;5;4990;4;4000;0;0;0;0;25;25442;15;15360;83;1130941;182;1509770;113;1748168;114;946222
27.05.2021 20:00;3;3000;4;3990;28;305829;244;964431;113;998354;2;390;3;2990;4;4000;0;0;0;0;21;24080;4;4080;44;813509;131;1194018;106;1201163;78;622354
27.05.2021 21:00;2;2000;2;2000;16;152170;176;752490;73;793732;1;24130;2;2000;2;2000;0;0;0;0;16;16360;3;3060;38;430109;116;1184864;79;707141;67;465324
27.05.2021 22:00;2;2000;2;2000;12;31270;125;559484;70;795297;0;0;2;2000;2;2000;0;0;0;0;10;11310;2;2020;26;377061;99;728878;61;322440;46;169591
27.05.2021 23:00;2;1990;2;2000;8;41910;69;299536;36;400718;0;0;2;2000;2;2000;0;0;0;0;5;5030;0;0;13;133510;66;322630;38;147940;21;77010
28.05.2021 00:00;2;2000;2;1990;6;38620;34;59070;19;282255;1;24660;2;2000;2;1990;0;0;0;0;2;2310;0;0;7;83500;30;122490;13;46900;15;44880
28.05.2021 01:00;0;0;1;1000;1;2120;16;18110;6;91490;1;27580;0;0;1;990;0;0;0;0;0;0;0;0;1;16560;14;49950;7;21790;6;13030
28.05.2021 02:00;0;0;0;0;3;31130;15;31890;12;101390;0;0;0;0;0;0;0;0;0;0;0;0;0;0;3;31250;15;48860;5;10900;3;11380
28.05.2021 03:00;0;0;0;0;1;410;16;22080;4;45510;1;520;0;0;0;0;0;0;0;0;0;0;0;0;2;43130;12;37267;3;3430;7;10460
28.05.2021 04:00;1;1000;0;0;8;51550;26;35720;14;147690;0;0;1;1000;0;0;0;0;0;0;0;0;0;0;7;116870;26;72690;10;18780;10;21400
28.05.2021 05:00;3;3000;3;2990;12;124200;146;429735;44;528736;0;0;3;3000;3;3000;0;0;0;0;1;1010;0;0;12;212374;108;589636;41;192310;21;81430
28.05.2021 06:00;4;4000;4;4000;28;234310;346;671700;104;999880;2;57560;4;4000;4;3990;0;0;0;0;7;7670;1;1010;27;488213;188;1496435;98;996256;61;343791
28.05.2021 07:00;7;6980;5;5000;72;783708;526;1507773;296;2262605;13;12460;7;6990;6;6000;0;0;0;0;50;71350;19;19230;68;1274823;217;2617712;113;1836742;103;1100266
28.05.2021 08:00;8;7980;9;8990;67;583727;484;1555470;264;2146172;5;3360;8;8000;8;8000;0;0;0;0;32;33050;10;10380;65;950357;184;2830912;89;1845993;100;1167963
28.05.2021 09:00;4;4000;3;3000;76;675501;478;1581090;282;2342534;2;65720;4;4000;3;3000;0;0;0;0;48;51550;11;13000;90;1239691;174;2711750;110;1817787;112;1242777
28.05.2021 10:00;4;4000;4;4000;83;629953;438;1796774;293;2147146;5;79730;4;4000;4;4042;0;0;0;0;30;32870;12;12180;92;1423875;158;2782234;111;1994733;109;1308534
28.05.2021 11:00;4;4000;4;4000;90;737223;396;1721099;313;2364053;7;38790;4;3990;5;5000;0;0;0;0;32;34050;11;11153;98;1342546;150;2695512;121;1783221;133;1519648
28.05.2021 12:00;5;5000;5;4990;108;813993;454;1647648;320;2421160;13;57010;5;5000;5;4990;0;0;0;0;30;32445;18;18220;124;1579120;180;2705307;120;2222358;127;1408607
28.05.2021 13:00;8;7990;8;7990;127;775192;476;1782386;344;2510691;10;6910;8;8000;7;6990;0;0;0;0;61;66950;50;55046;109;1855299;216;2889543;125;2288548;119;1581836
28.05.2021 14:00;5;4980;6;6000;94;886403;456;1510279;301;2375554;5;3370;5;5000;7;7000;0;0;0;0;46;50000;11;11787;81;1619538;250;2560545;99;2624872;135;1877845
28.05.2021 15:00;4;4000;4;3990;91;637126;498;1672446;312;2300865;10;5390;4;3990;4;3450;0;0;0;0;48;57580;16;16180;98;1175193;258;2529143;126;2347984;134;1762736
28.05.2021 16:00;4;4000;4;4000;87;696203;480;1669095;276;2517170;8;27930;4;4000;4;4530;0;0;0;0;44;54500;15;15190;100;1557003;275;2388558;130;2191316;140;1657450
28.05.2021 17:00;4;3990;4;4000;97;783341;498;1637975;278;2401454;6;3900;4;4000;4;4000;0;0;0;0;47;50340;12;12150;87;1470989;219;2760952;111;2106104;142;1508202
28.05.2021 18:00;4;3990;5;4990;97;767550;485;1489308;256;2440540;2;840;4;4000;4;3990;0;0;0;0;50;52730;28;31390;93;1283668;235;2483338;128;2068946;122;1463651
28.05.2021 19:00;5;4970;3;2990;45;413703;366;1173366;216;1854263;5;52690;5;5000;4;4000;0;0;0;0;43;47127;9;9100;57;1103828;201;1805976;112;1564632;124;1280995
28.05.2021 20:00;3;3000;4;4000;48;526930;244;1071744;167;1037886;0;0;3;2990;4;4000;0;0;0;0;36;42980;7;7060;72;912464;145;1492162;115;1012916;116;712537
28.05.2021 21:00;2;1990;2;2000;30;151320;235;1047752;115;939044;2;1050;2;2000;2;1980;0;0;0;0;20;20480;13;13170;53;679981;153;1365053;90;493736;85;339270
28.05.2021 22:00;2;2000;2;2000;23;157930;170;725124;88;725656;2;1240;2;2000;2;1990;0;0;0;0;15;18370;2;2020;45;647900;134;897853;88;327782;78;238624
28.05.2021 23:00;2;2000;2;2000;17;42440;122;614800;64;673925;0;0;2;2000;2;2000;0;0;0;0;9;9040;2;2020;24;314829;85;586074;54;214619;51;151520
29.05.2021 00:00;2;2000;2;2000;14;25968;60;193290;50;482650;1;970;2;1990;2;2000;0;0;0;0;2;2010;1;1010;20;242550;52;200100;50;101340;29;82350
29.05.2021 01:00;0;0;1;1000;10;68720;48;156500;23;269687;0;0;0;0;1;1000;0;0;0;0;4;4970;1;1010;10;199353;40;175163;23;50843;27;58888
29.05.2021 02:00;0;0;0;0;7;42750;28;83825;15;154476;1;1360;0;0;0;0;0;0;0;0;1;1000;1;1000;7;186150;23;86514;7;13300;10;23200
29.05.2021 03:00;0;0;0;0;3;2860;20;11080;9;163725;0;0;0;0;0;0;0;0;0;0;0;0;0;0;5;105186;19;63240;6;10670;14;27150
29.05.2021 04:00;1;1000;0;0;8;2690;18;60786;15;153220;1;15320;1;1000;0;0;0;0;0;0;1;1010;0;0;3;37270;17;72470;9;17740;12;21657
29.05.2021 05:00;3;3000;3;3000;11;69060;49;166924;18;281380;0;0;3;3000;3;2980;0;0;0;0;0;0;1;1020;6;82772;43;151004;16;99410;11;34130
29.05.2021 06:00;4;4000;4;4000;19;69080;85;221012;24;369860;0;0;4;4000;4;3990;0;0;0;0;0;0;2;2030;14;211050;52;179248;66;275899;27;64310
29.05.2021 07:00;4;3990;4;4000;32;130260;119;450009;50;529865;2;16280;4;3990;4;4000;0;0;0;0;8;9380;1;1010;19;370509;89;606045;52;299200;54;207010
29.05.2021 08:00;5;5000;4;3990;39;183232;213;644391;145;1001802;2;1030;5;4970;4;4000;0;0;0;0;25;29760;1;1020;40;290470;126;1119969;92;476460;62;399330
29.05.2021 09:00;4;3990;4;4000;43;457507;322;1107738;195;1538031;5;39280;4;3990;4;4000;0;0;0;0;34;34510;5;5070;52;750891;161;1911824;144;1229972;105;681569
29.05.2021 10:00;4;3980;4;4054;67;486885;378;1481874;260;1692070;7;25190;4;4000;4;4043;0;0;0;0;55;56040;6;6080;68;1056344;170;2313439;119;1379795;142;1210661
29.05.2021 11:00;4;4000;4;4000;84;717576;352;1358504;270;2097773;5;102280;4;4000;4;4000;0;0;0;0;37;38100;10;10140;74;1079080;180;2356476;132;1513803;107;1294159
29.05.2021 12:00;4;4000;4;4000;83;615808;364;1397074;265;1804756;5;4650;4;3990;4;4000;0;0;0;0;37;40410;15;15840;89;1105298;163;2311064;115;1564281;132;1272121
29.05.2021 13:00;4;3980;4;3990;90;585036;422;1529949;276;1948559;6;2510;4;4000;4;4000;0;0;0;0;38;42250;12;12400;92;1083491;179;2482732;119;2063344;137;1420993
29.05.2021 14:00;4;3990;4;4000;75;622589;402;1415817;264;1834876;7;5450;4;3990;4;4000;0;0;0;0;44;50310;12;12340;82;1448418;171;2477464;134;2007683;135;1164320
29.05.2021 15:00;4;3990;4;4000;75;592616;364;1462958;228;1561584;3;1250;4;4000;4;3990;0;0;0;0;48;49970;13;13480;93;1182176;158;2326980;130;1831876;115;1046212
29.05.2021 16:00;4;4000;4;3990;51;411939;383;1311354;195;1702498;8;4030;4;4000;4;4000;0;0;0;0;40;44937;12;12350;59;1131513;169;2211313;131;1257833;123;1034216
29.05.2021 17:00;4;4000;5;5000;78;657586;380;1432665;210;1641069;6;100170;4;4000;5;5000;0;0;0;0;35;38300;11;11460;68;1066154;210;2188677;135;1793487;138;1109001
29.05.2021 18:00;4;3980;4;3990;64;588945;356;1462844;201;1321515;6;2080;4;3990;4;3990;0;0;0;0;44;48830;7;7080;86;1244186;176;2007819;117;1782533;127;1257059
29.05.2021 19:00;4;4000;4;4000;46;442010;328;1374734;174;1408057;2;650;4;3990;4;4000;0;0;0;0;33;35620;18;19070;67;1179721;153;1981546;113;1428160;110;908839
29.05.2021 20:00;2;1990;2;2000;37;190750;289;1152078;144;1017146;2;650;2;2000;2;1990;0;0;0;0;34;36490;13;13180;68;655500;155;1588081;98;924335;109;772723
29.05.2021 21:00;2;2000;2;2000;29;149705;241;864495;119;923113;1;16520;2;1990;2;2000;0;0;0;0;29;30170;4;4060;43;507962;148;1208655;80;545270;80;383799
29.05.2021 22:00;2;2000;2;2000;30;216140;209;853300;106;913366;0;0;2;1990;2;2000;0;0;0;0;21;22670;4;4190;41;512600;154;1088081;68;204969;73;219930
29.05.2021 23:00;2;2000;2;1990;23;79290;172;641700;81;721908;0;0;2;2000;2;2000;0;0;0;0;17;17650;7;7050;26;342430;123;747374;57;197555;75;211895
30.05.2021 00:00;2;1990;2;2000;18;151181;77;359840;42;637982;0;0;2;2000;2;1990;0;0;0;0;8;8180;0;0;14;291190;70;369198;51;153442;33;106990
30.05.2021 01:00;0;0;1;990;7;92484;58;161030;33;307390;2;15880;0;0;1;1000;0;0;0;0;7;7650;1;1010;5;99230;50;156460;21;48670;17;47584
30.05.2021 02:00;0;0;0;0;9;34106;32;58560;17;335890;1;14180;0;0;0;0;0;0;0;0;3;3060;1;1000;11;125920;32;83950;14;50280;18;32920
30.05.2021 03:00;0;0;0;0;1;16230;29;72780;7;65000;0;0;0;0;0;0;0;0;0;0;0;0;0;0;3;38680;25;93775;10;26925;5;15470
30.05.2021 04:00;0;0;0;0;4;25520;12;21680;10;177487;0;0;0;0;0;0;0;0;0;0;1;1960;0;0;3;92257;11;36420;12;22300;15;29838
30.05.2021 05:00;1;1000;1;1000;3;12990;26;115070;6;198310;0;0;2;2000;1;1000;0;0;0;0;0;0;0;0;4;93170;18;58910;6;25700;6;52260
30.05.2021 06:00;3;3035;2;2000;11;10970;26;89620;21;333450;1;380;2;1990;2;2000;0;0;0;0;1;1100;0;0;6;116490;19;83400;17;74300;9;25640
30.05.2021 07:00;2;2000;2;2000;8;42300;35;116190;25;299465;0;0;2;1990;2;2000;0;0;0;0;1;1000;0;0;11;150110;29;139100;25;75680;18;59650
30.05.2021 08:00;2;2000;2;2000;9;43420;84;273460;54;430124;0;0;2;1990;2;2000;0;0;0;0;15;15440;1;1760;16;268210;68;291020;31;119410;32;148140
30.05.2021 09:00;2;2000;2;1990;18;67120;163;781249;110;917701;1;520;2;2000;2;2000;0;0;0;0;11;11600;4;4180;22;307120;119;932847;84;396474;74;349914
30.05.2021 10:00;2;2000;2;2000;28;112250;243;878142;137;1016986;3;1370;2;2000;2;1990;0;0;0;0;15;16800;10;10080;48;505506;161;1259597;92;712253;85;437279
30.05.2021 11:00;2;1990;2;1990;31;234453;275;921950;164;1303964;2;580;2;2000;2;2000;0;0;0;0;20;21310;3;3020;40;533292;183;1410831;114;841348;113;605425
30.05.2021 12:00;3;3000;3;2990;41;379899;310;1066739;191;1424014;2;910;3;3000;3;3000;0;0;0;0;27;28960;6;6260;53;570657;176;1644240;118;1018763;117;695116
30.05.2021 13:00;4;4000;4;4000;41;323034;322;1019187;185;1457695;1;650;4;3990;4;4000;0;0;0;0;32;33595;3;3030;49;757546;176;1595423;105;995651;100;547980
30.05.2021 14:00;4;3990;4;4000;50;297010;354;1150240;202;1619379;4;10390;4;3980;4;4000;0;0;0;0;21;23150;4;4040;73;899615;160;2116847;124;989502;123;957940
30.05.2021 15:00;4;4000;4;4000;49;362461;311;1173732;190;1304508;0;0;4;4000;4;3990;0;0;0;0;27;28960;3;3030;63;628320;182;1526023;119;1056656;118;784909
30.05.2021 16:00;4;3980;4;4000;53;282492;322;1009018;185;1506920;1;320;4;4000;4;3990;0;0;0;0;53;58540;6;6040;49;562707;187;1797136;115;875061;102;712933
30.05.2021 17:00;4;3990;4;4000;62;322371;353;1035502;168;1168617;2;720;4;3990;4;4000;0;0;0;0;34;39310;4;4140;64;792632;201;1767665;125;1043162;128;764927
30.05.2021 18:00;4;3990;3;3000;50;254240;358;956927;237;1498004;3;1690;4;4000;3;3000;0;0;0;0;30;31574;4;4065;58;798035;188;1912207;123;1136588;107;602410
30.05.2021 19:00;2;2000;3;2990;36;177982;298;1182414;153;1344157;1;190;2;2000;3;2990;0;0;0;0;29;33149;12;12110;55;484035;159;1814239;112;1105454;96;617299
30.05.2021 20:00;2;2000;2;2000;40;334980;268;1028064;170;1228168;2;650;2;2000;2;1990;0;0;0;0;19;22280;7;7050;54;656410;176;1450688;99;813522;92;558341
30.05.2021 21:00;2;2000;2;2000;25;153264;184;661784;97;844580;1;650;2;2000;2;2000;0;0;0;0;24;25210;7;7240;31;348715;115;939366;102;638554;72;358214
30.05.2021 22:00;2;2000;2;2000;15;135910;132;609994;70;697314;0;0;2;1990;2;1980;0;0;0;0;10;11000;6;6075;28;194687;114;664751;55;190034;62;196625
30.05.2021 23:00;2;1990;2;2000;5;8860;73;183520;31;427440;1;200;2;2000;2;2000;0;0;0;0;3;3290;2;2010;13;147340;65;231487;35;71050;33;68570
31.05.2021 00:00;2;2000;2;2000;3;3010;33;42680;13;254441;0;0;2;2000;2;2000;0;0;0;0;3;3210;0;0;10;91202;32;114986;21;56170;16;39640
31.05.2021 01:00;0;0;1;1000;2;31700;23;11920;13;187082;1;2130;0;0;1;990;0;0;0;0;0;0;0;0;5;84053;21;81404;6;11900;6;11090
31.05.2021 02:00;0;0;0;0;3;1380;13;7180;8;153700;0;0;0;0;0;0;0;0;0;0;0;0;0;0;2;25970;14;39290;6;12380;2;5260
31.05.2021 03:00;0;0;0;0;0;0;16;31130;5;84490;1;12720;0;0;0;0;0;0;0;0;0;0;0;0;1;17720;12;42570;1;790;2;3860
31.05.2021 04:00;1;990;0;0;4;35440;21;36572;13;211365;0;0;1;1000;0;0;0;0;0;0;0;0;0;0;4;78070;23;72660;13;41510;12;36990
31.05.2021 05:00;3;2990;3;3000;16;66550;165;492666;37;586718;1;14910;3;3000;3;3000;0;0;0;0;2;2500;0;0;10;165850;109;796250;46;297924;37;125679
31.05.2021 06:00;4;4000;3;3000;32;173094;391;1022260;99;1389237;3;1350;4;3990;3;2990;0;0;0;0;8;8960;0;0;27;485985;290;1150103;95;1050610;72;516719
31.05.2021 07:00;1;1000;3;3000;61;679293;549;1886717;294;2378545;12;81710;1;1000;3;3000;0;0;1;280;42;55250;25;25170;72;1184480;136;3080229;85;1940878;115;1475046
31.05.2021 08:00;6;5980;6;6000;61;444555;509;1722738;326;2098248;9;41740;6;5990;6;6000;0;0;1;290;38;42520;19;19240;73;969176;139;3093205;91;1992669;109;1267765
31.05.2021 09:00;4;4000;3;2990;62;498824;427;1511171;245;1958473;11;37310;4;3990;3;3000;0;0;0;0;37;38785;11;11840;78;1228161;179;2580415;113;1708314;117;1259727
31.05.2021 10:00;4;4000;5;5000;68;759724;347;1521356;270;1818637;7;3370;4;4000;5;4990;0;0;0;0;27;28500;9;9060;86;1538364;157;2426277;122;1677312;128;1423331
31.05.2021 11:00;4;4000;3;3000;66;631422;377;1636288;248;1823519;6;3790;4;3990;3;3000;0;0;0;0;42;46600;9;9210;86;1168243;169;2382436;130;1703625;116;1232984
31.05.2021 12:00;5;5000;6;6000;84;608935;378;1443704;287;2101699;7;81100;5;4990;6;5990;0;0;0;0;37;48690;17;17350;95;1500130;191;2294896;135;1764916;187;1846783
31.05.2021 13:00;8;7990;8;7990;105;778640;402;1794010;342;2329359;7;4920;8;8000;8;7990;0;0;0;0;50;54615;12;12180;115;1544941;170;2828501;121;1926008;128;1497243
31.05.2021 14:00;5;5000;5;4990;85;676969;453;1653289;246;1820705;6;42440;5;4990;6;5990;0;0;0;0;52;53590;13;13090;95;1584053;182;2848480;147;2424250;143;1456859
31.05.2021 15:00;4;4000;4;4000;98;727740;435;1674724;300;2376402;4;1300;4;4000;4;4000;0;0;0;0;59;63757;22;22960;99;1486809;223;2429812;149;2343061;139;1581483
31.05.2021 16:00;4;3990;5;5000;116;903134;526;1665142;298;2575049;7;4360;4;4000;4;4000;0;0;0;0;48;60360;19;19600;99;1681242;252;2520714;130;2338788;150;1440631
31.05.2021 17:00;4;3990;4;4000;100;870176;490;1414196;277;2002298;9;72914;4;3990;4;4000;0;0;0;0;62;71186;12;12060;102;1338728;264;2381535;142;2489758;156;1560378
31.05.2021 18:00;4;4000;3;2990;97;629862;460;1370718;233;1984080;9;49090;4;4000;4;4000;0;0;0;0;38;42200;10;11690;99;1329131;248;2339290;138;2150451;132;1459349
31.05.2021 19:00;5;5000;4;4000;67;366525;339;965310;186;1600040;8;4160;5;5000;4;4000;0;0;0;0;33;34760;8;8060;78;1135601;202;1495937;128;1481917;118;1058516
31.05.2021 20:00;3;2990;5;5000;37;239275;225;880085;153;938705;2;13820;3;3000;4;3990;0;0;0;0;28;28410;8;8030;51;901504;148;1366369;98;786238;75;449352
31.05.2021 21:00;2;1990;2;2000;30;184715;189;823360;117;885055;4;16680;2;2000;2;2000;0;0;0;0;24;27629;7;7850;49;580334;148;1136679;83;563261;51;313544
31.05.2021 22:00;2;2000;2;1990;26;201090;158;499878;71;779085;0;0;2;2000;2;2000;0;0;0;0;9;9130;2;2010;41;426137;111;637130;73;226710;78;172080
31.05.2021 23:00;2;1990;2;2000;11;61957;68;178876;32;392497;1;27750;2;2000;2;2000;0;0;0;0;2;2210;2;2020;10;99730;57;250630;31;62282;26;53470
01.06.2021 00:00;2;2000;2;2000;8;49620;43;21482;13;263496;1;130;2;2000;2;2000;0;0;0;0;2;2080;1;1010;10;34510;37;149520;18;37250;20;50000
01.06.2021 01:00;0;0;1;1000;1;570;18;21550;11;162916;0;0;0;0;1;1000;0;0;0;0;1;1010;1;1000;4;85820;11;33520;6;16710;8;14140
01.06.2021 02:00;0;0;0;0;4;4380;15;8150;5;129760;1;14660;0;0;0;0;0;0;0;0;0;0;1;1000;3;71550;16;42110;8;13040;4;9050
01.06.2021 03:00;0;0;0;0;1;320;16;8310;3;46260;1;24840;0;0;0;0;0;0;0;0;0;0;0;0;1;26050;17;51650;3;5620;7;8750
01.06.2021 04:00;1;1000;0;0;1;2030;19;67700;11;132796;1;15230;1;1000;0;0;0;0;0;0;1;1010;0;0;3;26960;14;62520;19;36060;21;41366
01.06.2021 05:00;3;3000;3;2990;7;68320;157;341145;32;415476;0;0;3;3000;3;3000;0;0;0;0;0;0;2;2020;10;172363;109;583288;47;172180;23;67110
01.06.2021 06:00;4;3980;4;4000;26;247158;383;836266;109;1146320;5;27660;4;4000;4;3990;0;0;0;0;8;8080;3;3020;27;495569;245;974997;97;962937;63;592813
01.06.2021 07:00;7;7000;5;5000;56;737120;542;1724994;279;1950571;9;74740;7;7000;5;4990;0;0;0;0;47;53982;20;20200;73;1345003;113;3117295;95;2026467;119;1274405
01.06.2021 08:00;8;8000;8;7990;74;700564;541;1524533;334;2283665;11;64030;8;7990;9;9000;0;0;0;0;36;39410;11;11660;66;1175957;126;3139382;97;2023940;100;1492740
01.06.2021 09:00;4;3980;4;4000;67;525756;450;1451560;302;1877834;6;6060;4;4000;4;4000;0;0;0;0;44;49810;11;11100;82;1486378;176;2728191;97;1471879;103;1207530
01.06.2021 10:00;4;3990;4;4000;76;477664;399;1630137;302;2206828;6;3570;4;4000;4;4000;0;0;0;0;31;31900;14;14330;94;1342083;175;2536170;121;1800598;113;1382975
01.06.2021 11:00;4;3990;5;4990;92;756883;418;1598970;315;2324393;17;245390;4;4000;4;4000;0;0;1;1250;32;33950;27;29710;105;1581784;191;2645493;116;1880084;127;1460647
01.06.2021 12:00;5;4990;4;4000;110;873062;522;1528631;296;2205580;8;4080;5;4990;4;3990;0;0;0;0;42;48079;13;13210;108;1681835;188;3087504;113;2024965;120;1731404
01.06.2021 13:00;8;7990;8;7980;117;752904;528;1808902;296;2511553;8;5070;8;8000;9;8990;0;0;0;0;41;45930;23;23810;123;1838577;210;3109981;134;2172168;125;1584319
01.06.2021 14:00;5;4990;6;5990;89;879256;475;1729734;341;2542855;6;46620;5;5000;5;5000;0;0;0;0;39;45390;17;17380;95;1458774;194;2838871;127;2113157;127;1410259
01.06.2021 15:00;4;4000;4;4000;114;912630;483;1771794;329;2535925;8;3430;4;4000;4;4000;0;0;0;0;37;40320;43;44920;98;1763731;223;2611671;110;2530006;135;1493257
01.06.2021 16:00;4;3990;5;5000;101;446165;484;1993575;315;2420400;6;3130;4;4000;5;5000;0;0;0;0;35;39320;22;22760;91;1585185;248;2809434;121;2380153;148;1559848
01.06.2021 17:00;4;3980;4;3980;118;664108;483;1813547;321;2095559;7;130670;4;4000;4;4000;0;0;0;0;66;71839;15;15310;115;1408437;236;2901000;140;2278967;167;1481937
01.06.2021 18:00;4;3990;3;3000;108;715913;422;1516371;278;2226487;7;2490;4;3990;4;3990;0;0;0;0;52;55000;15;15070;87;1329711;285;2063018;125;2200756;126;1581755
01.06.2021 19:00;5;4990;5;5000;75;617847;372;1074971;193;1728479;6;2670;5;5000;4;4000;0;0;0;0;34;36710;9;9370;85;1303231;222;1701539;118;1486522;120;879283
01.06.2021 20:00;3;3000;3;2990;55;377424;266;747691;163;1166695;2;19975;3;3000;4;3990;0;0;0;0;43;45440;6;6060;54;626645;177;1408160;103;944018;86;556654
01.06.2021 21:00;2;2000;3;3000;37;259890;240;1028476;109;997442;1;130;2;2000;2;2000;0;0;0;0;32;33567;5;5010;41;590382;142;1387561;98;681130;77;360016
01.06.2021 22:00;2;2000;2;2000;38;264734;168;831120;84;487050;2;1230;2;1990;2;2000;0;0;0;0;28;30060;7;7040;48;424300;137;780357;81;297465;94;294406
01.06.2021 23:00;2;2000;2;1990;19;76830;86;254950;53;462858;1;130;2;2000;2;2000;0;0;0;0;7;7290;2;2010;11;165665;75;368330;44;104224;31;88900
02.06.2021 00:00;2;2000;2;2000;8;23460;49;111180;15;242430;0;0;2;2000;2;2000;0;0;0;0;2;2500;1;1000;7;100690;38;130736;16;25980;26;50620
02.06.2021 01:00;0;0;1;990;3;74460;12;22414;8;130690;1;260;0;0;1;1000;0;0;0;0;0;0;1;1000;1;16340;10;35630;9;17515;8;13390
02.06.2021 02:00;0;0;0;0;3;17960;15;30560;12;167610;1;41930;0;0;0;0;0;0;0;0;0;0;0;0;1;15820;14;42089;8;11260;5;13910
02.06.2021 03:00;0;0;0;0;4;22290;9;6200;6;81140;1;320;0;0;0;0;0;0;0;0;0;0;0;0;2;72845;8;23740;3;5670;3;3990
02.06.2021 04:00;1;1000;0;0;2;7890;26;67300;14;204820;0;0;1;1000;0;0;0;0;0;0;0;0;0;0;6;24540;26;91855;8;17440;18;35040
02.06.2021 05:00;3;2990;3;3000;7;24950;142;375863;38;458969;3;32130;3;3000;3;3000;0;0;0;0;0;0;0;0;7;46560;112;684621;55;305690;28;124070
02.06.2021 06:00;4;4000;3;2990;30;260545;363;842302;98;1302856;1;330;4;4000;4;4000;0;0;0;0;8;8085;1;1010;32;596609;290;960184;78;1033291;74;396135
02.06.2021 07:00;7;7000;6;5990;63;386334;512;1898570;279;2274431;9;132570;7;6990;6;6000;0;0;0;0;64;84810;16;16100;68;1206693;178;2996355;94;1961775;106;1157582
02.06.2021 08:00;8;8000;9;8990;82;686714;529;1825062;336;2417358;9;4420;8;7990;8;8000;0;0;0;0;27;28790;16;16080;72;1007955;128;3347712;79;2124791;114;1552461
02.06.2021 09:00;4;3990;4;4000;77;694546;447;1552969;296;2074522;10;7770;4;4000;4;4000;0;0;0;0;36;39980;16;16220;80;1056715;167;2723851;94;1907020;110;1214435
02.06.2021 10:00;4;4000;4;4000;78;570921;399;1489935;309;1919061;8;3370;4;4000;4;3990;0;0;0;0;42;49940;16;16100;86;1519866;179;2617712;118;1655884;113;1548273
02.06.2021 11:00;4;4000;4;3990;91;795934;402;1566330;280;1930733;6;11090;4;4000;4;4000;0;0;0;0;31;33451;17;17390;104;1353633;163;2496335;121;1648458;139;1328104
02.06.2021 12:00;5;4990;4;4000;86;699605;408;1875354;291;2252895;11;141270;5;5000;5;4990;0;0;0;0;40;48600;17;17200;111;1662471;180;2616537;123;1989733;165;1262250
02.06.2021 13:00;8;8000;9;8980;101;508976;417;1891618;335;2263171;12;105884;8;8000;8;8000;0;0;0;0;46;47280;8;8040;108;1500984;158;2936568;120;2198291;134;1324593
02.06.2021 14:00;5;5000;5;5000;83;833892;448;1711643;271;2159908;9;6260;5;4990;5;5000;0;0;0;0;40;46420;12;12710;103;1614404;195;2615962;128;2235691;129;1692268
02.06.2021 15:00;4;3990;4;3990;102;848995;442;1676637;332;2367290;11;4640;4;4000;5;5000;0;0;0;0;39;41000;34;39090;84;1210912;193;2700477;144;2276471;169;1530703
02.06.2021 16:00;4;3990;4;3980;123;1014634;501;1706100;282;2528729;6;2290;4;4000;3;3000;0;0;0;0;48;51460;10;10380;112;2044039;260;2729836;146;2156210;158;1722255
02.06.2021 17:00;4;3990;4;4000;111;896196;541;1694804;305;2515651;8;62720;4;3990;4;3990;0;0;0;0;47;49970;9;10120;98;1671247;246;2634057;127;2507825;169;2008087
02.06.2021 18:00;4;4000;5;5000;97;562960;507;1771968;255;2260240;7;75960;4;3990;5;4990;0;0;0;0;46;51860;12;12190;111;1435340;255;2653028;134;2532156;150;1748963
02.06.2021 19:00;5;4990;4;3990;88;719555;421;1449754;240;1957824;6;2080;5;5000;4;4000;0;0;0;0;29;30560;13;13300;94;1331015;198;2159809;109;1617300;110;1413766
02.06.2021 20:00;3;3000;4;4000;51;267650;298;1221685;204;1474504;2;23090;3;2990;4;4000;0;0;0;0;34;36710;11;11030;53;858740;153;1781278;103;1294382;125;999650
02.06.2021 21:00;2;2000;2;2000;40;242710;251;1028688;135;840490;1;320;2;1990;2;2000;0;0;0;0;22;22880;6;6180;45;466737;162;1399160;95;665958;114;724235
02.06.2021 22:00;2;2000;2;1990;49;348844;272;1038261;134;850002;2;850;2;1990;2;2000;0;0;0;0;21;21690;9;9220;54;539084;175;1550905;98;434577;116;441768
02.06.2021 23:00;2;2000;2;1990;22;96550;158;792089;74;579080;3;29130;2;1980;2;2000;0;0;0;0;16;18180;4;4030;22;221440;125;905363;74;321808;51;169170
03.06.2021 00:00;2;2000;2;2000;30;140607;94;349046;43;506362;1;8940;2;1990;2;2000;0;0;0;0;7;7250;2;2010;19;217254;65;336750;38;104680;46;124310
03.06.2021 01:00;0;0;1;1000;10;155880;70;156620;23;219940;0;0;0;0;1;1000;0;0;0;0;4;5370;2;2000;5;133399;61;232850;19;52490;20;48710
03.06.2021 02:00;0;0;0;0;5;5130;24;102950;21;299368;1;1490;0;0;0;0;0;0;0;0;6;6050;4;4010;12;122670;18;69152;14;34651;13;31150
03.06.2021 03:00;0;0;0;0;1;1140;26;14730;13;202092;0;0;0;0;0;0;0;0;0;0;2;2010;0;0;1;17560;22;91220;11;18610;18;29364
03.06.2021 04:00;0;0;0;0;6;57723;21;36190;13;257899;2;260;0;0;0;0;0;0;0;0;0;0;1;1010;2;18370;19;58020;11;25080;12;21920
03.06.2021 05:00;2;2000;1;1000;5;4060;46;86280;15;189038;0;0;2;1990;1;1000;0;0;0;0;0;0;0;0;6;50420;36;141282;11;30450;10;24140
03.06.2021 06:00;2;1990;2;2000;6;68360;47;85910;10;199640;0;0;2;2000;2;2000;0;0;0;0;0;0;0;0;5;31290;45;107970;22;126961;15;39730
03.06.2021 07:00;2;2000;2;2000;6;79110;52;65770;19;315976;0;0;2;2000;2;2000;0;0;0;0;4;4950;0;0;8;147630;46;176360;32;133031;15;57730
03.06.2021 08:00;2;2000;2;1990;9;82080;115;194995;66;959490;1;320;2;2000;2;2000;0;0;0;0;10;10240;2;2010;16;291470;81;363107;48;262574;44;223974
03.06.2021 09:00;2;1990;2;2000;23;160870;185;426016;135;1464305;2;40550;2;2000;2;1990;0;0;0;0;13;13750;6;6050;25;597800;122;796081;82;587315;75;431822
03.06.2021 10:00;2;2000;2;2000;28;211513;251;860176;147;1201240;5;2010;2;2000;2;2000;0;0;0;0;18;18730;14;14100;43;588438;141;1545368;124;1132781;95;831624
03.06.2021 11:00;2;2000;2;2000;34;442870;264;900990;140;1342664;4;45350;2;2000;2;2000;0;0;0;0;13;13270;6;6040;47;855561;138;1710368;132;1395654;114;675991
03.06.2021 12:00;3;2990;3;2990;49;244695;303;1341934;160;1284770;1;390;3;3000;3;2990;0;0;0;0;27;28920;5;5030;56;884929;146;1893039;115;1307038;95;955530
03.06.2021 13:00;4;3990;4;3990;49;454875;311;1150062;207;1417477;2;460;4;3990;4;4000;0;0;0;0;28;32375;5;5030;44;709430;155;1695888;116;1480142;96;901919
03.06.2021 14:00;4;4000;4;4000;32;193110;298;1240533;186;1395281;2;1570;4;4000;4;3990;0;0;0;0;13;13700;9;9100;52;871592;137;1763867;129;1410610;113;844505
03.06.2021 15:00;4;4000;4;4000;47;264611;333;1061693;145;1525841;1;390;4;4000;4;3990;0;0;0;0;20;23040;7;7030;45;922983;203;1587941;104;1058446;104;882388
03.06.2021 16:00;4;4000;4;4000;36;238480;334;970046;153;1416953;3;1570;4;4044;4;4000;0;0;0;0;18;19280;10;10050;54;762960;212;1399085;106;1065649;91;553374
03.06.2021 17:00;4;3990;4;3980;57;451790;343;800793;188;1837995;23;3930;4;3990;4;3990;0;0;0;0;20;22930;11;11060;61;1052776;224;1277159;112;1060881;110;770966
03.06.2021 18:00;4;4000;4;4000;34;325177;361;1021982;176;1708417;3;1180;4;4000;4;4000;0;0;0;0;27;30000;9;9030;43;881054;240;1390758;95;1171211;99;1045947
03.06.2021 19:00;2;1980;2;1990;40;303975;300;809226;144;1492504;3;21580;2;2000;2;2000;0;0;0;0;33;34690;10;10850;50;761442;199;1047754;91;964591;112;848634
03.06.2021 20:00;2;2000;2;2000;34;143830;209;1024356;135;966365;0;0;2;2000;2;2000;0;0;0;0;25;27070;4;4030;52;734135;131;1150493;90;598784;95;732089
03.06.2021 21:00;2;2000;2;2000;35;186925;200;550030;104;889363;1;590;2;2000;2;1990;0;0;0;0;6;6050;9;9040;32;369827;139;986671;74;415732;90;373840
03.06.2021 22:00;2;2000;2;2000;21;201070;147;520277;80;729669;1;320;2;2000;2;2000;0;0;0;0;9;9340;3;3010;24;369504;120;642980;71;217580;54;174250
03.06.2021 23:00;2;1990;2;1990;19;154797;90;340497;50;537472;1;260;2;1990;2;2000;0;0;0;0;18;24468;1;1000;14;203550;72;399026;41;81490;37;71820
04.06.2021 00:00;2;2000;2;2000;8;101280;54;132240;28;363910;0;0;2;2000;2;1990;0;0;0;0;2;2020;0;0;9;68370;47;184487;21;45370;27;56880
04.06.2021 01:00;0;0;1;1000;1;1950;30;101650;16;277384;0;0;0;0;1;1000;0;0;0;0;1;1010;1;1010;4;24896;23;78570;11;21940;18;40440
04.06.2021 02:00;0;0;0;0;4;42740;25;48180;10;102010;1;520;0;0;0;0;0;0;0;0;0;0;2;2000;6;151360;23;89747;7;10488;5;10870
04.06.2021 03:00;0;0;0;0;4;73660;17;91462;15;187404;1;390;0;0;0;0;0;0;0;0;4;4010;0;0;1;25540;12;36150;5;12760;10;16840
04.06.2021 04:00;1;1000;0;0;3;48900;24;83510;16;290464;1;18080;1;1000;0;0;0;0;0;0;0;0;0;0;8;66370;23;103330;11;23800;15;50000
04.06.2021 05:00;3;3000;3;3000;5;7750;99;353510;18;368539;0;0;3;3000;3;2990;0;0;0;0;0;0;1;1010;12;185730;100;483563;34;151416;21;82070
04.06.2021 06:00;4;4000;3;2990;16;151170;240;491835;64;1030404;2;1170;4;4000;4;3990;0;0;0;0;8;8020;3;3020;13;307951;170;691033;67;535503;57;323215
04.06.2021 07:00;7;7000;6;6000;21;233460;299;654886;125;1003941;3;3390;7;7000;6;5990;0;0;0;0;7;7020;2;2000;36;694045;186;1507334;85;1044066;74;483189
04.06.2021 08:00;8;8000;8;8000;40;465298;368;1011354;173;1881193;5;4210;8;8000;8;7980;0;0;0;0;33;40250;2;2020;52;864321;182;1903148;82;1203287;85;889542
04.06.2021 09:00;3;2990;4;4055;57;416843;387;1266057;276;2120312;6;61450;3;2990;3;3000;0;0;0;0;38;39980;6;6190;66;951971;176;2278773;104;1543819;139;1082481
04.06.2021 10:00;5;5000;4;4000;74;598086;408;1437669;259;2051249;5;3630;5;5000;4;3980;0;0;0;0;57;63970;12;13080;93;1380013;145;2704194;122;1678585;137;1012760
04.06.2021 11:00;3;2990;4;4000;90;774812;370;1654038;262;1777000;7;53560;4;4000;5;4980;0;0;0;0;35;38987;11;11080;90;1319459;158;2604125;120;1822366;133;1577700
04.06.2021 12:00;6;5990;5;5000;69;397843;430;1569755;295;2342519;10;5270;5;5000;5;5000;0;0;0;0;57;61220;14;14080;95;1420616;195;2499645;125;2022972;136;1351714
04.06.2021 13:00;8;8000;9;8990;85;736065;453;1522382;271;2319705;5;62810;8;8000;8;7990;0;0;0;0;38;40710;4;4040;103;1519933;230;2516401;125;2022276;121;1298928
04.06.2021 14:00;5;4980;6;6000;90;863579;462;1490838;281;2424383;7;5990;5;5000;6;5990;0;0;0;0;35;39790;14;14080;86;1793672;212;2487687;126;1755361;124;1287693
04.06.2021 15:00;4;3980;4;3990;103;884117;467;1254975;227;2159156;5;2660;4;4000;4;3990;0;0;0;0;41;46570;7;7110;90;1456373;256;2187442;125;1946622;131;1243081
04.06.2021 16:00;4;4000;3;3000;74;529962;476;1651293;247;2254251;8;3020;4;3990;4;4000;0;0;0;0;45;51640;14;14350;89;1348513;256;2242914;135;2025548;107;1520394
04.06.2021 17:00;4;4000;5;4960;90;570131;450;1364378;272;2314396;6;3120;4;4000;4;3990;0;0;0;0;50;56100;12;12090;89;1102741;229;2264298;142;2014644;151;1615652
04.06.2021 18:00;4;3990;3;2990;70;599460;411;1257502;222;1786210;3;980;4;3990;3;3000;0;0;0;0;45;46590;11;11050;81;1430175;203;1914715;120;1932032;115;1157136
04.06.2021 19:00;5;5000;5;4990;60;496216;374;1045130;186;1753448;4;2200;5;5000;5;5000;0;0;0;0;55;56579;10;10180;62;1181085;238;1596068;104;1287363;106;987145
04.06.2021 20:00;3;3000;4;4000;42;230090;225;967703;170;1009125;2;17480;3;3000;4;4000;0;0;0;0;29;30860;6;6020;52;617492;135;1320109;98;692789;96;763329
04.06.2021 21:00;2;1990;2;2000;40;193553;236;827976;107;774369;1;390;2;2000;2;2000;0;0;0;0;19;21830;10;10670;44;498533;143;1285365;110;684060;83;421545
04.06.2021 22:00;2;2000;2;1990;29;189790;228;962461;120;738889;2;14675;2;1990;2;2000;0;0;0;0;24;25460;6;6030;50;571393;153;1255991;107;420048;91;320395
04.06.2021 23:00;2;2000;2;2000;20;164260;126;646869;48;555030;0;0;2;2000;2;2000;0;0;0;0;9;10650;1;1000;22;193032;106;727626;56;261799;59;334070
05.06.2021 00:00;2;1980;2;1990;13;98960;73;238630;40;356926;2;5190;2;2000;2;2000;0;0;0;0;4;4010;1;1010;16;237790;60;301950;43;216470;45;220520
05.06.2021 01:00;0;0;1;1000;5;7660;44;58780;22;285790;1;9160;0;0;1;1000;0;0;0;0;1;1010;1;1000;9;158419;31;150362;17;57250;20;73530
05.06.2021 02:00;0;0;0;0;6;96340;33;114200;15;144020;0;0;0;0;0;0;0;0;0;0;0;0;1;1010;6;22290;29;110850;12;31400;10;33100
05.06.2021 03:00;0;0;0;0;4;7320;18;104840;16;189640;2;17360;0;0;0;0;0;0;0;0;2;2010;1;1010;3;69130;19;116803;8;20790;9;29600
05.06.2021 04:00;1;1000;0;0;3;2440;24;45000;11;227015;0;0;1;1000;0;0;0;0;0;0;0;0;0;0;5;36990;16;61670;4;6440;10;18520
05.06.2021 05:00;3;3000;3;3000;8;52890;59;174780;14;236974;0;0;3;3000;3;2990;0;0;0;0;0;0;0;0;9;124624;41;154333;20;84180;28;66830
05.06.2021 06:00;4;4000;4;4000;7;37720;89;186885;26;307912;0;0;4;3980;4;4000;0;0;0;0;1;1010;3;3000;10;171411;79;259690;55;337584;30;93489
05.06.2021 07:00;4;3980;4;4000;14;45040;115;341545;56;604042;1;650;4;3990;4;4000;0;0;0;0;4;4340;0;0;22;330158;96;511811;55;358880;36;138292
05.06.2021 08:00;5;5000;4;4000;25;220184;218;778955;100;876005;2;710;5;5000;4;3990;0;0;0;0;18;20100;3;3020;29;396970;143;1240711;68;473486;65;302050
05.06.2021 09:00;4;4000;4;3990;38;255644;270;997148;203;1455510;6;25740;4;4000;4;4000;0;0;0;0;21;21930;11;10930;49;749139;149;1664308;99;1272660;92;655214
05.06.2021 10:00;4;3990;4;4000;61;624338;346;1362474;234;1781803;2;720;4;3990;4;3990;0;0;0;0;38;42710;20;20150;67;893662;153;2068597;103;1426678;122;1012873
05.06.2021 11:00;4;4000;4;4000;70;508763;332;1399116;258;1703678;4;2200;4;4000;4;3990;0;0;0;0;28;29960;7;7030;69;1133094;137;2309617;112;1208679;105;834594
05.06.2021 12:00;4;4000;4;3990;83;736737;381;1390987;242;1853803;6;3320;4;4000;4;3990;0;0;0;0;36;36540;11;11070;72;1249672;147;2314626;110;1634591;128;1359183
05.06.2021 13:00;4;3990;4;4000;68;675022;396;1364230;227;1776983;4;2080;4;3990;4;4000;0;0;0;0;28;29960;22;22330;83;1242796;175;2304875;124;1587808;136;1258319
05.06.2021 14:00;4;3990;4;4000;72;606610;400;1390982;225;1594054;2;1300;4;3990;4;4000;0;0;0;0;38;39910;20;20210;78;1017520;162;2510045;122;1946591;130;1295456
05.06.2021 15:00;4;3980;4;4000;58;677362;364;1420343;204;1626936;4;1440;4;4000;4;3990;0;0;0;0;44;51380;17;17110;76;1298738;167;2184963;128;1243422;131;1169191
05.06.2021 16:00;4;4000;4;4000;76;612850;348;1385243;168;1415628;6;30830;4;3990;4;3990;0;0;0;0;34;42470;7;7050;69;1154728;231;2034854;114;1443861;140;1018909
05.06.2021 17:00;4;4000;5;4990;63;579270;377;1551608;176;1422096;6;30360;4;4000;5;4990;0;0;0;0;51;58110;7;7040;84;1441649;156;2333086;124;1464843;117;992069
05.06.2021 18:00;4;4000;4;3990;62;705764;328;1318671;167;1390349;2;400;4;4000;4;4000;0;0;0;0;48;67028;8;8260;90;1450278;165;1883593;121;1511359;119;1074559
05.06.2021 19:00;4;4000;4;4000;52;527852;310;1143122;159;1260037;3;35240;4;3980;4;4000;0;0;0;0;27;28800;6;6040;69;968142;166;1758377;101;790817;111;672099
05.06.2021 20:00;2;2000;2;2000;31;166287;276;892061;107;918446;1;320;2;2000;2;2000;0;0;0;0;37;39879;5;5020;56;629227;167;1287815;99;862011;107;638442
05.06.2021 21:00;2;1990;2;2000;27;191130;221;814012;111;918053;1;130;2;2000;2;1990;0;0;0;0;30;32200;3;3010;45;532817;155;1191904;85;590756;93;438456
05.06.2021 22:00;2;2000;2;2000;28;132950;231;967764;91;934910;0;0;2;2000;2;1990;0;0;0;0;22;22920;4;4020;51;464554;143;1456639;80;302061;107;343133
05.06.2021 23:00;2;1990;2;2000;19;121131;162;633920;62;563662;2;970;2;2000;2;2000;0;0;0;0;20;22720;7;7030;33;400493;125;791411;73;209380;57;192792
06.06.2021 00:00;2;2000;2;2000;18;116860;107;325600;25;391607;0;0;2;2000;2;1990;0;0;0;0;11;14130;3;3010;17;143033;84;447431;53;134200;44;184293
06.06.2021 01:00;0;0;1;1000;8;49150;67;108787;19;146970;0;0;0;0;1;1000;0;0;0;0;6;6960;1;1010;9;185233;51;206360;34;89750;29;66780
06.06.2021 02:00;0;0;0;0;11;96260;31;92570;17;238997;1;14080;0;0;0;0;0;0;0;0;1;1010;3;3020;10;189835;23;111085;14;20610;10;23780
06.06.2021 03:00;0;0;0;0;4;59040;29;53490;9;140840;0;0;0;0;0;0;0;0;0;0;0;0;1;1000;1;22024;29;103340;13;32750;11;31970
06.06.2021 04:00;0;0;0;0;7;102956;13;37610;8;142210;0;0;0;0;0;0;0;0;0;0;2;2010;1;1010;1;480;9;32830;8;16920;8;16550
06.06.2021 05:00;2;2000;1;1000;7;52890;24;67650;7;99690;0;0;2;2000;1;990;0;0;0;0;0;0;0;0;4;89210;22;81088;9;27530;16;45130
06.06.2021 06:00;2;2000;2;2000;4;28440;38;88080;16;250444;0;0;2;2000;2;2000;0;0;0;0;0;0;0;0;6;84024;35;90640;17;75960;12;43000
06.06.2021 07:00;2;2000;2;2000;4;23790;47;144154;28;280004;1;260;2;1990;2;2000;0;0;0;0;0;0;0;0;7;158030;46;111091;30;74270;14;36160
06.06.2021 08:00;2;2000;2;2000;6;52770;72;262109;41;423520;0;0;2;1990;2;2000;0;0;0;0;7;8600;1;1010;9;126700;60;237885;70;281530;30;135710
06.06.2021 09:00;2;1990;2;2000;14;53520;141;548290;78;766974;1;330;2;2000;2;2000;0;0;0;0;3;3020;5;5020;22;355344;109;730172;70;484308;43;161733
06.06.2021 10:00;2;2000;2;2000;29;210314;189;532592;109;1036089;0;0;2;2000;2;2000;0;0;0;0;11;12390;2;2020;30;373213;117;806792;97;687862;81;436079
06.06.2021 11:00;2;2000;2;2000;34;358862;257;1124891;163;1099422;1;320;2;2000;2;2000;0;0;0;0;12;12190;10;10070;49;586215;147;1528457;104;1018297;79;536490
06.06.2021 12:00;3;3000;3;3000;44;434740;300;1100642;157;1222002;2;1300;3;3000;3;2990;0;0;0;0;15;15090;5;5010;48;732684;157;1634058;106;1343294;90;540520
06.06.2021 13:00;4;4000;4;4000;58;279142;293;929290;159;1322900;3;17110;4;4000;4;4000;0;0;0;0;25;26000;15;15090;57;793934;174;1595227;107;1113899;107;580694
06.06.2021 14:00;4;3980;4;4000;45;483982;356;1127305;179;1389388;12;54790;4;4000;4;3990;0;0;0;0;20;20700;4;4040;62;826667;174;1984114;118;1180765;106;701898
06.06.2021 15:00;4;4000;4;4000;45;487751;329;1103589;189;1342347;1;520;4;4000;4;4000;0;0;0;0;28;29670;12;12080;59;752642;181;1630604;127;1141594;108;621216
06.06.2021 16:00;4;3980;4;4000;44;277393;359;1269118;167;1176256;2;1170;4;4000;4;4000;0;0;0;0;26;26800;7;7060;47;672143;199;1793021;97;1102350;103;825145
06.06.2021 17:00;4;3980;4;4000;51;305857;361;1205514;189;1436717;4;1240;4;3990;4;3990;0;0;0;0;26;26884;10;10070;54;813675;193;1977281;117;906328;107;655212
06.06.2021 18:00;4;4000;4;4000;42;422046;379;1195640;160;1468172;6;25350;4;3990;4;4000;0;0;0;0;17;17830;6;6980;52;673837;184;1996166;109;989329;106;712882
06.06.2021 19:00;2;2000;2;2000;42;277541;307;822319;130;1163480;0;0;2;2000;2;2000;0;0;0;0;23;24280;10;10214;47;581265;177;1450465;123;886621;107;617555
06.06.2021 20:00;2;1990;2;2000;20;147865;247;719693;98;835050;2;910;2;2000;2;2000;0;0;0;0;18;21520;5;5280;37;527452;164;1256023;91;639888;87;374620
06.06.2021 21:00;2;1990;2;2000;12;46160;188;626660;63;698825;3;780;2;2000;2;2000;0;0;0;0;14;14890;2;2000;32;522963;129;990444;83;479100;61;316030
06.06.2021 22:00;2;1990;2;2000;19;126127;100;435387;60;552990;0;0;2;2000;2;2000;0;0;0;0;4;4230;2;2010;14;263673;87;418126;62;173480;44;116000
06.06.2021 23:00;2;1990;2;2000;6;50674;73;208946;21;349233;1;200;2;2000;2;1990;0;0;0;0;2;2290;3;3020;17;184220;60;229070;27;63055;26;69390
07.06.2021 00:00;2;2000;2;2000;2;5200;38;69290;11;180340;0;0;2;2000;2;2000;0;0;0;0;0;0;0;0;4;29786;36;122440;12;26031;18;35640
07.06.2021 01:00;0;0;1;1000;0;0;24;11240;7;156644;1;16520;0;0;1;1000;0;0;0;0;2;2410;0;0;2;40910;22;68300;3;6500;9;17880
07.06.2021 02:00;0;0;0;0;1;19950;12;56110;4;114300;0;0;0;0;0;0;0;0;0;0;0;0;0;0;1;16240;13;53820;1;2480;9;19270
07.06.2021 03:00;0;0;0;0;3;70220;8;4800;5;83201;1;390;0;0;0;0;0;0;0;0;1;1000;0;0;0;0;10;40760;4;15110;6;34960
07.06.2021 04:00;1;1000;0;0;4;58000;33;101270;12;177100;0;0;1;1000;0;0;0;0;0;0;0;0;0;0;5;57520;25;109305;17;53250;20;88024
07.06.2021 05:00;3;3037;3;2980;7;28150;181;337439;39;597470;2;63850;3;3000;3;3000;0;0;0;0;0;0;0;0;13;110415;108;871845;49;439032;75;309673
07.06.2021 06:00;4;4000;3;3000;28;638174;405;999952;94;1235996;3;710;4;4000;4;3990;0;0;0;0;5;5910;2;2010;39;672404;124;1907647;88;1147911;89;546410
07.06.2021 07:00;6;6000;6;6000;68;916739;511;2013766;325;2132784;13;9910;6;6000;5;5000;0;0;0;0;27;27950;11;11070;82;1355612;84;3222417;76;2217631;106;1385115
07.06.2021 08:00;9;9000;8;8000;90;1025939;573;1795821;325;2383739;11;106320;9;8990;8;7990;0;0;0;0;25;25270;9;9420;90;1494032;124;3455537;70;2343269;107;1584649
07.06.2021 09:00;3;2990;5;4980;78;910438;503;1651396;274;2239530;7;57290;4;4000;5;4990;0;0;0;0;37;39830;12;12100;73;1375714;167;2781030;113;1612741;102;899749
07.06.2021 10:00;5;4990;3;3000;73;646430;382;1647828;272;1947411;13;162114;4;3990;4;4000;0;0;0;0;30;30590;18;18650;81;1226233;181;2613047;102;1570414;135;1089102
07.06.2021 11:00;3;3000;4;3980;80;748670;348;1685078;271;2103521;9;13880;3;2990;4;3990;0;0;0;0;29;32760;14;14100;107;1456339;136;2381001;108;1941130;117;1390937
07.06.2021 12:00;6;6000;6;5980;94;929428;362;1588444;246;1745055;8;53580;6;5980;5;5000;0;0;0;0;34;34523;15;15090;112;1547059;151;2472741;119;1941675;121;1148281
07.06.2021 13:00;8;8000;7;7000;89;802649;370;1780868;313;2184077;8;38100;8;7990;8;8000;0;0;0;0;41;42720;11;11080;95;1604179;144;2609812;115;1986482;123;1429897
07.06.2021 14:00;5;4980;6;6000;68;516376;417;1594706;253;1863668;5;35250;5;4990;6;5990;0;0;0;0;49;53889;21;24930;90;1351166;153;2696421;107;2043371;151;1377680
07.06.2021 15:00;4;4000;4;4000;97;980531;422;1499452;303;2290045;6;5200;4;3990;3;3000;0;0;0;0;53;58520;23;23260;85;1590338;182;2438138;129;2312246;142;1278943
07.06.2021 16:00;4;4000;4;4000;114;903941;500;1601418;299;2534772;30;48600;4;3990;5;5000;0;0;0;0;39;40670;15;15250;95;1678711;220;2645104;133;2490227;131;1664454
07.06.2021 17:00;4;3970;4;3980;105;790324;436;1525686;264;2272707;3;1430;4;4000;4;4000;0;0;0;0;50;55520;17;17740;101;1722067;226;2467758;136;1991429;153;1474164
07.06.2021 18:00;4;3990;5;5000;85;603516;438;1653349;248;1971284;6;3120;4;4000;4;3980;0;0;0;0;36;39590;16;16280;106;1490946;192;2404606;123;2001003;122;1701972
07.06.2021 19:00;4;4000;4;4000;66;570403;298;870062;167;1653664;4;2070;5;5039;4;4000;0;0;0;0;22;29070;12;12070;72;1044993;196;1176128;109;1389111;110;969170
07.06.2021 20:00;4;4000;4;4000;39;276974;214;985056;156;1084773;4;2080;3;2990;4;3990;0;0;0;0;18;20890;6;6020;59;803270;137;1345202;96;859551;95;522611
07.06.2021 21:00;2;2000;2;2000;26;143320;182;659114;86;778936;0;0;2;2000;2;2000;0;0;0;0;18;18590;8;8060;38;444322;134;944579;82;428647;66;334389
07.06.2021 22:00;2;2000;2;2000;22;122310;161;687206;79;657006;2;16750;2;2000;2;2000;0;0;0;0;26;31310;2;2120;31;313335;118;711949;64;215574;69;209600
07.06.2021 23:00;2;1990;2;2000;17;111140;62;204370;26;303578;3;12400;2;2000;2;2000;0;0;0;0;4;4000;2;2010;11;100660;54;253070;38;66340;39;99610
08.06.2021 00:00;2;2000;2;2000;7;22640;31;24260;19;170640;1;130;2;2000;2;2000;0;0;0;0;1;1040;0;0;2;10410;27;116428;16;32490;8;9780
08.06.2021 01:00;0;0;1;1000;1;330;16;21390;10;237151;1;33160;0;0;1;1000;0;0;0;0;0;0;0;0;1;540;14;47090;4;6000;7;14000
08.06.2021 02:00;0;0;0;0;1;2760;11;31880;1;2280;0;0;0;0;0;0;0;0;0;0;0;0;0;0;1;15720;11;29710;5;9350;6;7920
08.06.2021 03:00;0;0;0;0;1;34980;17;10100;3;64365;0;0;0;0;0;0;0;0;0;0;1;1010;0;0;8;101510;19;55479;6;10090;6;16280
08.06.2021 04:00;1;1000;0;0;4;37430;31;40510;10;212698;0;0;1;1000;0;0;0;0;0;0;0;0;0;0;2;28750;26;117010;10;13264;17;32694
08.06.2021 05:00;3;2990;3;3000;7;43630;174;273660;28;399930;1;1360;3;2980;3;3000;0;0;0;0;1;1000;2;2010;13;225020;107;799554;43;219790;29;98910
08.06.2021 06:00;4;3990;3;3000;24;224703;363;1001525;119;1300354;2;40685;4;4000;4;4000;0;0;0;0;4;4020;0;0;30;595565;190;1770353;103;913590;98;462570
08.06.2021 07:00;7;7038;7;6990;69;842652;569;1637029;289;2174202;6;4860;7;7000;6;5980;0;0;0;0;39;48500;8;8070;68;1310182;177;3130157;88;1956311;100;1235609
08.06.2021 08:00;7;6980;7;6990;67;450337;565;1793202;294;2165680;9;118030;7;6980;7;6990;0;0;0;0;46;51168;10;10960;75;1163325;173;3298074;87;2028273;101;1249408
08.06.2021 09:00;4;3990;3;3000;69;631645;436;1508282;299;2390543;3;850;4;4000;4;4000;0;0;0;0;27;30370;9;9080;85;1088594;185;2562298;93;1731039;113;1205314
08.06.2021 10:00;4;4000;4;4000;71;643967;412;1351608;244;1723903;10;67280;4;3990;4;3980;0;0;0;0;35;37140;12;12060;74;982741;174;2468929;114;1442860;102;1094969
08.06.2021 11:00;4;3990;4;4000;81;438384;431;1527544;260;2062687;8;85160;4;4000;4;4000;0;0;0;0;38;43733;12;12090;101;1412343;154;2611819;114;1692097;134;1560451
08.06.2021 12:00;5;5000;5;4990;76;502617;375;1699555;259;1840698;6;31110;5;5000;5;4990;0;0;0;0;33;35829;12;12290;79;1062852;133;2456392;118;1799528;117;1048042
08.06.2021 13:00;8;8000;9;9000;95;953174;389;1905922;313;2279005;7;478713;8;8000;8;7980;0;0;0;0;50;55860;17;17110;102;1555668;140;2855607;108;2211662;123;1446408
08.06.2021 14:00;5;4990;5;4980;82;537437;379;1730699;286;1957976;8;8460;5;4990;6;5990;0;0;0;0;50;52100;18;18220;96;1336849;162;2673959;127;2195191;143;1200951
08.06.2021 15:00;4;3990;5;5000;106;799154;444;1568816;302;2349021;11;49260;4;4000;4;4000;0;0;0;0;60;64685;19;19690;116;1595227;197;2642832;137;2227570;147;1476742
08.06.2021 16:00;4;3990;4;3980;109;827129;485;1509493;270;2166691;11;24864;4;4000;4;4000;0;0;0;0;41;43065;25;27494;106;1358699;256;2458137;141;2204706;149;1604982
08.06.2021 17:00;4;4000;4;4000;116;1077968;523;1561169;300;2277111;3;55080;4;3990;4;4000;0;0;0;0;43;46530;13;13700;106;1951541;247;2582699;131;2290156;118;1685197
08.06.2021 18:00;4;3990;4;3990;86;653468;447;1259859;272;2420942;9;38600;4;4000;4;4000;0;0;0;0;40;45530;9;9230;96;1637112;231;2106784;134;1900162;121;1498328
08.06.2021 19:00;5;5000;4;3980;66;517446;321;1018958;213;1827546;7;69690;5;4990;4;3990;0;0;0;0;31;35244;16;16310;68;1093825;213;1344987;108;1303337;106;978775
08.06.2021 20:00;3;2990;4;4000;50;431594;241;1031127;139;997523;3;40530;3;3000;4;4053;0;0;0;0;27;30940;10;10240;53;538130;143;1345807;102;963970;83;634515
08.06.2021 21:00;2;2000;2;1990;36;144234;193;689602;114;852950;2;720;2;2000;2;2000;0;0;0;0;24;25719;8;8070;44;550929;146;1000800;70;336774;72;335220
08.06.2021 22:00;2;2000;2;2000;28;118835;168;771316;75;592033;2;5830;2;2000;2;2000;0;0;0;0;19;19983;5;5050;35;289485;112;853130;86;281691;59;209357
08.06.2021 23:00;2;2000;2;1990;15;97310;84;240235;34;442210;0;0;2;1990;2;2000;0;0;0;0;5;6350;1;1010;19;241590;73;330235;51;162545;28;65990
09.06.2021 00:00;2;2000;2;2000;8;106905;38;72650;13;201970;0;0;2;2000;2;2000;0;0;0;0;1;1010;0;0;10;138935;28;121360;16;31720;15;33945
09.06.2021 01:00;0;0;1;1000;3;3490;25;89660;16;194837;1;2270;0;0;1;1000;0;0;0;0;0;0;0;0;2;65990;21;68140;4;5010;8;24590
09.06.2021 02:00;0;0;0;0;2;1620;12;6610;9;153100;0;0;0;0;0;0;0;0;0;0;1;1250;0;0;4;89350;12;32730;3;4880;5;6520
09.06.2021 03:00;0;0;0;0;0;0;15;19850;7;92250;1;520;0;0;0;0;0;0;0;0;1;1000;0;0;0;0;13;49431;4;3760;6;9830
09.06.2021 04:00;1;1000;0;0;2;4880;33;58170;12;235550;0;0;1;1000;0;0;0;0;0;0;0;0;0;0;4;50885;29;96080;9;19380;19;40430
09.06.2021 05:00;3;3000;2;2000;8;57810;171;458792;29;497998;1;260;3;3000;3;3000;0;0;0;0;3;3010;1;1010;15;167910;132;626329;38;249550;35;141514
09.06.2021 06:00;4;3990;4;4000;27;447360;372;910540;85;1073490;0;0;4;3990;4;4000;0;0;0;0;7;7160;1;1000;22;637077;197;1641785;98;958379;63;488605
09.06.2021 07:00;7;7000;6;6000;64;689740;527;1647688;286;2397008;10;54145;7;6990;5;5000;0;0;0;0;31;50690;22;22320;76;1210654;162;3086725;100;1882314;99;1429201
09.06.2021 08:00;8;7990;8;7980;66;389616;500;1857789;321;2078843;12;7800;8;8000;9;8970;0;0;0;0;30;32990;12;12290;71;1052706;157;3202397;104;1789330;95;1355431
09.06.2021 09:00;3;2990;4;4000;68;563781;454;1661988;316;2216730;15;107033;3;3000;3;3000;0;0;0;0;22;25620;12;12360;72;1044715;175;2774859;100;1488629;108;1181703
09.06.2021 10:00;5;5000;5;5000;63;605776;487;1574938;260;2103527;4;18540;5;4990;5;4990;0;0;0;0;42;45769;14;14180;70;1197356;146;2909234;111;1749683;118;1104310
09.06.2021 11:00;4;4000;4;4000;108;918058;412;1762045;316;1982996;8;40640;4;4000;4;4000;0;0;0;0;45;50390;14;14150;107;1829634;156;2761552;120;1461801;127;1510033
09.06.2021 12:00;5;4990;4;4000;86;688247;398;1781073;280;2132141;9;9530;5;5000;5;4990;0;0;0;0;41;43460;8;8060;90;1254340;166;2559233;133;1695087;122;1151166
09.06.2021 13:00;8;7990;8;8000;82;591199;399;1756184;299;2215588;11;24965;8;7990;8;7990;0;0;0;0;37;46500;13;13120;102;1676105;166;2738861;111;2050642;117;1048982
09.06.2021 14:00;5;5000;7;7000;71;589796;450;1629477;254;1776577;7;3780;5;4990;6;5990;0;0;0;0;43;47669;12;12130;82;1463687;165;2705757;123;2038512;130;1211004
09.06.2021 15:00;4;3980;3;2990;89;622337;437;1666295;294;2305304;11;5400;4;4000;4;3990;0;0;0;0;41;44774;34;36410;99;1545690;199;2606140;125;2301645;146;1613982
09.06.2021 16:00;4;3990;5;5000;93;689839;495;1504118;254;2172444;5;46850;4;4000;4;3990;0;0;0;0;32;35970;12;12100;97;1504407;274;2389386;127;2511655;132;1804120
09.06.2021 17:00;4;3990;4;4000;123;710933;486;1596068;282;2328597;15;9890;4;4000;4;3990;0;0;0;0;39;41000;11;11150;109;1675281;230;2648907;129;2222164;139;1564370
09.06.2021 18:00;4;4000;4;3990;106;544070;408;1337403;255;1918940;6;71590;4;4000;4;3990;0;0;0;0;55;64060;18;18400;97;1427579;194;1982014;118;2005122;143;1458610
09.06.2021 19:00;5;5072;4;4000;53;562552;364;1196230;181;1757683;6;53980;5;5000;4;3990;0;0;0;0;47;48774;16;17350;80;1114812;218;1574388;107;1426570;124;961353
09.06.2021 20:00;3;3000;4;4000;45;515295;260;1082015;146;1126333;0;0;3;3000;4;4000;0;0;0;0;29;33770;14;14180;74;1029255;140;1530499;101;1043835;107;644567
09.06.2021 21:00;2;2000;2;1990;27;107760;223;762310;114;966118;0;0;2;2000;2;2000;0;0;0;0;11;11820;4;4170;43;477730;133;1210372;78;485211;92;503579
09.06.2021 22:00;2;2000;2;2000;28;204835;185;791344;74;621164;1;720;2;2000;2;1990;0;0;0;0;19;20110;5;5080;38;465245;125;901839;74;255250;74;176270
09.06.2021 23:00;2;2000;2;2000;16;137750;96;422832;74;808586;2;650;2;2000;2;2000;0;0;0;0;7;7270;3;3130;18;210400;91;575242;42;139120;33;71900
10.06.2021 00:00;2;1990;2;2000;9;31920;52;88680;28;243910;2;15870;2;2000;2;2000;0;0;0;0;3;3800;3;3040;13;66139;43;233720;18;41750;18;43760
10.06.2021 01:00;0;0;1;1000;1;1870;21;64930;9;178794;1;18004;0;0;1;1000;0;0;0;0;0;0;0;0;4;60900;18;100374;4;7280;13;29500
10.06.2021 02:00;0;0;0;0;2;32090;15;9380;7;126640;0;0;0;0;0;0;0;0;0;0;0;0;1;1010;6;72620;16;44582;7;15720;12;28460
10.06.2021 03:00;0;0;0;0;2;810;12;23590;3;20720;1;590;0;0;0;0;0;0;0;0;0;0;0;0;0;5380;11;41240;5;6990;3;22940
10.06.2021 04:00;1;1000;0;0;3;31000;34;58720;14;152079;0;0;1;1000;0;0;0;0;0;0;0;0;0;0;4;42020;33;119210;14;25860;17;48460
10.06.2021 05:00;3;2990;3;2990;12;29790;153;314345;23;365224;0;0;3;2990;3;3000;0;0;0;0;3;3010;1;1020;12;97450;120;622299;38;207730;34;119000
10.06.2021 06:00;4;3990;4;3990;24;330396;376;813106;98;1048816;0;0;4;4000;4;3990;0;0;0;0;12;12700;1;1010;33;522960;176;1630480;144;1106470;75;591797
10.06.2021 07:00;7;6990;6;5990;79;864865;524;1896114;277;2115926;13;71190;7;7055;6;6000;0;0;0;0;44;50870;14;14170;75;1407119;152;3274380;84;1965728;110;1369138
10.06.2021 08:00;7;6990;8;7990;78;855038;538;1573091;304;2386643;11;5140;8;8000;8;8000;0;0;0;0;28;28765;14;14180;78;1367202;171;3178894;98;1853036;96;1515210
10.06.2021 09:00;5;4980;4;3990;76;845450;448;1449555;259;1940752;7;3170;4;4000;4;4000;0;0;0;0;29;30060;5;5070;82;1486178;163;2723104;103;1954824;115;1470616
10.06.2021 10:00;4;4000;4;3990;90;694858;378;1607744;287;2109145;7;3890;4;4000;4;3990;0;0;0;0;31;35900;9;9130;95;1151437;128;2683274;110;1825655;111;1122400
10.06.2021 11:00;4;4000;4;4000;77;567955;379;1593550;280;1995829;6;2660;4;4000;4;3990;0;0;0;0;49;52460;19;19340;105;1507541;149;2672810;124;1716774;121;1310171
10.06.2021 12:00;5;4990;4;4000;87;760988;391;1509637;295;2103723;7;5120;5;5000;5;4980;0;0;0;0;42;45150;17;17920;87;1571125;173;2664184;124;1903756;115;1034046
10.06.2021 13:00;9;9000;10;9990;79;820044;448;1536230;308;2103103;13;8780;9;9000;9;8990;0;0;0;0;57;60265;41;41980;95;1525384;150;2877682;102;2143195;122;1417016
10.06.2021 14:00;5;4970;5;5000;98;901775;361;1847583;293;2166580;2;840;5;5000;5;4990;0;0;0;0;38;43740;13;13750;108;1388291;168;2556410;111;2201679;138;1476620
10.06.2021 15:00;4;3990;5;4990;108;637071;487;1542489;308;2210754;10;119260;4;4000;5;5000;0;0;0;0;54;60878;16;16030;97;1603108;201;2681862;112;2329932;152;1393240
10.06.2021 16:00;4;3980;3;3000;107;868800;490;1674688;294;2422419;12;8190;4;4000;4;4000;0;0;0;0;53;57010;22;22610;103;1659117;284;2371710;120;2466840;142;1620153
10.06.2021 17:00;4;4000;4;4000;112;734180;501;1637526;285;2293005;6;3320;4;4000;3;3000;0;0;0;0;79;84810;19;19630;105;1638298;260;2574229;121;2322443;163;1579821
10.06.2021 18:00;4;4000;5;5000;114;867482;488;1610516;288;2151939;11;7610;4;4000;4;4000;0;0;0;0;66;75135;20;20220;103;1852571;233;2266411;115;2245602;123;1632804
10.06.2021 19:00;5;5000;3;3000;75;630713;364;1064969;209;1684179;2;910;5;4990;3;3000;0;0;0;0;34;37120;23;23400;81;1039776;230;1514573;110;1424989;111;1054049
10.06.2021 20:00;3;3000;5;5000;44;208040;275;1166195;154;1248067;2;990;3;3000;5;4980;0;0;0;0;27;38420;4;4020;63;792994;149;1475109;86;1112609;89;670751
10.06.2021 21:00;2;2000;2;2000;42;144264;209;837715;119;867511;2;39200;2;1990;2;2000;0;0;0;0;21;21690;3;3030;42;450679;137;1115539;88;642107;93;522667
10.06.2021 22:00;2;2000;2;2000;30;118280;208;775830;104;738898;1;460;2;2000;2;2000;0;0;0;0;15;20150;6;6030;43;608836;143;1058090;107;285840;75;229864
10.06.2021 23:00;2;2056;2;2000;23;125610;100;407335;60;712532;2;13030;2;2000;2;2000;0;0;0;0;8;9610;4;4030;20;205885;92;449315;64;212630;51;139399
11.06.2021 00:00;2;2000;2;2000;12;72340;50;247711;27;235150;0;0;2;2000;2;2000;0;0;0;0;0;0;0;0;13;113150;56;236615;19;36940;18;47489
11.06.2021 01:00;0;0;1;1000;5;19254;27;205490;6;121930;1;1620;0;0;1;1000;0;0;0;0;0;0;2;2020;5;91051;22;76728;9;12440;15;40690
11.06.2021 02:00;0;0;0;0;5;4150;25;33160;12;214845;1;1040;0;0;0;0;0;0;0;0;1;1010;0;0;0;0;20;80940;10;13048;7;17990
11.06.2021 03:00;0;0;0;0;3;4820;16;47280;10;112610;1;390;0;0;0;0;0;0;0;0;1;1000;0;0;2;52954;12;46230;2;3740;8;17690
11.06.2021 04:00;1;1000;0;0;3;9360;34;57040;12;168610;0;0;1;990;0;0;0;0;0;0;0;0;0;0;3;23740;28;123500;13;29600;14;38820
11.06.2021 05:00;3;2990;2;2000;8;52250;140;335305;35;438885;0;0;3;2990;3;2990;0;0;0;0;0;0;0;0;10;193340;108;589175;34;158370;29;74270
11.06.2021 06:00;4;3990;5;5000;25;280755;331;612895;101;1308374;6;26780;4;4000;4;4000;0;0;0;0;6;6120;1;1010;36;767607;199;1449087;96;1126147;78;437701
11.06.2021 07:00;7;7000;5;5000;69;495846;508;1652406;271;1979381;8;77180;7;7000;5;4990;0;0;0;0;24;26420;26;27020;77;1078824;112;3228606;91;1855699;93;1239462
11.06.2021 08:00;8;7980;8;7990;77;875828;478;1568775;306;2273055;15;41340;8;7990;9;8990;0;0;0;0;26;38690;19;22860;74;1384898;171;2926004;92;1904992;114;1408013
11.06.2021 09:00;3;3000;5;5000;51;431677;426;1492915;297;2043517;8;4930;3;2990;4;3990;0;0;0;0;33;34370;12;12100;64;1056281;183;2743824;120;1543519;125;1320244
11.06.2021 10:00;5;4980;3;2980;61;516073;368;1626728;294;2079029;10;51190;5;4990;4;3990;0;0;0;0;34;36460;12;12100;88;1101827;161;2589502;131;1534773;126;1064163
11.06.2021 11:00;4;3990;4;4000;94;772374;377;1730204;304;2059864;7;73770;4;4000;4;4000;0;0;0;0;35;38180;10;10340;115;1406177;146;2620813;128;1716571;122;1268922
11.06.2021 12:00;5;5000;5;5000;110;827565;422;1877975;310;2250859;8;34050;5;4980;5;5000;0;0;0;0;44;48930;22;23620;99;1418020;209;2662059;139;2170999;148;1668899
11.06.2021 13:00;8;7990;9;9000;109;817237;484;1860931;304;2330110;11;4760;8;8000;8;7990;0;0;0;0;71;76720;16;16090;106;1553657;205;2877811;139;2276431;128;1719458
11.06.2021 14:00;5;5000;5;4990;83;746355;488;1562976;305;2250149;2;48400;5;4990;6;5990;0;0;0;0;40;41810;7;7050;87;1474473;232;2664223;129;2476610;130;1755180
11.06.2021 15:00;4;3990;4;3990;73;553118;521;1621107;296;2459087;10;5390;4;4000;3;3000;0;0;0;0;38;42140;13;13880;88;1508261;258;2468918;128;2240136;134;1556202
11.06.2021 16:00;4;4000;5;4990;84;489286;454;1523184;269;2202500;1;520;4;4000;5;4990;0;0;0;0;39;49280;15;15250;95;1376441;238;2475194;126;2231173;139;1569509
11.06.2021 17:00;4;3990;4;4000;84;617389;508;1329644;292;2261124;9;117353;4;4056;4;4000;0;0;0;0;54;58410;18;18550;91;1643348;274;2478654;130;2300349;144;1859425
11.06.2021 18:00;4;3990;3;3000;98;706024;482;1481774;279;2212860;11;144800;4;4000;4;4000;0;0;0;0;31;33770;35;39932;89;1281763;241;2572416;128;1962215;162;1609525
11.06.2021 19:00;5;5000;4;3990;71;624490;441;1300159;229;1692252;8;4560;5;5000;3;3000;0;0;0;0;35;40600;10;10320;91;1342049;204;2044021;126;1651722;132;1352648
11.06.2021 20:00;3;3000;5;4990;43;257947;290;1092676;180;1374171;7;37740;3;2990;5;5000;0;0;0;0;40;45260;8;8060;52;660822;166;1625289;99;945150;113;905860
11.06.2021 21:00;2;2000;2;1980;35;192415;202;723958;139;926212;2;1120;2;2000;2;2000;0;0;0;0;35;39980;11;11260;45;491325;134;1222460;100;651582;82;630500
11.06.2021 22:00;2;2000;2;1980;32;139430;220;756509;109;987928;0;0;2;2000;2;2000;0;0;0;0;32;38408;7;7030;42;369319;153;1184473;92;289597;79;337218
11.06.2021 23:00;2;1980;2;2000;22;89700;163;672117;112;1070309;2;1170;2;2000;2;2000;0;0;0;0;17;19730;6;6570;30;255680;137;908654;59;264130;55;177350
12.06.2021 00:00;2;2000;2;2000;16;137792;114;458050;57;616517;0;0;2;2000;2;2000;0;0;0;0;6;6280;7;7020;17;120120;92;441980;60;216765;58;167785
12.06.2021 01:00;0;0;1;1000;9;14180;73;218512;28;329010;2;330;0;0;1;1000;0;0;0;0;8;8311;5;5020;9;171808;53;274611;21;46070;30;90890
12.06.2021 02:00;0;0;0;0;12;54260;24;146434;21;368590;2;39160;0;0;0;0;0;0;0;0;2;2010;2;2000;5;75170;20;78690;14;26840;9;51900
12.06.2021 03:00;0;0;0;0;6;20360;23;14100;6;124030;0;0;0;0;0;0;0;0;0;0;0;0;1;1010;6;64450;21;67650;6;15100;12;24710
12.06.2021 04:00;1;1000;0;0;6;4660;33;92760;18;316066;2;21635;1;1000;0;0;0;0;0;0;1;1010;0;0;5;51720;32;143070;6;11560;9;11006
12.06.2021 05:00;3;2980;3;3000;11;128683;61;92540;14;187290;0;0;3;2990;3;3000;0;0;0;0;1;1000;0;0;6;97000;53;167083;30;141910;21;80420
12.06.2021 06:00;4;4000;4;3990;11;92436;105;295912;26;344220;1;460;4;3990;4;4000;0;0;0;0;2;2010;0;0;13;187250;88;312827;71;317539;38;121690
12.06.2021 07:00;4;4000;4;4000;15;178185;120;479306;66;838809;0;0;4;4000;4;4000;0;0;0;0;9;9470;2;2410;16;268065;81;818745;70;363346;52;213975
12.06.2021 08:00;5;4990;4;4000;27;188144;230;917740;146;1174420;2;780;5;5000;4;4000;0;0;0;0;17;17660;6;6030;33;450190;136;1192944;74;460072;65;365220
12.06.2021 09:00;5;4990;4;3980;41;320930;335;1210640;215;1664856;6;2860;5;4990;4;4000;0;0;0;0;31;31790;5;5290;51;697634;156;2065061;114;1388264;130;1070640
12.06.2021 10:00;4;3990;5;4990;70;490071;361;1648227;304;2017584;3;1490;4;4000;5;4990;0;0;0;0;36;38190;10;10470;68;746761;155;2482111;120;1279672;99;1156788
12.06.2021 11:00;4;3990;4;3980;64;417432;400;1729980;280;2004450;8;3840;4;4000;4;4000;0;0;0;0;38;42750;10;10080;95;1349873;172;2466190;114;1849856;150;1281240
12.06.2021 12:00;4;4000;4;4000;99;735220;386;1510400;267;1882118;3;1160;4;4000;4;4000;0;0;0;0;48;50620;9;9060;93;1316040;147;2607057;125;1639448;120;1442403
12.06.2021 13:00;4;4000;4;4000;73;609120;393;1448055;254;1995295;3;47550;4;3990;4;4000;0;0;0;0;37;39210;8;8070;80;1294391;191;2406370;126;1631929;126;1227929
12.06.2021 14:00;4;4000;4;4000;79;458410;414;1340839;246;1840270;2;1420;4;4000;4;3990;0;0;0;0;40;54165;16;16180;90;1278373;172;2436118;130;1895379;127;1513375
12.06.2021 15:00;4;4000;4;4000;69;694276;396;1296134;212;1420809;3;1690;4;3990;4;4000;0;0;0;0;40;43385;12;13340;77;1234046;184;2406046;134;1681081;130;1523217
12.06.2021 16:00;4;3990;4;4000;65;635107;359;1428040;198;1613055;1;520;4;3990;4;4000;0;0;0;0;48;49450;7;7050;76;1285952;157;2310107;120;1453762;133;923550
12.06.2021 17:00;4;4000;5;5000;89;691017;362;1149411;203;1350661;1;460;4;4000;5;4990;0;0;0;0;32;33974;16;16100;78;1158842;162;2202285;113;1816272;130;1154601
12.06.2021 18:00;4;4000;4;4000;79;647034;353;1464306;183;1390982;4;1950;4;4000;4;4000;0;0;0;0;34;39550;9;9060;79;1381566;157;2079347;109;1650120;113;834063
12.06.2021 19:00;4;4000;4;4000;65;481438;309;1201034;206;1365420;5;1820;4;3990;4;4000;0;0;0;0;45;50570;5;5030;72;950137;167;1691193;101;1158700;99;1128658
12.06.2021 20:00;2;1990;2;2000;37;134500;284;1151333;170;1172763;4;22370;2;2000;2;1990;0;0;0;0;36;41760;8;8950;57;474084;169;1552044;83;718091;108;579523
12.06.2021 21:00;2;1990;2;2000;40;266375;224;880384;118;957881;4;35380;2;1990;2;2000;0;0;0;0;24;25170;9;9170;43;503435;144;1160219;85;723599;85;455224
12.06.2021 22:00;2;2000;2;2000;27;280472;233;1037844;126;1003462;2;1050;2;1990;2;2000;0;0;0;0;36;38120;6;6010;41;336005;132;1538513;101;418096;106;458311
12.06.2021 23:00;2;2000;2;2000;22;188377;216;849730;107;878518;0;0;2;2000;2;2000;0;0;0;0;21;21210;5;5020;24;305987;131;1323877;81;266558;68;329471
13.06.2021 00:00;2;2000;2;2000;13;57620;107;621074;62;480049;3;23680;2;2000;2;2000;0;0;0;0;10;12226;2;2000;27;237540;100;455177;61;217854;61;151190
13.06.2021 01:00;0;0;1;1000;17;74950;59;236523;48;468327;0;0;0;0;1;1000;0;0;0;0;4;4020;5;5030;12;152707;48;282981;33;92125;30;119470
13.06.2021 02:00;0;0;0;0;11;50961;39;58450;15;119150;3;15090;0;0;0;0;0;0;0;0;4;4800;4;4000;10;168940;38;148840;16;35650;10;28980
13.06.2021 03:00;0;0;0;0;1;16410;30;82979;11;222072;0;0;0;0;0;0;0;0;0;0;4;4150;1;1010;3;2480;24;90307;7;9320;15;30490
13.06.2021 04:00;0;0;0;0;6;61145;25;54900;14;135190;0;0;0;0;0;0;0;0;0;0;4;4230;0;0;2;14540;21;74062;10;23270;14;27130
13.06.2021 05:00;1;990;1;1000;3;2440;21;73060;10;188465;0;0;1;1000;1;1000;0;0;0;0;0;0;1;1010;3;50314;17;44540;6;15520;11;31360
13.06.2021 06:00;3;3000;2;2000;6;34610;37;93080;9;164980;0;0;3;2990;2;2000;0;0;0;0;0;0;0;0;7;135040;33;63250;24;87410;9;23380
13.06.2021 07:00;2;1990;2;2000;4;6190;47;146892;25;290305;0;0;2;2000;2;2000;0;0;0;0;2;2010;1;1010;11;159180;50;161920;21;71970;25;54120
13.06.2021 08:00;2;2000;2;1990;11;110300;98;247270;76;587799;0;0;2;2000;2;2000;0;0;0;0;3;3210;0;0;13;203695;79;373790;46;230401;32;125049
13.06.2021 09:00;2;2000;2;2000;21;57550;179;807779;115;845673;2;21210;2;2000;2;2000;0;0;0;0;15;15110;3;3420;28;404116;108;884601;73;514364;74;350506
13.06.2021 10:00;2;2000;2;2000;24;189420;219;753594;131;1013611;4;1690;2;2000;2;2000;0;0;0;0;18;19110;7;7140;39;527872;164;1174243;109;866764;103;561870
13.06.2021 11:00;2;2000;2;1990;35;178446;277;873323;180;1336249;1;330;2;2000;2;2000;0;0;0;0;13;13680;4;4020;52;728110;177;1492995;113;880117;85;485640
13.06.2021 12:00;3;3000;3;3000;33;257868;305;993583;166;1207216;3;12500;3;3000;3;3000;0;0;0;0;21;22200;5;5030;46;625881;184;1724426;109;887030;114;739131
13.06.2021 13:00;4;4000;4;4000;49;279424;320;1070434;182;1336490;2;45796;4;4000;4;4000;0;0;0;0;25;29270;9;9060;47;550227;197;1598185;139;1061584;113;776355
13.06.2021 14:00;4;3990;4;4000;52;450424;316;954149;194;1458183;2;2210;4;4000;4;4000;0;0;0;0;31;48162;10;11480;57;805235;176;1734233;117;1164588;113;945887
13.06.2021 15:00;4;4000;4;4000;42;235010;323;920494;221;1309272;2;780;4;4000;4;3990;0;0;0;0;13;16480;4;4010;48;526686;224;1721137;114;896941;111;984347
13.06.2021 16:00;4;3990;4;4000;40;333772;303;1136847;173;1318993;1;390;4;3990;4;3990;0;0;0;0;22;23250;7;7060;59;777595;207;1751003;108;967970;98;734260
13.06.2021 17:00;4;3990;4;3990;51;310260;351;1296622;185;1220110;3;1240;4;3990;4;3990;0;0;0;0;22;25930;10;10130;50;810247;186;1967386;135;1061657;135;763399
13.06.2021 18:00;4;4000;4;4000;59;402327;370;1389252;176;1236199;1;390;4;3990;4;4000;0;0;0;0;23;25730;6;6620;57;935776;192;2156425;138;1104000;108;696375
13.06.2021 19:00;2;2000;2;1990;46;365815;346;1123188;168;1291523;8;18330;2;2000;2;2000;0;0;0;0;29;32950;4;4030;54;713040;185;1824620;121;1216126;124;725097
13.06.2021 20:00;2;2000;2;2000;42;374472;270;930772;126;851093;3;42790;2;2000;2;2000;0;0;0;0;16;17780;7;7020;45;776831;163;1227469;109;934913;81;555260
13.06.2021 21:00;2;2000;2;2000;30;149405;242;754868;105;1086996;2;2480;2;2000;2;2000;0;0;0;0;18;20770;5;5010;38;565624;148;1382876;89;619488;88;387533
13.06.2021 22:00;2;1990;2;2000;28;207760;158;722220;73;708504;2;780;2;2000;2;2000;0;0;0;0;14;16550;1;1010;41;402414;116;883967;72;330090;61;224243
13.06.2021 23:00;2;1990;2;2000;15;91690;94;375475;40;470046;0;0;2;2000;2;1980;0;0;0;0;7;7150;3;3010;20;217367;71;401357;48;122390;50;134760
14.06.2021 00:00;2;2000;2;2000;6;67790;56;109490;22;244688;2;40165;2;2000;2;2000;0;0;0;0;0;0;1;1000;10;117214;50;233776;28;84330;20;39950
14.06.2021 01:00;0;0;1;1000;1;14390;16;45426;8;146980;2;45620;0;0;1;1000;0;0;0;0;0;0;1;1000;3;3110;14;48207;7;10080;17;33010
14.06.2021 02:00;0;0;0;0;2;30800;18;39100;5;62160;1;640;0;0;0;0;0;0;0;0;0;0;0;0;3;110904;16;72810;4;8300;3;8070
14.06.2021 03:00;0;0;0;0;1;900;14;7510;8;91920;1;19740;0;0;0;0;0;0;0;0;0;0;1;1010;5;75110;12;38360;9;14890;6;13020
14.06.2021 04:00;1;1000;0;0;5;72994;29;117400;16;211520;0;0;1;1000;0;0;0;0;0;0;0;0;0;0;2;6150;23;141110;15;43185;15;39830
14.06.2021 05:00;3;3000;3;2990;8;80482;162;440868;35;493038;2;910;3;3000;3;2990;0;0;0;0;0;0;0;0;9;194098;128;788129;41;277316;28;121720
14.06.2021 06:00;4;4000;4;4000;26;215690;382;937506;110;1055102;5;53460;4;4000;4;4000;0;0;0;0;8;12330;4;4083;30;405530;320;1267091;112;1002109;60;323598
14.06.2021 07:00;7;6990;6;5990;66;832168;520;1735570;270;2079177;12;60750;7;6990;6;6000;0;0;0;0;40;42304;20;20430;78;1151052;106;3282768;90;1779832;110;1079623
14.06.2021 08:00;8;7990;7;7000;70;664787;525;1595984;303;2127136;13;98240;8;7990;7;7000;0;0;0;0;32;34290;9;9070;73;1324285;158;3155889;132;1762201;113;1390835
14.06.2021 09:00;3;2990;4;4000;78;493519;406;1556879;281;2098373;13;4670;4;4000;4;4000;0;0;0;0;36;39930;17;17400;81;1083945;196;2541289;118;1634603;121;1154637
14.06.2021 10:00;4;3980;4;3990;79;752767;388;1583867;278;2022062;6;39530;4;3990;4;4000;0;0;0;0;46;50020;7;7030;108;1244356;174;2584237;132;1629837;112;1241442
14.06.2021 11:00;5;5000;4;4000;88;789543;367;1560043;274;1998184;5;22220;4;3980;5;5000;0;0;0;0;43;51230;9;9050;89;1503484;159;2543890;121;1720173;113;1337282
14.06.2021 12:00;5;5000;5;5000;93;569228;355;1618887;262;1908667;6;16820;5;4990;4;3990;0;0;0;0;34;35160;13;13730;106;1517322;161;2452060;131;1754331;128;1790247
14.06.2021 13:00;8;8000;8;8000;87;680140;385;1782092;312;1782029;10;101960;8;7980;8;7990;0;0;0;0;48;50280;28;28910;98;1245551;159;2765642;135;2142200;119;1485795
14.06.2021 14:00;5;4970;6;5990;85;678067;391;1543496;258;1715587;3;1880;5;5055;7;6990;0;0;0;0;38;40990;13;13120;81;1310802;182;2475807;149;1885505;139;1500158
14.06.2021 15:00;4;4000;4;4000;115;1067049;465;1649381;287;2152546;4;1700;4;3990;4;4000;0;0;0;0;35;36569;19;20360;99;1385039;224;2456096;131;2174957;132;1263346
14.06.2021 16:00;4;3990;5;4990;95;854617;491;1769640;272;2363133;13;69654;4;4041;4;4000;0;0;0;0;37;41921;16;16110;101;1280967;254;2533333;147;2190482;141;1603082
14.06.2021 17:00;4;4057;3;3000;97;797965;528;1607195;284;2478534;17;185130;4;4000;3;3000;0;0;0;0;57;60404;14;15140;126;1591761;251;2759886;115;2307838;143;1602683
14.06.2021 18:00;4;3990;4;3990;99;750700;449;1304692;258;2105574;5;1770;4;3970;4;4000;0;0;0;0;40;43370;21;22110;92;1341112;244;2231622;135;2193674;132;1536227
14.06.2021 19:00;5;5000;5;4990;89;584681;367;1281671;197;1708673;11;16910;5;4990;5;5000;0;0;0;0;56;62240;8;8030;83;1296177;221;1680913;97;1606855;103;981383
14.06.2021 20:00;3;3000;3;3000;55;351038;233;1058191;159;1084249;7;2290;3;2990;4;4000;0;0;0;0;22;25580;13;13210;42;656614;152;1191926;101;930115;100;608491
14.06.2021 21:00;2;2000;3;3000;37;204455;217;900948;136;855530;1;19410;2;2000;2;2000;0;0;0;0;19;21400;3;3010;43;403739;120;1525966;89;591553;90;364630
14.06.2021 22:00;2;2000;2;2000;30;183180;183;750441;91;702039;1;260;2;1990;2;2000;0;0;0;0;17;17650;8;9480;43;534260;130;926629;87;343985;90;348363
14.06.2021 23:00;2;2000;2;2000;13;63950;101;285837;45;317345;0;0;2;2000;2;2000;0;0;0;0;6;6250;2;2010;24;343963;85;469690;47;121830;38;113910
15.06.2021 00:00;2;2000;2;2000;9;43980;40;143017;16;141000;1;390;2;2000;2;2000;0;0;0;0;1;1000;0;0;10;102474;29;119460;12;28340;16;37030
15.06.2021 01:00;0;0;1;1000;0;0;31;37070;10;202660;1;44380;0;0;1;1000;0;0;0;0;0;0;0;0;0;0;23;80610;5;5430;9;17870
15.06.2021 02:00;0;0;0;0;1;2690;19;10930;9;179710;0;0;0;0;0;0;0;0;0;0;0;0;0;0;2;31580;18;65470;5;10420;3;7340
15.06.2021 03:00;0;0;0;0;0;0;13;64730;4;76820;0;0;0;0;0;0;0;0;0;0;0;0;0;0;1;24290;11;43850;2;2120;1;3910
15.06.2021 04:00;1;1000;0;0;2;18360;26;15100;11;148630;0;0;1;1000;0;0;0;0;0;0;0;0;0;0;5;67010;21;76190;12;39650;20;64000
15.06.2021 05:00;3;3000;3;3000;12;86430;159;439862;35;427890;1;130;3;3000;3;3060;0;0;0;0;2;2020;1;1010;12;91305;112;857477;36;231005;24;121915
15.06.2021 06:00;4;4000;4;3990;29;354741;393;1007678;105;948541;1;720;4;3990;4;4000;0;0;0;0;10;10190;5;5030;38;626486;216;1852086;91;1134539;77;495829
15.06.2021 07:00;7;6980;5;4980;66;700794;565;1644059;288;2292255;8;107360;7;6980;5;5000;0;0;0;0;28;50113;23;23140;66;1327522;152;3192372;96;1918470;103;1305266
15.06.2021 08:00;8;8000;8;8000;86;748641;514;1592465;309;2284457;9;6070;8;8000;9;9000;0;0;0;0;27;27630;6;6140;77;1097325;177;3138941;134;1886723;108;1505638
15.06.2021 09:00;3;3000;5;5000;76;646117;454;1529325;292;2184294;14;6860;3;2990;4;4000;0;0;0;0;44;47950;9;9060;70;1175400;172;2665479;96;1726518;113;1555025
15.06.2021 10:00;7;7000;5;5000;80;611087;414;1501077;278;1995864;10;30520;7;6990;5;4980;0;0;0;0;32;34200;9;9190;91;1376800;143;2743272;117;1567432;117;1125699
15.06.2021 11:00;4;3990;5;5000;81;392040;329;1546630;285;2015325;10;42940;4;4000;5;5000;0;0;0;0;39;40990;10;10100;100;1173798;142;2441498;110;1617694;123;1071875
15.06.2021 12:00;5;4990;4;4000;69;613228;386;1549051;290;2103021;5;3600;5;4990;4;4000;0;0;0;0;43;49420;10;10100;93;1495061;173;2378213;130;1830266;126;1025082
15.06.2021 13:00;8;7980;9;8980;98;767340;400;1703424;298;2199819;4;5580;8;7990;9;9045;0;0;0;0;42;45080;28;29180;97;1409229;177;2589404;111;2086268;122;1435556
15.06.2021 14:00;5;5000;6;5990;57;1027270;380;1848999;265;1698874;2;1100;5;5000;6;6000;0;0;0;0;40;44780;10;10170;115;1412191;157;2548628;119;2168338;138;1339389
15.06.2021 15:00;4;4000;4;3980;87;609067;459;1549531;319;2208255;7;78100;4;4000;4;4000;0;0;0;0;40;46870;13;13060;96;1434415;210;2574117;108;2239029;114;1496736
15.06.2021 16:00;4;4000;4;4000;112;695298;453;1666501;274;2340246;8;5160;4;4000;4;4000;0;0;1;550;41;42950;12;12080;105;1578999;220;2554175;109;2410811;131;1518397
15.06.2021 17:00;4;3990;4;3990;113;593927;485;1424331;300;2274229;9;2230;4;3980;4;4000;0;0;0;0;44;50749;7;7630;103;1665995;230;2626943;139;2326795;171;1686957
15.06.2021 18:00;4;4000;4;4000;91;801821;459;1455402;260;2344831;6;48950;4;4000;4;3990;0;0;0;0;39;40750;9;9060;91;1377888;218;2321493;128;1980285;131;1410254
15.06.2021 19:00;5;4990;4;3990;62;367739;367;1344403;192;1871905;7;63860;5;5054;4;4000;0;0;0;0;38;42560;16;16870;74;1387971;202;1640511;114;1629807;118;1047551
15.06.2021 20:00;3;2990;4;4000;57;387286;273;1263555;190;1260352;6;2660;3;2990;4;4000;0;0;0;0;25;26570;6;6050;58;909009;160;1637579;97;1036785;93;689285
15.06.2021 21:00;2;1990;2;1980;36;204933;195;708851;108;760980;2;600;2;2000;2;2000;0;0;0;0;28;33230;3;3020;41;638820;147;900174;88;681379;67;294116
15.06.2021 22:00;2;2000;2;1990;12;19380;153;628164;64;667476;2;1040;2;2000;2;2000;0;0;0;0;11;11190;7;7050;19;173900;106;648736;65;187442;45;180780
15.06.2021 23:00;2;2000;2;1990;26;222177;149;548040;98;659658;1;130;2;2000;2;1990;0;0;0;0;7;8450;6;6050;31;344384;110;909731;69;258920;66;239118
16.06.2021 00:00;2;2000;2;2000;11;81210;49;216425;30;271266;1;260;2;2000;2;2000;0;0;0;0;5;5380;4;4780;10;127270;42;193856;24;95800;20;57510
16.06.2021 01:00;0;0;1;1000;2;2860;33;91920;12;97804;0;0;0;0;1;1000;0;0;0;0;0;0;15;15080;2;18080;30;102397;16;37390;5;12000
16.06.2021 02:00;0;0;0;0;2;1470;17;10400;10;88440;1;15540;0;0;0;0;0;0;0;0;0;0;0;0;1;45140;15;49350;4;6320;6;11590
16.06.2021 03:00;0;0;0;0;2;900;17;8890;5;27660;1;330;0;0;0;0;0;0;0;0;0;0;0;0;0;0;14;57606;2;7040;2;6150
16.06.2021 04:00;1;1000;0;0;4;33060;26;11010;6;128640;1;18980;1;990;0;0;0;0;0;0;0;0;0;0;3;42480;25;81400;9;17650;19;46600
16.06.2021 05:00;3;2990;3;3000;8;131152;154;372855;42;529017;1;390;3;3000;3;3000;0;0;0;0;3;3930;1;1010;14;278510;104;650278;48;254840;26;105405
16.06.2021 06:00;4;3980;4;4000;27;845760;368;1000606;98;1247142;4;1950;4;4000;4;4000;0;0;0;0;6;6520;1;1010;27;1677993;194;1768810;88;1201596;72;486556
16.06.2021 07:00;7;6990;5;4990;70;717531;514;1809365;288;2228425;15;70900;7;7000;5;4990;0;0;0;0;32;57605;10;10300;68;925378;164;3148143;87;1827071;100;1386736
16.06.2021 08:00;7;6990;9;8990;73;731279;527;1509226;295;2194134;3;60910;7;6990;9;8980;0;0;0;0;29;31490;12;12070;72;1176395;160;3059644;121;1736874;109;1433581
16.06.2021 09:00;5;5000;3;3000;59;629373;467;1584043;272;2187914;12;81600;5;4990;4;3990;0;0;0;0;33;34170;14;14590;78;1449577;187;2769391;91;2003290;103;1414961
16.06.2021 10:00;5;5000;6;5990;70;602064;397;1584480;266;2045886;9;4680;5;4990;5;4990;0;0;0;0;33;35504;19;19180;87;1259571;148;2624785;125;1698103;120;1176877
16.06.2021 11:00;4;4000;3;2990;67;605740;352;1596825;268;1808031;6;3760;4;3990;3;3000;0;0;0;0;41;44220;11;11110;85;1252872;167;2330199;109;1592049;116;1352394
16.06.2021 12:00;5;5000;6;5990;83;501884;367;1586150;287;1989088;12;11640;5;5000;7;6980;0;0;0;0;38;42030;15;15710;107;1534729;179;2465868;113;1852515;123;1383660
16.06.2021 13:00;8;7990;8;7990;85;538372;361;1561394;303;1932852;8;39190;8;8000;8;8000;0;0;0;0;33;37580;3;3020;100;1248428;151;2786243;114;1924471;119;1211409
16.06.2021 14:00;5;5000;5;4990;80;579633;402;1499366;276;1880719;7;2980;5;5000;6;6000;0;0;0;0;33;36050;13;13520;97;1411096;183;2531852;126;2181324;148;1370707
16.06.2021 15:00;4;4000;4;4000;104;573535;494;1457684;286;2294064;6;25720;4;4000;4;3980;0;0;0;0;43;48053;21;22250;102;1380790;236;2442006;121;2102313;138;1407066
16.06.2021 16:00;4;3990;4;4000;87;486614;483;1431910;266;2251542;45;45560;4;4058;3;3000;0;0;0;0;33;37050;10;10090;107;1501941;268;2327406;146;2184495;138;1801933
16.06.2021 17:00;4;4000;4;4000;96;884911;502;1561431;310;2386175;11;78360;4;4000;5;5000;0;0;0;0;41;45050;12;12100;90;1693868;259;2453208;139;2221022;158;1694305
16.06.2021 18:00;4;4000;5;4990;79;453604;413;1455645;211;1618727;15;3270;4;4000;4;3990;0;0;0;0;36;39390;14;14650;88;1162657;220;2017316;137;2002411;159;1314217
16.06.2021 19:00;5;4990;3;2990;59;400653;368;811677;194;1647275;3;1630;5;5000;4;4000;0;0;0;0;35;39690;11;11180;77;1077256;247;1329811;116;1632563;105;1080193
16.06.2021 20:00;3;2980;5;4990;61;334086;247;1073527;136;982281;5;640;3;3000;4;4000;0;0;0;0;19;21640;6;6330;47;921734;157;1518737;106;863571;119;560790
16.06.2021 21:00;2;1990;2;2000;29;194880;224;879870;131;903359;2;17740;2;2000;2;2000;0;0;0;0;32;34270;5;5170;43;563941;139;1214291;88;568322;78;343024
16.06.2021 22:00;2;1990;2;2000;30;101750;224;886851;102;842781;7;42720;2;2000;2;2000;0;0;0;0;17;19860;4;4020;40;476214;140;1042868;91;375950;81;295366
16.06.2021 23:00;2;1990;2;1990;12;57576;130;526814;68;584586;3;2080;2;2000;2;2000;0;0;0;0;15;19040;0;0;18;308740;109;631636;50;114631;45;120300
17.06.2021 00:00;2;1990;2;1990;10;26090;44;90910;23;315844;2;20250;2;2000;2;2000;0;0;0;0;3;3030;0;0;9;85310;32;184920;30;69150;18;45240
17.06.2021 01:00;0;0;1;990;2;20650;14;13450;18;297219;0;0;0;0;1;1000;0;0;0;0;2;2020;1;1010;4;48970;14;36340;12;25390;7;13350
17.06.2021 02:00;0;0;0;0;2;39310;21;39220;11;203604;0;0;0;0;0;0;0;0;0;0;0;0;0;0;4;65540;18;252837;4;9750;10;21250
17.06.2021 03:00;0;0;0;0;2;1620;14;11306;6;146975;1;45760;0;0;0;0;0;0;0;0;1;1010;2;2010;3;22530;12;45530;6;12750;4;9040
17.06.2021 04:00;1;1000;0;0;4;40790;34;29690;13;137550;1;650;1;1000;0;0;0;0;0;0;1;1010;0;0;4;52760;34;121657;8;18425;14;40305
17.06.2021 05:00;3;2990;3;3000;10;51290;151;399070;41;618400;3;55950;3;3000;3;2990;0;0;0;0;0;0;1;1000;18;268690;123;756760;41;244250;31;116813
17.06.2021 06:00;4;3990;4;4000;27;343990;369;635461;85;988774;6;17600;4;4000;4;4000;0;0;0;0;6;6140;1;1250;30;547311;243;1390455;90;919877;66;495746
17.06.2021 07:00;7;6990;5;5000;61;712217;533;1675488;284;2293908;11;29140;7;6990;5;5000;0;0;0;0;72;102884;11;11820;77;1136773;95;3272143;104;1833056;110;1259008
17.06.2021 08:00;8;7990;8;7990;95;714095;537;1629314;319;2360418;5;2020;8;7990;9;8980;0;0;0;0;27;27970;13;13505;99;1349576;175;2968815;93;2010283;103;1333007
17.06.2021 09:00;4;3990;5;5000;68;628115;463;1453934;263;1868335;13;5110;4;4000;4;4000;0;0;0;0;45;50780;11;11100;81;1278216;233;2681301;104;1657654;125;1300516
17.06.2021 10:00;5;5000;4;4000;79;767120;359;1293754;297;2142535;14;81250;5;5000;4;3990;0;0;0;0;36;37810;7;7040;86;1282783;169;2300748;117;1730412;129;1008269
17.06.2021 11:00;3;3000;4;4000;87;694433;366;1642467;319;2083019;8;3120;4;4000;5;4980;0;0;0;0;26;30860;7;7110;114;1729789;162;2501427;137;1526418;122;1066846
17.06.2021 12:00;6;5990;6;5990;85;678410;359;1820380;249;1971134;5;2610;5;4990;5;4990;0;0;0;0;36;38122;14;15199;109;1431048;157;2571989;107;2156750;132;1208768
17.06.2021 13:00;8;7990;7;7000;95;840205;398;1817891;288;2171030;12;44060;8;8000;8;7990;0;0;0;0;73;107940;17;19120;107;1466665;159;2770041;119;1998324;145;1323820
17.06.2021 14:00;5;4990;7;6990;74;672127;399;1651152;236;1595512;19;71587;5;5000;6;5990;0;0;0;0;33;36400;19;19170;88;1578011;182;2458929;128;2162626;123;1321962
17.06.2021 15:00;4;4000;3;2980;89;698892;456;1469083;295;2018904;23;5690;4;4000;3;3000;0;0;0;0;29;31780;22;22390;93;1388256;208;2456260;140;1950475;138;1399926
17.06.2021 16:00;4;3990;5;5000;96;859192;512;1341603;269;2375321;3;1560;4;4000;5;4990;0;0;0;0;61;67980;17;18449;108;1408360;292;2327639;129;2167708;128;1511214
17.06.2021 17:00;4;4000;3;2990;104;775197;467;1440319;275;2088041;6;3120;4;4000;4;4000;0;0;0;0;51;52940;13;13080;102;1327932;252;2511626;142;2126914;158;1604263
17.06.2021 18:00;4;4000;5;5000;89;639343;471;1236687;241;2152017;6;59880;4;4000;4;4000;0;0;0;0;46;52300;9;9180;75;1293581;247;2199257;125;2010432;121;1356832
17.06.2021 19:00;5;4980;4;4000;63;361060;364;962405;203;1382222;2;710;5;4990;4;4000;0;0;0;0;31;33560;8;8370;70;854072;236;1600786;111;1464471;118;1153656
17.06.2021 20:00;3;3000;4;4000;41;239979;259;1117279;175;1037167;4;34960;3;3000;4;4000;0;0;0;0;25;26190;5;5020;70;933731;168;1487636;96;801182;95;523983
17.06.2021 21:00;2;2000;2;2000;41;189310;243;848375;132;977777;2;390;2;2000;2;2000;0;0;0;0;19;19540;5;5730;52;612221;142;1327281;100;856248;81;505863
17.06.2021 22:00;2;2000;2;2000;29;123350;209;959140;130;883308;5;4170;2;2000;2;2000;0;0;0;0;15;16760;10;10376;44;374656;144;1036031;85;258645;76;249407
17.06.2021 23:00;2;1990;2;2000;24;63960;129;499465;65;486819;3;15740;2;2000;2;1980;0;0;0;0;10;10490;3;3010;24;230260;100;434815;48;149344;38;123530
18.06.2021 00:00;2;2000;2;1990;7;22760;60;174385;33;423641;1;3330;2;1990;2;1990;0;0;0;0;3;3020;1;1000;12;173394;55;275030;23;92770;22;61300
18.06.2021 01:00;0;0;1;1000;6;61530;25;82644;15;236374;1;44030;0;0;1;1000;0;0;0;0;1;1010;2;2010;3;35380;23;92167;13;16630;8;15780
18.06.2021 02:00;0;0;0;0;7;2040;21;51774;5;75292;0;0;0;0;0;0;0;0;0;0;1;1140;0;0;3;35640;12;41120;4;38413;13;25690
18.06.2021 03:00;0;0;0;0;2;32620;17;49520;8;180915;0;0;0;0;0;0;0;0;0;0;0;0;0;0;1;30040;18;53840;6;13290;5;16040
18.06.2021 04:00;1;1000;0;0;3;25350;27;51515;12;197120;0;0;1;1000;0;0;0;0;0;0;0;0;0;0;2;22050;25;93175;11;29780;20;47730
18.06.2021 05:00;3;3000;3;3000;8;70900;145;282360;31;452418;1;840;3;2990;3;3000;0;0;0;0;3;3250;2;2010;17;282940;112;609121;45;343660;38;217517
18.06.2021 06:00;4;4000;3;3000;25;369999;339;696395;98;1285085;8;68750;4;3990;4;3990;0;0;0;0;8;8190;6;6050;31;542170;210;1312756;108;956742;58;356351
18.06.2021 07:00;6;5990;6;6000;69;508427;530;1762440;259;2197628;12;158755;6;6000;5;5000;0;0;0;0;44;49950;19;19100;78;1032014;134;3143013;95;1729467;94;1423061
18.06.2021 08:00;7;7000;7;7000;76;763934;486;1396640;283;2330032;9;4540;7;6990;7;6990;0;0;1;1360;34;37553;7;7060;69;997197;180;2907631;89;1896513;110;1327828
18.06.2021 09:00;4;4000;3;3000;72;515724;459;1473163;288;2090636;9;5200;4;4000;4;4000;0;0;0;0;27;29137;15;15090;69;1187440;211;2712701;110;1557359;115;1175780
18.06.2021 10:00;6;5980;5;5000;65;668950;399;1726270;313;1914570;16;8930;6;5980;5;5000;0;0;0;0;35;37659;15;15524;75;1101912;158;2729757;99;1773835;138;1302570
18.06.2021 11:00;4;3990;6;6000;87;777124;342;1532004;286;2180562;14;93480;4;3990;5;5000;0;0;0;0;33;35936;12;12120;103;1336938;152;2599642;126;1737863;112;1286817
18.06.2021 12:00;5;5000;5;4980;108;1069484;437;1563155;330;2352217;11;5880;5;5000;5;5000;0;0;0;0;41;55800;14;14260;106;2060807;206;2534319;111;2346941;131;1525757
18.06.2021 13:00;8;8000;7;6990;107;859216;455;1733746;295;2352130;14;7030;8;8000;7;6990;0;0;0;0;45;52660;34;34260;100;1654834;196;2856130;119;2321088;125;1474237
18.06.2021 14:00;5;4980;6;6000;96;891525;479;1340655;286;2552414;10;6400;5;5000;7;6980;0;0;0;0;47;56120;7;7040;83;1609589;236;2398248;122;2079069;130;1823372
18.06.2021 15:00;4;4054;4;3990;76;747534;473;1576994;283;2259936;11;5040;4;3990;4;3990;0;0;0;0;34;36300;8;8050;83;1188493;265;2307380;132;2257845;127;1913654
18.06.2021 16:00;4;4000;4;3990;85;762020;513;1554620;259;2035405;10;2420;4;4000;3;3000;0;0;0;0;40;41800;31;33290;91;1142316;236;2551883;129;2095881;136;1564012
18.06.2021 17:00;4;4000;5;4990;97;756184;441;1528300;315;2090532;24;7020;4;4000;5;5000;0;0;0;0;40;41409;22;22770;92;1428663;246;2121091;129;1961350;111;1386546
18.06.2021 18:00;4;3990;4;4000;79;903009;439;1516441;241;2267088;8;63900;4;4000;4;4000;0;0;0;0;36;38580;14;14110;90;1316710;233;2149258;138;2023146;121;1354042
18.06.2021 19:00;5;5000;4;3980;75;420662;361;1061725;222;1917158;6;4570;5;5000;4;4000;0;0;0;0;41;44870;8;8040;85;1185625;216;1552359;118;1354206;95;1376019
18.06.2021 20:00;3;3000;3;2990;48;230624;298;1178774;176;1108952;4;1100;3;3000;4;3990;0;0;0;0;41;43677;13;13130;71;805170;165;1544212;107;1149130;103;752643
18.06.2021 21:00;2;2000;3;3000;46;267055;249;947831;154;1099279;5;920;2;1990;2;2000;0;0;0;0;23;23380;7;7130;52;562563;160;1327562;95;653811;109;561890
18.06.2021 22:00;2;2000;2;2000;41;196490;272;1117866;131;959411;4;32100;2;2000;2;2000;0;0;0;0;52;55413;6;6050;49;371328;151;1519848;109;469701;105;425300
18.06.2021 23:00;2;2000;2;2000;34;157090;216;723406;95;832034;1;1040;2;2000;2;1980;0;0;0;0;16;20580;5;5030;33;461611;133;1347976;76;334817;91;355770
19.06.2021 00:00;2;1990;2;1990;19;77090;103;400639;50;588618;4;17320;2;2000;2;2000;0;0;0;0;5;5330;0;0;20;218440;74;518961;41;124580;42;104370
19.06.2021 01:00;0;0;1;1000;5;17930;60;129236;22;253570;1;1300;0;0;1;1000;0;0;0;0;2;2010;1;1000;12;108207;55;178367;26;42190;14;30830
19.06.2021 02:00;0;0;0;0;9;62050;46;99740;14;238170;2;29850;0;0;0;0;0;0;0;0;0;0;2;2000;6;106970;37;124650;23;39790;19;33180
19.06.2021 03:00;0;0;0;0;8;78060;31;78280;12;225775;0;0;0;0;0;0;0;0;0;0;1;1010;1;1010;4;67990;23;76700;9;18910;13;30840
19.06.2021 04:00;1;1000;0;0;7;58550;37;81100;17;393135;0;0;1;1000;0;0;0;0;0;0;0;0;1;1010;4;78625;29;98504;8;9300;18;36550
19.06.2021 05:00;3;2990;3;3000;8;21670;54;135233;14;197864;0;0;3;3056;3;3000;0;0;0;0;1;1630;0;0;5;58630;49;189430;19;103720;16;41190
19.06.2021 06:00;4;4000;4;4000;10;52700;118;263304;29;345255;1;520;4;4000;4;4000;0;0;0;0;3;3940;2;2010;13;163774;91;372800;65;307690;31;133590
19.06.2021 07:00;4;4000;4;3990;12;59426;133;579241;96;787755;1;260;4;3990;4;4000;0;0;0;0;12;15600;2;2020;26;257986;100;1227995;54;422484;54;217506
19.06.2021 08:00;5;5000;4;3990;35;242987;260;867452;173;1084370;3;37730;5;4980;4;3990;0;0;0;0;25;26820;4;4390;38;496010;142;1693427;104;827536;109;649193
19.06.2021 09:00;4;3990;4;4000;49;469574;338;1380502;227;1539447;6;3370;4;4000;4;4000;0;0;0;0;37;38930;9;9280;61;917006;174;2156776;108;1371532;127;1137576
19.06.2021 10:00;4;4000;4;4000;70;556185;380;1323784;253;1762680;4;2280;4;4000;4;4000;0;0;0;0;39;40120;7;7650;71;1349688;162;2486711;125;1748059;141;1207088
19.06.2021 11:00;4;4000;4;3990;87;929440;387;1563746;264;1584783;2;1100;4;3990;4;4000;0;0;0;0;33;35200;8;8060;84;1434966;177;2461931;127;1769380;128;1446965
19.06.2021 12:00;4;4000;4;4000;79;618529;361;1725702;271;1938540;2;720;4;4000;4;3990;0;0;0;0;41;45345;20;20200;86;1034900;184;2432044;110;1821019;147;1281892
19.06.2021 13:00;4;3990;4;4000;80;471993;449;1438349;225;1639641;6;3640;4;4000;4;3980;0;0;0;0;42;44740;12;12160;77;1064813;188;2762998;123;1855108;122;1473001
19.06.2021 14:00;4;4000;4;4000;75;536800;376;1366672;214;1680077;0;0;4;3990;4;4000;0;0;0;0;35;38929;10;10820;85;1087208;186;2368985;125;1689367;129;1155483
19.06.2021 15:00;4;3980;4;4000;71;687721;365;1227840;226;1720039;10;3130;4;4000;4;4000;0;0;0;0;37;39220;7;7100;80;1370680;164;2194991;132;1678183;129;1067460
19.06.2021 16:00;4;4000;4;3980;66;576104;363;1391980;212;1550652;34;3220;4;3970;4;4000;0;0;0;0;51;55730;7;7050;63;946775;159;2087817;132;1803303;156;1303915
19.06.2021 17:00;4;3980;5;5000;77;614972;416;1651845;226;1780266;13;46587;4;3990;5;5000;0;0;0;0;33;35980;9;9870;79;1045680;216;2380872;142;1839840;127;1501105
19.06.2021 18:00;4;3990;4;4000;53;475964;321;1274207;137;1237606;3;39910;4;4000;4;4000;0;0;0;0;33;35700;6;6040;59;883579;173;1928091;141;1426994;118;903768
19.06.2021 19:00;4;4000;4;4000;46;247810;272;1112973;123;1359619;1;27580;4;3980;4;3970;0;0;0;0;36;45750;2;2000;53;842232;159;1436829;104;792103;103;645455
19.06.2021 20:00;2;2000;2;2000;44;341504;320;1108542;149;1020476;0;0;2;2000;2;2000;0;0;0;0;35;37005;14;14080;51;749809;191;1538921;121;1022093;148;841789
19.06.2021 21:00;2;2000;2;2000;43;288461;224;1047805;127;761013;3;1240;2;2000;2;2000;0;0;0;0;39;42630;11;11070;63;774351;155;1304198;101;830227;104;619493
19.06.2021 22:00;2;2000;2;1990;35;118479;275;1209753;137;939488;3;21060;2;1980;2;2000;0;0;0;0;34;37970;6;6050;44;476684;181;1530365;92;472971;111;445178
19.06.2021 23:00;2;2000;2;2000;19;52490;200;622057;94;647029;1;130;2;1990;2;2055;0;0;0;0;13;14675;7;7330;35;357946;125;1067256;91;295545;85;276325
20.06.2021 00:00;2;2000;2;2000;18;102830;122;520457;80;590759;0;0;2;2000;2;2000;0;0;0;0;12;14480;4;4120;20;117260;98;554928;58;208190;57;162190
20.06.2021 01:00;0;0;1;1000;15;31640;68;229165;26;343509;1;16120;0;0;1;1000;0;0;0;0;5;5320;2;2010;12;240490;65;324721;30;105253;26;62770
20.06.2021 02:00;0;0;0;0;10;104112;58;144050;29;344716;0;0;0;0;0;0;0;0;0;0;4;4180;3;3010;11;148957;38;167492;16;37470;19;44110
20.06.2021 03:00;0;0;0;0;9;108710;27;88350;11;191390;0;0;0;0;0;0;0;0;0;0;2;2490;1;1010;8;180813;24;73310;14;35720;17;34130
20.06.2021 04:00;0;0;0;0;8;76460;21;32540;19;234483;0;0;0;0;0;0;0;0;0;0;1;1190;0;0;6;81564;23;84670;11;22350;7;14440
20.06.2021 05:00;2;2000;1;990;7;64710;25;32840;12;141319;0;0;2;2000;1;1000;0;0;0;0;0;0;1;1010;12;229414;22;76914;12;42090;10;27246
20.06.2021 06:00;2;2000;2;2000;6;48448;38;23100;11;108240;0;0;2;2000;2;2000;0;0;0;0;0;0;0;0;5;60920;29;71720;15;44680;19;49740
20.06.2021 07:00;2;2000;2;1990;4;60500;66;173802;40;426444;0;0;2;2000;2;2000;0;0;0;0;2;3310;0;0;12;220295;57;229022;27;107285;18;52720
20.06.2021 08:00;2;2000;2;2000;14;103650;99;303490;74;564542;3;840;2;2000;2;1990;0;0;0;0;5;5530;5;5030;12;139484;85;434935;46;234225;34;184100
20.06.2021 09:00;2;1990;2;2000;25;99990;186;728712;110;1061581;3;1820;2;2000;2;2000;0;0;0;0;17;17680;7;7050;24;370060;140;965690;61;483787;61;307460
20.06.2021 10:00;2;2000;2;2000;27;189140;231;871745;160;1234546;1;450;2;1990;2;2000;0;0;0;0;10;10620;2;2000;30;435443;154;1251578;96;718923;86;512890
20.06.2021 11:00;2;1990;2;2000;50;377649;273;941858;198;1305652;3;10380;2;2000;2;2000;0;0;0;0;26;28590;5;6180;46;568041;153;1557399;109;1063152;101;590187
20.06.2021 12:00;3;2990;3;3000;46;359652;303;1001425;167;1344120;4;39480;3;3000;3;3000;0;0;0;0;16;16210;3;3020;51;644991;147;1740769;101;1180291;108;833032
20.06.2021 13:00;4;3990;4;4000;46;275950;326;1096843;188;1197122;3;1370;4;4000;4;4000;0;0;0;0;21;22840;3;3030;57;686840;191;1744262;127;1234322;105;665816
20.06.2021 14:00;4;4000;4;4000;53;340605;343;1079101;194;1512685;3;2210;4;4000;4;4000;0;0;0;0;21;22210;6;6030;60;703981;183;1758921;118;1284086;115;780675
20.06.2021 15:00;4;4000;4;4000;43;270787;327;1133514;169;1368780;2;910;4;4000;4;4000;0;0;0;0;14;15280;7;7040;48;492804;183;1818736;111;1065645;110;899557
20.06.2021 16:00;4;4000;4;3990;55;440919;315;1287393;151;1257821;2;390;4;4000;4;3990;0;0;0;0;24;25710;7;7030;67;787777;195;1782298;125;1120730;118;921185
20.06.2021 17:00;4;3990;4;4000;39;184625;332;1218611;216;1392953;4;27770;4;3990;4;3990;0;0;0;0;33;40310;16;16300;53;742769;176;1829477;126;1089226;112;783825
20.06.2021 18:00;4;4000;4;4000;44;355130;355;983668;151;1255333;4;1810;4;4000;4;4000;0;0;0;0;32;33899;13;13050;52;576690;182;1970471;116;1150104;113;587345
20.06.2021 19:00;2;2000;2;2000;25;314910;285;995697;156;1129964;5;2480;2;2000;2;2000;0;0;0;0;15;17940;14;14787;55;823980;154;1684273;119;827856;104;662446
20.06.2021 20:00;2;2000;2;1990;41;342130;296;992966;138;1114053;0;0;2;1990;2;2000;0;0;0;0;13;14680;7;7300;38;525310;161;1484916;107;944335;115;798862
20.06.2021 21:00;2;2000;2;2000;17;185730;201;736055;90;909484;3;39005;2;2000;2;2000;0;0;0;0;21;22570;14;14100;11;148440;122;1027281;126;1318832;138;1207259
20.06.2021 22:00;2;1990;2;2000;24;82870;139;488623;66;677690;1;200;2;2000;2;2000;0;0;0;0;6;6790;1;1010;27;246445;83;758755;63;320518;58;387982
20.06.2021 23:00;2;2000;2;2000;11;65940;77;292780;35;340173;0;0;2;2000;2;2000;0;0;0;0;5;5030;0;0;7;120073;59;408784;40;189397;39;218144
21.06.2021 00:00;2;2000;2;1990;6;13500;39;75300;13;136260;2;520;2;1990;2;2000;0;0;0;0;1;1010;0;0;13;257300;37;147458;16;113930;16;81774
21.06.2021 01:00;0;0;1;1000;0;0;20;12240;4;112500;1;30570;0;0;1;1000;0;0;0;0;0;0;0;0;3;50154;20;69475;5;8760;8;28630
21.06.2021 02:00;0;0;0;0;2;37416;21;12730;3;47320;0;0;0;0;0;0;0;0;0;0;0;0;0;0;2;53030;15;60206;4;9330;9;28060
21.06.2021 03:00;0;0;0;0;1;1300;15;9120;3;43720;0;0;0;0;0;0;0;0;0;0;0;0;0;0;1;14550;11;49590;3;8075;2;2240
21.06.2021 04:00;1;1000;0;0;5;73030;34;48220;14;186655;1;580;1;990;0;0;0;0;0;0;0;0;0;0;5;59840;34;98210;13;28480;20;56120
21.06.2021 05:00;3;3000;2;2000;8;68070;158;233423;26;209590;0;0;3;3000;3;3000;0;0;0;0;1;1010;1;1010;12;182730;114;515137;56;227389;38;158766
21.06.2021 06:00;4;4000;4;3990;19;761163;394;1004057;119;1342804;5;2730;4;3990;4;4000;0;0;0;0;8;8060;1;1010;29;1111293;187;1990059;91;1159709;63;561964
21.06.2021 07:00;7;6990;6;6000;60;585629;559;1647732;242;2062063;10;48980;7;6990;6;6000;0;0;0;0;32;49560;11;11590;58;1454705;187;3128777;103;1828267;113;1269492
21.06.2021 08:00;8;7970;9;9040;76;832758;560;1753356;294;2120711;11;135589;8;7980;8;7990;0;0;0;0;30;32779;13;13090;85;1527508;144;3432574;96;2138089;97;1432900
21.06.2021 09:00;3;2990;4;4000;59;415902;459;1459567;291;2062801;11;4860;3;2990;4;4000;0;0;0;0;47;49876;6;6010;60;1082608;178;2745817;104;1574107;120;1058733
21.06.2021 10:00;6;5990;4;3990;87;558731;352;1481621;309;1852995;9;13730;6;5980;4;4000;0;0;0;0;52;55840;9;9370;90;1275875;150;2612000;104;1761187;99;966068
21.06.2021 11:00;4;4000;5;5000;77;590006;396;1398095;254;1980363;7;2810;4;3990;5;5000;0;0;0;0;35;36750;10;10040;101;1456139;158;2376376;114;1979012;124;1358629
21.06.2021 12:00;5;5000;5;5000;90;671425;358;1471579;259;1874036;6;44040;5;5000;5;5053;0;0;0;0;39;41889;16;16150;98;1302600;147;2507783;114;2076395;144;1414382
21.06.2021 13:00;8;7980;7;6980;96;905712;411;1754361;304;2083841;12;7980;8;7960;8;7990;0;0;0;0;41;45170;20;20830;94;1532558;145;2945956;119;2328286;122;1470910
21.06.2021 14:00;5;5000;6;6000;78;538166;393;1711358;252;1925218;5;54140;5;4990;5;5000;0;0;0;0;50;59200;12;12050;75;1352370;185;2620199;119;2148435;148;1465930
21.06.2021 15:00;4;4000;4;3990;99;873074;447;1552282;298;2184542;7;33530;4;3990;5;5000;0;0;0;0;59;64480;40;43580;104;1500650;215;2652203;130;2263501;129;1462569
21.06.2021 16:00;4;4000;4;4000;99;780334;493;1722028;302;2295797;4;1430;4;3990;4;3990;0;0;0;0;43;49980;21;21120;107;1425845;260;2754786;125;2159631;148;1430373
21.06.2021 17:00;4;4000;5;5000;104;582755;487;1531803;265;2313245;7;3850;4;3990;4;4000;0;0;0;0;60;72240;20;20180;98;1499637;226;2618304;143;1926379;122;1329943
21.06.2021 18:00;4;3990;3;3000;73;351595;433;1609444;236;2082324;3;1100;4;4000;4;4000;0;0;0;0;46;48380;22;22510;92;1242953;215;2355430;139;2085412;126;1347096
21.06.2021 19:00;5;4980;4;4000;64;308500;389;1087003;172;1742537;4;2280;5;5000;4;4000;0;0;0;0;30;31340;14;14040;80;1232996;222;1569150;118;1643611;112;1232581
21.06.2021 20:00;3;3000;5;5000;36;148816;265;1097585;129;1062467;2;32210;3;3000;4;4000;0;0;0;0;32;40010;8;8573;50;618488;167;1428185;110;850849;120;672026
21.06.2021 21:00;2;2000;2;2000;24;212824;235;641274;99;1067474;1;33750;2;1980;2;1990;0;0;0;0;23;27640;8;8040;43;439399;151;1158805;86;615135;83;527332
21.06.2021 22:00;2;2000;2;2000;23;156792;201;674302;108;864277;4;24210;2;2000;2;2000;0;0;0;0;18;18250;1;1000;55;846842;121;924578;56;446517;87;354330
21.06.2021 23:00;2;2000;2;1990;22;176586;101;331650;45;443885;1;390;2;2000;2;2000;0;0;0;0;7;7910;3;3020;17;177438;80;419529;33;96050;41;137171
22.06.2021 00:00;2;2000;2;2000;9;73390;42;135685;22;337065;0;0;2;2000;2;2000;0;0;0;0;4;4070;0;0;10;102520;34;181850;21;50800;26;78780
22.06.2021 01:00;0;0;1;1000;3;4790;32;50470;8;197000;1;18550;0;0;1;1000;0;0;0;0;1;1010;0;0;6;80530;27;132370;10;34300;12;66660
22.06.2021 02:00;0;0;0;0;2;3410;13;10040;4;43990;0;0;0;0;0;0;0;0;0;0;0;0;0;0;4;13350;10;40180;6;18910;9;45620
22.06.2021 03:00;0;0;0;0;2;34250;17;10170;6;82207;1;640;0;0;0;0;0;0;0;0;0;0;0;0;1;27730;16;64120;3;9820;5;33490
22.06.2021 04:00;1;1000;0;0;8;113702;27;89980;10;94130;0;0;1;1000;0;0;0;0;0;0;1;1000;0;0;7;96880;23;91480;12;39100;15;42815
22.06.2021 05:00;2;2000;2;2000;8;14550;163;331357;37;443490;2;16060;2;1990;2;2000;0;0;0;0;1;1000;2;2000;11;139200;118;629317;47;230833;38;153542
22.06.2021 06:00;4;4000;4;4000;14;721894;353;1230296;114;1328609;5;48930;4;3990;4;3990;0;0;0;0;9;9980;3;3020;31;1291264;200;1815859;100;1275379;80;639917
22.06.2021 07:00;7;6980;6;5990;74;906915;503;1672541;248;2062650;9;49330;7;7000;6;6000;0;0;0;0;41;65166;7;7260;76;1169013;132;3149811;88;1984594;82;1612363
22.06.2021 08:00;7;6990;8;8000;95;967314;602;1762456;292;2274849;12;7010;8;7980;8;7990;0;0;0;0;44;46300;13;13170;98;1494784;156;3272239;98;2117733;125;1522873
22.06.2021 09:00;4;3990;3;3000;58;535944;483;1717521;279;2168198;15;8670;3;3000;3;3000;0;0;0;0;30;30720;11;11890;70;1125213;174;2671145;104;1787204;110;1375736
22.06.2021 10:00;5;4980;5;4980;86;671468;383;1661128;294;1849723;1;320;5;5000;5;4990;0;0;0;0;26;27230;11;11080;88;1208241;135;2678269;105;1811166;107;1326655
22.06.2021 11:00;4;3990;4;4000;105;836120;337;1775789;300;2125267;8;40780;4;4042;4;4000;0;0;0;0;40;42610;11;11070;100;1556828;136;2523003;105;1690544;119;1270778
22.06.2021 12:00;5;5000;4;4000;103;830472;385;1598071;299;2043943;6;3880;5;5000;4;4000;0;0;0;0;39;41350;12;12180;115;1373269;166;2597418;105;2006428;143;1446377
22.06.2021 13:00;8;7980;8;8055;120;818965;436;1803675;259;2027419;10;6360;8;7990;8;8000;0;0;0;0;40;41447;21;22240;100;1731288;150;2886804;118;2106188;113;1581664
22.06.2021 14:00;5;5000;6;6000;85;835625;482;1694672;308;2234083;6;2460;5;4980;7;6990;0;0;0;0;28;29310;11;11050;100;1676414;168;2930443;119;1990498;127;1154603
22.06.2021 15:00;4;4000;4;4000;97;746581;475;1813059;309;2323610;10;53270;4;4000;4;4000;0;0;0;0;33;35588;14;14270;99;1576622;187;2604165;115;2242728;124;1745289
22.06.2021 16:00;4;3990;4;4000;105;1042005;501;1864624;287;2550895;9;3520;4;3990;3;3000;0;0;0;0;57;59120;16;16090;105;1875952;257;2681232;134;2557534;157;1847439
22.06.2021 17:00;4;3980;4;4000;111;579407;461;1842549;310;2436096;4;980;4;4000;5;4990;0;0;0;0;42;45340;13;13356;126;1626356;215;2742979;117;2467228;153;1757769
22.06.2021 18:00;4;4000;5;4990;125;727196;416;1573665;268;2031807;1;1750;4;4000;4;4000;0;0;0;0;32;34880;13;13300;107;1535881;205;2267483;127;2166862;129;1385476
22.06.2021 19:00;5;5000;4;3990;79;706050;389;1226593;171;1735129;1;200;5;4990;4;4000;0;0;0;0;35;37360;19;20070;70;1257858;209;1869498;130;1603776;129;1102147
22.06.2021 20:00;3;2990;4;3990;37;269900;250;845033;135;1139744;1;260;3;3000;4;3990;0;0;0;0;34;38630;2;2010;57;883293;147;1436501;99;966912;102;664808
22.06.2021 21:00;2;2000;2;2000;35;269846;180;766315;91;675464;1;260;2;2000;2;2000;0;0;0;0;17;17440;3;3010;46;493573;127;1157720;96;621235;82;515869
22.06.2021 22:00;2;2000;2;1990;22;112130;163;659200;83;743600;1;260;2;2000;2;2000;0;0;0;0;22;23670;5;5080;44;261375;125;904754;82;301978;89;296824
22.06.2021 23:00;2;2000;2;1990;13;67090;109;334633;47;523034;1;14980;2;2000;2;2000;0;0;0;0;11;11410;1;1160;20;344594;102;553441;56;160886;35;91280
23.06.2021 00:00;2;2000;2;2000;5;22670;44;51730;19;231867;0;0;2;2000;2;2000;0;0;0;0;1;1010;0;0;9;114790;40;161966;25;63510;19;42485
23.06.2021 01:00;0;0;1;1000;5;11360;25;15150;5;132825;0;0;0;0;1;1000;0;0;1;1390;0;0;1;1000;1;2150;19;62810;13;22130;13;29340
23.06.2021 02:00;0;0;0;0;1;27778;14;8320;3;34230;1;14200;0;0;0;0;0;0;0;0;0;0;0;0;5;91730;14;48540;3;13820;7;21060
23.06.2021 03:00;0;0;0;0;2;17690;14;30290;4;47270;1;510;0;0;0;0;0;0;0;0;0;0;1;1000;0;0;12;44680;3;7710;3;7450
23.06.2021 04:00;1;1000;0;0;6;9580;29;48970;13;221050;0;0;1;1000;0;0;0;0;0;0;1;1570;0;0;7;95030;25;125250;17;32954;21;60284
23.06.2021 05:00;3;2990;3;3000;10;104770;150;321522;35;500320;1;380;3;3000;3;3000;0;0;0;0;2;2020;0;0;19;225720;99;672221;59;234405;31;110940
23.06.2021 06:00;4;3990;4;4000;28;298540;407;1013563;80;1152763;2;1100;4;4000;4;3990;0;0;0;0;15;15710;2;2010;37;507447;188;1886939;96;900508;71;346630
23.06.2021 07:00;7;7000;5;5000;69;759659;542;1382096;290;2395634;10;6990;7;6990;5;5000;0;0;0;0;27;30450;10;10050;77;1151036;165;3039387;99;1984455;101;1383078
23.06.2021 08:00;8;8000;9;9000;75;661960;523;1647301;301;2001449;6;58990;8;7990;9;9000;0;0;0;0;24;39600;9;9030;75;1247163;159;3135721;91;2104190;105;1420532
23.06.2021 09:00;4;4000;3;3000;49;448726;429;1692135;303;2081762;8;46246;4;4000;4;4000;0;0;0;0;36;38770;8;8050;68;1000029;161;2769968;91;1820481;115;1614174
23.06.2021 10:00;4;4000;5;4990;66;595461;373;1465781;265;1974714;11;6550;4;4000;4;4000;0;0;0;0;34;43550;15;15240;84;1379670;164;2454254;115;1620270;121;1014701
23.06.2021 11:00;4;4000;3;3000;87;715588;415;1542212;293;2095745;10;97993;4;3990;4;4000;0;0;0;0;37;38677;6;6020;107;1513454;147;2626265;112;2000711;136;1176608
23.06.2021 12:00;5;4980;5;5000;76;535750;393;1905740;291;2181570;6;3310;5;4990;5;5000;0;0;0;0;35;35650;14;14870;96;1589687;155;2739583;124;1989771;116;1345774
23.06.2021 13:00;8;7990;8;8000;102;889596;400;1787040;335;2293908;14;9300;8;7990;7;6990;0;0;0;0;42;45879;19;19330;95;1369040;155;2910668;106;2268447;131;1344726
23.06.2021 14:00;5;5000;6;5990;83;561084;436;1471103;255;1806257;3;1040;5;4990;6;5990;0;0;0;0;29;30040;18;18490;95;1459768;172;2726817;127;2309298;115;1254609
23.06.2021 15:00;4;4045;4;4000;106;849099;441;1759740;311;2213512;9;2870;4;4058;4;4000;0;0;0;0;43;50900;35;35420;98;1651559;200;2598350;115;2410112;118;1565987
23.06.2021 16:00;4;3990;5;4990;91;721933;531;1648771;277;2273269;6;60100;4;4000;5;4990;0;0;0;0;34;39230;17;17120;86;1350288;247;2622684;127;2286875;139;1557418
23.06.2021 17:00;4;3990;4;3990;92;701730;493;1476722;297;2316344;13;65730;4;3990;4;4000;0;0;0;0;35;38569;18;18570;99;1479445;233;2653536;113;2339952;156;1706566
23.06.2021 18:00;4;3990;3;3000;73;673396;474;1622987;255;2076399;12;6060;4;4000;4;3990;0;0;0;0;43;50939;19;19140;89;1286305;242;2244627;127;1935920;139;1465193
23.06.2021 19:00;5;4990;5;5000;71;472565;383;1117237;222;1885976;8;123650;5;5000;4;4000;0;0;0;0;32;37200;19;19170;69;915584;240;1516539;112;1686378;118;1328296
23.06.2021 20:00;3;3000;4;4000;56;316757;311;1099636;171;1308790;5;2210;3;3000;4;4000;0;0;0;0;28;31310;10;10030;76;913825;176;1744970;108;1158216;113;761291
23.06.2021 21:00;2;2000;2;2000;26;177120;198;607444;83;806260;2;23920;2;2000;2;2000;0;0;0;0;17;17147;9;9094;34;274780;126;819116;68;477259;72;353180
23.06.2021 22:00;2;2000;2;1990;13;54250;136;593569;52;532784;1;390;2;2000;2;2000;0;0;0;0;11;11970;4;4030;30;350554;106;538452;70;224707;62;181670
23.06.2021 23:00;2;2000;2;2000;37;285570;184;798455;99;726599;1;1100;2;2000;2;1990;0;0;0;0;14;17950;5;5120;33;231100;133;919161;98;420931;80;364491
24.06.2021 00:00;2;1990;2;1990;14;162366;61;221340;23;432465;1;130;2;1990;2;2000;0;0;0;0;7;7210;2;2010;10;94760;59;211890;40;141031;28;98045
24.06.2021 01:00;0;0;1;1000;2;980;21;29760;21;380379;0;0;0;0;1;990;0;0;0;0;0;0;0;0;6;138473;15;50670;3;4610;10;22110
24.06.2021 02:00;0;0;0;0;1;18130;18;10980;9;159000;1;29560;0;0;0;0;0;0;0;0;0;0;0;0;3;40270;13;49340;8;16240;6;9780
24.06.2021 03:00;0;0;0;0;0;0;17;34240;9;167638;1;520;0;0;0;0;0;0;0;0;0;0;0;0;0;0;13;74580;5;9900;10;22820
24.06.2021 04:00;1;1000;0;0;5;35830;27;46980;11;209350;0;0;1;1000;0;0;0;0;0;0;1;1010;0;0;4;65980;26;81789;11;37910;13;37890
24.06.2021 05:00;3;3000;2;1990;9;55540;150;366590;37;419064;2;390;3;3000;3;2990;0;0;0;0;2;2060;0;0;10;107710;121;675621;46;228516;26;93390
24.06.2021 06:00;4;3990;5;5000;28;272455;387;1033143;105;1263027;3;1940;4;4000;4;4000;0;0;0;0;4;4360;0;0;28;673876;161;1973133;83;1014018;64;447396
24.06.2021 07:00;7;7000;5;5000;71;542345;508;1745934;296;2305624;11;46210;7;7000;5;4990;0;0;0;0;26;35450;8;8360;76;1402378;134;3119250;77;2108088;97;1622112
24.06.2021 08:00;8;7980;8;7990;72;528006;558;1767949;327;2422772;10;4020;8;8000;8;7990;0;0;0;0;26;26369;5;5030;80;1379954;187;3290667;85;2236052;100;1536495
24.06.2021 09:00;4;4000;4;4000;62;417128;465;1642569;279;2119544;15;8820;4;4000;5;5000;0;0;0;0;37;37810;10;10160;71;1346589;156;2963973;94;1591316;106;1031497
24.06.2021 10:00;4;3970;4;4000;53;396285;395;1849148;267;1991838;8;46060;4;4000;3;3000;0;0;0;0;25;26350;13;13110;77;1178214;156;2690755;90;1617347;89;1145324
24.06.2021 11:00;5;5000;5;5000;66;679999;362;1797616;261;2072192;11;4170;5;4980;5;5000;0;0;0;0;20;23170;5;5020;92;1528127;147;2502545;107;1554612;107;1230916
24.06.2021 12:00;5;5000;5;4990;87;702170;400;1854869;291;2212329;4;2470;5;4990;5;5000;0;0;0;0;28;29860;13;13190;103;1654397;138;2726915;113;1726254;129;1114366
24.06.2021 13:00;8;8000;9;8990;86;750749;420;2055872;320;2461606;11;50520;8;7990;9;9000;0;0;0;0;63;69425;21;21600;97;1600690;101;3201751;99;1864112;124;1284010
24.06.2021 14:00;5;5000;5;4990;91;994104;437;1515183;280;2234364;7;4930;5;4990;6;5990;0;0;0;0;28;34480;22;24439;95;1467540;163;2572410;107;2180350;125;1247729
24.06.2021 15:00;4;4000;4;3980;103;659544;444;1721997;303;2334797;8;4100;4;4000;4;4000;0;0;0;0;42;48080;15;15110;102;1699557;199;2485866;112;2229981;147;1542887
24.06.2021 16:00;4;4000;3;3000;91;1018001;474;1806536;304;2608292;12;6090;4;4000;4;4000;0;0;0;0;47;54369;18;18090;98;1545571;201;2650186;118;2372964;126;1566201
24.06.2021 17:00;4;4000;5;4990;110;762982;489;1736081;284;2412297;4;2400;4;3990;4;4000;0;0;0;0;45;50660;26;28440;122;1920195;224;2753421;135;2117507;155;1569182
24.06.2021 18:00;4;4000;4;3990;102;891971;471;1627387;255;2270653;5;3570;4;4000;4;4000;0;0;0;0;38;39820;18;18110;105;1612700;213;2474898;126;2035855;138;1262575
24.06.2021 19:00;5;4990;4;3990;64;455920;377;1376784;197;1781601;4;4020;5;4990;4;4000;0;0;0;0;27;34450;11;11040;80;1119063;212;1884436;122;1594166;120;1075848
24.06.2021 20:00;3;2990;3;3000;52;338737;263;1090465;136;887373;1;840;3;3000;4;4000;0;0;0;0;25;27640;8;8190;70;964667;151;1494021;95;1012052;99;750943
24.06.2021 21:00;2;2000;3;3000;34;264930;194;935021;108;967239;2;710;2;2000;2;1980;0;0;0;0;22;23910;6;6010;46;591449;125;1094083;86;727519;78;418220
24.06.2021 22:00;2;2000;2;2000;23;90520;201;668501;105;917800;1;780;2;2000;2;2000;0;0;0;0;21;22450;10;11290;45;520034;136;1051999;84;385875;79;330188
24.06.2021 23:00;2;2000;2;2000;16;161412;98;383356;56;601531;0;0;2;2000;2;1990;0;0;0;0;8;8530;2;2010;24;235721;75;471105;34;77199;39;122927
25.06.2021 00:00;2;2000;2;2000;7;92840;67;228173;18;278580;0;0;2;2000;2;2000;0;0;0;0;3;3240;3;3130;14;303535;58;298000;28;86120;26;77050
25.06.2021 01:00;0;0;1;1000;2;3250;29;75430;10;218600;0;0;0;0;1;1000;0;0;0;0;0;0;0;0;4;70220;25;108230;9;55830;12;74740
25.06.2021 02:00;0;0;0;0;4;100014;15;7180;5;119216;0;0;0;0;0;0;0;0;0;0;0;0;0;0;2;32540;9;41037;7;20370;13;63270
25.06.2021 03:00;0;0;0;0;1;330;7;4480;4;56320;0;0;0;0;0;0;0;0;0;0;1;1010;0;0;2;18060;7;25950;6;18180;5;25167
25.06.2021 04:00;1;1000;0;0;8;101280;28;42174;11;172585;0;0;1;1000;0;0;0;0;0;0;1;1000;0;0;2;22390;29;122894;15;60250;16;60560
25.06.2021 05:00;3;3000;2;2000;10;35850;153;399486;33;617350;0;0;3;3000;3;3000;0;0;0;0;0;0;0;0;12;183310;107;705899;45;319926;32;133210
25.06.2021 06:00;4;3980;4;4000;29;291795;356;969707;101;1354101;1;580;4;3990;4;4000;0;0;0;0;8;8440;3;3020;33;567491;168;1678193;92;1127048;92;535718
25.06.2021 07:00;7;7000;6;5990;63;464075;465;1643972;284;2176861;10;53160;7;7000;5;5000;0;0;0;0;47;74076;12;13570;80;1237064;176;2816486;90;1778296;113;1306953
25.06.2021 08:00;8;7990;9;8980;78;746549;491;1626097;270;2271357;11;137500;8;7990;9;8990;0;0;0;0;25;28680;14;14137;72;1223500;202;2667415;104;1941583;122;1366664
25.06.2021 09:00;5;4990;4;4000;60;404450;421;1492902;324;1999823;8;3830;5;4990;5;4300;0;0;0;0;37;38410;11;11790;75;1214143;173;2487986;86;1627208;90;1105924
25.06.2021 10:00;4;4000;5;4990;77;575465;383;1597741;269;2093345;8;30930;4;3990;4;4690;0;0;0;0;31;36510;16;16110;69;1115083;165;2411476;124;1810209;123;1086157
25.06.2021 11:00;4;4000;3;3000;82;629502;382;1582294;297;1855284;7;4090;4;3990;3;3000;0;0;0;0;52;55050;16;16670;97;1389691;161;2547773;130;1883210;136;1260231
25.06.2021 12:00;5;4980;6;6000;101;972316;442;1526728;292;2365760;7;3950;5;4990;6;6000;0;0;0;0;40;40799;14;14470;97;1730353;185;2709226;112;2484005;131;1533847
25.06.2021 13:00;8;7980;8;8000;109;864774;496;1648176;286;2280981;9;4610;8;7990;8;8000;0;0;0;0;49;53320;27;27830;99;1544110;205;2854063;108;2436641;123;1455856
25.06.2021 14:00;5;4990;6;6000;117;778740;504;1731498;307;2339870;5;3900;5;5000;6;6000;0;0;0;0;34;35160;12;12610;105;1853511;222;2928585;122;2150115;132;1326476
25.06.2021 15:00;4;4000;3;2990;102;725773;481;1718500;284;2307014;4;2210;4;4000;4;4000;0;0;0;0;37;38350;13;13280;110;1355294;236;2462742;116;2260372;141;1581271
25.06.2021 16:00;4;4000;5;5000;91;681929;497;1595841;274;2341441;6;3190;4;4000;4;3980;0;0;0;0;92;99580;7;7070;95;1461991;227;2731337;134;2314739;148;1620133
25.06.2021 17:00;4;3990;3;3000;106;885748;470;1571691;290;2301107;11;63940;4;4000;4;4000;0;0;0;0;75;103296;15;15140;100;1603813;245;2489462;110;2176947;142;1858326
25.06.2021 18:00;4;4000;4;4055;95;624853;428;1668515;268;2103826;9;3120;4;4000;4;3990;0;0;0;0;54;61437;7;7050;99;1474007;224;2131012;116;2017063;135;1620699
25.06.2021 19:00;5;5000;5;5000;66;442850;389;1248538;218;1738696;7;53576;5;5000;4;3990;0;0;0;0;40;42320;10;10170;78;1206539;239;1776572;107;1538949;117;1428267
25.06.2021 20:00;3;3000;4;4000;53;486082;298;989069;160;1248678;2;1820;3;3000;4;4000;0;0;0;0;30;37350;7;7010;54;679656;167;1746422;97;955327;108;649527
25.06.2021 21:00;2;2000;2;2000;36;183600;273;1010606;147;908048;3;1180;2;2000;2;1990;0;0;0;0;31;34710;9;9350;56;577105;156;1522908;109;745614;119;508007
25.06.2021 22:00;2;2000;2;1990;31;163520;231;950777;128;870402;4;3640;2;2000;2;2000;0;0;0;0;45;49380;7;7020;46;541124;141;1407539;83;489563;93;383690
25.06.2021 23:00;2;2000;2;2000;17;115362;161;620612;84;613054;0;0;2;2000;2;2000;0;0;0;0;27;32250;8;8570;41;464374;120;810663;63;243946;67;203540
26.06.2021 00:00;2;2000;2;2000;19;127800;111;352641;46;408660;1;16030;2;2000;2;2000;0;0;0;0;11;12100;5;5170;16;158810;76;478710;41;175750;47;186020
26.06.2021 01:00;0;0;1;1000;13;101720;62;206230;25;265740;1;17680;0;0;1;1000;0;0;0;0;7;7330;2;2000;6;101233;47;201440;38;87854;34;98254
26.06.2021 02:00;0;0;0;0;18;81050;50;100146;10;178420;0;0;0;0;0;0;0;0;0;0;2;2020;5;5000;5;98450;42;189936;18;35930;29;62290
26.06.2021 03:00;0;0;0;0;8;46740;27;20670;13;230970;1;190;0;0;0;0;0;0;0;0;2;2070;0;0;3;45260;21;74076;11;21130;23;52134
26.06.2021 04:00;1;1000;0;0;8;24040;41;129836;20;226454;0;0;1;1000;0;0;0;0;0;0;0;0;0;0;8;74000;31;110285;18;43890;13;35180
26.06.2021 05:00;3;2990;3;3000;9;121450;76;159780;15;280343;1;34890;3;3000;3;3000;0;0;0;0;2;2590;1;1000;7;136600;59;216351;31;86430;27;78006
26.06.2021 06:00;4;4000;4;4000;10;105920;104;257814;33;420705;1;390;4;3990;4;3990;0;0;0;0;4;4360;1;1000;13;129730;83;371037;55;367305;37;121555
26.06.2021 07:00;4;3990;4;4000;10;141414;132;444780;60;666595;2;850;4;4000;4;3990;0;0;0;0;7;7820;0;0;20;234585;107;1022638;44;327571;37;156903
26.06.2021 08:00;5;5000;4;3990;31;204157;234;1020322;149;1261149;4;30690;5;5000;4;4000;0;0;0;0;14;14130;5;5250;37;324353;141;1447766;76;666345;81;351730
26.06.2021 09:00;4;4000;4;4000;35;761453;370;1081775;190;1602063;5;2660;4;3980;4;4000;0;0;0;0;35;36550;5;5181;51;948902;199;2019622;98;1462001;98;1179804
26.06.2021 10:00;4;4000;4;3990;58;405669;403;1409077;272;1987259;8;53220;4;3990;4;3990;0;0;0;0;40;42540;6;6040;71;982761;181;2445999;96;1492973;116;1043849
26.06.2021 11:00;4;4000;4;4000;78;925163;376;1285103;269;1990016;5;1580;4;3990;4;4000;0;0;0;0;54;57330;10;10070;77;1257408;136;2470037;121;1710268;124;1151090
26.06.2021 12:00;4;4000;4;4000;84;478045;405;1537525;259;1657020;4;141745;4;3980;4;4000;0;0;0;0;62;77820;12;12180;82;1198460;171;2500099;115;1954554;124;1405886
26.06.2021 13:00;4;4000;4;4000;85;497235;420;1417125;259;1829313;5;62610;4;3990;4;3990;0;0;0;0;51;68149;22;22430;75;1133482;161;2465874;122;1984033;146;1520159
26.06.2021 14:00;4;4000;4;3990;82;763047;438;1377804;210;1925075;1;27770;4;3990;4;4000;0;0;0;0;33;36120;14;14970;84;1471128;186;2505195;134;1941721;130;1452678
26.06.2021 15:00;4;4000;4;4000;66;647816;404;1307699;213;1596729;3;39470;4;3990;4;4000;0;0;0;0;43;45310;13;13180;68;1173041;172;2422896;141;1741926;155;1421646
26.06.2021 16:00;4;3980;4;3990;64;582857;412;1376979;192;1457531;5;1040;4;3990;4;4000;0;0;0;0;38;40370;12;12210;93;1645313;159;2331611;121;1728471;136;1124874
26.06.2021 17:00;4;3990;5;4990;59;604973;433;1245206;195;1544617;7;55690;4;4000;5;5000;0;0;0;0;40;44080;8;8060;83;1349570;183;2351024;129;1607556;126;1102445
26.06.2021 18:00;4;4000;4;3980;69;696641;340;1122277;187;1572940;5;4030;4;4000;4;4000;0;0;0;0;46;49611;15;15110;89;1231537;175;2045415;121;1434899;129;1628242
26.06.2021 19:00;4;4000;4;3980;51;426324;313;1430216;198;1339718;2;460;4;4000;4;4000;0;0;0;0;39;41120;10;10170;67;1342377;160;1859125;99;1007152;121;887827
26.06.2021 20:00;2;2000;2;2000;50;312513;296;1158584;179;1223860;3;1690;2;2000;2;2000;0;0;0;0;45;48310;9;9170;59;657517;164;1408938;99;684436;123;806840
26.06.2021 21:00;2;2000;2;2000;36;184010;278;961796;112;693268;2;970;2;2000;2;2000;0;0;0;0;35;47390;4;4020;37;440639;157;1541619;99;798030;96;419616
26.06.2021 22:00;2;1990;2;2000;30;152065;288;1031582;106;858684;2;39520;2;1990;2;2000;0;0;0;0;28;33510;8;8050;55;531690;144;1476956;107;404405;96;459934
26.06.2021 23:00;2;2000;2;2000;26;198777;236;852456;81;675366;2;25050;2;2000;2;2000;0;0;0;0;11;12070;6;6020;31;322700;157;1308536;81;409735;73;292108
27.06.2021 00:00;2;1990;2;2000;24;85646;167;580256;64;774346;0;0;2;2000;2;2000;0;0;0;0;18;19990;6;6000;10;75799;100;831066;117;586518;130;638422
27.06.2021 01:00;0;0;1;1000;14;59300;89;254701;37;487126;1;33140;0;0;1;1000;0;0;0;0;5;6030;3;3010;9;92760;81;448853;78;201360;86;338893
27.06.2021 02:00;0;0;0;0;18;189010;55;153180;25;263910;0;0;0;0;0;0;0;0;0;0;5;5030;2;2010;20;272720;41;219106;18;33340;25;95866
27.06.2021 03:00;0;0;0;0;10;47590;29;61170;16;206070;0;0;0;0;0;0;0;0;0;0;1;1550;0;0;8;92600;31;99121;12;29860;20;43680
27.06.2021 04:00;0;0;0;0;3;22670;36;69160;14;245884;0;0;0;0;0;0;0;0;0;0;2;2310;0;0;5;136466;28;110194;7;18280;10;35980
27.06.2021 05:00;2;2000;1;1000;6;67390;29;87970;10;157510;0;0;2;2000;1;990;0;0;0;0;1;1170;0;0;6;158830;31;103380;19;54790;11;42530
27.06.2021 06:00;2;2000;2;2000;3;4320;53;70860;20;322674;0;0;2;2000;2;2000;0;0;0;0;1;1230;0;0;6;89760;43;112010;19;72480;17;52165
27.06.2021 07:00;2;2000;2;2000;7;38910;43;122050;23;326911;0;0;2;2000;2;2000;0;0;0;0;1;1010;0;0;3;31780;41;145930;42;126460;30;117490
27.06.2021 08:00;2;1990;2;2000;10;62955;127;320576;84;654712;0;0;2;2000;2;1990;0;0;0;0;6;6630;4;4000;7;117195;89;597336;45;340789;57;337576
27.06.2021 09:00;2;2000;2;2000;24;86210;186;604613;111;933647;1;460;2;1980;2;2000;0;0;0;0;18;21510;3;3500;16;177952;123;980194;93;706070;87;411355
27.06.2021 10:00;2;2000;2;2000;27;150730;261;760554;151;1339257;2;24990;2;1980;2;2000;0;0;0;0;10;10970;7;7140;13;162090;171;1344277;107;958078;113;644805
27.06.2021 11:00;2;2000;2;2000;29;246590;294;953749;171;1185725;5;80866;2;1990;2;2000;0;0;0;0;20;20830;3;3020;26;329540;162;1816416;120;1119668;111;801150
27.06.2021 12:00;3;3000;3;3000;32;204670;318;946755;172;1409202;2;32700;3;2980;3;3000;0;0;0;0;21;24420;8;8060;35;317600;163;1651429;127;1254812;123;717411
27.06.2021 13:00;4;3990;4;3990;45;452600;343;1101768;171;1367576;1;450;4;4000;4;4000;0;0;0;0;17;19300;5;5020;42;523081;180;1942103;118;1314810;102;660963
27.06.2021 14:00;4;4044;4;4000;50;315965;364;1249503;187;1374938;3;9640;4;4000;4;3990;0;0;0;0;19;20350;18;18200;55;527554;194;1902529;128;1323363;128;926291
27.06.2021 15:00;4;4000;4;3990;45;326860;338;1105241;180;1321260;2;840;4;4000;4;3990;0;0;0;0;40;45600;9;9060;55;892801;195;1628765;123;992639;126;1011750
27.06.2021 16:00;4;3980;4;4000;55;401615;364;991387;161;1211956;1;390;4;3990;4;3990;0;0;0;0;21;23079;8;8040;48;713945;186;1819393;133;1194114;133;949174
27.06.2021 17:00;4;4000;4;3980;51;302410;389;1206734;191;1278844;2;1630;4;3990;4;4000;0;0;0;0;21;23590;15;15820;50;715465;178;1927534;125;1053463;111;815662
27.06.2021 18:00;4;4000;4;4000;52;215149;390;1313361;220;1451084;3;1310;4;4000;4;4000;0;0;0;0;15;16210;9;9050;72;923507;178;2134735;135;1086291;107;688395
27.06.2021 19:00;2;2000;2;2000;39;208635;316;1017670;138;1271857;0;0;2;1990;2;2000;0;0;0;0;30;33779;6;6010;51;744304;180;1552804;130;1144389;104;732976
27.06.2021 20:00;2;2000;2;2000;36;255440;281;884499;119;928713;0;0;2;2000;2;1990;0;0;0;0;20;21060;6;6050;52;686739;167;1284627;103;885299;115;552080
27.06.2021 21:00;2;2000;2;2000;30;98880;209;653339;96;643109;1;200;2;2000;2;1990;0;0;0;0;20;20200;9;9040;30;234094;127;1126120;86;742675;68;430449
27.06.2021 22:00;2;2000;2;2000;16;112980;139;500310;55;559849;0;0;2;1990;2;2000;0;0;0;0;8;9610;4;4010;23;272690;103;664596;66;210360;46;125324
27.06.2021 23:00;2;2000;2;2000;16;79164;99;403280;45;423630;0;0;2;2000;2;2000;0;0;0;0;3;3020;2;2020;14;162440;76;596704;37;112546;29;71775
28.06.2021 00:00;2;1990;2;2000;5;54700;48;46910;17;234030;0;0;2;2000;2;2000;0;0;0;0;2;2080;0;0;10;124050;39;172340;14;29150;22;50860
28.06.2021 01:00;0;0;1;1000;3;38490;29;14450;5;104193;0;0;0;0;1;1000;0;0;0;0;1;1310;0;0;3;70160;23;80800;11;17980;11;25440
28.06.2021 02:00;0;0;0;0;1;1060;16;8280;8;89920;0;0;0;0;0;0;0;0;0;0;0;0;0;0;4;67283;15;40020;5;9500;9;17940
28.06.2021 03:00;0;0;0;0;3;52070;13;5200;8;127240;0;0;0;0;0;0;0;0;0;0;0;0;0;0;3;63230;12;44620;5;5910;4;9870
28.06.2021 04:00;1;990;0;0;4;95574;36;74855;19;398587;0;0;1;1000;0;0;0;0;0;0;0;0;0;0;5;82744;27;119684;11;25050;19;53760
28.06.2021 05:00;3;3000;3;2990;10;144110;176;405214;37;429792;1;1110;3;3000;3;3000;0;0;0;0;0;0;0;0;11;147404;113;668741;51;261956;41;143240
28.06.2021 06:00;4;3990;3;3000;27;336431;405;948100;91;1304601;2;1290;4;3990;3;3000;0;0;0;0;9;9190;3;3120;28;511004;199;1922645;87;1002996;65;548990
28.06.2021 07:00;7;7000;7;6970;59;1061083;510;1607818;271;2338305;12;74360;7;7000;7;6990;0;0;0;0;42;48800;24;24120;75;1392250;117;3115747;68;2298348;92;1467069
28.06.2021 08:00;8;7990;7;6990;68;563021;485;1697116;282;2315889;10;4870;8;8000;8;8000;0;0;0;0;31;32470;5;5020;79;1106655;153;3139151;95;1983113;107;1413794
28.06.2021 09:00;4;4000;5;4990;63;559277;462;1544742;286;2287779;7;66370;4;3980;4;4000;0;0;0;0;44;46870;8;8050;89;1232400;173;2736641;76;2212566;94;1568854
28.06.2021 10:00;4;4000;4;3990;67;561164;418;1672836;268;1972783;6;16050;5;4990;4;4000;0;0;0;0;42;45140;8;8070;83;1372134;162;2805806;101;2136694;115;1087909
28.06.2021 11:00;6;6000;6;6000;90;603180;370;1660119;249;1826304;9;4850;5;4990;6;6000;0;0;0;0;39;40810;9;9170;104;1609652;152;2547917;97;1597725;113;1212706
28.06.2021 12:00;5;5000;5;4990;65;540335;371;1659372;241;2039944;10;5780;5;4980;5;4990;0;0;0;0;36;37680;32;33910;58;938723;183;2339918;53;1568556;136;2309679
28.06.2021 13:00;8;7980;8;8000;99;678986;400;1722108;308;2153704;10;24960;8;7990;8;8000;0;0;0;0;40;40790;19;20810;104;1419221;161;2809624;135;2093491;142;1780570
28.06.2021 14:00;5;5000;6;6000;81;731952;422;1534794;289;2162535;3;1880;5;5000;6;6000;0;0;0;0;35;40390;12;12080;86;1438853;149;2654120;123;1970602;107;1389910
28.06.2021 15:00;4;4000;4;4000;87;873269;473;1603515;258;2111529;8;52740;4;4000;4;3980;0;0;0;0;78;84174;14;14120;102;1532017;221;2712109;127;2533567;149;1468193
28.06.2021 16:00;4;3990;4;3980;123;787081;492;1561810;279;2446136;8;2980;4;4000;4;4000;0;0;0;0;34;37920;23;23180;93;1316207;225;2568004;128;2243735;148;1641083
28.06.2021 17:00;4;3990;4;4000;98;837802;507;1727455;262;2165252;5;2350;4;4000;4;4000;0;0;0;0;48;50680;13;13060;99;1459982;268;2375764;136;2306521;145;1811091
28.06.2021 18:00;4;4000;4;4000;91;612471;418;1291581;242;1812089;5;2090;4;4000;4;3990;0;0;0;0;45;50870;14;14165;97;1483541;232;2077727;126;1845884;135;1395022
28.06.2021 19:00;5;5000;3;3000;66;485308;370;1025741;186;1677991;3;60110;5;5000;4;4000;0;0;0;0;39;40730;9;9070;101;1215909;232;1564437;115;1577473;109;1042271
28.06.2021 20:00;3;3000;5;5000;39;220510;237;1067013;123;1080985;0;0;3;3000;4;4000;0;0;0;0;16;16665;5;5030;43;708365;139;1481824;87;872030;81;438340
28.06.2021 21:00;2;2000;2;2000;21;196343;214;783188;96;955633;0;0;2;2000;2;2000;0;0;0;0;19;21060;5;5870;54;671133;129;1392870;92;630282;96;655799
28.06.2021 22:00;2;1990;2;2000;15;126904;160;589920;62;570746;2;15500;2;2000;2;1990;0;0;0;0;15;19230;5;5010;31;314406;113;817345;75;440009;66;415235
28.06.2021 23:00;2;2000;2;1990;4;24980;83;333411;33;445340;2;38770;2;2000;2;2000;0;0;0;0;3;3020;1;1010;11;151332;62;377580;33;172987;32;154144
29.06.2021 00:00;2;2000;2;2000;5;50600;39;157530;23;371269;0;0;2;2000;2;2000;0;0;0;0;1;1430;2;2010;12;107790;36;203875;22;86785;21;106190
29.06.2021 01:00;0;0;1;1000;1;2930;22;56250;9;147230;0;0;0;0;1;1000;0;0;0;0;0;0;0;0;1;18675;19;80190;10;21540;11;41740
29.06.2021 02:00;0;0;0;0;5;14455;18;16440;8;120200;1;14330;0;0;0;0;0;0;0;0;3;3020;0;0;2;33970;14;62102;1;1760;8;26720
29.06.2021 03:00;0;0;0;0;0;0;8;4160;5;154130;0;0;0;0;0;0;0;0;0;0;0;0;0;0;1;16860;6;22210;2;4780;4;15910
29.06.2021 04:00;1;1000;0;0;3;37040;29;53900;13;219081;1;29144;1;1000;0;0;0;0;0;0;0;0;0;0;4;42850;28;131165;12;40350;17;44340
29.06.2021 05:00;3;3000;3;3000;12;61070;169;317460;40;584247;0;0;3;3000;3;2990;0;0;0;0;2;2010;0;0;11;177334;134;655364;39;252004;27;114624
29.06.2021 06:00;4;3990;3;3000;25;266580;422;886368;100;1182740;4;58310;4;4000;4;3980;0;0;0;0;5;5010;4;4020;36;525272;197;1771611;90;869813;63;383150
29.06.2021 07:00;7;6980;6;5980;78;600838;538;1736633;280;2051323;8;126402;7;6990;6;5980;0;0;0;0;50;69930;5;5020;74;1266995;170;3125317;74;1865384;84;1687688
29.06.2021 08:00;8;8000;8;7980;72;609816;488;1748120;307;2336871;9;68040;8;7990;8;7970;0;0;0;0;32;37093;8;8050;75;1334634;146;3109644;87;1984701;111;1393319
29.06.2021 09:00;4;4000;4;4000;57;604301;452;1502832;308;2266823;5;2790;4;4000;3;2990;0;0;0;0;38;42050;16;16100;72;1434739;152;2812388;103;1956882;110;1398194
29.06.2021 10:00;5;5000;6;5400;76;515093;411;1602154;291;2059142;9;49690;5;5000;6;6000;0;0;0;0;34;35410;14;14650;79;1207120;141;2705991;99;1795960;110;1127005
29.06.2021 11:00;4;4000;4;4590;105;619709;374;1476812;307;2021607;8;26480;4;4000;4;4000;0;0;0;0;40;44600;12;12630;106;1388064;158;2492780;112;1672255;119;1055301
29.06.2021 12:00;5;5000;5;4990;81;611360;360;1884221;238;1925554;9;46860;5;5000;5;5000;0;0;0;0;47;51456;9;9060;96;1154919;141;2605276;111;2012058;109;1098286
29.06.2021 13:00;8;7990;8;7980;105;914773;413;1642463;304;2150605;16;33050;8;8000;8;8000;0;0;0;0;45;55508;25;27670;109;1753511;149;2819977;100;2355719;105;1293487
29.06.2021 14:00;5;5000;6;5990;83;884802;398;1598325;299;2099805;11;46840;5;4990;6;6000;0;0;0;0;40;42680;11;11050;86;1559949;166;2560845;153;2246470;114;1207211
29.06.2021 15:00;4;3990;3;2990;106;840326;448;1671100;336;2344206;7;40700;4;4000;3;3000;0;0;0;0;43;46070;18;18190;106;1470422;184;2680602;119;2406284;138;1591887
29.06.2021 16:00;3;3000;4;3990;121;926447;453;1981902;333;2809321;6;80740;3;3000;4;4000;0;0;0;0;22;25245;16;16100;108;1893225;120;3244215;101;2965406;147;1994634
29.06.2021 17:00;5;5000;4;3980;131;841451;500;2223454;324;3013150;9;76910;5;5000;4;4000;0;0;0;0;35;36490;11;11070;117;1823114;146;3264585;98;2730192;141;1893028
29.06.2021 18:00;4;3990;5;5000;88;900024;416;1450983;189;1931486;5;30160;4;3990;5;5000;0;0;0;0;32;35730;9;9160;99;1532288;206;1738696;120;1803225;131;1125626
29.06.2021 19:00;5;5000;4;4000;42;487874;250;706160;100;1248965;0;0;5;5000;4;4000;0;0;0;0;22;26404;8;8070;47;649761;172;920806;85;834993;80;496239
29.06.2021 20:00;3;3000;4;3980;41;286256;269;1001415;144;1170686;0;0;3;3000;4;4000;0;0;0;0;24;29270;9;9500;59;796771;141;1473496;112;1113130;108;582804
29.06.2021 21:00;2;2000;2;2000;35;219467;230;682966;118;1125354;1;780;2;2000;2;2000;0;0;0;0;18;18130;2;2020;56;587684;149;1155756;99;632159;71;594598
29.06.2021 22:00;2;2000;2;2000;20;212110;175;673009;112;991160;2;450;2;2000;2;2000;0;0;0;0;19;18808;2;2020;27;269763;104;880090;77;523393;80;291684
29.06.2021 23:00;2;1990;2;2000;12;74180;111;317055;50;454733;1;1220;2;1990;2;1990;0;0;0;0;9;11070;1;1010;16;199710;95;517328;24;54750;46;106970
30.06.2021 00:00;2;2000;2;2000;10;11880;48;191350;21;236798;0;0;2;2000;2;1990;0;0;0;0;2;2120;1;1000;17;127950;39;186550;14;26110;22;69210
30.06.2021 01:00;0;0;1;1000;5;25800;21;39610;10;150090;1;580;0;0;1;1000;0;0;0;0;0;0;1;1000;4;100920;16;61000;10;24577;14;33170
30.06.2021 02:00;0;0;0;0;1;2120;19;12700;8;226750;0;0;0;0;0;0;0;0;0;0;0;0;1;1010;1;18130;11;40220;2;2000;8;24120
30.06.2021 03:00;0;0;0;0;1;320;23;12570;9;136040;0;0;0;0;0;0;0;0;0;0;0;0;1;1010;3;70530;18;65640;1;560;6;11360
30.06.2021 04:00;1;1000;0;0;5;32558;34;68374;12;182479;0;0;1;1000;0;0;0;0;0;0;0;0;0;0;5;82680;32;111230;11;31970;27;60850
30.06.2021 05:00;3;3000;3;2990;16;172280;177;519343;40;609900;0;0;3;2990;3;3000;0;0;0;0;0;0;0;0;17;312243;111;793169;47;395230;35;153680
30.06.2021 06:00;4;4000;3;3000;30;325773;372;991320;81;1057191;0;0;4;4053;4;4000;0;0;0;0;8;9955;7;7060;32;628313;189;1777590;91;1150479;69;494703
30.06.2021 07:00;7;7000;8;8000;76;486037;519;1550666;299;1902690;12;72200;7;7000;7;6980;0;0;0;0;41;56159;17;17800;74;915845;148;3108787;81;1917053;99;1330762
30.06.2021 08:00;8;8000;8;7970;88;784271;541;1680655;317;2246589;8;332424;8;7990;8;8000;0;0;0;0;21;29100;10;10160;68;1194766;175;3266070;94;1838546;110;1529911
30.06.2021 09:00;3;3000;3;2990;46;574651;467;1656401;261;1870512;11;12540;3;3000;3;3000;0;0;0;0;34;34270;10;10180;79;1061669;193;2885424;116;1875210;98;1065946
30.06.2021 10:00;3;2970;3;2990;59;873257;409;1663569;262;2122081;8;5190;3;3000;4;4000;0;0;0;0;32;33466;8;8110;78;1305773;146;2580891;112;1912021;105;940848
30.06.2021 11:00;5;5000;5;5000;78;728498;351;1762821;285;2076539;6;3000;5;4990;4;3980;0;0;0;0;32;37420;7;7090;106;1638490;150;2531426;103;1803776;116;1045398
30.06.2021 12:00;5;4990;5;5000;92;586239;396;1456236;275;2007921;6;47500;5;4980;5;4990;0;0;0;0;52;58955;20;22044;108;1696643;179;2524691;109;2260396;122;1165300
30.06.2021 13:00;8;7980;7;6980;87;711736;402;1820144;290;1853839;9;10080;8;7990;7;7000;0;0;0;0;59;63440;5;5060;104;1752452;152;2860347;92;1961394;101;1523700
30.06.2021 14:00;5;4990;7;7037;88;865867;422;1582948;255;2063003;7;3970;5;4990;7;6990;0;0;0;0;48;55760;16;16170;88;1539772;167;2686529;126;1846888;142;1161921
30.06.2021 15:00;4;3990;4;3280;84;684831;465;1570664;301;2229037;12;110917;4;4000;4;4000;0;0;0;0;42;47220;37;40020;95;1097604;183;2732222;159;2190617;147;1547626
30.06.2021 16:00;4;4000;4;4720;103;557588;523;1381383;259;2244545;6;64200;4;3990;4;3990;0;0;0;0;44;47650;13;13540;99;1595958;241;2567409;154;2324999;140;1678824
30.06.2021 17:00;4;3990;3;2980;117;678045;485;1693625;277;2409559;6;3510;4;3990;4;4000;0;0;0;0;64;73648;11;11110;106;1958660;242;2637428;93;2374970;142;1651100
30.06.2021 18:00;4;4000;5;5000;109;780495;448;1554490;256;2009136;5;2150;4;4000;4;4000;0;0;0;0;40;42010;19;19350;119;1283115;189;2447013;116;1968317;114;1594051
30.06.2021 19:00;5;5000;4;4000;72;702737;378;1166031;205;2068330;1;1430;5;4990;4;4000;0;0;0;0;49;55974;17;17520;72;1239680;215;1814680;122;1606827;136;1144615
30.06.2021 20:00;3;3000;3;2990;54;279151;286;1016653;131;994861;2;8970;3;3000;4;4000;0;0;0;0;36;42180;7;7070;71;865806;157;1525910;110;1199226;103;859438
30.06.2021 21:00;2;2000;3;3000;28;147140;228;1064286;89;810785;1;320;2;2000;2;1990;0;0;0;0;22;23575;2;2030;45;516422;120;1371235;92;787878;89;528935
30.06.2021 22:00;2;2000;2;2000;29;295875;171;787524;65;607692;2;910;2;2000;2;2000;0;0;0;0;9;9640;3;3020;49;586492;119;1071490;89;576875;72;531275
30.06.2021 23:00;2;2000;2;2000;15;189274;85;456690;55;445190;0;0;2;2000;2;1990;0;0;0;0;7;7240;2;2080;19;175369;70;514990;42;170610;60;304678
01.07.2021 00:00;2;2000;2;2000;7;60571;51;75620;19;146140;1;15440;2;1990;2;2000;0;0;0;0;3;5230;0;0;5;73020;36;174330;20;78120;21;93157
01.07.2021 01:00;0;0;1;1000;2;18820;19;41200;7;58260;0;0;0;0;1;1000;0;0;0;0;0;0;0;0;3;43070;16;83650;13;42920;12;47770
01.07.2021 02:00;0;0;0;0;2;21860;17;56910;11;127740;1;320;0;0;0;0;0;0;0;0;0;0;0;0;2;45870;13;51590;8;26990;10;47550
01.07.2021 03:00;0;0;0;0;1;16470;13;6870;3;45430;0;0;0;0;0;0;0;0;0;0;0;0;0;0;4;89150;12;43700;3;6140;4;18870
01.07.2021 04:00;1;1000;0;0;5;53210;33;48090;13;257845;0;0;1;1000;0;0;0;0;0;0;0;0;0;0;4;31310;25;114140;10;31815;17;56839
01.07.2021 05:00;3;3000;3;2990;10;122370;177;376230;31;580905;0;0;3;3000;3;3054;0;0;0;0;2;2100;1;1300;18;382711;107;863835;46;238488;29;134750
01.07.2021 06:00;4;4000;4;3990;19;183430;427;803806;91;1017370;2;53590;4;4000;4;4000;0;0;0;0;3;3020;4;4050;28;657665;219;1756613;98;1246804;69;456426
01.07.2021 07:00;7;6990;5;4970;69;743895;534;1733470;301;2397040;10;9030;7;7000;5;5000;0;0;0;0;35;36740;9;9100;68;962575;173;3129449;96;1993054;106;1324133
01.07.2021 08:00;8;7990;9;8990;73;711732;550;1703773;306;2330862;5;63980;8;8000;9;8990;0;0;0;0;24;24730;11;11310;71;1202472;157;3310820;85;1946556;116;1463108
01.07.2021 09:00;4;4000;3;3000;68;630949;434;1588286;283;2176357;8;55950;4;3990;4;4000;0;0;0;0;32;38060;16;16240;81;1475690;208;2723255;113;1734197;105;1194894
01.07.2021 10:00;4;3990;4;4000;64;625498;423;1593839;264;1910567;4;38380;4;4000;4;4000;0;0;0;0;36;40680;16;16550;92;1542932;175;2557257;95;1678207;102;898637
01.07.2021 11:00;4;4000;4;3990;85;794397;369;1562570;292;2072983;9;4340;4;4000;4;4000;0;0;0;0;45;48760;6;6120;110;1344917;153;2685759;112;1752660;120;1092866
01.07.2021 12:00;5;5000;6;6000;96;1015276;419;1698676;252;1994055;10;54837;5;5000;5;5000;0;0;0;0;46;51069;13;13190;108;1568688;170;2651357;118;1880253;128;1429950
01.07.2021 13:00;8;7990;7;6980;107;960055;427;1830295;310;2128324;8;52170;8;8000;7;7000;0;0;0;0;47;52090;19;19640;97;1538843;161;3016055;100;2246726;128;1341011
01.07.2021 14:00;5;4980;6;6000;97;872854;440;1600069;258;2029850;9;84676;5;4990;7;6990;0;0;0;0;53;61561;17;17520;101;1720406;155;2823846;109;2383548;132;1439178
01.07.2021 15:00;4;3990;5;4990;95;662566;467;1524042;315;2381087;7;5640;4;4000;4;4000;0;0;0;0;57;64972;15;15360;105;1385500;197;2835543;129;2432943;144;1508472
01.07.2021 16:00;4;3980;3;3000;126;810503;501;1811421;295;2471319;6;3490;4;4000;4;4000;0;0;0;0;48;57719;17;17600;122;1618615;225;2766139;131;2387564;140;1800375
01.07.2021 17:00;4;3990;4;3980;118;785518;447;1812639;306;2685576;5;60005;4;4000;3;2990;0;0;0;0;49;50440;16;16290;107;1638903;192;2852373;127;2461432;172;1890079
01.07.2021 18:00;4;4000;5;4990;94;705728;459;1689738;273;2379688;5;4020;4;3990;5;5000;0;0;0;0;38;39930;14;14130;104;1664493;240;2175748;135;2037763;133;1598936
01.07.2021 19:00;5;4990;3;3000;69;722928;369;1034373;183;1770611;2;1240;5;4990;4;3990;0;0;0;0;41;44380;11;11630;75;1074955;214;1443172;109;1562309;105;1266899
01.07.2021 20:00;3;2990;5;5000;41;300075;256;962514;130;1007951;1;460;3;3000;4;3990;0;0;0;0;22;22920;7;7070;60;823105;153;1281820;94;1039790;87;653967
01.07.2021 21:00;2;2000;2;1990;34;223940;227;1006169;116;797471;2;61883;2;2000;2;2000;0;0;0;0;22;22300;7;7050;49;596754;141;1292242;113;600398;68;373585
01.07.2021 22:00;2;2000;2;2000;29;179384;198;673489;93;668945;2;590;2;2000;2;2000;0;0;0;0;14;17530;1;1010;37;384756;140;1064843;96;379997;81;288643
01.07.2021 23:00;2;2000;2;2000;18;88390;105;581864;53;640499;1;32540;2;1990;2;2000;0;0;0;0;5;5290;3;3020;25;216133;87;593555;52;149230;51;150929
02.07.2021 00:00;2;1980;2;2000;15;91920;57;162710;40;385735;0;0;2;2000;2;2000;0;0;0;0;5;13710;1;1000;8;132330;52;199290;15;37170;24;54920
02.07.2021 01:00;0;0;1;1000;4;51590;27;68644;15;195384;0;0;0;0;1;1000;0;0;0;0;0;0;1;1020;7;165310;28;94655;9;18080;8;13040
02.07.2021 02:00;0;0;0;0;5;10320;30;32710;8;124020;0;0;0;0;0;0;0;0;0;0;0;0;0;0;3;73870;19;79754;7;13340;15;51484
02.07.2021 03:00;0;0;0;0;3;20485;16;32050;4;57505;0;0;0;0;0;0;0;0;0;0;0;0;0;0;5;72805;13;54130;1;2000;12;19540
02.07.2021 04:00;1;1000;0;0;5;49360;25;12160;13;231599;1;15170;1;1000;0;0;0;0;0;0;0;0;0;0;5;35760;22;74610;5;9150;22;57860
02.07.2021 05:00;3;3000;3;3000;12;48900;165;377503;28;463274;0;0;3;3000;3;3000;0;0;0;0;1;1010;2;2020;11;166347;119;709471;45;221615;29;93260
02.07.2021 06:00;4;3990;4;4000;20;261340;345;933151;93;1270828;1;390;4;4000;4;3990;0;0;0;0;6;7110;1;1020;31;596837;200;1655636;96;976741;68;576697
02.07.2021 07:00;7;7000;6;5990;62;636601;503;1433119;264;1950136;9;84077;7;6970;6;5970;0;0;0;0;60;85430;20;20220;68;993136;193;2751486;94;2005436;110;1160889
02.07.2021 08:00;8;8000;7;7000;76;871703;517;1509289;290;2049728;3;1560;8;7980;8;7990;0;0;0;0;34;35670;7;7170;73;1181518;190;2991444;93;2005788;114;1393049
02.07.2021 09:00;4;4000;5;5000;69;623454;456;1596500;274;2079515;7;40880;4;4000;4;3990;0;0;0;0;36;38820;16;16250;63;1007960;197;2559168;112;1637884;119;1357736
02.07.2021 10:00;4;4000;4;3990;71;623620;404;1626442;303;1996189;8;4990;5;5000;4;4000;0;0;0;0;42;45815;15;15990;80;1159390;134;2697732;109;1702814;141;1311172
02.07.2021 11:00;5;4990;5;5000;91;697051;424;1454385;310;2128508;6;38095;4;4000;5;5000;0;0;0;0;41;45270;19;19230;90;1425981;175;2690301;117;2094515;128;1193116
02.07.2021 12:00;5;5000;5;4210;115;957355;461;1549541;334;2575058;4;1690;5;4990;5;4990;0;0;0;0;40;43250;18;18160;107;1697243;219;2665442;123;1945506;131;1324844
02.07.2021 13:00;8;7990;7;7780;122;911395;497;1660957;353;2474847;8;5330;8;7990;8;7990;0;0;0;0;50;56920;48;51610;108;1515142;218;3028756;132;2057503;136;1490772
02.07.2021 14:00;5;5000;5;5000;88;952413;474;1397407;319;2651423;17;65636;5;4990;6;5970;0;0;0;0;44;50910;15;15185;94;1604001;235;2579396;108;2415533;138;1820705
02.07.2021 15:00;4;4000;4;4000;90;890082;492;1512510;309;2290316;5;1820;4;4000;3;3000;0;0;0;0;33;36550;13;13110;107;1524842;253;2403528;148;2216443;172;1537526
02.07.2021 16:00;4;4000;4;4000;82;665060;507;1591498;258;2533432;6;2860;4;4000;5;5000;0;0;0;0;43;60919;16;16130;94;1324575;238;2500244;144;2104909;139;1655484
02.07.2021 17:00;4;3990;5;5000;102;848756;467;1727604;283;2312149;5;2210;4;4000;4;3990;0;0;0;0;44;45570;10;10090;95;1590470;288;2633774;144;1973232;146;1725603
02.07.2021 18:00;4;3990;4;4000;94;1000970;470;1489917;279;2442405;9;3890;4;4000;4;4000;0;0;0;0;36;38297;12;12080;87;1472471;233;2406103;109;2259498;113;1465358
02.07.2021 19:00;5;4990;3;3000;77;648350;414;1305539;209;1839377;4;1770;5;4990;4;3990;0;0;0;0;41;45190;11;12030;71;1340355;251;1803397;111;1376677;120;1019628
02.07.2021 20:00;3;3000;4;4000;44;369090;289;1123854;159;1361496;1;390;3;3000;4;4000;0;0;0;0;61;82080;3;3030;61;763461;170;1569852;117;897994;88;620003
02.07.2021 21:00;2;2000;3;2990;40;185150;241;813366;163;1019092;1;390;2;2000;2;2000;0;0;0;0;35;41817;5;5030;51;547730;141;1274695;84;599823;93;591136
02.07.2021 22:00;2;2000;2;2000;31;218730;212;988770;113;822932;2;24900;2;2000;2;2000;0;0;0;0;28;30630;10;10670;42;469672;142;1185841;103;448130;111;479546
02.07.2021 23:00;1;1000;2;2000;22;160268;216;673760;96;725329;1;320;1;1000;2;2000;0;0;0;0;32;33840;4;4030;35;399147;145;1076018;111;411293;92;353418
03.07.2021 00:00;3;2990;2;2000;26;103595;136;456138;55;632242;2;2470;3;3000;2;2000;0;0;0;0;8;8100;7;7030;29;217500;114;589784;61;180233;49;162950
03.07.2021 01:00;0;0;1;990;16;83410;67;231355;29;385715;1;16010;0;0;1;1000;0;0;0;0;4;6200;6;6020;12;243508;56;221730;32;73620;27;93609
03.07.2021 02:00;0;0;0;0;18;86257;53;205884;30;484112;0;0;0;0;0;0;0;0;0;0;1;1010;3;3020;13;142030;46;189290;29;60810;18;48400
03.07.2021 03:00;0;0;0;0;6;4160;38;122477;11;124670;0;0;0;0;0;0;0;0;0;0;1;1000;1;1010;9;207480;37;145240;9;20760;13;42470
03.07.2021 04:00;1;1000;0;0;10;69630;41;116430;24;325465;3;30510;1;1000;0;0;0;0;0;0;1;1000;2;2020;7;114190;36;136020;12;23830;12;27540
03.07.2021 05:00;3;3000;3;2990;9;60770;71;175860;27;409495;1;15000;3;2990;3;2990;0;0;0;0;0;0;0;0;12;206260;57;243974;41;106205;25;89095
03.07.2021 06:00;4;3990;4;3990;10;50600;110;316580;30;418460;2;45610;4;4000;4;3980;0;0;0;0;1;1010;3;3030;9;164920;98;474585;46;212577;33;101830
03.07.2021 07:00;4;4000;4;3990;17;189650;137;419670;59;649716;1;260;4;4000;4;4000;0;0;0;0;3;4340;2;2030;21;300126;106;696692;64;354987;57;142175
03.07.2021 08:00;5;5000;4;4000;29;186560;256;868519;144;1212031;1;260;5;5000;4;4000;0;0;0;0;22;24140;5;5050;40;460925;141;1419336;90;577221;87;490010
03.07.2021 09:00;4;4000;4;3990;45;414760;342;1315955;223;1661270;3;1680;4;3990;4;4000;0;0;0;0;33;34750;4;4130;62;775135;147;2101455;95;1617035;128;1069308
03.07.2021 10:00;4;4000;4;4000;72;453527;365;1448432;254;1814444;5;2280;4;4000;4;4000;0;0;0;0;44;49020;7;7060;73;1059740;181;2367802;113;1733247;154;1398321
03.07.2021 11:00;4;3990;4;3990;60;558863;416;1526784;265;1892604;5;42570;4;4000;4;3990;0;0;0;0;36;39370;28;28325;71;1015847;179;2576451;116;1713583;125;1177291
03.07.2021 12:00;4;3990;4;3990;89;512575;313;1264318;269;1639735;4;2660;4;4000;4;4000;0;0;0;0;45;55280;12;12640;73;1201892;163;1949798;124;1710218;147;1297612
03.07.2021 13:00;4;4000;4;4000;84;555704;440;1502150;237;1418678;0;0;4;4000;4;3990;0;0;0;0;33;34560;10;10090;80;1333392;179;2579882;124;1589069;134;1516398
03.07.2021 14:00;4;4000;4;4000;75;640016;471;1627251;270;2019472;4;16390;4;3980;4;3990;0;0;0;0;43;57510;13;13166;84;1504796;166;2838901;115;1979638;120;1404824
03.07.2021 15:00;4;4000;4;4000;75;768462;403;1609934;218;1639476;2;2730;4;3990;4;3990;0;0;0;0;50;54515;11;11080;76;1215735;166;2393150;131;1755068;140;1565782
03.07.2021 16:00;4;3980;4;3990;57;621815;370;1280907;214;1565962;2;710;4;4000;4;4000;0;0;0;0;37;41040;11;11420;76;1298143;194;2224114;130;1418573;135;1200591
03.07.2021 17:00;4;4000;5;5000;68;572230;348;1564557;200;1523899;5;2090;4;3990;5;5000;0;0;0;0;39;45440;6;6240;97;1533671;168;2325758;120;1672752;141;1493753
03.07.2021 18:00;4;4000;4;3990;72;571163;400;1367345;173;1556354;1;2160;4;4000;4;4000;0;0;0;0;49;52430;10;10460;67;1159297;175;2230966;126;1370337;128;1094220
03.07.2021 19:00;4;4000;4;3990;72;489420;319;1159973;167;1265372;2;530;4;4000;4;4000;0;0;0;0;44;53309;13;13110;79;1187555;173;1839782;110;1299090;135;960230
03.07.2021 20:00;2;2000;2;2000;54;517183;333;1016529;164;1127024;3;1030;2;2000;2;2000;0;0;0;0;44;47068;18;19660;56;746231;171;1666044;112;1003994;120;872047
03.07.2021 21:00;2;2000;2;2000;32;144250;268;971904;117;806689;3;660;2;2000;2;1990;0;0;0;0;28;33370;2;2030;43;489857;156;1552546;104;699899;96;481508
03.07.2021 22:00;2;1990;2;1990;33;194540;272;1136975;144;1036431;3;34475;2;2000;2;2000;0;0;0;0;42;45040;8;8080;49;530993;143;1296294;95;395617;119;520895
03.07.2021 23:00;2;2000;2;2000;23;107720;243;815791;87;706401;0;0;2;2000;2;2000;0;0;0;0;12;13580;11;11590;35;252460;146;1345364;94;322265;74;269645
04.07.2021 00:00;2;1990;2;1990;26;124827;110;868660;50;498860;1;6840;2;2000;2;2000;0;0;0;0;4;4540;4;4060;27;225199;100;532132;56;152500;55;205440
04.07.2021 01:00;0;0;1;1000;13;97863;72;335901;29;384888;0;0;0;0;1;1000;0;0;0;0;3;3920;9;9080;14;247413;59;336741;35;79630;43;116060
04.07.2021 02:00;0;0;0;0;9;42100;48;65627;24;237887;1;330;0;0;0;0;0;0;0;0;1;1010;2;2010;14;131856;42;134545;22;49670;20;52100
04.07.2021 03:00;0;0;0;0;9;100920;37;154310;19;280678;0;0;0;0;0;0;0;0;0;0;5;6510;1;1020;8;125260;36;131660;12;29870;14;37660
04.07.2021 04:00;0;0;0;0;6;57980;26;55440;13;217230;0;0;0;0;0;0;0;0;0;0;0;0;0;0;8;99410;19;80920;12;22850;13;35110
04.07.2021 05:00;2;2000;1;1000;5;19440;35;91950;14;161504;0;0;2;2000;1;1000;0;0;0;0;2;2040;0;0;9;194690;31;112390;14;40720;11;29030
04.07.2021 06:00;2;2000;2;2000;4;24190;47;158330;16;370906;0;0;2;2000;2;2000;0;0;0;0;0;0;0;0;10;194824;42;107978;19;55270;14;51720
04.07.2021 07:00;2;2000;2;2000;8;43530;68;196083;34;456981;1;710;2;2000;2;2000;0;0;0;0;3;3450;2;2110;13;132808;61;252580;19;66800;17;46740
04.07.2021 08:00;2;2000;2;2000;11;59510;127;373433;65;750302;1;780;2;2000;2;1990;0;0;0;0;5;5110;2;2020;14;232360;90;476236;64;328724;49;233270
04.07.2021 09:00;2;1990;2;2000;24;141760;185;786148;118;993530;0;0;2;2000;2;1990;0;0;0;0;11;11360;8;8090;25;267280;125;1076887;73;564546;76;373005
04.07.2021 10:00;2;2000;2;2000;24;112320;247;769935;153;1293458;1;260;2;2000;2;2000;0;0;0;0;18;19330;1;1010;27;486367;153;1201607;112;840679;83;621079
04.07.2021 11:00;2;2000;2;2000;37;222460;298;889960;176;1395358;3;37170;2;1990;2;2000;0;0;0;0;21;23180;2;2020;57;745494;171;1492332;121;993749;120;703427
04.07.2021 12:00;3;3000;3;3000;33;216540;330;1043770;184;1428933;4;1500;3;3000;3;3000;0;0;0;0;22;24322;7;7080;46;556417;159;1701951;107;1086676;109;807982
04.07.2021 13:00;4;4000;4;3990;51;350850;350;1198701;200;1522665;2;580;4;4000;4;4000;0;0;0;0;19;22080;4;4030;58;738936;169;1873849;123;1134783;111;783567
04.07.2021 14:00;4;3990;4;3990;44;341261;428;1362136;183;1397063;0;0;4;4000;4;3990;0;0;0;0;10;10680;9;9090;60;828709;144;2449699;128;1428130;117;980490
04.07.2021 15:00;4;4000;4;3990;34;133525;373;1133808;150;1422733;3;1560;4;4000;4;4000;0;0;0;0;12;13200;8;27981;63;848659;178;1817202;127;1182851;117;817284
04.07.2021 16:00;4;4000;4;4000;34;257161;345;1136082;132;1219667;5;1760;4;4000;4;3990;0;0;0;0;17;18770;5;17864;47;701057;182;1772170;121;1131436;111;619880
04.07.2021 17:00;4;4000;4;4000;37;302580;321;1145518;169;1403784;1;710;4;4000;4;3990;0;0;0;0;26;26880;11;5613;62;908612;159;1820290;128;1058600;120;746160
04.07.2021 18:00;4;3990;4;4000;51;309212;346;1218851;161;1290850;0;0;4;4000;4;4000;0;0;0;0;22;23780;4;4260;66;854917;188;1779854;136;1250719;120;872360
04.07.2021 19:00;2;2000;2;2000;38;356790;316;957407;144;1299892;3;26490;2;2000;2;2000;0;0;0;0;27;29210;7;7180;47;688805;175;1472827;113;962889;99;632900
04.07.2021 20:00;2;2000;2;2000;26;217356;222;993823;128;1058864;4;32790;2;1990;2;2000;0;0;0;0;16;16910;5;5070;41;515812;144;1096800;104;737940;71;435420
04.07.2021 21:00;2;2000;2;2000;29;285410;191;758772;80;824694;3;1180;2;1990;2;2000;0;0;0;0;12;13110;3;3040;36;486051;139;1071165;75;484550;79;439175
04.07.2021 22:00;2;2000;2;2000;14;167420;127;614965;61;495104;0;0;2;2000;2;2000;0;0;0;0;15;18240;3;3050;32;387959;99;634406;70;207689;69;274979
04.07.2021 23:00;2;2000;2;2000;14;87200;63;279765;41;454005;0;0;2;2000;2;2000;0;0;0;0;6;6050;3;3060;17;196955;57;270200;31;63710;36;112115
05.07.2021 00:00;2;2000;2;2000;3;5120;34;29840;13;158650;0;0;2;1980;2;2000;0;0;0;0;0;0;0;0;9;161217;25;108210;19;27440;22;48526
05.07.2021 01:00;0;0;1;1000;0;0;16;18540;12;322010;1;16740;0;0;1;1000;0;0;0;0;2;2030;0;0;3;55840;15;60050;5;12480;9;25510
05.07.2021 02:00;0;0;0;0;1;1280;15;21270;6;97310;1;580;0;0;0;0;0;0;0;0;1;1270;0;0;5;96726;14;51660;4;10360;6;9410
05.07.2021 03:00;0;0;0;0;2;630;12;5780;6;144600;0;0;0;0;0;0;0;0;0;0;1;1000;0;0;1;15900;12;40690;4;5740;1;2080
05.07.2021 04:00;1;1000;0;0;5;69250;23;24330;13;131340;0;0;1;1000;0;0;0;0;0;0;0;0;0;0;6;52233;21;81300;12;25080;21;73256
05.07.2021 05:00;3;2980;3;3000;8;56440;159;417310;32;519241;2;850;3;3000;3;3000;0;0;0;0;0;0;1;1260;13;174579;126;760614;47;255720;31;117090
05.07.2021 06:00;4;4000;3;3000;28;458260;396;716698;100;1378096;1;320;4;3970;4;3990;0;0;0;0;2;2020;8;8270;35;709605;188;1767160;101;929795;65;454540
05.07.2021 07:00;7;6980;6;5990;73;827558;580;1602259;302;2344706;11;77210;7;6990;5;4980;0;0;0;0;37;42310;10;10680;79;1182032;245;2959917;71;2027923;99;1251593
05.07.2021 08:00;8;7990;8;7980;72;523440;578;1720412;298;2157793;9;4420;8;7990;8;7990;0;0;0;0;27;27805;3;3070;76;1307496;167;3322050;92;2208046;100;1608616
05.07.2021 09:00;3;3000;5;4990;57;848057;498;1645188;243;2032942;8;4280;4;4000;5;5000;0;0;0;0;33;35990;15;15610;72;1413794;179;2821239;99;1983250;114;1557737
05.07.2021 10:00;5;5000;3;3000;74;503471;409;1703907;246;1779144;8;43300;4;3990;4;3990;0;0;0;0;32;34066;7;7250;95;1197447;143;2636182;116;1621891;141;1277894
05.07.2021 11:00;5;5000;5;4990;80;682079;367;1646955;251;1984085;12;48740;5;4990;5;4990;0;0;0;0;46;54870;9;9150;89;1367888;168;2536516;110;1616882;136;1404767
05.07.2021 12:00;5;5000;6;5990;93;1132616;431;1813301;254;1727841;9;6490;5;5063;5;5000;0;0;0;0;37;43350;13;13267;79;1359251;122;2787916;121;2078137;129;1286656
05.07.2021 13:00;8;7990;7;7057;95;852855;410;1661126;273;1988353;7;27890;8;7990;7;6980;0;0;0;0;44;46770;17;17720;96;1568384;134;2793056;107;2256768;120;1321495
05.07.2021 14:00;5;4970;7;7000;65;919870;405;1555695;265;1905703;4;17940;5;4990;7;7000;0;0;0;0;45;51280;12;12490;80;1391744;149;2731041;112;2186821;125;1109665
05.07.2021 15:00;4;3980;4;3990;74;535974;460;1574703;303;2235217;6;3170;4;4000;4;4000;0;0;0;0;56;59951;21;21460;96;1458034;200;2608973;121;2321362;126;1643788
05.07.2021 16:00;4;3990;3;3000;97;765474;517;1589919;267;2244133;7;97500;4;4000;3;2990;0;0;0;0;59;63598;17;17710;99;1533844;213;2707749;138;2432048;144;1537580
05.07.2021 17:00;4;3990;5;5000;123;1172816;480;1797762;243;2232014;9;4150;4;3980;5;4990;0;0;0;0;56;63745;15;15180;109;1731557;232;2709886;140;2111602;125;1597627
05.07.2021 18:00;4;4000;3;3000;84;591731;467;1464345;249;1843535;5;101310;4;3990;4;3990;0;0;0;0;54;64211;8;8170;88;1338590;244;2374093;138;2139444;112;1266380
05.07.2021 19:00;5;5000;5;5000;70;753079;358;1122983;185;1847377;4;50340;5;4980;4;3990;0;0;0;0;47;53990;12;14280;69;1209567;198;1408670;120;1696569;114;993210
05.07.2021 20:00;3;3000;4;4000;45;400617;270;882680;150;1175510;3;1310;3;3000;4;4000;0;0;0;0;33;37090;12;12150;60;805068;145;1337851;104;835476;104;660312
05.07.2021 21:00;2;2000;2;2000;34;246620;224;706985;97;787879;3;2210;2;2000;2;2000;0;0;0;0;19;19660;7;8630;48;623150;148;1109991;81;616110;95;423680
05.07.2021 22:00;2;2000;2;2000;24;141750;189;766572;81;573411;0;0;2;2000;2;2000;0;0;0;0;16;17470;3;3010;37;339450;134;1007676;75;318745;78;338650
05.07.2021 23:00;2;2000;2;2000;15;56710;99;304844;45;565172;0;0;2;2000;2;2000;0;0;0;0;2;2120;6;6690;13;105704;83;474699;61;130915;31;96452
06.07.2021 00:00;2;1990;2;2000;10;61685;32;72882;20;395760;1;15790;2;2000;2;2000;0;0;0;0;1;1100;1;1010;6;47175;26;95370;20;38180;17;43820
06.07.2021 01:00;0;0;1;1000;0;0;28;70744;9;199430;0;0;0;0;1;1000;0;0;0;0;1;1000;2;2020;2;20520;21;76820;9;22570;14;39390
06.07.2021 02:00;0;0;0;0;2;2480;16;21290;3;69446;0;0;0;0;0;0;0;0;0;0;0;0;1;1020;1;2010;13;48330;7;12200;12;25420
06.07.2021 03:00;0;0;0;0;5;19560;15;8760;4;35980;0;0;0;0;0;0;0;0;0;0;0;0;0;0;0;0;11;42560;0;0;5;15800
06.07.2021 04:00;1;1000;0;0;5;54640;35;20520;14;220599;0;0;1;1000;0;0;0;0;0;0;0;0;0;0;4;56410;27;124130;15;33210;15;37830
06.07.2021 05:00;3;2990;2;2053;9;60560;173;376110;43;538598;2;2590;3;3000;3;3000;0;0;0;0;1;1000;1;1010;9;115470;126;695872;51;307480;33;133555
06.07.2021 06:00;4;4000;4;4000;28;235920;393;1050280;92;1105972;1;3910;4;3990;4;4000;0;0;0;0;9;9560;2;2030;37;407030;196;1945361;92;926189;70;475758
06.07.2021 07:00;7;7000;6;5990;63;544364;517;1675335;276;2344057;10;6810;7;7046;5;4980;0;0;0;0;31;47940;8;8120;61;1151420;155;3217379;108;1966715;127;1273396
06.07.2021 08:00;8;7990;8;7990;83;696488;540;1930962;323;2498831;12;50500;8;7990;9;9000;0;0;0;0;30;30540;11;11480;87;1426869;146;3409740;99;2049937;118;1692437
06.07.2021 09:00;4;4000;4;4000;48;373125;474;1737811;256;2038942;5;5580;4;3990;4;4000;0;0;0;0;44;46500;10;10090;81;1604821;183;2738125;100;1879713;111;1063320
06.07.2021 10:00;4;4000;4;4000;58;509408;384;1585753;255;1917464;5;4020;4;4000;4;4000;0;0;0;0;27;28310;8;8190;90;1157604;158;2480364;122;1669010;128;1122439
06.07.2021 11:00;4;4000;4;4000;87;653880;376;1905174;254;2054825;14;78700;4;4000;4;3990;0;0;0;0;31;34880;9;9120;108;1717072;148;2583580;116;1904599;117;1332994
06.07.2021 12:00;5;5000;5;5000;80;563235;423;1737778;235;1904012;6;2410;5;5000;5;5000;0;0;0;0;37;42080;14;14130;100;1560081;150;2547314;110;1933053;113;1544902
06.07.2021 13:00;8;8000;9;9000;98;866484;388;2021309;270;2185454;9;74318;8;8083;8;8000;0;0;0;0;92;103000;23;23739;91;1733534;105;2924453;99;2192785;101;1307645
06.07.2021 14:00;6;6000;6;5990;71;665280;421;1841298;291;2311134;3;44760;6;6000;6;5980;0;0;0;0;31;32490;10;10110;100;1536113;150;2887926;106;2409894;142;1327508
06.07.2021 15:00;4;4000;5;4990;88;649950;549;1731232;306;2639980;11;5660;4;4000;5;5000;0;0;0;0;45;48900;5;5060;87;1397642;202;2863014;101;2552118;144;1572799
06.07.2021 16:00;4;3990;4;4000;111;710925;524;1732229;283;2292230;6;3820;4;4000;4;3990;0;0;0;0;34;34570;16;16260;107;1597264;202;2957782;124;2590521;193;1816320
06.07.2021 17:00;4;4000;3;3000;111;1013307;484;1790157;293;2568531;3;1740;4;4000;4;3980;0;0;0;0;33;34280;21;21200;113;1781182;179;2729328;118;2304743;127;1906861
06.07.2021 18:00;4;4000;5;5000;100;731934;484;1487019;239;2216170;4;2020;4;4000;4;4000;0;0;0;0;50;53370;16;16140;102;1318873;200;2720099;120;2144581;133;1709671
06.07.2021 19:00;5;4980;4;3990;54;445950;342;1153785;179;1644606;1;390;5;5000;4;3990;0;0;0;0;40;45440;21;21550;70;1100107;191;1336024;128;1458312;128;1022814
06.07.2021 20:00;3;2990;4;4000;48;435532;249;1134977;146;975603;1;130;3;3000;4;3990;0;0;0;0;26;27770;8;9180;74;868494;134;1343872;100;958244;108;600487
06.07.2021 21:00;2;2000;2;1990;30;168020;209;804051;104;788706;0;0;2;2000;2;2000;0;0;0;0;21;23890;8;8360;49;585641;139;1271683;79;526939;77;458269
06.07.2021 22:00;2;1990;2;2000;23;94890;171;755824;88;839305;0;0;2;1990;2;2000;0;0;0;0;9;9450;2;2020;31;338980;131;916916;73;263440;65;240420
06.07.2021 23:00;2;2000;2;2000;15;73340;104;437660;59;614083;1;840;2;2000;2;2000;0;0;0;0;6;6690;2;2020;29;307154;81;404951;55;121242;39;116623
07.07.2021 00:00;2;2000;2;2000;13;73490;66;228330;48;429632;3;2390;2;2000;2;2000;0;0;0;0;2;2020;1;1010;12;108720;49;223060;53;154795;77;239890
07.07.2021 01:00;0;0;1;1000;3;48774;29;43305;14;259500;1;580;0;0;1;1000;0;0;0;0;2;2020;0;0;4;77320;19;65675;14;28340;25;63670
07.07.2021 02:00;0;0;0;0;2;20580;10;5860;1;35060;0;0;0;0;0;0;0;0;0;0;0;0;0;0;2;50171;9;32030;2;4070;7;13350
07.07.2021 03:00;0;0;0;0;0;0;18;59580;6;111693;0;0;0;0;0;0;0;0;0;0;0;0;0;0;3;65530;15;62850;3;7190;5;11314
07.07.2021 04:00;1;1000;0;0;4;7590;29;24630;11;186158;1;14460;1;990;0;0;0;0;0;0;0;0;1;1010;5;45920;23;83890;14;24728;20;40020
07.07.2021 05:00;3;2990;3;2990;12;133316;144;291530;40;529290;0;0;3;2990;3;3000;0;0;0;0;1;1010;0;0;13;148117;101;699959;48;228898;29;75550
07.07.2021 06:00;4;3990;3;2990;27;137650;381;826564;96;1267322;1;28650;4;4000;4;3990;0;0;0;0;6;6580;3;3030;35;349310;208;1581002;81;997369;62;432780
07.07.2021 07:00;6;6000;6;5990;70;829582;568;1604281;293;2028025;7;8790;7;7000;5;4980;0;0;0;0;40;58206;13;13150;67;1025215;174;3145157;100;1879898;91;1171352
07.07.2021 08:00;7;7000;9;9055;76;579333;574;1552478;284;2110284;6;42680;7;7000;9;8970;0;0;0;0;32;37690;6;6060;80;1370340;155;3121431;79;2000102;90;1723066
07.07.2021 09:00;5;5000;4;3990;69;661385;473;1558442;259;2221791;11;48470;5;4980;4;3990;0;0;0;0;42;46820;8;8100;68;1176640;194;2703193;95;2052663;107;1311131
07.07.2021 10:00;4;4000;3;3000;65;570369;414;1657199;263;2006457;8;4790;4;3970;4;3990;0;0;0;0;26;28630;10;10034;84;1221286;174;2608134;95;1885420;120;1037402
07.07.2021 11:00;3;3000;4;3990;75;881675;384;1611480;277;1812431;10;6720;4;4000;3;2980;0;0;0;0;48;61640;16;16560;92;1466997;140;2603596;126;1652702;114;1222544
07.07.2021 12:00;6;5990;5;4990;111;753620;372;1820175;265;1850976;8;6340;5;5000;6;5990;0;0;0;0;42;50710;7;7900;117;1593763;163;2637001;115;1944996;151;1060078
07.07.2021 13:00;7;6990;8;7980;86;876804;408;1720561;278;2169510;4;90370;7;7000;7;6990;0;0;0;0;65;84859;17;17480;101;1657670;154;2788873;103;2106510;123;1104887
07.07.2021 14:00;4;3990;6;6000;77;487079;429;1582821;282;2216908;6;4620;4;4000;6;5990;0;0;0;0;44;47200;13;13130;98;1346110;188;2555606;128;1881535;135;1344021
07.07.2021 15:00;5;4990;4;4000;85;513773;469;1537020;306;2160892;5;52600;5;5000;4;4000;0;0;0;0;49;56810;10;10090;97;1184544;204;2698013;132;2178262;147;1528132
07.07.2021 16:00;4;4000;3;3000;104;894576;556;1431319;278;2261620;8;4290;4;3990;4;4000;0;0;0;0;48;49580;10;10080;99;1232603;246;2709607;123;1911679;151;1468505
07.07.2021 17:00;4;4000;4;4000;103;648519;511;1693939;302;2527610;10;98580;4;3990;3;2990;0;0;0;0;57;69099;36;36175;107;1565180;289;2713585;130;2249615;139;1585708
07.07.2021 18:00;4;3990;5;4980;100;807946;444;1480188;292;1991122;5;2070;4;4000;5;5000;0;0;0;0;46;56130;15;15240;88;1500585;260;2193289;142;1943020;142;1436961
07.07.2021 19:00;5;4990;3;3000;54;552146;379;1062244;169;1431170;6;2540;5;5000;4;4000;0;0;0;0;38;41300;13;13210;73;1050948;198;1748206;122;1589865;116;1164258
07.07.2021 20:00;3;3000;5;4990;43;252570;250;1293519;139;1128935;1;720;3;3000;4;4000;0;0;0;0;33;39640;7;7040;59;818030;144;1513323;107;962711;118;726403
07.07.2021 21:00;2;2000;2;2000;30;175830;230;957207;103;702258;3;34390;2;2000;2;2000;0;0;0;0;24;26070;8;8160;39;517242;135;1242936;87;557908;76;527685
07.07.2021 22:00;2;2000;2;2000;26;111350;191;658350;93;829398;3;1630;2;2000;2;1990;0;0;0;0;12;13510;7;7010;29;314130;145;1013921;70;312540;85;264975
07.07.2021 23:00;2;2000;2;1990;15;57244;119;530375;63;392120;1;390;2;2000;2;2000;0;0;0;0;16;17580;3;3030;24;309705;109;600537;46;111730;53;155300
08.07.2021 00:00;2;2000;2;2000;9;27669;63;125880;32;436650;0;0;2;2000;2;2000;0;0;0;0;5;5790;1;1000;7;42991;58;262750;36;67120;25;109569
08.07.2021 01:00;0;0;1;1000;4;56055;25;12630;10;178355;0;0;0;0;1;1000;0;0;0;0;0;0;0;0;1;41620;20;63680;7;9020;15;44710
08.07.2021 02:00;0;0;0;0;1;160;18;19500;4;85230;0;0;0;0;0;0;0;0;0;0;1;1000;0;0;3;54855;16;51210;5;9130;6;21360
08.07.2021 03:00;0;0;0;0;1;480;14;34260;5;105320;0;0;0;0;0;0;0;0;0;0;0;0;0;0;2;78050;12;46023;2;2550;8;14460
08.07.2021 04:00;1;1000;0;0;5;22870;29;35540;12;170223;1;580;1;1000;0;0;0;0;0;0;0;0;1;1010;5;42375;26;86243;14;36260;14;28500
08.07.2021 05:00;3;3000;2;2000;6;16120;151;322840;31;568616;0;0;3;3000;3;3000;0;0;0;0;1;1000;0;0;11;157860;97;705620;45;287220;30;124670
08.07.2021 06:00;4;3990;5;5000;17;181510;389;730904;110;1291311;4;2120;4;4000;4;4000;0;0;0;0;9;9170;3;3020;21;244185;204;1658135;90;962664;61;290321
08.07.2021 07:00;7;7000;5;5000;76;876501;556;1696749;252;2052628;6;6590;7;7000;6;5990;0;0;0;0;39;43330;22;22180;75;1249777;212;3187676;82;1856340;98;1284766
08.07.2021 08:00;8;8053;9;8990;73;657030;564;1739397;307;2288137;9;59510;8;8000;8;8000;0;0;1;1080;34;37770;9;9210;70;1093958;158;3295656;82;2049275;106;1517044
08.07.2021 09:00;4;3970;3;2990;50;663651;447;1434512;281;2181609;16;115685;4;4000;4;4000;0;0;0;0;39;44546;13;13400;69;1293394;170;2666829;112;1699209;107;1041911
08.07.2021 10:00;4;3990;4;3990;72;538300;435;1576761;263;1963120;10;76240;4;3990;3;3000;0;0;0;0;37;40540;6;6060;91;1283039;175;2622420;113;1597765;115;1107251
08.07.2021 11:00;4;3990;4;3990;82;819181;416;1368982;253;1841538;2;780;4;4000;4;4000;0;0;0;0;28;31750;15;15180;95;1525760;170;2682926;115;2021426;125;1017233
08.07.2021 12:00;5;4980;5;4980;90;785087;393;1555131;280;2070451;5;99590;5;4990;5;5000;0;0;0;0;53;56640;19;19530;100;1543405;152;2717867;118;1888393;130;1235321
08.07.2021 13:00;8;7980;8;8000;114;661859;418;2066375;289;2090149;8;6040;8;8000;8;8000;0;0;0;0;52;64500;17;17670;107;1583890;138;2956158;115;2170630;112;1395714
08.07.2021 14:00;5;5000;6;5990;82;678555;418;1657153;244;1792282;5;1550;5;4990;7;6980;0;0;0;0;32;38720;14;14290;97;1649926;171;2672902;118;1883265;146;1647428
08.07.2021 15:00;3;3000;5;5000;104;849958;445;1595904;307;2526032;8;5390;3;3000;4;3990;0;0;0;0;52;65870;20;20037;107;1567063;198;2626857;145;2276992;168;1804840
08.07.2021 16:00;3;2990;1;1000;129;1025905;514;1605207;328;2672368;6;3900;3;2990;1;1000;0;0;0;0;46;54980;24;24410;102;1705173;229;2758288;137;2599840;195;1897615
08.07.2021 17:00;4;3980;6;5980;106;747503;541;1791971;307;2946853;11;64215;4;4000;6;5990;0;0;0;0;32;33250;16;16260;99;1873093;153;2978632;95;2745706;125;2371878
08.07.2021 18:00;4;4000;3;3000;106;917316;494;1842669;283;2522248;6;2210;4;4000;3;3000;0;0;0;0;41;43770;16;16120;112;1692722;211;2672241;131;2268050;134;1735809
08.07.2021 19:00;5;5000;5;5000;64;608011;390;1057520;194;1733048;1;460;5;4990;5;5000;0;0;0;0;27;29400;6;6190;85;1344008;210;1690961;116;1897755;131;1287533
08.07.2021 20:00;3;3000;4;4000;34;218130;235;1232790;141;1283989;0;0;3;2990;4;4000;0;0;0;0;30;32510;16;16130;50;787044;150;1347566;99;988931;96;832715
08.07.2021 21:00;2;2000;2;2000;32;201330;230;965436;113;972690;5;43980;2;2000;2;2000;0;0;0;0;23;24900;7;7040;48;675620;137;1288847;98;819910;74;397240
08.07.2021 22:00;2;2000;2;2000;19;45590;209;756122;106;944090;5;1750;2;2000;2;2000;0;0;0;0;13;13100;2;2010;48;423782;147;1068627;82;457145;90;462826
08.07.2021 23:00;2;2000;2;2000;22;109185;121;411460;52;687125;1;320;2;2000;2;2000;0;0;0;0;5;5340;5;5050;21;232532;94;545845;48;175080;48;135920
09.07.2021 00:00;2;2000;2;2000;10;64094;53;29650;16;210354;2;25324;2;2000;2;2000;0;0;0;0;3;3090;0;0;9;94180;38;192860;28;76714;18;47040
09.07.2021 01:00;0;0;1;1000;3;1440;20;10110;16;158990;0;0;0;0;1;1000;0;0;0;0;1;1010;0;0;3;64547;17;47630;7;50990;8;15500
09.07.2021 02:00;0;0;0;0;2;1450;16;39660;4;103260;0;0;0;0;0;0;0;0;0;0;0;0;0;0;3;46530;16;50600;4;3910;9;22390
09.07.2021 03:00;0;0;0;0;2;640;21;30160;5;67910;1;460;0;0;0;0;0;0;0;0;0;0;0;0;4;25670;19;65880;2;6630;3;8920
09.07.2021 04:00;1;1000;0;0;6;106470;24;51230;7;139295;0;0;1;1000;0;0;0;0;0;0;0;0;0;0;4;39575;25;159033;11;38008;22;98340
09.07.2021 05:00;3;3000;3;3000;8;27300;152;424000;34;424160;0;0;3;2990;3;2980;0;0;0;0;0;0;0;0;16;239137;100;815403;44;341306;39;186340
09.07.2021 06:00;4;4000;3;3000;23;295650;376;822833;91;1473223;1;320;4;4000;3;3000;0;0;0;0;8;8050;5;5840;23;321371;129;1691981;77;942144;62;409020
09.07.2021 07:00;7;6980;6;5980;71;763026;497;1892818;302;2500214;10;6560;7;6990;6;5990;0;0;0;0;22;29220;9;9100;65;1359458;99;3159911;73;1950668;88;1326807
09.07.2021 08:00;8;7980;9;9000;69;676548;481;1819109;324;2458246;9;81270;8;7980;9;8990;0;0;0;0;21;21760;13;13100;76;1139738;142;3144106;80;2296378;96;1531132
09.07.2021 09:00;4;3990;3;3000;51;327442;471;1760000;292;2396306;13;135826;4;4000;4;4000;0;0;0;0;31;32841;13;13240;73;1264925;168;2730596;98;1821949;105;1312924
09.07.2021 10:00;4;3990;4;4000;64;568319;449;1843079;274;2219577;7;2910;4;4000;4;3990;0;0;0;0;29;29641;12;12188;83;1374657;161;2705428;124;1305440;139;1321056
09.07.2021 11:00;4;4000;4;4000;84;673423;400;1663828;305;2322396;7;79690;4;3990;3;3000;0;0;0;0;27;27870;15;15830;97;1458809;149;2778902;113;1972787;130;1582270
09.07.2021 12:00;5;4990;6;5990;125;1091420;435;1667842;296;2823656;12;47340;5;5000;6;6000;0;0;0;0;36;39140;13;14010;102;1883481;183;2663522;110;2221864;137;1668414
09.07.2021 13:00;8;7980;7;7000;104;840785;466;1559866;306;2394335;9;73420;8;7980;8;7990;0;0;0;0;58;62590;31;31330;119;1577546;222;2747572;119;2183497;139;1295983
09.07.2021 14:00;5;4990;7;6990;103;673399;499;1679761;290;2493663;2;460;5;4990;6;6000;0;0;0;0;35;36800;12;12260;115;1687890;234;2806139;119;2144767;125;1756439
09.07.2021 15:00;4;4000;3;2990;97;934773;528;1630358;297;2555275;3;29760;4;4000;4;4000;0;0;0;0;38;42240;20;20254;104;1554737;230;2697228;124;2304879;127;1807809
09.07.2021 16:00;4;4000;5;4980;99;660674;513;1584669;292;2174293;10;53095;4;4000;4;4000;0;0;0;0;41;47650;10;10930;98;1287441;238;2598184;132;2142691;139;1398231
09.07.2021 17:00;4;4000;3;2990;93;707490;445;1788629;315;2653883;5;2610;4;4000;4;4000;0;0;0;0;40;46580;11;11560;113;1669613;197;2609338;145;2141103;144;1597167
09.07.2021 18:00;4;4000;4;3990;99;736789;506;1702555;262;2546110;6;2770;4;3980;4;4000;0;0;0;0;35;39170;9;9090;107;1535074;211;2589577;116;2107208;109;1939715
09.07.2021 19:00;5;4980;5;5000;55;400392;386;1250196;215;1925696;7;54342;5;5000;4;3990;0;0;0;0;26;30558;12;12186;83;1391708;217;1922180;135;1695522;120;1329267
09.07.2021 20:00;3;3000;4;4000;37;244660;267;1086445;196;1300346;3;1810;3;2990;4;4000;0;0;0;0;50;52920;9;9090;61;676023;148;1651448;119;1227664;126;869948
09.07.2021 21:00;2;1980;2;2000;41;187490;254;1009619;116;1010984;1;42530;2;1990;2;2000;0;0;0;0;40;41320;11;11160;51;587320;149;1508451;84;604401;100;574779
09.07.2021 22:00;2;1990;2;2000;33;185570;248;1131237;135;1213212;7;8630;2;2000;2;2000;0;0;0;0;51;58866;12;12110;45;341394;146;1537745;102;417784;96;422295
09.07.2021 23:00;2;2000;2;2000;20;189810;195;841748;76;775374;1;200;2;2000;2;2000;0;0;0;0;20;23930;8;8180;25;233913;142;1071935;91;252335;75;273947
10.07.2021 00:00;2;2000;2;2000;11;46700;91;305015;50;587534;0;0;2;2000;2;2000;0;0;0;0;15;16970;1;1000;19;244957;86;451468;49;114955;36;107579
10.07.2021 01:00;0;0;1;1000;8;66560;56;72081;24;334407;0;0;0;0;1;1000;0;0;0;0;3;3030;1;1000;6;65330;49;172037;28;86161;30;65080
10.07.2021 02:00;0;0;0;0;4;34940;51;88753;19;242290;1;900;0;0;0;0;0;0;0;0;1;1550;0;0;9;119240;34;145440;11;28650;24;58081
10.07.2021 03:00;0;0;0;0;6;47650;35;58660;15;264375;0;0;0;0;0;0;0;0;0;0;2;2010;5;5070;3;53030;25;93090;8;16160;18;40218
10.07.2021 04:00;1;990;0;0;7;64030;32;36130;12;243014;1;40380;1;1000;0;0;0;0;0;0;0;0;2;2010;14;190940;23;89500;4;14350;13;28120
10.07.2021 05:00;3;3000;3;3000;6;6240;52;143920;16;334621;0;0;3;3000;3;2990;0;0;0;0;0;0;0;0;7;121100;43;147020;20;70680;22;64640
10.07.2021 06:00;4;4000;4;3990;12;46640;93;361530;29;407766;0;0;4;4000;4;3990;0;0;0;0;3;3030;1;1010;9;67990;73;323270;46;236403;31;130601
10.07.2021 07:00;4;3990;4;4000;12;93580;136;480714;56;608461;2;1100;4;3990;4;4054;0;0;0;0;5;7940;1;1010;22;377881;107;622314;55;236386;59;251710
10.07.2021 08:00;5;5000;4;4000;30;271124;196;760452;127;1055355;3;1290;5;5000;4;4000;0;0;0;0;18;19170;3;3050;31;516385;138;1240725;80;628241;119;640249
10.07.2021 09:00;4;4000;4;3990;31;325891;360;1073059;196;1588977;6;2070;4;4058;4;4000;0;0;0;0;29;30290;6;6110;53;752894;186;1860224;109;1182749;128;844692
10.07.2021 10:00;4;3980;4;4000;50;446160;370;1522786;288;1962159;5;2600;4;4000;4;4000;0;0;0;0;42;46040;7;7140;62;916442;145;2534529;104;1820361;134;1411267
10.07.2021 11:00;4;3990;4;4000;59;371733;371;1389172;288;1860483;3;2980;4;4000;4;4000;0;0;0;0;35;36986;8;8100;81;1107033;170;2412071;121;1633572;113;1341670
10.07.2021 12:00;4;3990;4;3990;58;439228;382;1336467;270;1773910;8;57970;4;3990;4;4000;0;0;0;0;36;39170;17;17310;82;1141141;154;2385599;109;1695073;120;1299817
10.07.2021 13:00;6;5990;5;4990;75;543180;405;1456372;235;1821406;4;1560;6;5990;5;5000;0;0;0;0;37;39760;10;10150;73;1024076;155;2543788;118;1960591;130;1320895
10.07.2021 14:00;4;4000;5;5000;78;528806;450;1525295;244;1853943;7;4420;4;4000;5;5044;0;0;0;0;41;44170;10;10130;78;1331491;150;2700779;134;2224619;142;1591845
10.07.2021 15:00;4;3990;4;4000;61;413215;421;1308687;196;1610270;6;52860;4;3980;4;3990;0;0;0;0;38;41200;8;8080;91;1302083;158;2400820;133;1491187;146;1257232
10.07.2021 16:00;4;3990;4;3990;52;537680;383;1338369;209;1707204;6;35260;4;4000;4;3980;0;0;0;0;33;38155;11;11170;71;1033089;173;2158718;127;1571319;129;1195570
10.07.2021 17:00;4;3990;5;5000;91;774788;381;1532191;204;1464563;2;1230;4;4000;5;5000;0;0;0;0;35;39280;8;8130;78;1145415;160;2323673;105;1319688;124;1124158
10.07.2021 18:00;4;4000;4;4000;62;551223;366;1299456;181;1198340;3;1110;4;4000;4;4000;0;0;0;0;33;36350;15;15350;72;1190351;192;2105690;113;1455312;132;910669
10.07.2021 19:00;4;4000;4;3990;54;422186;337;1450448;176;1257906;2;590;4;4000;4;4000;0;0;0;0;39;44280;10;10160;66;1039608;170;2137659;111;1556582;125;1262117
10.07.2021 20:00;2;1990;2;1990;55;375360;235;984660;178;1209221;2;1560;2;2000;2;2000;0;0;0;0;38;46982;14;15070;68;928855;153;1222748;97;833428;103;794839
10.07.2021 21:00;2;2000;2;2000;43;179322;280;1024395;129;1158465;3;7620;2;2000;2;2000;0;0;0;0;27;28780;13;13340;48;482730;139;1423992;88;596333;99;660402
10.07.2021 22:00;2;2000;2;2000;49;300425;265;1048578;154;1345478;2;15410;2;2000;2;2000;0;0;0;0;19;22250;5;5060;54;567235;145;1462770;129;803424;121;715591
10.07.2021 23:00;2;2000;2;2000;31;232800;231;736756;74;765041;1;190;2;1990;2;2000;0;0;0;0;14;15300;2;2020;41;455981;125;1508848;88;903882;114;751299
11.07.2021 00:00;2;1990;2;1990;21;134150;111;527697;70;522594;0;0;2;1990;2;2000;0;0;0;0;7;8060;4;4100;25;265854;101;795314;89;512487;70;423340
11.07.2021 01:00;0;0;1;1000;12;175983;83;236320;36;461383;3;980;0;0;1;1000;0;0;0;0;3;3020;0;0;9;193970;58;293527;42;209870;52;224980
11.07.2021 02:00;0;0;0;0;13;22403;56;182410;17;285750;0;0;0;0;0;0;0;0;0;0;1;1070;1;1030;8;133150;45;311340;20;123717;29;145963
11.07.2021 03:00;0;0;0;0;10;89380;34;99040;15;240080;2;38870;0;0;0;0;0;0;0;0;0;0;1;1010;3;34180;28;130333;14;56280;13;51800
11.07.2021 04:00;0;0;0;0;1;21040;26;42570;15;233630;3;29970;0;0;0;0;0;0;0;0;1;1120;1;1010;3;56080;16;237580;11;27940;18;73603
11.07.2021 05:00;1;1000;1;1000;5;39930;28;29590;13;110935;0;0;1;1000;1;1000;0;0;0;0;0;0;2;2040;3;74080;23;80995;15;47000;19;91994
11.07.2021 06:00;3;3000;2;2000;5;26220;23;196400;17;105810;1;260;3;3000;2;2000;0;0;0;0;1;1000;1;1110;6;46867;18;44800;21;65920;21;69630
11.07.2021 07:00;2;2000;2;1990;5;65400;34;500860;25;353586;0;0;2;2000;2;2000;0;0;0;0;0;0;0;0;10;227343;24;95120;38;142606;39;142350
11.07.2021 08:00;2;1990;2;1990;5;20890;83;388465;56;814608;1;13880;2;2000;2;2000;0;0;0;0;5;5660;2;2060;13;203710;65;355048;48;343238;48;277068
11.07.2021 09:00;2;2000;2;2000;13;51250;114;459352;95;863160;0;0;2;1990;2;2000;0;0;0;0;10;12020;6;6070;19;260570;110;448726;69;556673;57;281370
11.07.2021 10:00;2;1990;2;2000;22;164500;180;622763;106;1002850;0;0;2;2000;2;2000;0;0;0;0;13;13690;0;0;23;274370;117;758190;116;1020855;108;603610
11.07.2021 11:00;2;2000;2;2000;23;222422;215;863814;137;933916;2;2140;2;2000;2;2000;0;0;0;0;18;20310;7;7090;23;308900;134;1028287;103;1152347;115;789050
11.07.2021 12:00;3;3000;3;3000;28;204562;259;1108810;153;1201243;2;2470;3;2990;3;3000;0;0;0;0;19;19980;1;1020;38;453280;158;1407068;122;1247811;119;732157
11.07.2021 13:00;4;3990;4;4000;32;236836;279;1084112;171;1314725;3;1490;4;4000;4;3990;0;0;0;0;32;34990;3;3050;35;365390;153;1529413;115;1226377;148;1106839
11.07.2021 14:00;4;4036;4;3990;36;283250;260;826590;179;1369991;1;130;4;4000;4;4000;0;0;0;0;29;31480;4;4060;36;429664;148;1319552;127;1512920;141;1217131
11.07.2021 15:00;4;4000;4;3990;49;412741;247;999446;176;1219502;4;1500;4;3990;4;4000;0;0;0;0;26;27529;7;7190;48;621765;157;1248289;135;1362480;130;1163759
11.07.2021 16:00;4;4000;4;4000;47;360104;287;1005543;186;1331595;1;590;4;4000;4;4000;0;0;0;0;27;34430;8;8320;35;398727;156;1623699;135;1308224;137;1002818
11.07.2021 17:00;4;3990;4;3990;49;444326;345;934286;196;1576254;2;26020;4;3980;4;4000;0;0;0;0;18;19420;17;17406;35;537244;174;1794118;140;1294438;136;995474
11.07.2021 18:00;4;4000;4;4000;44;419320;393;1285345;179;1379992;3;31900;4;4000;4;4000;0;0;0;0;22;23670;4;4050;49;711574;205;1986301;126;1323405;129;919282
11.07.2021 19:00;2;2000;2;2000;42;223600;320;1041145;169;1121310;0;0;2;1980;2;2000;0;0;0;0;23;25020;8;8100;46;640215;175;1539632;130;1197897;116;681326
11.07.2021 20:00;2;2000;2;2000;47;184138;318;1245024;152;1095301;0;0;2;2000;2;2000;0;0;0;0;18;19751;13;13310;64;691583;182;1620281;100;853584;95;563948
11.07.2021 21:00;2;2000;2;2000;25;84880;173;619520;100;850582;1;320;2;2000;2;2000;0;0;0;0;6;6150;11;11140;39;459378;134;947644;79;484470;73;394938
11.07.2021 22:00;2;2000;2;2000;20;219060;116;500097;50;601374;0;0;2;1990;2;2000;0;0;0;0;9;10540;3;3030;23;302940;102;537100;70;240711;54;182870
11.07.2021 23:00;2;1990;2;2000;13;71570;61;337300;30;215081;0;0;2;2000;2;2000;0;0;0;0;1;1010;1;1020;13;154535;47;220570;39;78640;40;104910
12.07.2021 00:00;2;2000;2;2000;21;180760;163;543052;90;612850;3;2540;2;2000;2;2000;0;0;0;0;16;17210;2;2040;8;61070;120;732414;98;270880;119;457180
12.07.2021 01:00;0;0;1;1000;4;5040;63;140397;32;302165;1;1610;0;0;1;1000;0;0;0;0;6;9770;0;0;6;57390;44;210960;61;140490;94;297590
12.07.2021 02:00;0;0;0;0;5;54460;26;99923;5;100570;0;0;0;0;0;0;0;0;0;0;1;1010;0;0;2;48660;21;77810;28;100540;49;122413
12.07.2021 03:00;0;0;0;0;2;22870;22;12660;9;166040;1;14180;0;0;0;0;0;0;0;0;0;0;0;0;2;17420;16;60670;5;10380;11;26810
12.07.2021 04:00;1;1000;0;0;6;105120;40;43430;13;175720;1;14890;1;1000;0;0;0;0;0;0;1;1000;0;0;7;45400;32;130840;10;20950;20;36890
12.07.2021 05:00;3;3000;3;3000;7;105652;169;261081;48;642943;1;390;3;3000;3;3000;0;0;0;0;0;0;2;2040;13;235200;116;819349;40;223235;31;131080
12.07.2021 06:00;4;3990;4;4000;27;293727;394;1039474;104;1156574;1;260;4;4000;4;3990;0;0;0;0;7;7040;1;1020;31;544700;188;1924336;100;1182532;65;501594
12.07.2021 07:00;7;7000;5;5000;78;1012079;564;1500009;252;2112016;14;57680;7;6990;5;5000;0;0;0;0;33;36000;7;7070;72;1464488;152;3105706;89;1993855;97;1347417
12.07.2021 08:00;8;7990;8;8000;64;590230;578;1851286;285;2141075;8;4560;8;8000;8;7990;0;0;0;0;34;37460;7;8110;81;1359430;190;3338247;98;1713906;107;1554334
12.07.2021 09:00;5;4980;4;4000;70;549786;412;1612502;290;2054688;6;4220;5;5000;5;4990;0;0;0;0;30;33860;17;17240;79;1363946;154;2601090;103;1646903;119;1480045
12.07.2021 10:00;5;4980;6;5980;57;457760;354;1602308;281;1869900;6;5340;5;4990;6;6000;0;0;0;0;40;49637;8;8170;91;1388352;148;2523064;102;2041002;123;1357767
12.07.2021 11:00;5;5000;5;4990;68;556208;362;1653879;250;1904897;5;7980;5;5000;5;5000;0;0;0;0;34;36570;9;9310;91;1491542;169;2431586;117;1952236;122;1013556
12.07.2021 12:00;5;4990;5;5000;86;851663;388;1867991;258;1881280;10;45095;5;4990;5;4990;0;0;0;0;42;45895;13;13710;88;1255510;141;2640655;109;1724873;115;1176222
12.07.2021 13:00;8;7990;8;7990;85;565759;408;1769591;289;2319868;8;4670;8;7990;8;7980;0;0;0;0;59;65561;19;19930;97;1362855;140;2788475;114;2118981;113;1506585
12.07.2021 14:00;5;5000;7;6990;82;797402;441;1555011;255;2073798;5;4225;5;4990;6;6000;0;0;0;0;35;36980;10;10720;87;1961942;169;2700681;114;2089954;157;1324079
12.07.2021 15:00;4;4000;3;2990;108;728629;404;1395353;306;2339902;11;54500;4;4000;4;4000;0;0;0;0;50;56748;12;12140;96;1711926;203;2334646;138;2380887;161;1601190
12.07.2021 16:00;4;3990;5;4990;89;746316;492;1679709;291;2431479;8;4290;4;4000;4;3990;0;0;0;0;51;55289;29;29770;91;1290315;203;2696064;142;2348700;166;1616884
12.07.2021 17:00;4;4000;3;2980;113;1031162;512;1550454;273;2414179;10;8020;4;4000;3;3000;0;0;0;0;52;60510;13;13380;104;1701602;211;2787006;121;2261965;146;1740691
12.07.2021 18:00;4;4000;4;4000;96;789272;443;1381738;241;2163556;1;2220;4;4000;5;5000;0;0;0;0;39;42160;17;17600;99;1513885;241;2150989;117;1812265;123;1515314
12.07.2021 19:00;5;5000;5;5000;64;489728;347;1223001;189;1492605;2;460;5;5000;4;4000;0;0;0;0;36;47280;12;12130;79;1077426;195;1732664;102;1440860;120;1165546
12.07.2021 20:00;3;3000;4;3990;36;349351;237;1075670;155;1157985;4;3950;3;3000;4;4000;0;0;0;0;25;26480;4;4050;56;831080;156;1264418;114;938680;98;656735
12.07.2021 21:00;2;2000;2;2000;23;165020;195;735554;109;802927;0;0;2;2000;2;2000;0;0;0;0;21;22035;5;5180;49;541963;143;1183807;93;539265;71;397075
12.07.2021 22:00;2;2000;2;2000;23;95840;192;714048;103;883193;2;910;2;2000;2;2000;0;0;0;0;12;14210;5;5050;47;469865;114;891043;99;341017;81;248510
12.07.2021 23:00;2;2000;2;2000;16;81150;110;437400;50;714670;1;920;2;2000;2;2000;0;0;0;0;6;6860;2;2030;17;114640;82;671067;61;200170;62;297112
13.07.2021 00:00;2;2000;2;2000;7;50330;33;230310;25;298490;0;0;2;2000;2;2000;0;0;0;0;0;0;1;1010;9;175824;34;180778;19;85840;24;120775
13.07.2021 01:00;0;0;1;1000;3;2720;21;11310;9;108920;0;0;0;0;1;1000;0;0;0;0;1;1010;1;1010;7;69780;15;62160;5;16320;12;51380
13.07.2021 02:00;0;0;0;0;1;560;9;6180;6;102670;0;0;0;0;0;0;0;0;0;0;0;0;0;0;3;15020;7;37550;7;18840;8;39190
13.07.2021 03:00;0;0;0;0;2;22170;17;9615;4;86270;0;0;0;0;0;0;0;0;0;0;0;0;0;0;2;36520;14;64380;2;5650;5;21110
13.07.2021 04:00;1;1000;0;0;2;42250;23;47550;12;228452;1;260;1;1000;0;0;0;0;0;0;0;0;0;0;7;143518;20;94820;10;32740;13;58610
13.07.2021 05:00;3;3000;3;2990;9;40720;174;420820;33;509014;1;320;3;3000;3;3000;0;0;0;0;0;0;1;1010;12;139389;93;968309;42;254753;39;217147
13.07.2021 06:00;4;3990;4;3990;23;279565;444;902181;102;1336162;2;1170;4;4000;4;3990;0;0;0;0;6;6050;3;3050;28;561409;163;1957330;95;1052556;62;455316
13.07.2021 07:00;7;6990;5;5000;66;863303;561;1566139;251;2226545;9;7810;8;8000;5;5000;0;0;0;0;20;30370;6;6070;62;1273402;144;3134590;91;1692180;109;1257338
13.07.2021 08:00;8;7980;8;7990;86;697831;576;1827519;322;2478715;13;66060;7;6990;9;9000;0;0;0;0;36;37910;9;9170;83;1244528;137;3394481;89;2195506;99;1695945
13.07.2021 09:00;5;4990;5;4990;60;752387;468;1581110;312;2397869;5;1950;5;5000;4;4000;0;0;0;0;31;35040;13;13170;79;1500516;141;2956167;91;2110245;102;1420273
13.07.2021 10:00;6;6000;5;5000;68;724494;404;1680981;229;1955933;8;4470;6;5990;5;5000;0;0;0;0;35;37290;10;10130;72;1184995;155;2613008;121;1839119;114;1015078
13.07.2021 11:00;4;4000;5;5000;87;807760;417;1880218;274;1944150;9;81020;4;3990;6;5980;0;0;0;0;39;43100;10;10130;98;1609061;167;2669889;110;1774034;120;1334623
13.07.2021 12:00;6;5990;6;5980;102;900082;427;1905093;310;2200912;9;72098;6;5990;5;4990;0;0;0;0;49;51638;18;19130;110;1791202;161;2916958;133;1996002;126;1622096
13.07.2021 13:00;8;7970;9;8990;101;854112;427;1763735;297;2315593;6;53163;8;7970;9;8980;0;0;0;0;30;32340;17;17240;121;1461535;151;2922497;107;2127030;114;1421354
13.07.2021 14:00;5;4990;5;5000;85;712880;405;1861837;275;2023138;1;320;5;4990;6;6000;0;0;0;0;23;24078;9;9850;80;1174373;160;2656467;141;2356343;131;1308443
13.07.2021 15:00;3;3000;4;4000;91;895360;493;1677920;265;2266299;7;9730;3;2990;3;2980;0;0;0;0;36;38060;13;14080;98;1666470;203;2623550;102;2611725;134;1441359
13.07.2021 16:00;4;3990;4;4000;117;1169465;526;1645360;257;2268450;8;70740;4;4000;4;4000;0;0;0;0;58;61520;17;17170;121;1505097;231;2846197;130;2320815;142;1744357
13.07.2021 17:00;4;3990;3;3000;111;894748;460;1839318;269;2343420;9;3120;4;3990;4;4000;0;0;0;0;45;49270;17;17190;110;1536126;183;2643187;124;2247707;171;1887484
13.07.2021 18:00;4;3990;5;5000;96;791667;472;1467451;281;2292859;9;146366;4;4000;4;4000;0;0;0;0;40;45920;16;16190;98;1427982;231;2293404;126;1991847;132;1494850
13.07.2021 19:00;5;4990;3;3000;63;556640;352;1143180;194;1565185;3;2390;5;4990;4;3990;0;0;0;0;51;55310;15;15270;83;1076057;224;1467522;127;1534940;106;1113312
13.07.2021 20:00;3;3000;5;4990;52;430465;251;1106182;145;1133903;3;2140;3;3000;4;4000;0;0;0;0;27;28370;4;4040;55;725363;161;1304780;109;898072;107;588111
13.07.2021 21:00;2;2000;2;2000;37;203410;215;861240;128;928830;1;390;2;2000;2;1990;0;0;0;0;33;36030;6;6180;52;545430;147;1210027;112;721065;88;421909
13.07.2021 22:00;2;2000;2;2000;23;123840;184;775808;101;825390;0;0;2;2000;2;2000;0;0;0;0;14;16400;7;7140;48;480410;110;834977;102;416783;84;354009
13.07.2021 23:00;2;2000;2;2000;9;63107;110;436590;33;394315;0;0;2;2000;2;2000;0;0;0;0;8;10530;3;3030;16;207045;76;510030;43;124689;52;120039
14.07.2021 00:00;2;2000;2;2000;4;23050;40;159350;20;306255;1;20100;2;2000;2;2000;0;0;0;0;2;2020;0;0;11;165510;35;156050;17;34990;17;45400
14.07.2021 01:00;0;0;1;1000;2;43810;17;31730;17;280635;0;0;0;0;1;990;0;0;0;0;0;0;0;0;3;82568;15;54067;7;13790;13;37640
14.07.2021 02:00;0;0;0;0;1;240;16;7230;5;71220;0;0;0;0;0;0;0;0;0;0;0;0;0;0;1;39720;13;40840;6;10210;9;15890
14.07.2021 03:00;0;0;0;0;4;108470;16;31725;5;85713;1;16543;0;0;0;0;0;0;0;0;0;0;0;0;2;2240;12;41510;1;3290;8;15470
14.07.2021 04:00;1;990;0;0;5;30680;32;35360;11;194860;0;0;1;1000;0;0;0;0;0;0;0;0;1;1010;5;77750;27;95110;14;35100;21;54160
14.07.2021 05:00;3;3000;3;3000;11;77700;163;425867;40;474404;1;330;3;3053;3;3000;0;0;0;0;0;0;1;1010;17;152285;129;799464;54;250475;32;115540
14.07.2021 06:00;4;3980;3;2990;25;233519;387;720776;102;1520117;0;0;4;3990;4;3990;0;0;0;0;7;8094;3;3030;31;600850;179;1652225;91;1039520;60;409505
14.07.2021 07:00;7;6990;6;6000;64;546933;571;1370414;256;2302142;9;37064;7;6990;6;6000;0;0;0;0;31;32758;5;5080;60;1011943;186;3056097;89;1936244;105;1205255
14.07.2021 08:00;7;6980;9;8990;73;656140;513;1684356;301;2356046;8;5980;8;8000;8;7990;0;0;0;0;45;57349;9;9240;71;1208399;203;3060150;74;2137156;100;1621169
14.07.2021 09:00;4;4000;3;3000;70;626944;449;1388481;267;2113722;4;43197;4;3450;4;4000;0;0;0;0;41;46440;10;10530;77;1059426;176;2760809;111;1744649;104;1392093
14.07.2021 10:00;4;3990;4;3990;56;596550;402;1439310;259;2002085;6;38870;4;4540;4;4000;0;0;0;0;36;39313;10;10220;77;1219121;134;2642588;113;1840202;128;1475487
14.07.2021 11:00;5;5000;5;4990;70;565397;403;1650784;265;1919064;10;77850;4;4061;4;4000;0;0;0;0;43;52710;11;11200;87;1415274;145;2731847;122;1574684;127;1427493
14.07.2021 12:00;4;3990;5;4990;90;718300;399;1701520;306;2393781;10;100440;4;4000;5;5000;0;0;0;0;36;38780;5;5060;98;1562131;163;2644415;106;1856415;128;1413032
14.07.2021 13:00;7;6990;7;7000;92;880045;428;1854782;273;2332416;10;52270;8;7990;7;6980;0;0;0;0;40;41460;23;25940;107;1592426;119;3031110;111;2217227;131;1561848
14.07.2021 14:00;7;6990;6;5990;77;635690;409;1870011;304;2254614;6;4940;6;6000;7;6980;0;0;0;0;36;39720;8;8730;88;1394161;129;2866382;123;2388213;142;1548139
14.07.2021 15:00;4;3990;4;3990;101;815388;461;1613731;266;2318129;7;44460;4;4000;4;3990;0;0;0;0;35;45608;14;14330;99;1366636;163;2693836;124;2254938;151;1358603
14.07.2021 16:00;4;3990;5;5000;91;969029;487;1222282;248;2150525;2;67953;4;4000;4;4000;0;0;0;0;38;41460;8;8060;94;1238067;246;2476601;157;2143713;162;1914030
14.07.2021 17:00;4;3990;4;4000;97;638280;500;1730011;273;2370879;3;2520;4;3990;4;4000;0;0;0;0;54;65899;9;9290;109;1393345;191;2832834;149;2062288;175;1608842
14.07.2021 18:00;4;3990;4;4000;118;902402;432;1592271;247;2122868;4;64050;4;4000;4;3990;0;0;0;0;44;54330;13;13120;96;1766634;225;2234716;120;2143199;137;1618538
14.07.2021 19:00;5;5000;3;2990;70;619965;370;899723;197;1942196;4;57540;5;5000;4;4000;0;0;0;0;27;29900;16;16230;78;1192268;232;1359944;117;1391603;118;1057199
14.07.2021 20:00;3;3000;5;5000;41;254530;252;1069203;132;1054832;0;0;3;2990;4;4000;0;0;0;0;26;27728;12;12120;65;708900;153;1616079;108;995828;93;590248
14.07.2021 21:00;2;2000;2;2000;26;184126;238;820481;109;815809;0;0;2;2000;2;2000;0;0;0;0;24;29830;2;2010;46;520228;151;1154305;96;679074;89;655075
14.07.2021 22:00;2;2000;2;2000;25;142501;207;811321;91;783367;1;28270;2;2000;2;2000;0;0;0;0;18;19450;2;2270;43;413001;126;1076260;80;313260;87;341750
14.07.2021 23:00;2;2000;2;2000;12;48110;115;370220;50;479475;2;580;2;2000;2;2000;0;0;0;0;6;6470;3;3010;24;190456;89;616645;58;154274;39;130650
15.07.2021 00:00;2;2000;2;2000;4;6950;33;82190;17;326720;0;0;2;2000;2;1990;0;0;0;0;2;2000;0;0;9;151426;29;129700;19;40310;17;29950
15.07.2021 01:00;0;0;1;1000;4;41860;24;37550;16;305861;0;0;0;0;1;1000;0;0;0;0;0;0;1;1010;2;17480;17;71340;11;18130;16;33010
15.07.2021 02:00;0;0;0;0;5;45190;16;33800;9;207960;1;1490;0;0;0;0;0;0;0;0;0;0;0;0;4;53160;16;51810;4;13500;10;18700
15.07.2021 03:00;0;0;0;0;2;16550;20;11050;5;124350;0;0;0;0;0;0;0;0;0;0;0;0;0;0;2;53580;16;65100;2;3380;1;1670
15.07.2021 04:00;1;1000;0;0;1;1360;31;69120;11;147115;0;0;1;990;0;0;0;0;0;0;0;0;1;1020;9;96810;26;100380;12;21690;18;36380
15.07.2021 05:00;3;3000;3;2980;12;64690;135;355371;36;500778;1;320;3;3000;3;3000;0;0;0;0;0;0;3;3040;12;156278;101;658529;42;170913;27;68821
15.07.2021 06:00;4;3990;4;4000;23;315839;403;1035230;102;1180830;0;0;4;4000;4;3990;0;0;0;0;4;4500;1;1020;28;495902;237;1887502;106;859906;55;442982
15.07.2021 07:00;6;6000;4;4000;69;818887;539;1544756;236;2093160;11;53809;6;6000;4;4000;0;0;1;1300;30;32700;7;7470;60;1110215;188;3100879;97;1752523;101;1347701
15.07.2021 08:00;7;7000;8;8000;73;582555;525;1515842;294;2173355;5;2080;7;6990;8;8000;0;0;1;1240;36;42400;14;14140;85;1274619;145;3205189;97;2007900;103;1444099
15.07.2021 09:00;4;4000;3;3000;64;474133;432;1400661;247;1973331;9;44977;4;4000;4;3990;0;0;0;0;32;35070;12;12180;77;1355851;188;2631241;90;1747285;112;1335017
15.07.2021 10:00;5;4990;5;4990;59;422782;396;1576272;253;1852462;8;49555;6;6000;4;3990;0;0;0;0;37;41860;9;9140;72;1064895;157;2579410;123;2019510;125;1345323
15.07.2021 11:00;5;4990;5;5000;74;667769;383;1444766;285;2070847;11;4950;4;4000;5;5000;0;0;0;0;36;40260;7;7070;98;1632765;159;2380582;113;1737645;137;1259481
15.07.2021 12:00;5;4990;6;6000;87;838083;397;1515954;271;1904698;4;4220;5;4990;6;6000;0;0;0;0;40;43080;12;12150;97;1344793;160;2606395;116;1937209;132;1439577
15.07.2021 13:00;8;7990;8;8000;97;725522;398;1890280;273;2056333;6;3830;8;8000;8;7990;0;0;0;0;45;48173;21;21900;103;1416481;131;2888483;125;2032691;115;1432156
15.07.2021 14:00;5;5000;6;5990;104;952988;415;1913602;267;2026736;8;70680;5;4990;6;6000;0;0;1;1170;61;63940;17;17370;89;1551739;153;2779545;117;2062451;128;1810816
15.07.2021 15:00;4;3990;4;4000;89;620390;466;1660331;310;2503289;10;65100;4;4000;4;4000;0;0;0;0;70;76900;8;8070;92;1517425;195;2650892;122;2341474;145;1778090
15.07.2021 16:00;4;3990;3;3000;113;941082;495;1535110;287;2491679;3;1110;4;3990;3;3000;0;0;0;0;47;53400;12;12120;92;1437550;221;2473523;143;2322608;170;1735913
15.07.2021 17:00;4;3990;5;4990;143;701258;510;1682970;305;2552898;7;3450;4;4000;5;5000;0;0;0;0;70;80500;22;23400;114;1810829;209;2924061;132;2314027;129;1948575
15.07.2021 18:00;3;3000;3;3000;109;938379;430;1606783;269;2046755;3;1360;3;2980;5;4970;0;0;0;0;40;42390;26;26276;98;1479954;223;2409849;143;2117296;141;1694438
15.07.2021 19:00;5;5000;5;4990;62;567877;374;1289788;208;1862053;2;790;5;4990;4;4000;0;0;0;0;35;40177;9;9100;67;1151366;214;1845535;115;1728300;127;967451
15.07.2021 20:00;3;2990;3;3000;32;253280;268;913682;154;1206004;2;3750;3;3000;4;3980;0;0;0;0;25;25330;3;3040;45;615699;153;1398442;113;908823;105;582213
15.07.2021 21:00;2;2000;3;2990;30;177220;236;831475;108;1038015;0;0;2;2000;2;2000;0;0;0;0;19;20200;1;1010;39;487186;143;1154502;98;579923;96;560690
15.07.2021 22:00;2;2000;2;1990;24;138260;209;903113;108;912146;3;910;2;2000;2;2000;0;0;0;0;16;20620;3;3030;57;414818;132;949437;87;329525;83;279810
15.07.2021 23:00;2;2000;2;2000;16;100790;125;406331;46;386329;0;0;2;2000;2;2000;0;0;0;0;6;6470;4;4040;23;300130;95;600777;48;158680;42;114880
16.07.2021 00:00;2;2000;2;2000;11;50410;60;155600;29;416611;2;1630;2;2000;2;1990;0;0;0;0;4;4340;1;1000;10;144142;48;193600;26;75950;22;61540
16.07.2021 01:00;0;0;1;1000;4;17640;24;39280;15;139010;0;0;0;0;1;1000;0;0;0;0;2;2940;1;1020;4;46900;22;83530;12;16260;13;27330
16.07.2021 02:00;0;0;0;0;9;95355;19;63690;6;117430;1;460;0;0;0;0;0;0;0;0;2;2020;0;0;5;41140;18;68750;5;5820;12;24459
16.07.2021 03:00;0;0;0;0;2;2560;21;54270;3;48300;1;580;0;0;0;0;0;0;0;0;0;0;1;1010;0;0;18;71250;6;9280;8;18893
16.07.2021 04:00;1;1000;0;0;5;30012;32;602471;7;139323;0;0;1;1000;0;0;0;0;0;0;0;0;0;0;6;72605;26;106210;17;63070;18;32570
16.07.2021 05:00;3;3000;3;3000;8;39710;147;225874;34;443496;0;0;3;3000;3;3000;0;0;0;0;1;1000;1;1020;10;87210;106;672032;41;129160;32;73930
16.07.2021 06:00;4;4000;4;4000;24;237414;335;956338;105;1427899;3;1690;4;4000;4;3980;0;0;0;0;4;5170;2;2040;32;650684;191;1666610;89;757118;55;358994
16.07.2021 07:00;6;5990;4;4000;59;876041;534;1507430;282;2304058;6;5630;6;6000;4;3990;0;0;0;0;34;42290;14;14190;65;1153947;176;2722420;100;1651788;98;1099110
16.07.2021 08:00;7;7000;7;6990;72;629261;477;1820614;264;2106494;6;2410;7;6990;7;7000;0;0;0;0;27;30530;14;14390;84;1538283;187;2976845;97;1859950;117;1444940
16.07.2021 09:00;4;3990;5;4990;59;343710;453;1405009;269;2132004;8;56030;4;4053;5;5000;0;0;0;0;39;42494;21;23040;88;1413140;187;2686532;97;1810355;115;1539714
16.07.2021 10:00;5;5000;4;3990;100;710821;437;1842349;337;2204271;6;6230;5;4990;4;4000;0;0;0;0;49;50059;40;43250;107;1819225;154;2812265;107;1813262;122;1605309
16.07.2021 11:00;4;4000;4;3990;93;729250;435;1427447;312;2071861;14;13810;4;3980;5;4980;0;0;0;0;65;80838;18;19600;109;1620552;160;2780428;107;1915017;124;1483484
16.07.2021 12:00;4;3970;5;4980;76;598242;418;1586510;305;2331754;8;5060;4;4000;4;4000;0;0;0;0;39;45890;16;18030;103;1573783;205;2464749;121;2153525;121;1583620
16.07.2021 13:00;8;8000;7;7000;98;826466;509;1570143;273;2129512;6;4950;8;7990;8;7970;0;0;0;0;36;39310;4;4050;100;1806937;201;2773920;165;2036225;147;1564084
16.07.2021 14:00;5;5000;6;6000;89;939398;492;1439038;270;2310275;5;2870;5;5000;5;5000;0;0;0;0;35;35800;11;11580;107;1642492;223;2738234;118;2148190;152;1744810
16.07.2021 15:00;4;4000;4;4000;74;866703;480;1541323;267;2295055;9;5450;4;3990;5;5000;0;0;0;0;35;39053;4;4220;90;1273661;252;2379341;121;2255056;144;1744506
16.07.2021 16:00;3;3000;5;4980;92;679591;484;1470266;221;2120785;8;3460;4;3990;4;4000;0;0;0;0;38;44010;15;15170;95;1491987;277;2437744;138;2064083;145;1466271
16.07.2021 17:00;5;4990;3;3000;103;981290;478;1471814;250;2145718;8;19990;4;4000;4;4000;0;0;0;0;60;65190;12;12160;106;1277612;258;2349108;119;2137507;130;1789919
16.07.2021 18:00;4;4000;4;4000;88;643080;447;1359311;274;2001210;7;6040;4;4000;3;3000;0;0;0;0;39;41890;16;16210;88;1374697;255;2146331;112;1813012;143;1313138
16.07.2021 19:00;5;5000;4;3990;58;376220;394;1112816;218;2071655;2;590;5;5000;5;4990;0;0;0;0;45;51650;13;13110;68;1222096;231;1771217;123;1466311;127;1208476
16.07.2021 20:00;3;3000;4;4000;50;295180;238;984518;153;1175548;5;1880;3;3000;4;4000;0;0;0;0;37;43610;11;11090;68;854793;144;1482298;115;1228266;124;831163
16.07.2021 21:00;2;2000;3;3000;42;229711;249;885670;131;899010;0;0;2;1990;2;2000;0;0;0;0;26;31090;10;10070;62;600087;151;1319669;95;576380;89;431723
16.07.2021 22:00;1;1000;2;2000;31;151470;226;976719;119;811305;1;24740;1;1000;2;1990;0;0;0;0;37;41920;8;8280;42;471175;148;1406105;95;393295;90;423525
16.07.2021 23:00;3;3000;2;2000;22;165640;179;678732;91;667314;4;1560;3;2980;2;2000;0;0;0;0;23;25960;9;9070;27;221740;136;956952;82;300668;77;240024
17.07.2021 00:00;2;2000;2;2000;17;116580;90;373610;45;355185;0;0;2;2000;2;1990;0;0;0;0;9;9173;4;4250;16;281580;89;432614;37;96660;35;96670
17.07.2021 01:00;0;0;1;1000;10;57295;47;175979;31;409954;2;41140;0;0;1;990;0;0;0;0;3;3610;2;2010;17;211827;38;219542;39;121974;19;47560
17.07.2021 02:00;0;0;0;0;9;20140;42;53530;19;184300;1;710;0;0;0;0;0;0;0;0;1;1010;0;0;12;192472;32;112270;12;57492;27;54884
17.07.2021 03:00;0;0;0;0;12;112500;25;40640;11;199307;0;0;0;0;0;0;0;0;0;0;0;0;0;0;6;64810;20;71030;7;15190;9;26780
17.07.2021 04:00;1;1000;0;0;11;193010;42;92420;17;245261;2;37490;1;1000;0;0;0;0;0;0;0;0;0;0;3;17480;31;135459;12;23920;12;31580
17.07.2021 05:00;3;3000;3;2990;5;9530;52;135416;23;308930;1;11640;3;3000;3;2990;0;0;0;0;0;0;1;1000;12;127300;44;247610;21;90990;16;58316
17.07.2021 06:00;4;4000;4;4043;8;72840;113;304450;24;377451;3;25850;4;4000;4;4000;0;0;0;0;5;5960;3;3030;9;92360;91;536358;44;292423;31;96268
17.07.2021 07:00;4;4000;4;3990;14;118245;129;393927;52;504302;3;840;4;3990;4;4000;0;0;0;0;6;6170;1;1010;18;289746;110;566809;56;326745;34;172563
17.07.2021 08:00;5;4990;4;4000;19;76660;216;580518;116;940725;1;320;5;4980;4;4000;0;0;0;0;19;21310;1;1010;33;395808;151;1184802;85;698400;78;399738
17.07.2021 09:00;4;4000;4;4000;32;191617;298;1094657;227;1498482;4;1630;4;3990;4;3990;0;0;0;0;25;30580;10;11350;46;638801;141;1730077;112;1075553;93;837799
17.07.2021 10:00;4;3990;4;4000;42;440068;352;1114086;232;1549286;1;850;4;3990;4;4000;0;0;0;0;41;47450;12;12260;62;965788;148;2284311;128;1661079;108;1025851
17.07.2021 11:00;4;4000;4;4000;57;709000;362;1544146;230;1854823;1;520;4;3990;4;4000;0;0;0;0;27;29770;7;7070;68;1078067;163;2279492;121;1521886;128;1276155
17.07.2021 12:00;4;4000;4;4000;68;378080;390;1400953;227;1858134;4;74150;4;4000;4;3990;0;0;0;0;40;46700;12;12410;68;1116388;171;2236684;143;1779372;133;1205281
17.07.2021 13:00;4;3990;4;3980;73;662220;427;1366061;208;1882691;8;4040;4;3990;4;3990;0;0;0;0;36;39170;7;7050;75;1272028;183;2440412;130;1855490;128;1307629
17.07.2021 14:00;4;4000;4;4000;72;724084;365;1349717;227;1521119;12;22960;4;4000;4;4000;0;0;0;0;43;44560;15;15770;93;1399489;158;2195241;114;1837387;118;1338782
17.07.2021 15:00;4;4000;4;4000;63;566690;437;1541034;214;1604433;4;2530;4;4000;4;4000;0;0;0;0;39;45860;9;9720;74;1198408;169;2471268;122;1710695;137;1126565
17.07.2021 16:00;4;4000;4;4000;64;540537;419;1284619;182;1470088;6;3440;4;4000;4;3990;0;0;0;0;42;45680;14;14130;82;1219191;179;2348913;116;1450418;121;1131075
17.07.2021 17:00;4;3990;5;4990;65;621781;432;1575118;179;1479967;5;1890;4;4000;5;4980;0;0;0;0;45;48982;7;7080;72;1093960;194;2374074;125;1761607;134;1411558
17.07.2021 18:00;4;4000;4;4000;61;350963;335;1437351;172;1264856;0;0;4;3980;4;4000;0;0;0;0;49;58767;7;7070;73;1214982;172;2052983;98;1562171;132;1273668
17.07.2021 19:00;4;3990;4;3990;55;486904;314;1219106;162;1362994;2;45974;4;3980;4;4000;0;0;0;0;33;33690;13;13110;64;1095345;173;1818047;103;1215176;111;769280
17.07.2021 20:00;2;1990;2;2000;31;226400;287;1087768;137;1004660;3;21860;2;2000;2;2000;0;0;0;0;30;34006;7;6886;56;736669;187;1551088;102;897875;95;738714
17.07.2021 21:00;2;2000;2;2000;33;222528;226;768871;112;749430;3;1570;2;2000;2;1990;0;0;0;0;24;25410;12;12100;43;631227;162;1193612;84;519491;88;562699
17.07.2021 22:00;2;2000;2;1990;27;136294;266;1123230;122;977633;5;5600;2;1990;2;2000;0;0;0;0;28;29050;11;11340;48;541607;142;1538694;93;403770;113;469119
17.07.2021 23:00;2;2000;2;2000;22;176950;207;805425;92;787502;3;3770;2;2000;2;2000;0;0;0;0;13;14575;2;2010;26;173510;132;1058260;72;395150;81;307530
18.07.2021 00:00;2;1990;2;2000;12;135970;120;365060;40;448814;0;0;2;2000;2;2000;0;0;0;0;7;7300;3;3020;20;234229;79;525012;58;181278;48;117520
18.07.2021 01:00;0;0;1;1000;11;140250;68;215894;27;426735;2;19180;0;0;1;990;0;0;0;0;2;2060;4;4076;9;169653;52;234610;26;83730;40;122260
18.07.2021 02:00;0;0;0;0;7;26400;57;104570;23;315927;1;130;0;0;0;0;0;0;0;0;3;3450;1;1000;10;96490;50;190228;21;49370;26;62480
18.07.2021 03:00;0;0;0;0;9;66462;37;44520;15;228270;0;0;0;0;0;0;0;0;0;0;1;1340;0;0;6;111880;27;114880;10;44920;20;40550
18.07.2021 04:00;0;0;0;0;4;44790;30;56440;16;226270;0;0;0;0;0;0;0;0;0;0;0;0;1;1010;4;96122;24;85250;16;24670;14;35580
18.07.2021 05:00;2;1990;1;1000;8;147400;26;20640;18;290135;0;0;2;2000;1;1000;0;0;0;0;0;0;1;1000;7;61640;21;53145;19;51290;15;69400
18.07.2021 06:00;2;2000;2;2000;5;35130;50;62880;12;265232;0;0;2;2000;2;1990;0;0;0;0;1;1530;1;1010;6;81020;42;145830;22;94090;18;58810
18.07.2021 07:00;2;1990;2;2000;8;25240;57;303155;27;278960;0;0;2;1990;2;2000;0;0;0;0;5;5450;2;2020;11;171100;54;264550;24;74640;18;82030
18.07.2021 08:00;2;1990;2;1990;11;113414;93;224886;63;544785;2;41420;2;2000;2;2000;0;0;0;0;9;11170;1;1310;19;199609;82;322380;43;195765;39;151990
18.07.2021 09:00;2;2000;2;2000;22;153910;175;511217;121;858312;1;14070;2;2000;2;2000;0;0;0;0;16;16390;3;3010;26;273404;142;878497;78;555560;69;352629
18.07.2021 10:00;2;2000;2;2055;18;131128;251;781831;126;987170;1;260;2;2000;2;2000;0;0;0;0;10;10480;8;8060;28;351049;159;1099375;100;683270;97;498009
18.07.2021 11:00;2;2000;2;2000;43;257146;261;1022215;151;1085043;2;22350;2;2000;2;2000;0;0;0;0;25;25820;5;5040;50;540684;183;1348486;134;1047319;119;790482
18.07.2021 12:00;3;2990;3;3000;48;250370;297;1184078;171;1184791;0;0;3;2990;3;3000;0;0;0;0;32;36540;3;3130;53;667232;169;1881210;110;848296;111;861259
18.07.2021 13:00;4;4000;4;4054;39;205483;345;1005692;202;1444791;5;13480;4;3980;4;3990;0;0;0;0;25;29150;5;5040;54;709942;183;1710428;113;1052642;117;792737
18.07.2021 14:00;4;3990;4;3990;58;355474;334;1241120;193;1437605;8;44150;4;3990;4;4000;0;0;0;0;29;32800;14;14100;62;694353;204;1733976;128;1405324;120;796985
18.07.2021 15:00;4;4000;4;4000;38;237870;357;1211719;195;1539509;5;910;4;3990;4;3990;0;0;0;0;21;26240;15;15120;47;577559;206;1993305;115;891415;120;790682
18.07.2021 16:00;4;4000;4;4000;40;428105;327;1189577;184;1220327;1;850;4;3990;4;4000;0;0;0;0;21;24040;11;11160;39;534674;194;1808423;103;990634;131;913923
18.07.2021 17:00;4;4000;4;4000;39;298924;366;1418646;181;1308342;2;1880;4;4000;4;4000;0;0;0;0;23;28268;9;9230;53;741287;212;2077949;132;1177016;137;769700
18.07.2021 18:00;4;4000;4;3990;39;328560;369;1268054;185;1249280;8;900;4;3990;4;4000;0;0;0;0;25;29270;7;7050;55;605026;188;2002174;128;1208675;110;698566
18.07.2021 19:00;2;1990;2;2000;54;355128;304;1240316;143;1139625;5;1320;2;2000;2;2000;0;0;0;0;21;28840;12;12090;58;552251;164;1748772;112;948714;99;642107
18.07.2021 20:00;2;1990;2;2000;33;249188;232;992674;140;1084952;2;140;2;2000;2;2000;0;0;0;0;20;22810;10;10100;51;605822;145;1293870;103;876934;95;504301
18.07.2021 21:00;2;2000;2;2000;31;254870;221;787307;123;924125;4;1560;2;2000;2;2000;0;0;0;0;14;15890;4;4030;48;616043;135;1173847;96;820865;78;270880
18.07.2021 22:00;2;2000;2;2000;18;78830;181;695353;74;599931;0;0;2;2000;2;2000;0;0;0;0;10;10770;7;7040;38;523281;117;853389;86;392520;77;259295
18.07.2021 23:00;2;2000;2;2000;14;110420;101;398430;43;629167;2;46370;2;1990;2;2000;0;0;0;0;8;9260;3;3270;6;61504;80;451640;39;108750;46;115910
19.07.2021 00:00;2;2000;2;2000;9;67730;55;107395;16;191688;0;0;2;2000;2;2000;0;0;0;0;1;1050;0;0;14;198798;49;178440;17;44605;28;63420
19.07.2021 01:00;0;0;1;1000;3;43290;26;35420;20;307200;0;0;0;0;1;1000;0;0;0;0;0;0;1;1110;2;18200;27;91090;11;23320;11;27377
19.07.2021 02:00;0;0;0;0;2;1120;34;25580;10;117520;0;0;0;0;0;0;0;0;0;0;0;0;0;0;7;113921;29;92620;9;16410;15;28370
19.07.2021 03:00;0;0;0;0;2;34640;17;9960;12;137236;1;14920;0;0;0;0;0;0;0;0;1;1010;0;0;2;60680;16;53940;2;4160;7;13080
19.07.2021 04:00;1;1000;0;0;2;24400;39;88796;10;220516;0;0;1;1000;0;0;0;0;0;0;0;0;0;0;3;38600;35;111110;10;23090;21;42800
19.07.2021 05:00;3;3000;3;3000;12;53240;158;376438;38;561715;1;14390;3;3000;3;3000;0;0;0;0;0;0;2;2010;15;153710;130;725160;43;207356;35;120828
19.07.2021 06:00;4;4000;4;4000;23;301761;363;1115209;80;941251;2;73410;4;4000;4;3990;0;0;0;0;3;3090;3;3020;25;461659;206;1822335;83;847754;61;342812
19.07.2021 07:00;5;5000;4;3990;49;721630;471;932385;172;1776483;1;450;5;5000;4;4000;0;0;0;0;19;25480;5;5030;41;714319;197;2731841;99;1294200;152;956784
19.07.2021 08:00;4;3990;4;4000;60;674238;468;1450943;238;2189641;5;2860;4;3990;4;4000;0;0;0;0;32;37280;3;3130;57;988760;194;2730353;101;1799318;105;1181964
19.07.2021 09:00;4;3990;4;4000;70;681112;388;1333862;265;1863609;8;37290;4;4000;4;4000;0;0;0;0;33;41229;17;17400;72;1186498;164;2184548;102;1636716;102;1112614
19.07.2021 10:00;6;5990;6;5990;71;641837;401;1412517;246;1719250;6;3050;6;5980;6;6000;0;0;0;0;34;39610;3;3020;88;1256378;164;2515388;112;1826371;138;1309457
19.07.2021 11:00;4;4000;4;4000;81;775445;386;1665214;251;1843913;6;40790;4;4000;4;3990;0;0;0;0;40;44110;8;8530;94;1239000;149;2624810;121;1886952;111;907000
19.07.2021 12:00;5;5000;5;4990;77;776167;372;1511786;247;1726701;8;4070;5;5000;5;5000;0;0;0;0;34;35160;8;8150;91;1496029;156;2509030;96;2105664;113;1013084
19.07.2021 13:00;4;4000;4;3990;67;571762;347;1290252;238;1844305;4;1560;4;4000;4;4000;0;0;0;0;19;22550;8;8060;77;1290842;173;2248781;120;1818031;121;1139837
19.07.2021 14:00;4;4000;4;3990;84;771307;400;1658435;230;1702165;2;1100;4;3980;4;4000;0;0;0;0;34;40590;5;5010;92;1607057;182;2508103;131;2182346;125;1092972
19.07.2021 15:00;4;4000;4;4000;89;667581;446;1576567;249;1964617;4;2150;4;4000;4;3990;0;0;0;0;46;55684;12;12220;86;1451895;242;2276183;123;2236275;133;1380460
19.07.2021 16:00;4;4000;4;3990;92;680131;481;1487438;257;2403258;5;3260;4;4000;4;3990;0;0;0;0;40;56890;17;17840;82;1278482;250;2454421;132;2268560;127;1645847
19.07.2021 17:00;4;3990;4;4000;83;638159;491;1512325;271;2184099;8;4050;4;4000;4;4000;0;0;0;0;41;55480;16;16770;102;1429717;252;2620861;131;2249850;160;1541120
19.07.2021 18:00;4;4000;4;4000;69;473440;426;1318470;214;1955036;6;4620;4;4000;4;3990;0;0;0;0;36;38860;11;11130;82;1194549;229;2141850;124;2018253;133;1313534
19.07.2021 19:00;4;3990;4;4000;72;536251;351;955109;191;1822558;2;720;4;3990;4;3990;0;0;0;0;40;46010;13;13080;70;1120125;250;1308574;105;1217241;123;886072
19.07.2021 20:00;4;3990;5;4990;41;306596;252;1144055;139;987484;2;1230;4;4000;5;5000;0;0;0;0;31;51648;3;3030;63;1019921;148;1579654;102;725904;105;548520
19.07.2021 21:00;2;1980;2;1990;31;229764;229;830761;119;942639;0;0;2;2000;2;2000;0;0;0;0;16;18380;3;3270;51;706485;139;1199911;94;619569;88;501987
19.07.2021 22:00;2;2000;2;2000;26;111450;161;735135;90;674995;6;24200;2;2000;2;2000;0;0;0;0;22;23090;4;4040;45;482033;111;897907;67;250670;78;269410
19.07.2021 23:00;2;2000;2;1990;12;31620;89;356210;41;483290;1;390;2;2000;2;2000;0;0;0;0;12;14580;5;5020;18;193614;88;430824;41;130945;47;142190
20.07.2021 00:00;2;2000;2;2000;8;104280;52;165670;46;368096;1;390;2;2000;2;2000;0;0;0;0;4;4210;0;0;7;115990;51;254886;23;68850;20;54390
20.07.2021 01:00;0;0;1;1000;2;720;23;32130;11;160610;1;710;0;0;1;1000;0;0;0;0;2;2230;1;1010;0;0;19;70030;7;15690;7;23770
20.07.2021 02:00;0;0;0;0;3;31840;23;22825;6;118010;0;0;0;0;0;0;0;0;0;0;0;0;0;0;4;71420;19;62355;5;12290;12;29720
20.07.2021 03:00;0;0;0;0;1;25970;21;9890;7;99329;1;14580;0;0;0;0;0;0;0;0;0;0;0;0;2;41720;17;62100;4;5340;4;9000
20.07.2021 04:00;1;1000;0;0;6;65745;30;38600;7;90920;0;0;1;1000;0;0;0;0;0;0;2;2020;0;0;7;121845;22;86080;11;25140;21;46780
20.07.2021 05:00;3;3000;3;3000;11;111160;157;298022;34;518822;2;41270;3;2990;3;3000;0;0;0;0;1;1010;0;0;12;122010;126;575654;51;177556;26;87410
20.07.2021 06:00;4;3990;4;4000;21;201470;362;726348;78;908874;4;27400;4;3990;4;4000;0;0;0;0;4;5130;6;6010;31;561422;192;1520375;94;742248;54;273830
20.07.2021 07:00;5;5063;4;3990;47;771308;510;1049175;184;1551356;4;1820;5;4990;4;4000;0;0;0;0;36;48890;12;12650;40;540291;197;2708697;101;1355429;101;851396
20.07.2021 08:00;4;3990;4;4000;66;792605;466;1147798;234;1863458;4;52850;4;4000;4;4000;0;0;0;0;23;28350;10;10090;55;974443;191;2626810;101;1599945;110;1202689
20.07.2021 09:00;4;4000;4;3990;59;372935;467;1330052;255;1950874;4;2330;4;4000;4;3980;0;0;0;0;31;33237;17;17300;71;893722;196;2570017;106;1858369;119;1487969
20.07.2021 10:00;4;4000;4;4000;82;641370;415;1218232;254;1961278;8;51040;4;4000;4;3990;0;0;0;0;30;33120;8;8270;95;1237574;158;2454590;118;1596509;132;1374590
20.07.2021 11:00;4;4000;4;4000;76;608236;383;1593894;269;1623449;9;6940;4;3990;4;3990;0;0;0;0;36;46320;6;6040;92;1348876;151;2441198;113;1632535;131;1282350
20.07.2021 12:00;4;4000;4;4000;64;495830;386;1499310;240;1738672;5;59240;4;4000;4;4000;0;0;0;0;49;54720;8;8164;96;1486810;167;2476744;114;1902998;160;1103858
20.07.2021 13:00;4;3990;4;3990;64;429188;402;1426190;232;1718643;5;55870;4;4000;4;4000;0;0;0;0;32;34100;12;12240;94;1568879;184;2431692;122;1699077;123;975893
20.07.2021 14:00;4;3990;4;4000;81;689061;433;1250359;213;1712478;6;1580;4;4000;4;3990;0;0;0;0;37;40830;12;12110;78;1188406;171;2488049;144;2284344;139;1461974
20.07.2021 15:00;4;4000;4;4000;88;589838;423;1518238;269;2259848;3;910;4;4000;4;4000;0;0;0;0;27;29850;21;21420;106;1404186;211;2583142;146;2423173;149;1550905
20.07.2021 16:00;4;4000;4;3990;84;505233;479;1499477;224;2122354;3;1360;4;4000;4;4000;0;0;0;0;54;60978;7;7100;95;1314702;247;2603306;146;2134843;152;1568417
20.07.2021 17:00;4;4000;4;3990;113;716741;488;1561967;258;2244531;9;59810;4;4000;4;4000;0;0;0;0;66;87899;22;22290;121;1392173;245;2744870;141;2157376;157;1552872
20.07.2021 18:00;4;4000;4;3980;89;357996;429;1282273;225;2013206;4;1940;4;4000;5;5000;0;0;0;0;45;49470;12;12070;87;1327125;268;1853076;132;1701261;135;1262237
20.07.2021 19:00;4;4000;4;4000;70;365644;367;1176301;193;1762275;1;330;4;3980;4;4000;0;0;0;0;40;42880;10;10730;70;1061995;213;1597684;101;1374316;125;888346
20.07.2021 20:00;4;3990;5;5000;55;318580;252;980423;140;1000204;4;49480;4;4000;5;4990;0;0;0;0;26;33948;5;5040;58;918625;152;1561812;83;656042;100;720981
20.07.2021 21:00;2;2000;2;2000;25;174249;234;841984;137;982795;2;9700;2;1990;2;1990;0;0;0;0;26;35930;5;5020;37;575525;145;1275849;99;684818;88;443910
20.07.2021 22:00;2;2000;2;2000;35;220279;195;842300;98;660566;2;1230;2;2000;2;2000;0;0;0;0;25;26820;1;1010;47;638592;131;1203445;101;388754;84;389849
20.07.2021 23:00;2;2000;2;2000;14;68090;122;353231;50;646995;1;190;2;1990;2;2000;0;0;0;0;6;7170;3;3020;19;189870;97;622058;55;155220;50;142115
21.07.2021 00:00;2;2000;2;2000;9;27410;49;236110;24;267380;0;0;2;1990;2;2000;0;0;0;0;3;3070;3;3020;9;128149;43;233528;17;54360;14;34010
21.07.2021 01:00;0;0;1;1000;7;44360;26;93260;8;200720;0;0;0;0;1;1000;0;0;0;0;0;0;0;0;3;83190;19;79620;14;30080;13;40970
21.07.2021 02:00;0;0;0;0;4;2240;16;23968;10;123011;0;0;0;0;0;0;0;0;0;0;0;0;2;2320;7;104660;14;77050;7;18520;8;20130
21.07.2021 03:00;0;0;0;0;2;2560;11;5910;2;44670;0;0;0;0;0;0;0;0;0;0;0;0;0;0;2;2480;9;40910;5;11060;5;13320
21.07.2021 04:00;1;1000;0;0;6;108890;32;51360;15;273092;1;1420;1;1000;0;0;0;0;0;0;0;0;0;0;4;63030;33;132300;9;17660;15;56450
21.07.2021 05:00;3;3000;3;2990;11;135730;151;208600;33;428310;1;15620;3;3000;3;3000;0;0;0;0;0;0;0;0;14;212950;105;648793;44;187540;34;103970
21.07.2021 06:00;4;4000;4;4000;20;193760;353;948534;93;1300054;2;28850;4;3990;4;4000;0;0;0;0;5;6420;5;5020;27;523132;201;1726394;82;846983;58;414762
21.07.2021 07:00;5;5055;4;3990;44;332275;482;1347619;182;1898430;2;970;5;5000;4;4000;0;0;0;0;17;22530;5;5020;43;620575;181;2780711;91;1691450;80;884425
21.07.2021 08:00;4;4000;4;4000;65;554649;486;1469134;226;1941626;5;1740;4;3990;4;4000;0;0;0;0;18;20700;12;12070;66;1275997;209;2733982;107;1610805;117;1264853
21.07.2021 09:00;4;4000;4;3990;70;478389;459;1478397;250;1889588;2;1100;4;4000;4;4000;0;0;0;0;38;39530;4;4030;65;1058794;194;2606956;124;1646752;116;1257969
21.07.2021 10:00;4;4000;4;4000;68;624113;376;1477429;231;1623702;1;2400;4;4000;4;4000;0;0;0;0;30;36020;13;13440;73;1130695;179;2417419;120;1983105;109;966298
21.07.2021 11:00;4;3990;4;3990;78;491708;357;1585394;251;1762849;13;14100;4;4000;4;3990;0;0;0;0;20;22310;14;15390;93;1283774;144;2444741;123;1535364;121;1147224
21.07.2021 12:00;4;3980;4;3990;85;639473;365;1335405;254;1778460;4;1690;4;4000;4;3990;0;0;0;0;36;41100;7;7050;81;1250210;172;2231383;115;1775489;117;1195147
21.07.2021 13:00;4;3990;4;3990;78;448114;399;1383090;216;1956451;5;1830;4;3990;4;4000;0;0;0;0;33;38430;5;5060;89;1296511;174;2535380;128;1975470;117;1121623
21.07.2021 14:00;4;4000;4;4000;74;694496;408;1251076;214;1776893;4;1490;4;4000;4;4000;0;0;0;0;32;37360;7;7060;78;1429794;180;2302042;130;1876098;127;1178056
21.07.2021 15:00;4;4000;4;3990;84;813347;416;1529344;289;2089988;8;2990;4;4000;4;4000;0;0;0;0;30;33100;17;17130;83;1286155;208;2420855;119;2265448;144;1545279
21.07.2021 16:00;4;4000;4;4000;97;836095;477;1205105;218;2148032;9;5140;4;3980;4;4000;0;0;0;0;39;47450;7;7050;88;1438467;253;2423600;149;2461643;143;1668397
21.07.2021 17:00;4;4000;4;4000;93;755653;436;1427141;248;2164525;5;2610;4;4000;4;4053;0;0;0;0;54;66603;11;11100;89;1587272;247;2485528;145;2252617;153;1587173
21.07.2021 18:00;4;3990;4;4000;73;422458;403;1274406;268;2021480;9;64160;4;4000;4;3990;0;0;0;0;47;56813;7;7260;102;1384217;264;1981863;118;2077956;129;1403857
21.07.2021 19:00;4;4000;4;3990;65;630797;377;1171036;188;1890692;2;510;4;4000;4;4000;0;0;0;0;34;37670;14;14130;60;1055854;228;1586856;122;1400229;157;1297404
21.07.2021 20:00;4;4000;5;5000;42;291690;253;935406;136;1024369;1;450;4;3990;5;5000;0;0;0;0;24;25868;11;11070;58;753131;148;1581953;96;900397;100;648269
21.07.2021 21:00;2;2000;2;1990;33;265370;233;1008971;109;818296;4;2870;2;1990;2;1990;0;0;0;0;22;26530;6;6020;52;584532;148;1337997;108;607538;87;492313
21.07.2021 22:00;2;2000;2;2000;36;352308;197;998972;106;779368;1;390;2;2000;2;2000;0;0;0;0;24;25880;3;3030;45;395186;135;1151272;101;377355;90;301729
21.07.2021 23:00;2;2000;2;2000;19;82550;107;458234;64;602200;0;0;2;2058;2;1990;0;0;0;0;8;8070;1;1010;25;297290;86;529170;65;171384;41;136820
22.07.2021 00:00;2;2000;2;1990;8;116200;40;121471;24;206070;0;0;2;2000;2;2000;0;0;0;0;0;0;3;3010;8;129830;34;166597;24;64851;19;53270
22.07.2021 01:00;0;0;1;1000;4;20280;32;28799;13;301930;1;710;0;0;1;990;0;0;0;0;0;0;0;0;1;560;24;92640;14;14670;13;23000
22.07.2021 02:00;0;0;0;0;3;20670;10;4890;7;181424;0;0;0;0;0;0;0;0;0;0;0;0;0;0;0;0;9;29280;3;4860;10;22660
22.07.2021 03:00;0;0;0;0;0;0;19;9860;6;46834;0;0;0;0;0;0;0;0;0;0;0;0;0;0;2;1940;17;66025;3;9400;6;15360
22.07.2021 04:00;1;1000;0;0;7;67120;25;102480;12;184973;1;15290;1;1000;0;0;0;0;0;0;0;0;0;0;7;114670;26;105370;17;32910;9;31960
22.07.2021 05:00;3;3000;3;3000;7;25160;140;304540;36;449489;0;0;3;2990;3;2990;0;0;0;0;4;4940;0;0;13;151110;107;711452;46;173770;44;124610
22.07.2021 06:00;4;3990;4;3990;22;241570;376;786154;86;1259032;0;0;4;3990;4;4000;0;0;0;0;7;7460;1;1010;27;769547;212;1627730;78;680483;64;461274
22.07.2021 07:00;5;5000;4;4000;36;584125;485;1311875;177;1841114;1;46230;5;5000;4;3990;0;0;0;0;17;19900;4;4020;37;676827;181;2624523;110;1610391;105;867698
22.07.2021 08:00;4;4000;4;4000;55;603151;489;1231955;246;2314183;9;71800;4;4000;4;4000;0;0;0;0;18;19890;8;8110;57;999974;209;2780316;109;1573277;112;1146919
22.07.2021 09:00;4;4000;4;4000;61;704861;434;1417032;261;1981426;14;47800;4;4000;4;4000;0;0;0;0;22;24990;3;3020;73;1062728;198;2477816;111;1850889;102;1159027
22.07.2021 10:00;4;4000;4;3990;74;773828;421;1403588;243;1993255;12;17250;4;3990;4;4000;0;0;0;0;37;42797;13;13780;75;1211940;162;2694606;119;1857344;120;997091
22.07.2021 11:00;4;4000;4;4000;77;728720;377;1454705;254;1924072;2;710;4;4000;4;4000;0;0;0;0;49;55509;9;10920;79;1248027;153;2426293;119;1471127;134;1171011
22.07.2021 12:00;4;4000;4;3990;81;460900;376;1211860;232;1521206;3;1310;4;3980;4;4000;0;0;0;0;36;38920;10;10280;95;1253784;179;2483724;129;1797495;134;1377955
22.07.2021 13:00;5;4990;4;4000;69;480285;392;1516527;231;1728787;9;63010;5;4990;4;4000;0;0;0;0;25;28210;14;14740;92;1388158;174;2477771;116;1839038;133;1201523
22.07.2021 14:00;4;3990;5;5000;75;733365;430;1396044;238;2041530;3;3250;4;3990;5;4990;0;0;0;0;36;47158;9;9050;81;1359134;191;2235072;116;1996639;140;1450098
22.07.2021 15:00;4;4000;4;4000;101;763024;410;1499667;247;1989867;2;2340;4;4000;4;3990;0;0;0;0;45;47432;17;17100;102;1377152;199;2429627;126;2183762;133;1499381
22.07.2021 16:00;4;3980;4;3990;94;606541;476;1201721;227;2381668;5;48189;4;4000;4;4000;0;0;0;0;43;46923;11;11110;87;1441506;275;2157805;123;2051847;130;1370140
22.07.2021 17:00;4;4000;4;3990;99;813298;491;1609503;272;2356342;5;72160;4;3980;4;4000;0;0;0;0;33;40680;23;24080;112;1532953;279;2567694;134;2264135;135;1401942
22.07.2021 18:00;4;4000;4;3990;100;593493;412;1294833;266;2096559;2;1100;4;4000;4;3990;0;0;0;0;45;62690;12;12290;78;1231376;222;2058413;124;1730846;146;1120195
22.07.2021 19:00;4;4000;4;4000;57;553073;358;1080954;177;1739373;4;1620;4;4000;4;3990;0;0;0;0;41;47240;14;14390;82;1268944;238;1550072;104;1496192;105;943180
22.07.2021 20:00;4;4000;5;5000;40;293770;253;1068588;173;1254413;4;58960;4;4000;5;5000;0;0;0;0;22;22520;7;7476;70;873492;149;1457398;106;1394469;123;1097101
22.07.2021 21:00;2;2000;2;2000;36;128645;217;861854;110;771778;3;4618;2;2000;2;2000;0;0;0;0;32;36910;8;8290;42;585356;149;1109209;98;706187;107;651477
22.07.2021 22:00;2;2000;2;2000;36;232123;205;880014;119;949263;1;380;2;2000;2;2000;0;0;0;0;21;29580;7;7050;50;490202;140;1147888;95;478030;95;358483
22.07.2021 23:00;2;2000;2;1990;33;102200;109;512908;70;583487;6;8040;2;2000;2;2000;0;0;0;0;10;12140;4;4080;28;307330;85;584268;74;263730;39;145221
23.07.2021 00:00;2;2000;2;2000;6;22443;53;149730;28;298497;0;0;2;1990;2;2000;0;0;0;0;2;2020;0;0;10;105673;44;169740;22;72320;23;58174
23.07.2021 01:00;0;0;1;1000;7;56410;19;35660;11;242690;2;77000;0;0;1;1000;0;0;0;0;0;0;0;0;5;55403;18;76760;7;17140;11;33420
23.07.2021 02:00;0;0;0;0;3;23130;17;33110;7;89160;0;0;0;0;0;0;0;0;0;0;0;0;1;1010;2;58870;15;51540;7;18080;6;12070
23.07.2021 03:00;0;0;0;0;3;47580;17;15640;7;91045;1;33530;0;0;0;0;0;0;0;0;0;0;0;0;3;76604;16;66350;7;12060;9;20670
23.07.2021 04:00;1;990;0;0;6;142530;30;42880;6;137170;0;0;1;1000;0;0;0;0;0;0;2;2240;1;1010;7;96090;29;104920;8;17700;12;26500
23.07.2021 05:00;3;3000;3;3000;7;69020;140;391268;36;647134;2;14360;3;3000;3;3000;0;0;0;0;6;9820;0;0;14;144850;98;674845;52;206739;27;113540
23.07.2021 06:00;4;4000;4;3990;24;160320;324;722215;74;1154791;3;15300;4;3980;4;4000;0;0;0;0;6;6410;2;2010;27;576870;194;1422658;83;756833;57;292400
23.07.2021 07:00;5;4990;4;4000;41;330842;401;1001416;151;1370463;3;1560;5;5000;4;4000;0;0;0;0;17;17368;11;11400;40;678154;188;2091776;99;1042765;85;660993
23.07.2021 08:00;4;3990;4;4000;56;699735;438;976912;244;2084284;3;132493;4;4000;4;4000;0;0;0;0;26;28750;4;4030;62;1136812;175;2464331;109;1507923;118;997214
23.07.2021 09:00;4;4000;4;4000;60;685310;364;976690;232;1712778;5;15810;4;4000;4;3980;0;0;0;0;32;35420;9;9280;65;1225895;183;2346996;105;1775907;116;1252187
23.07.2021 10:00;4;3990;4;3990;66;546558;377;1421213;260;1822515;12;6540;4;4000;4;3990;0;0;0;0;32;35500;15;15100;79;1138439;164;2657098;114;1606680;126;1016056
23.07.2021 11:00;4;4000;4;3990;67;521069;392;1400127;236;1966257;6;4030;4;4000;4;4000;0;0;0;0;27;30190;11;11070;109;1591461;183;2365279;125;1651270;127;1389495
23.07.2021 12:00;4;3990;4;4000;91;497974;413;1194250;243;2000133;4;32640;4;4000;4;3990;0;0;0;0;42;55430;18;18170;91;1332854;192;2423777;130;1777948;158;1239811
23.07.2021 13:00;4;3990;4;4000;110;716523;455;1566913;258;2082860;9;3530;4;4000;4;3990;0;0;0;0;38;41230;11;11090;84;1591520;254;2167617;120;1865284;127;1242033
23.07.2021 14:00;4;3990;4;4000;83;807219;479;1200152;258;2107648;2;970;4;4000;4;4000;0;0;0;0;26;30420;10;10090;90;1474556;263;2234618;125;2281817;145;1474564
23.07.2021 15:00;4;4000;4;4000;84;734930;476;1319129;230;1951315;8;98030;4;4000;4;4000;0;0;0;0;42;46250;6;6150;96;1528532;238;2375337;126;2176595;144;1650750
23.07.2021 16:00;4;4000;4;4000;76;559866;441;1018365;235;1904498;4;61480;4;4000;4;4000;0;0;0;0;41;46020;17;17230;81;1044922;237;2132322;133;2288787;129;1502961
23.07.2021 17:00;4;4000;4;4046;91;616882;439;1435765;234;2150512;7;2690;4;4000;4;4000;0;0;0;0;28;34260;23;26120;82;1244174;255;2082348;130;2147892;132;1400530
23.07.2021 18:00;4;4000;4;3970;56;629003;458;1446917;229;1946513;4;1030;4;4000;4;4000;0;0;0;0;42;48290;13;13110;81;1233534;277;1973526;130;1929820;120;1081307
23.07.2021 19:00;4;4000;4;4000;61;507530;371;1040810;174;1753221;5;1910;4;3980;4;4000;0;0;0;0;36;39260;18;18950;66;1044766;231;1556093;100;1472940;110;1008684
23.07.2021 20:00;4;4000;5;5000;44;316964;255;1107239;135;1032663;0;0;4;3990;5;4990;0;0;0;0;30;31825;6;6070;57;776760;150;1531226;114;1023996;124;648696
23.07.2021 21:00;2;2000;2;2000;30;169045;271;790526;146;1122656;4;44510;2;2000;2;2000;0;0;0;0;31;34670;7;7460;46;564724;163;1376550;96;593370;96;625981
23.07.2021 22:00;2;2000;2;2000;22;71660;237;878003;127;856919;3;1160;2;2000;2;2000;0;0;0;0;28;35530;8;8210;46;388344;147;1424095;125;479284;90;402249
23.07.2021 23:00;2;2000;2;2000;26;123240;182;779559;94;761950;1;1430;2;2000;2;2000;0;0;0;0;14;15110;4;4020;36;422250;123;952830;77;349776;73;258245
24.07.2021 00:00;2;2000;2;2000;12;69420;93;372550;44;377635;0;0;2;1980;2;2000;0;0;0;0;10;10750;5;5020;22;280805;74;429455;34;72080;37;96590
24.07.2021 01:00;0;0;1;1000;10;95192;60;95070;20;392670;0;0;0;0;1;1000;0;0;0;0;4;4230;1;1010;15;222530;59;232530;25;46660;32;77470
24.07.2021 02:00;0;0;0;0;9;44620;49;121370;26;369366;0;0;0;0;0;0;0;0;0;0;0;0;1;1000;4;26730;41;168520;18;76591;19;56750
24.07.2021 03:00;0;0;0;0;1;320;30;19170;12;320985;1;23610;0;0;0;0;0;0;0;0;0;0;2;2020;7;56730;28;97290;9;15524;8;20490
24.07.2021 04:00;1;990;0;0;7;84935;39;118600;14;178080;2;1950;1;1000;0;0;0;0;0;0;0;0;0;0;4;39696;25;99340;10;18140;8;16320
24.07.2021 05:00;3;3000;3;3000;9;26620;67;183720;17;272520;0;0;3;2990;3;2990;0;0;0;0;0;0;0;0;10;151960;54;253520;17;60370;22;45480
24.07.2021 06:00;4;4000;4;4000;8;68610;102;290240;24;265417;2;14870;4;4000;4;4000;0;0;0;0;3;3510;0;0;14;197677;84;356428;41;209844;69;171180
24.07.2021 07:00;4;4000;4;4000;17;105310;121;339166;54;641099;0;0;4;3990;4;4000;0;0;0;0;5;5920;4;4010;20;274526;91;615803;51;290990;30;140640
24.07.2021 08:00;5;5000;4;4000;16;41123;178;776448;111;1029614;1;200;5;5000;4;4000;0;0;0;0;22;22530;3;3010;28;297095;119;1075715;85;606684;59;346295
24.07.2021 09:00;4;4000;4;3990;37;371553;265;961377;193;1376208;3;910;4;4000;4;4000;0;0;0;0;31;32960;9;9060;48;787478;149;1620133;123;1120003;95;478617
24.07.2021 10:00;4;3990;4;4000;43;277548;344;1094533;211;1793560;2;580;4;3990;4;4000;0;0;0;0;35;43440;7;7730;58;1071920;160;2103932;87;1149466;100;969541
24.07.2021 11:00;4;4000;4;4000;57;518856;359;1432787;237;1901415;0;0;4;4000;4;4000;0;0;0;0;36;41030;6;6020;79;1182477;151;2254783;113;1844700;123;1292700
24.07.2021 12:00;4;4000;4;4000;67;648558;361;1398215;223;1759824;1;260;4;4000;4;3990;0;0;0;0;37;41200;7;7610;76;1571515;174;2063672;130;1764277;141;1216217
24.07.2021 13:00;4;4000;4;4000;63;554645;350;1331565;241;1552681;5;29190;4;4000;4;3980;0;0;0;0;30;32400;2;2020;99;1395145;152;2200252;125;1668516;140;1382281
24.07.2021 14:00;4;3980;4;4000;72;656108;373;1234925;217;1607972;3;980;4;4000;4;4000;0;0;0;0;35;37770;11;11110;67;1287398;161;2245721;126;1608494;140;1413385
24.07.2021 15:00;4;4000;4;3990;56;548785;408;1498473;312;2135412;3;39570;4;4000;4;3990;0;0;0;0;41;48925;3;3030;74;1163592;171;2345258;108;1576695;122;1361382
24.07.2021 16:00;4;4000;4;4000;51;396220;344;1513493;217;1659566;5;2800;4;4000;4;4000;0;0;0;0;39;43711;6;6060;71;838611;172;2159729;107;1441800;110;1109172
24.07.2021 17:00;4;4000;5;4990;56;506345;364;1226909;174;1422556;1;450;4;3980;5;5000;0;0;0;0;42;46309;4;4360;61;1026722;187;2015549;116;1343546;132;1058376
24.07.2021 18:00;4;4000;4;4000;55;556219;298;1299477;163;1315603;2;790;4;4000;4;3990;0;0;0;0;46;50140;15;15090;65;1014873;143;1739227;129;1547805;102;920399
24.07.2021 19:00;4;4000;4;3990;48;296640;293;1114261;140;1100744;3;2290;4;4000;4;4000;0;0;0;0;32;33820;9;9040;56;1044676;155;1619238;98;959276;116;775847
24.07.2021 20:00;2;2000;2;2000;42;234565;257;1025155;124;934281;1;790;2;2000;2;2000;0;0;0;0;30;35790;7;7050;53;503724;158;1348724;90;572955;100;673236
24.07.2021 21:00;2;2000;2;2000;33;200639;255;902123;91;942747;1;710;2;2000;2;2000;0;0;0;0;26;29000;3;3020;55;637677;150;1486628;107;570751;99;633267
24.07.2021 22:00;2;1980;2;2000;19;160974;231;907538;97;821949;0;0;2;2000;2;2000;0;0;0;0;23;28920;3;3020;32;313773;142;1375313;86;426371;90;511335
24.07.2021 23:00;2;1990;2;2000;22;211570;194;715568;52;506135;6;97515;2;2000;2;2000;0;0;0;0;13;13100;5;5020;35;378767;128;967183;67;393385;60;268795
25.07.2021 00:00;2;2000;2;2000;10;74230;77;317801;39;612299;3;1030;2;2000;2;2000;0;0;0;0;5;5290;4;4030;16;253340;62;362700;50;180860;43;125174
25.07.2021 01:00;0;0;1;1000;5;23120;72;184400;26;452448;0;0;0;0;1;1000;0;0;0;0;0;0;2;2020;14;97420;48;179955;22;68545;32;70880
25.07.2021 02:00;0;0;0;0;6;31432;37;667156;18;220767;0;0;0;0;0;0;0;0;0;0;0;0;3;3030;2;6160;37;178730;18;35370;26;67150
25.07.2021 03:00;0;0;0;0;6;19610;28;115570;10;201590;0;0;0;0;0;0;0;0;0;0;1;1010;0;0;1;17740;29;92978;15;29980;12;23510
25.07.2021 04:00;0;0;0;0;1;240;24;54700;8;166190;0;0;0;0;0;0;0;0;0;0;1;1010;1;1010;2;3050;18;68730;10;15365;9;20650
25.07.2021 05:00;1;1000;1;1000;4;76666;27;43520;10;127810;0;0;1;1000;1;1000;0;0;0;0;0;0;1;1010;6;41759;30;90320;14;33233;14;28070
25.07.2021 06:00;3;3000;2;2000;7;20300;25;110650;17;255359;0;0;3;3000;2;2000;0;0;0;0;0;0;0;0;6;116840;23;115090;14;84509;16;33646
25.07.2021 07:00;2;2000;2;2000;7;69390;43;176040;22;340464;0;0;2;2000;2;2000;0;0;0;0;1;1010;2;2020;13;309596;37;109485;24;102930;22;80430
25.07.2021 08:00;2;2000;2;2000;11;24800;72;202354;64;593564;1;1230;2;2000;2;1980;0;0;0;0;7;7110;1;1010;16;192396;67;308490;43;197286;29;95150
25.07.2021 09:00;2;2000;2;2000;20;108682;163;471890;81;680054;1;260;2;2000;2;2000;0;0;0;0;8;9430;11;11260;27;387419;139;748296;73;513495;70;292862
25.07.2021 10:00;2;1990;2;2000;23;155670;207;679968;107;924929;2;1820;2;2000;2;2000;0;0;0;0;8;10600;6;6060;26;326270;159;1024685;83;586439;83;410690
25.07.2021 11:00;2;2000;2;1990;27;216450;256;943243;151;1049026;5;26170;2;2000;2;2000;0;0;0;0;15;15340;4;4050;53;481722;158;1433804;106;967622;100;718640
25.07.2021 12:00;3;2990;3;2990;27;221270;320;854782;153;1291685;4;2410;3;2990;3;3000;0;0;0;0;15;16470;2;2020;39;507395;171;1487129;102;1084166;102;834842
25.07.2021 13:00;4;4000;4;4000;34;217900;319;1214662;185;1319153;4;1690;4;3980;4;4000;0;0;0;0;19;23370;3;3040;45;592861;181;1728175;109;1188164;106;868145
25.07.2021 14:00;4;4000;4;4000;38;324695;353;1163494;168;1305021;0;0;4;4000;4;3980;0;0;0;0;20;24549;2;2020;51;822830;191;2003619;124;943073;113;687414
25.07.2021 15:00;4;3990;4;3990;43;280732;338;990447;168;952154;3;1290;4;3990;4;4000;0;0;0;0;20;21740;7;7060;53;718192;191;1610579;118;1018812;117;823392
25.07.2021 16:00;4;4000;4;4000;36;174823;321;1091497;174;1390683;2;1750;4;4000;4;3990;0;0;0;0;23;23925;9;9200;46;567823;188;1826446;106;1110537;99;636527
25.07.2021 17:00;4;4000;4;4000;44;214980;342;975205;157;1067433;4;1300;4;4000;4;4000;0;0;0;0;25;25280;10;10060;45;786186;202;1653005;119;1323088;132;689455
25.07.2021 18:00;4;3990;4;3990;47;323970;361;1166359;147;1162410;3;850;4;4000;4;3990;0;0;0;0;23;27952;4;4620;52;678111;170;1910686;133;968375;109;645989
25.07.2021 19:00;2;2000;2;2000;51;388348;292;975114;141;1120545;1;130;2;2000;2;2000;0;0;0;0;21;22590;14;14120;49;585648;167;1509202;120;905185;103;678145
25.07.2021 20:00;2;2000;2;2000;26;194970;282;1055326;109;1079595;2;520;2;2000;2;2000;0;0;0;0;9;11110;6;6040;46;592349;172;1407815;111;870169;95;654276
25.07.2021 21:00;2;2000;2;2000;38;193666;207;670185;76;684251;0;0;2;2000;2;2000;0;0;0;0;12;12400;5;5450;45;454684;156;1344703;85;644371;73;439082
25.07.2021 22:00;2;2000;2;1980;17;106002;135;589357;80;823693;0;0;2;2000;2;1980;0;0;0;0;2;2820;5;5020;17;192941;103;669557;61;285791;60;237676
25.07.2021 23:00;2;1990;2;2000;12;57316;67;256690;43;407590;0;0;2;2000;2;2000;0;0;0;0;5;5940;0;0;11;129180;53;269530;43;161984;36;148122
26.07.2021 00:00;2;2000;2;2000;8;126370;46;151166;20;236390;0;0;2;2000;2;2000;0;0;0;0;2;2020;2;2020;7;99030;44;214706;20;46300;22;51090
26.07.2021 01:00;0;0;1;1000;3;13920;18;295895;11;197120;1;17380;0;0;1;990;0;0;0;0;0;0;0;0;1;27650;14;57825;4;7170;9;22570
26.07.2021 02:00;0;0;0;0;1;490;21;11010;4;51110;0;0;0;0;0;0;0;0;0;0;1;1010;0;0;1;18540;18;59880;4;8400;4;6940
26.07.2021 03:00;0;0;0;0;0;0;19;51205;11;133890;1;520;0;0;0;0;0;0;0;0;0;0;0;0;2;18950;17;63175;5;13860;5;14510
26.07.2021 04:00;1;1000;0;0;2;43020;32;42640;7;137684;0;0;1;1000;0;0;0;0;0;0;0;0;0;0;2;38760;28;96676;15;31840;15;34820
26.07.2021 05:00;3;2990;3;3000;13;146470;151;300800;33;542372;0;0;3;3000;3;2990;0;0;0;0;0;0;0;0;18;253380;124;690898;42;212640;37;114265
26.07.2021 06:00;4;3990;4;4000;27;289173;347;583250;79;1129047;0;0;4;4000;4;4000;0;0;0;0;6;6470;8;8770;28;647297;200;1444179;76;760211;61;376164
26.07.2021 07:00;5;5000;4;4000;38;529195;500;1122814;172;1871451;4;1690;5;4990;4;4000;0;0;0;0;19;20690;9;9100;42;878113;143;2871072;99;1471349;112;871661
26.07.2021 08:00;4;4000;4;3980;51;526000;466;1335362;232;2104550;8;4020;4;4000;4;4000;0;0;0;0;19;20330;8;8070;52;968550;192;2706543;91;1608414;105;972224
26.07.2021 09:00;4;4000;4;3990;52;475664;432;1473630;263;1739200;7;2990;4;3990;4;4000;0;0;0;0;35;40415;6;6070;67;924008;152;2663072;106;1734891;100;1203450
26.07.2021 10:00;5;5000;5;4990;75;473260;360;1414721;224;1708124;7;5210;5;5000;5;5000;0;0;0;0;36;41330;4;4040;67;858891;163;2302761;116;1489381;124;877770
26.07.2021 11:00;4;4000;4;4000;58;545867;320;1167627;240;1883870;9;4050;4;3990;4;3970;0;0;0;0;25;25970;11;11110;77;1247784;174;2311134;108;1484985;124;902759
26.07.2021 12:00;4;4000;4;3990;60;336470;360;1442737;233;1639656;8;3710;4;4000;4;4000;0;0;0;0;38;42950;14;14370;80;1322991;163;2358636;119;1741268;111;1164451
26.07.2021 13:00;4;4000;4;3990;82;544304;357;1289011;208;1717932;6;28080;4;4000;4;4000;0;0;0;0;34;38420;13;13230;90;1492506;175;2173439;127;1585073;116;1080875
26.07.2021 14:00;4;4000;4;4000;56;670416;405;1481272;177;1594772;5;183756;4;3990;4;3990;0;0;0;0;21;23320;3;3020;82;1235017;169;2417799;119;1787425;126;1016099
26.07.2021 15:00;4;3980;4;3990;61;542077;410;1433201;246;1928879;6;35480;4;4000;4;4000;0;0;0;0;37;40940;18;18140;96;1450047;174;2352214;119;2136477;123;1346802
26.07.2021 16:00;4;4000;4;3990;83;825531;486;1271652;247;2028625;4;115130;4;4000;4;4000;0;0;0;0;44;48740;24;24210;92;1505400;242;2472681;123;2073611;143;1588041
26.07.2021 17:00;4;4000;4;3990;91;932550;439;1357899;240;1938447;12;108720;4;3980;4;4000;0;0;0;0;32;36130;8;8070;96;1546432;220;2436691;125;2079290;127;1435225
26.07.2021 18:00;4;4000;4;4000;71;421912;428;1153397;188;2260737;4;89570;4;4000;4;4000;0;0;0;0;41;46320;10;10080;86;1194369;223;1983867;127;1896413;138;1398325
26.07.2021 19:00;4;4000;4;4000;61;269555;348;885811;168;1586907;2;1360;4;3980;4;3990;0;0;0;0;38;41580;6;6060;65;1078110;245;1477788;118;1446588;110;881081
26.07.2021 20:00;4;4000;5;5000;41;285397;205;846862;117;900357;5;16540;4;4000;5;5000;0;0;0;0;14;16790;8;8101;50;749742;132;1215807;90;864979;107;643743
26.07.2021 21:00;2;1990;2;2000;28;190760;173;547042;93;770825;2;320;2;2000;2;2000;0;0;0;0;22;24140;5;5040;53;428130;119;912110;99;550050;85;437628
26.07.2021 22:00;2;2000;2;2000;21;131230;165;716093;82;615735;2;17640;2;2000;2;1990;0;0;0;0;27;29670;5;5030;35;249346;140;905895;91;277839;76;322402
26.07.2021 23:00;2;2000;2;2000;9;41377;104;355170;45;439325;1;1300;2;2000;2;2000;0;0;0;0;4;4200;3;3030;15;185470;80;390336;34;63950;33;94670
27.07.2021 00:00;2;1980;2;1990;6;51720;32;39520;13;122063;0;0;2;2000;2;2000;0;0;0;0;7;7750;2;2010;10;165990;29;113280;21;42706;21;83540
27.07.2021 01:00;0;0;1;1000;2;41600;28;66454;10;150053;0;0;0;0;1;1000;0;0;0;0;0;0;0;0;4;109160;20;83960;5;12480;19;47660
27.07.2021 02:00;0;0;0;0;2;31160;23;12290;5;138230;0;0;0;0;0;0;0;0;0;0;0;0;0;0;1;24940;21;70924;6;12820;8;13930
27.07.2021 03:00;0;0;0;0;1;46656;11;32160;6;123750;0;0;0;0;0;0;0;0;0;0;0;0;0;0;0;0;11;42180;2;3670;5;9670
27.07.2021 04:00;1;1000;0;0;3;66964;28;31030;8;150534;1;37130;1;1000;0;0;0;0;0;0;0;0;0;0;5;13840;26;85470;6;18680;13;39720
27.07.2021 05:00;3;3000;3;3000;9;64900;136;354493;42;604675;1;15980;3;2990;3;3000;0;0;0;0;2;2020;0;0;8;72320;119;607370;33;168090;30;68810
27.07.2021 06:00;4;3990;4;4000;22;195645;357;965329;94;1066021;1;14860;4;4000;4;4000;0;0;0;0;8;8890;3;3380;30;571780;161;1691013;95;838736;67;342101
27.07.2021 07:00;5;4990;4;4000;45;596691;495;1195423;165;1841297;6;63393;5;5000;4;3990;0;0;0;0;18;21850;8;8390;46;837218;249;2394102;120;1456608;90;838335
27.07.2021 08:00;4;3980;4;3990;56;491247;507;1168580;222;1959774;8;55687;4;4000;4;4000;0;0;0;0;18;19090;14;14130;65;1081245;207;2633797;91;1525613;108;1105219
27.07.2021 09:00;4;4000;4;4000;68;658811;427;1456319;242;1973025;2;910;4;4000;4;4000;0;0;0;0;31;32960;4;4060;70;1153106;205;2482982;107;1614589;110;1131002
27.07.2021 10:00;4;4000;4;3990;66;701994;347;1339362;241;1833159;11;52550;4;4000;4;4000;0;0;0;0;18;20360;8;8220;72;1129485;168;2334948;121;1501700;123;998245
27.07.2021 11:00;4;3990;4;4000;72;509460;344;1520362;246;1828356;6;2350;4;4000;4;4000;0;0;0;0;28;29753;10;10200;82;1161059;166;2186208;112;1406671;133;1083756
27.07.2021 12:00;4;4000;4;4000;75;463185;367;1349826;241;1882342;7;45400;4;4000;4;4000;0;0;0;0;44;47350;6;6050;81;1382947;160;2252389;108;1736827;107;998185
27.07.2021 13:00;4;4000;4;3990;88;698920;392;1394720;229;1611983;9;3810;4;4000;4;4000;0;0;0;0;40;43505;7;7070;89;1373111;164;2457197;116;1829040;117;1169676
27.07.2021 14:00;4;3990;3;3000;78;609883;393;1452266;234;2063285;8;5540;4;3990;4;4000;0;0;0;0;27;28280;16;16930;84;1543011;166;2309271;129;2103033;130;1375865
27.07.2021 15:00;4;4000;4;4000;89;854614;419;1514607;224;2032369;4;1950;4;4000;4;4000;0;0;0;0;42;47210;17;18210;97;1439262;195;2416728;140;2348750;144;1546075
27.07.2021 16:00;4;4000;4;4000;81;671668;539;1397449;244;2239796;15;8710;4;3990;4;3990;0;0;0;0;40;45460;10;10070;83;1413512;269;2398692;128;2233616;134;1801600
27.07.2021 17:00;4;4000;3;3000;77;708119;444;1629699;216;2230806;6;3710;4;3990;4;4000;0;0;0;0;46;77380;15;15130;103;1584144;212;2555541;119;2072982;128;1518466
27.07.2021 18:00;4;3990;3;3000;88;587893;402;1378014;215;2004700;3;2150;4;3990;4;3980;0;0;0;0;40;50506;19;19160;89;1366256;218;2046176;112;2108379;129;1292176
27.07.2021 19:00;4;4000;4;4000;67;494270;325;858915;171;1779220;3;65040;4;4000;4;3990;0;0;0;0;28;31170;10;10550;76;1031969;212;1374723;96;1434699;101;668068
27.07.2021 20:00;4;4000;5;4990;47;262220;241;1153500;134;994025;2;1050;4;4000;5;5000;0;0;0;0;22;24684;7;7200;59;715070;140;1227866;97;868499;91;569490
27.07.2021 21:00;2;2000;2;2000;39;182620;204;617953;122;857111;1;330;2;2000;2;2000;0;0;0;0;16;17923;4;4230;37;524040;117;1124873;83;565160;83;463606
27.07.2021 22:00;2;2000;2;2000;14;66485;172;608935;60;578186;0;0;2;2000;2;2000;0;0;0;0;21;22150;1;1000;33;538145;125;939630;85;513436;57;390590
27.07.2021 23:00;2;2000;2;2000;9;72970;91;309973;41;562038;1;15940;2;2000;2;2000;0;0;0;0;5;5040;1;1010;16;280520;73;376299;57;328580;40;189010
28.07.2021 00:00;2;2000;2;2000;5;6480;44;111480;12;204020;1;9550;2;2000;2;2053;0;0;0;0;2;2010;1;1000;11;196306;33;193521;16;54190;20;88150
28.07.2021 01:00;0;0;1;1000;1;16390;25;47960;6;179885;0;0;0;0;1;1000;0;0;0;0;0;0;0;0;2;37000;20;87270;14;51090;12;56410
28.07.2021 02:00;0;0;0;0;1;560;12;14580;8;137450;0;0;0;0;0;0;0;0;0;0;0;0;0;0;1;15740;12;48630;4;11970;6;21630
28.07.2021 03:00;0;0;0;0;0;0;19;35180;7;164480;1;33190;0;0;0;0;0;0;0;0;0;0;0;0;2;45850;18;75390;6;13330;4;14130
28.07.2021 04:00;1;1056;0;0;3;33990;33;85786;11;256057;1;2070;1;1000;0;0;0;0;0;0;0;0;1;1010;2;22550;29;147280;15;57020;12;31100
28.07.2021 05:00;3;3000;3;3000;11;137100;153;370114;38;460485;0;0;3;3000;3;3000;0;0;0;0;1;1060;0;0;16;193890;113;695518;37;184710;30;111640
28.07.2021 06:00;4;4000;4;3990;17;164270;355;920074;71;950451;1;510;4;4000;4;4000;0;0;0;0;7;8290;3;3050;28;553557;194;1508419;87;744812;56;265083
28.07.2021 07:00;5;4980;4;3980;32;402931;494;1328130;171;1906935;8;33810;5;5000;4;4000;0;0;0;0;6;7220;3;3030;43;741260;246;2470855;101;1313197;92;710699
28.07.2021 08:00;4;4000;4;4000;55;710944;495;1385030;214;1917014;3;1300;4;4052;4;3980;0;0;0;0;28;40260;6;6960;59;1057294;203;2717566;93;1507880;98;1119465
28.07.2021 09:00;4;3990;4;4000;53;306320;413;1276779;235;1955792;8;41160;4;3990;4;4000;0;0;0;0;28;32790;13;13300;66;946900;181;2390814;110;1811397;111;1130935
28.07.2021 10:00;4;4000;4;3990;65;544972;373;1473937;226;1678508;7;44570;4;4000;4;4000;0;0;0;0;28;31220;8;8070;80;1074097;150;2310268;103;1706014;112;828324
28.07.2021 11:00;4;4000;4;4000;73;730697;379;1371154;233;1790724;3;38359;4;3980;4;3980;0;0;0;0;41;45010;7;7050;82;1200373;151;2509574;105;1706028;113;996373
28.07.2021 12:00;4;4000;4;4000;63;591701;379;1414586;219;1868432;8;4790;4;3980;4;3990;0;0;0;0;41;49620;14;14100;86;1035848;152;2426248;117;1753338;132;1260551
28.07.2021 13:00;3;3000;4;4000;72;599009;360;1260988;190;1451052;2;650;4;4000;4;3990;0;0;0;0;41;44787;6;6180;75;1149106;173;2172341;112;1640864;106;1000292
28.07.2021 14:00;4;4000;4;4000;47;459058;443;1488995;225;1953571;7;117094;4;4000;4;3990;0;0;0;0;27;31560;6;6050;75;1525520;177;2483789;142;2124103;139;1016464
28.07.2021 15:00;4;4000;4;4000;88;796412;431;1474628;255;2109084;7;49080;4;4000;4;4046;0;0;0;0;42;48655;3;3010;83;1319493;205;2292629;131;2299052;138;1606744
28.07.2021 16:00;4;3990;4;4000;74;711299;477;1182661;218;2101225;3;39520;4;4000;4;3990;0;0;0;0;45;47540;11;11110;80;1357121;232;2262872;120;2207178;151;1827133
28.07.2021 17:00;4;4000;4;3990;82;655664;453;1602502;235;2103540;4;1160;4;4000;4;4000;0;0;0;0;45;53329;14;15150;79;1491204;227;2515078;155;2252623;141;1398668
28.07.2021 18:00;4;4000;4;4000;83;669820;404;1229459;201;1821301;1;260;4;3990;4;4000;0;0;0;0;36;37810;13;13240;84;1263978;242;1844732;138;1795877;131;1304118
28.07.2021 19:00;4;3990;4;4000;62;450590;331;1003504;158;1775593;4;1300;4;4000;4;4000;0;0;0;0;39;48729;6;6040;63;1006445;198;1430942;106;1437251;109;974326
28.07.2021 20:00;4;4000;5;5000;47;457540;213;992417;111;828467;0;0;4;4000;5;5000;0;0;0;0;30;33680;7;7040;55;789630;143;1387963;101;1025090;88;509373
28.07.2021 21:00;1;990;1;1000;32;154206;198;655840;102;776541;1;840;0;0;1;1000;0;0;0;0;32;40240;4;4020;61;600430;134;876301;105;433600;75;400349
28.07.2021 22:00;1;1000;1;990;27;122600;186;690652;81;713428;1;200;0;0;1;1000;0;0;0;0;32;39310;5;5030;39;389998;134;865459;93;379190;85;353940
28.07.2021 23:00;2;2000;2;1990;14;79420;110;364641;54;506034;2;770;2;2000;1;1000;0;0;1;540;7;9130;2;2770;23;311090;91;536924;42;118090;38;120048
29.07.2021 00:00;2;2000;2;2000;9;58816;52;95230;16;227388;1;1100;2;2000;2;2000;0;0;0;0;2;2020;0;0;9;77520;34;152660;22;57310;20;57630
29.07.2021 01:00;0;0;1;1000;3;16300;21;10970;12;216440;0;0;0;0;1;990;0;0;0;0;0;0;0;0;7;74760;18;71100;7;18430;14;38890
29.07.2021 02:00;0;0;0;0;5;18730;19;35690;8;127560;1;770;0;0;0;0;0;0;0;0;0;0;0;0;3;54010;20;65910;4;6760;4;10950
29.07.2021 03:00;0;0;0;0;2;21439;19;10820;4;59220;0;0;0;0;0;0;0;0;0;0;0;0;0;0;1;25010;16;62970;2;4160;5;16570
29.07.2021 04:00;1;1000;0;0;3;48830;29;81260;13;261020;0;0;1;990;0;0;0;0;0;0;0;0;1;1010;7;13230;21;94100;17;58310;17;50460
29.07.2021 05:00;3;3000;3;3000;9;114761;131;289689;41;573971;1;41100;3;3000;3;3000;0;0;0;0;1;1840;0;0;11;98350;115;564868;38;143206;37;106320
29.07.2021 06:00;3;3000;3;2990;19;175237;378;718430;96;1429455;1;36350;3;2990;3;3000;0;0;0;0;7;8040;2;2020;27;465360;202;1531511;77;895195;68;465812
29.07.2021 07:00;5;4990;3;3000;44;733429;464;1103495;180;1535661;6;2730;5;5000;3;2990;0;0;2;600;19;23900;7;7060;46;1133723;195;2593131;94;1393546;105;836538
29.07.2021 08:00;4;3990;4;4000;60;805506;467;1297060;230;1918892;9;102040;4;4000;4;4000;0;0;0;0;20;21058;4;4140;63;1239025;175;2738275;87;1551720;108;1365491
29.07.2021 09:00;4;4000;4;4000;52;314634;403;1211992;229;2019506;7;3050;4;4000;4;4000;0;0;0;0;26;28064;9;9070;60;1212355;179;2580595;106;1373968;127;1056526
29.07.2021 10:00;4;3990;4;4000;56;437790;366;1501809;222;1690713;4;1925;4;4000;4;4000;0;0;0;0;23;24300;7;7360;58;1080704;135;2516910;110;1556448;122;1017396
29.07.2021 11:00;4;4000;4;4000;69;595310;381;1392720;208;1855264;4;54100;4;3990;4;4000;0;0;0;0;28;33390;11;11080;91;1114006;146;2576488;122;1525976;114;806236
29.07.2021 12:00;4;3990;4;3980;56;415810;362;1425186;235;1748469;6;46970;4;4000;4;3990;0;0;0;0;30;32549;9;9070;78;1203857;148;2581474;119;1863888;104;1018496
29.07.2021 13:00;4;3990;4;4000;75;748597;390;1238376;207;1712115;4;2800;4;4000;4;3990;0;0;0;0;22;24390;9;10310;77;1293466;158;2484097;147;1722316;146;1405311
29.07.2021 14:00;4;4057;4;4000;66;467280;421;1317095;231;1752014;5;2400;4;4000;4;4000;0;0;0;0;20;24560;10;10100;73;1283838;195;2424236;128;2138859;126;1082316
29.07.2021 15:00;4;4000;4;4000;83;553163;466;1427615;255;2206628;5;2720;4;4000;4;3990;0;0;0;0;35;40060;20;20110;90;1114151;208;2523580;115;2307288;148;1592972
29.07.2021 16:00;4;3990;4;3990;91;990927;454;1480079;236;1959094;4;56052;4;4000;4;4000;0;0;0;0;33;37420;15;15090;98;1444589;248;2393249;147;2024808;155;1463612
29.07.2021 17:00;4;3990;4;3990;106;677735;463;1412050;257;2104221;3;1500;4;4000;4;4000;0;0;0;0;46;54630;10;10040;111;1542036;277;2371994;148;2136481;160;1683161
29.07.2021 18:00;4;4000;4;4000;89;723755;449;1512096;238;1975805;3;1440;4;4000;4;3990;0;0;0;0;47;68170;8;8040;102;1448058;225;2287169;134;2309382;143;1521705
29.07.2021 19:00;4;3990;4;3990;60;510635;358;1151890;175;1757229;3;36830;4;4000;4;4000;0;0;0;0;27;28170;12;12050;86;988816;236;1496488;116;1738239;114;1314001
29.07.2021 20:00;4;3990;5;4990;48;319502;263;1160770;159;1200096;0;0;4;4000;5;5000;0;0;0;0;35;39290;6;6010;52;608025;166;1644209;106;949865;101;704527
29.07.2021 21:00;2;2000;2;1990;45;68070;227;790404;128;828422;1;520;2;1990;2;2000;0;0;0;0;25;28770;7;7050;54;580380;156;1404762;102;654166;93;520355
29.07.2021 22:00;2;2000;2;1990;38;150850;197;856700;102;723460;1;260;2;1990;2;2000;0;0;0;0;22;26070;8;8080;43;452363;141;1214445;95;405549;84;277050
29.07.2021 23:00;2;2000;2;2000;16;43310;110;386637;53;569080;0;0;2;2000;2;2000;0;0;0;0;10;11140;2;2010;31;269778;99;513442;57;174286;43;136186
30.07.2021 00:00;2;2000;2;2000;9;80430;50;154150;27;283400;0;0;2;1990;2;1990;0;0;0;0;5;5920;0;0;11;179166;41;164200;19;52450;25;55150
30.07.2021 01:00;0;0;1;990;3;3360;34;88584;9;132090;0;0;0;0;1;1000;0;0;0;0;1;1100;0;0;6;62180;25;100337;9;15890;17;48405
30.07.2021 02:00;0;0;0;0;5;1690;25;50730;8;145262;0;0;0;0;0;0;0;0;0;0;1;1100;1;1010;4;46200;20;74980;12;22140;15;31460
30.07.2021 03:00;0;0;0;0;2;880;13;50574;9;179670;0;0;0;0;0;0;0;0;0;0;1;2210;0;0;5;12680;13;82164;2;4400;8;19630
30.07.2021 04:00;1;1000;0;0;7;111694;40;62780;13;235236;2;22980;1;1000;0;0;0;0;0;0;0;0;0;0;4;40570;34;118380;10;17360;17;30490
30.07.2021 05:00;3;3000;3;2990;7;42330;133;325240;31;373800;0;0;3;2990;3;3000;0;0;0;0;4;4030;0;0;10;97730;119;609795;47;187890;28;61960
30.07.2021 06:00;4;3990;4;4000;21;144960;299;745715;87;1114540;3;30520;4;3990;4;4000;0;0;0;0;7;8170;1;1010;29;350563;197;1360717;86;694829;56;276630
30.07.2021 07:00;5;5000;4;4000;35;382550;396;1194660;166;1660366;0;0;5;5000;4;3980;0;0;0;0;13;16590;6;6080;39;567572;190;2260101;101;1156259;112;718264
30.07.2021 08:00;4;3990;4;4000;56;685287;444;1200858;225;1953870;9;5120;4;4000;4;4000;0;0;0;0;28;30400;5;5290;72;984189;200;2501788;92;1476287;99;1052009
30.07.2021 09:00;4;3990;4;4000;49;419787;410;1288617;262;2109707;13;12730;4;3990;4;4000;0;0;0;0;44;50016;10;10120;63;963862;200;2521275;116;1545720;113;1228298
30.07.2021 10:00;4;3990;4;4000;69;531602;416;1417254;241;1776697;3;1230;4;4000;4;4000;0;0;0;0;45;51030;17;17850;77;1115658;189;2683836;113;1636873;127;1067101
30.07.2021 11:00;4;3990;4;4000;73;724438;341;1481759;255;1926491;7;2660;4;4000;4;4000;0;0;0;0;43;50710;6;6600;92;1379511;161;2527732;121;1551388;148;1266008
30.07.2021 12:00;4;3990;4;4000;93;846884;412;1568422;236;2174299;5;3900;4;4000;4;4000;0;0;0;0;39;42380;8;8050;87;1550858;203;2546469;115;1853918;122;1429975
30.07.2021 13:00;4;3990;4;4000;84;742599;464;1189871;236;2103011;5;29100;4;4000;4;3990;0;0;0;0;34;43600;12;12090;88;1706075;258;2195664;127;1932206;161;1482746
30.07.2021 14:00;4;4000;4;4000;73;649198;476;1655283;257;2177845;4;75900;4;4000;4;4000;0;0;0;0;55;67295;17;18050;91;1429790;240;2637545;144;2263201;149;1808124
30.07.2021 15:00;4;4000;4;4000;89;900500;489;1494081;249;1971462;4;1310;4;3990;4;3980;0;0;0;0;37;44370;13;13340;92;1321514;252;2705852;125;1956548;162;1496098
30.07.2021 16:00;4;4054;4;3990;82;684319;446;1433953;245;2171001;6;21960;4;4000;4;4000;0;0;0;0;33;35840;16;16660;83;1001215;214;2264245;127;2024832;140;1612813
30.07.2021 17:00;4;4000;4;4000;72;539441;481;1430255;265;2279937;10;64720;4;4000;4;4000;0;0;0;0;37;42530;6;6040;92;1191475;253;2330693;145;2005949;137;1616758
30.07.2021 18:00;4;3980;4;4000;70;646622;430;1298704;240;1854081;3;1040;4;4000;4;3990;0;0;0;0;39;42700;17;17640;83;1363794;226;2068923;120;1801806;152;1467053
30.07.2021 19:00;4;3990;4;3990;60;595070;374;1094463;183;1854641;5;4230;4;4000;4;4000;0;0;0;0;41;45740;4;4030;59;1115520;204;1745964;128;1455317;108;1110682
30.07.2021 20:00;4;4000;5;5000;41;458154;271;1198324;125;1009501;1;790;4;4000;5;5000;0;0;0;0;49;60530;3;3030;58;904326;141;1613050;92;850513;110;591319
30.07.2021 21:00;2;1990;2;2000;39;115783;237;774686;120;997743;1;1040;2;1990;2;2000;0;0;0;0;16;18110;6;6100;57;584414;159;1201334;90;507742;92;423637
30.07.2021 22:00;2;2000;2;1990;33;288787;256;886316;97;819852;0;0;2;2000;2;2000;0;0;0;0;26;35685;8;8040;50;706584;151;1368671;103;575366;106;483676
30.07.2021 23:00;2;2000;2;2000;22;156450;161;712690;78;529371;0;0;2;2000;2;2000;0;0;0;0;17;19700;8;8030;22;235950;119;835494;82;410668;64;263585
31.07.2021 00:00;2;2000;2;2000;30;191870;91;316870;53;476096;0;0;2;2000;2;2000;0;0;0;0;3;4190;4;4066;20;213300;68;365324;31;117340;35;98888
31.07.2021 01:00;0;0;1;1000;13;116000;59;143590;17;273772;1;190;0;0;1;1000;0;0;0;0;3;3850;2;2010;6;79089;44;201400;35;74410;21;81630
31.07.2021 02:00;0;0;0;0;8;99900;41;34370;10;116589;1;449;0;0;0;0;0;0;0;0;4;4680;1;1000;10;129895;33;120050;24;55300;25;56050
31.07.2021 03:00;0;0;0;0;11;41320;34;88270;24;336022;1;520;0;0;0;0;0;0;0;0;0;0;0;0;4;19490;31;112100;16;26800;8;31320
31.07.2021 04:00;1;1000;0;0;7;73910;27;53224;13;174870;0;0;1;990;0;0;0;0;0;0;0;0;2;2000;11;155746;25;98140;16;32030;17;29810
31.07.2021 05:00;3;3000;3;3000;7;14890;59;118670;16;202585;0;0;3;3000;3;3000;0;0;0;0;0;0;0;0;9;138234;50;167840;22;51410;25;66015
31.07.2021 06:00;4;3990;4;4000;10;74300;89;256155;19;260290;0;0;4;3990;4;4000;0;0;0;0;4;5010;1;1000;7;68460;81;229880;38;143680;33;102520
31.07.2021 07:00;4;4000;4;3990;12;112120;109;409076;53;539439;1;200;4;4000;4;4000;0;0;0;0;5;6840;0;0;16;235012;95;604424;62;361034;49;173380
31.07.2021 08:00;5;5000;4;3990;23;222270;198;703876;101;877068;1;130;5;5000;4;4000;0;0;0;0;13;14300;4;4510;21;230200;132;1085570;81;480050;81;391060
31.07.2021 09:00;4;4000;4;4000;33;425980;293;1278040;164;1280866;1;320;4;4000;4;4000;0;0;0;0;28;29360;6;6050;50;724086;140;1748140;102;1429946;107;892648
31.07.2021 10:00;4;4054;4;3990;50;331715;319;1335832;200;1796190;5;2660;4;4000;4;3990;0;0;0;0;37;46622;12;12450;66;1025839;158;2114025;112;1345561;140;1129376
31.07.2021 11:00;4;4000;4;3990;84;798182;369;1094519;218;1903238;1;320;4;4000;4;4000;0;0;0;0;37;41530;6;6050;75;1228809;171;2159876;123;1450869;132;1390090
31.07.2021 12:00;4;4000;4;4000;64;359806;372;1332629;241;1620019;3;1230;4;4000;4;3990;0;0;0;0;35;35950;8;8080;68;1101636;154;2275890;108;1659169;139;1156041
31.07.2021 13:00;4;4000;4;4000;77;523074;386;1155250;231;1583591;6;79950;4;3980;4;4000;0;0;0;0;43;51330;5;5030;80;1439149;173;2230709;122;1691768;133;1385805
31.07.2021 14:00;4;4000;4;4000;56;505030;371;1032375;220;1789478;0;0;4;3980;4;3990;0;0;0;0;39;41430;11;11270;65;1199961;173;1951674;118;1780779;156;1205785
31.07.2021 15:00;4;4000;4;4000;58;512732;355;1313542;192;1528887;1;720;4;3990;4;4000;0;0;0;0;38;40910;14;14270;50;897017;149;2385094;127;1710342;115;1064057
31.07.2021 16:00;4;4000;4;4000;65;585140;324;1208418;173;1536023;3;13950;4;3990;4;4000;0;0;0;0;28;29930;16;16190;67;935946;175;1840350;120;1397368;152;1073969
31.07.2021 17:00;4;3990;5;5000;66;606215;360;1262696;171;1329703;3;6870;4;3980;5;5000;0;0;0;0;38;44320;18;18190;71;1140653;173;2098683;122;1287812;127;1053791
31.07.2021 18:00;4;3990;4;4000;54;297807;353;1336523;175;1669877;6;4630;4;4000;4;4000;0;0;0;0;41;48040;10;10160;69;1376060;194;2115033;122;1470414;120;1098713
31.07.2021 19:00;4;4000;4;4000;49;291790;305;1296950;166;1185190;4;35700;4;3990;4;3990;0;0;0;0;49;59810;7;7050;74;1175755;172;1713868;107;1137152;107;713309
31.07.2021 20:00;2;1990;2;1980;39;182588;276;1026018;123;1021427;2;23620;2;2000;2;2000;0;0;0;0;19;21040;14;14128;53;520310;162;1348804;91;709304;110;742347
31.07.2021 21:00;2;2000;2;2000;28;270650;245;995817;100;857422;3;1100;2;2000;2;1990;0;0;0;0;26;30470;9;9170;45;489114;155;1385126;101;612424;104;606560
31.07.2021 22:00;2;2000;2;2000;30;295252;222;626029;101;813204;1;200;2;1990;2;2000;0;0;0;0;31;39010;2;2000;53;609432;165;1089506;96;452890;95;309252
31.07.2021 23:00;2;1990;2;2000;24;218770;198;652949;75;602242;3;1750;2;2000;2;1990;0;0;0;0;25;27630;5;5200;33;438366;157;1176054;86;383975;66;163882
01.08.2021 00:00;2;2000;2;2000;17;108640;108;254790;37;377750;1;200;2;2000;2;2000;0;0;0;0;3;3280;1;1010;24;147718;87;442323;52;197964;51;171870
01.08.2021 01:00;0;0;1;1000;15;131070;67;259435;30;367250;1;37760;0;0;1;1045;0;0;0;0;7;7580;0;0;20;273500;67;271913;37;83587;38;85690
01.08.2021 02:00;0;0;0;0;9;188810;56;204182;25;272286;1;840;0;0;0;0;0;0;0;0;4;5030;0;0;12;231145;46;210151;32;59210;19;64490
01.08.2021 03:00;0;0;0;0;7;7600;39;45520;15;149370;1;190;0;0;0;0;0;0;0;0;2;2020;0;0;5;37590;28;92300;13;32576;14;34910
01.08.2021 04:00;0;0;0;0;6;73820;26;73210;9;134710;0;0;0;0;0;0;0;0;0;0;0;0;0;0;2;56640;20;67730;14;38440;9;24210
01.08.2021 05:00;2;2000;1;1000;6;13040;29;55170;14;216140;2;42150;2;2000;1;1000;0;0;0;0;1;1010;0;0;12;120554;19;95780;16;43990;17;31000
01.08.2021 06:00;2;2000;2;2000;5;27670;36;50000;12;132260;1;24060;2;2000;2;2000;0;0;0;0;0;0;0;0;3;13030;31;88620;23;57910;12;29160
01.08.2021 07:00;2;2000;2;2000;5;23460;34;70200;16;276367;0;0;2;2000;2;2000;0;0;0;0;1;1010;1;1010;11;235334;30;79250;31;152610;21;51470
01.08.2021 08:00;2;2000;2;2000;7;47050;82;224570;63;750174;1;130;2;2000;2;2000;0;0;0;0;9;18530;0;0;13;169029;69;343780;53;230340;27;97930
01.08.2021 09:00;2;1990;2;2000;22;169166;184;644376;94;713531;0;0;2;2000;2;2000;0;0;0;0;11;11730;4;4030;23;328651;135;834004;84;565042;53;295696
01.08.2021 10:00;2;2000;2;2062;23;130450;214;646896;121;961741;1;390;2;1990;2;2000;0;0;0;0;18;19080;5;5040;37;508370;131;1033433;89;821493;107;561365
01.08.2021 11:00;2;2000;2;1990;27;122247;253;665900;147;1150600;1;720;2;2000;2;1990;0;0;0;0;15;19010;3;3030;35;362367;163;1232843;100;1012892;100;661739
01.08.2021 12:00;3;3000;3;2990;45;337570;322;1168128;144;1156041;2;1170;3;2990;3;3000;0;0;0;0;26;29210;5;5150;52;627406;169;1733609;133;1091763;111;682614
01.08.2021 13:00;4;4000;4;3990;37;285500;304;984444;176;1487022;1;260;4;4000;4;4000;0;0;0;0;12;12560;9;9050;54;595071;168;1585176;117;1196800;130;748465
01.08.2021 14:00;4;4000;4;3990;40;235770;357;1074711;174;1393748;4;25805;4;4000;4;4000;0;0;0;0;22;24650;3;3030;34;622246;177;1818322;124;1160075;107;633766
01.08.2021 15:00;4;4000;4;4000;38;280305;330;1201023;150;1266687;4;1430;4;4000;4;4000;0;0;0;0;12;12590;12;12100;58;623369;173;1762938;106;964131;109;650158
01.08.2021 16:00;4;3990;4;3990;42;219007;346;952537;197;1347839;2;1300;4;4000;4;4000;0;0;0;0;22;22220;7;7020;48;460683;190;1793935;100;902957;95;616600
01.08.2021 17:00;4;4000;4;3990;46;325519;362;1160665;183;1374950;4;1170;4;4000;4;4000;0;0;0;0;20;21810;12;12170;66;757381;182;2074564;123;1108566;96;517540
01.08.2021 18:00;4;4000;4;4000;46;341012;371;1216235;185;1215776;4;2080;4;4000;4;4000;0;0;0;0;29;37660;7;7020;58;552441;185;1882589;135;1111571;98;702649
01.08.2021 19:00;2;2000;2;1980;41;408792;315;1124701;189;1410489;1;390;2;2000;2;2000;0;0;0;0;21;25330;8;8060;50;745400;160;1690460;116;926301;107;750500
01.08.2021 20:00;2;1990;2;1990;44;387069;243;875214;118;1037954;2;780;2;2000;2;2000;0;0;0;0;25;28680;10;10140;44;489894;144;1401864;113;773116;105;594300
01.08.2021 21:00;2;1990;2;2000;31;170450;235;908097;94;884609;2;15960;2;2000;2;2000;0;0;0;0;14;16660;2;2010;47;485782;148;1225782;91;557110;71;429458
01.08.2021 22:00;2;1980;2;1990;27;294800;136;545380;60;427084;2;780;2;2000;2;1990;0;0;0;0;8;8410;1;1000;36;311390;102;640271;66;275644;61;199070
01.08.2021 23:00;2;1990;2;1990;13;116470;75;310609;30;410950;0;0;2;2000;2;1990;0;0;0;0;5;5040;0;0;13;174980;57;288380;34;92796;34;94270
02.08.2021 00:00;2;2000;2;1990;8;36840;40;153331;20;215730;0;0;2;2000;2;2000;0;0;0;0;3;3030;1;1010;4;28520;36;132510;19;40570;14;47820
02.08.2021 01:00;0;0;1;1000;1;18532;32;50190;14;148040;2;16460;0;0;1;1000;0;0;0;0;1;1010;0;0;4;55922;27;103620;11;26090;25;54640
02.08.2021 02:00;0;0;0;0;2;35760;18;9360;4;118010;0;0;0;0;0;0;0;0;0;0;0;0;0;0;1;16230;15;63710;5;6720;13;20780
02.08.2021 03:00;0;0;0;0;0;0;19;10280;4;67550;1;31960;0;0;0;0;0;0;0;0;0;0;0;0;0;0;21;73030;15;30727;6;21500
02.08.2021 04:00;1;1000;0;0;5;55640;45;88890;11;257097;0;0;1;1000;0;0;0;0;0;0;0;0;0;0;5;57050;37;152360;10;21845;11;28010
02.08.2021 05:00;3;3000;3;3000;10;32620;162;293516;33;516349;0;0;3;3000;3;3000;0;0;0;0;2;2190;0;0;9;56130;114;680545;43;161689;31;81830
02.08.2021 06:00;4;4000;4;3990;27;314378;325;841598;83;981392;1;16202;4;4000;4;4000;0;0;0;0;3;3990;2;2030;27;546588;181;1647430;92;800696;47;210466
02.08.2021 07:00;5;4990;4;4000;34;402416;485;970262;166;2020896;5;59220;5;5000;4;4000;0;0;0;0;15;15930;9;10040;38;788510;187;2625485;96;1463804;108;906058
02.08.2021 08:00;4;4000;4;4000;57;739879;506;1169734;208;1863906;7;3170;4;3990;4;3990;0;0;0;0;30;50880;9;10580;59;1025771;227;2533987;85;1566455;91;1123120
02.08.2021 09:00;4;3990;4;4000;51;540680;402;1295795;263;2084913;8;35640;4;4000;4;4000;0;0;0;0;35;41540;9;9070;79;1237098;200;2255505;90;1802782;100;1225966
02.08.2021 10:00;4;3990;4;3990;64;631415;391;1513680;229;1607663;7;3630;4;3990;4;4000;0;0;0;0;38;47410;20;20770;69;1135783;171;2558478;116;1725256;119;1143093
02.08.2021 11:00;4;3990;4;4000;61;995112;360;1293863;238;1658997;8;134346;4;4000;5;5000;0;0;0;0;33;40060;7;7050;109;1431588;140;2486087;97;1395750;101;756792
02.08.2021 12:00;4;3990;4;3990;80;654490;348;1310465;237;1948363;6;43950;4;4000;4;3990;0;0;0;0;40;49310;9;9280;93;1153932;157;2248559;125;1489219;121;743446
02.08.2021 13:00;4;3990;4;4000;66;501006;370;1466643;247;1818401;8;225560;4;4000;4;3980;0;0;0;0;34;49250;7;7510;73;1269338;157;2428689;120;1810943;124;1012938
02.08.2021 14:00;4;4000;4;4000;67;522234;381;1469089;189;1651137;2;520;4;4000;4;3990;0;0;0;0;34;36075;6;6050;88;1429809;185;2246790;131;1980379;118;1303483
02.08.2021 15:00;4;4000;4;3990;67;541199;395;1398155;252;2024631;11;7540;4;4000;4;4000;0;0;0;0;45;56570;8;8300;88;1392891;198;2261875;119;2100368;115;1351140
02.08.2021 16:00;4;3980;4;3990;97;700037;484;1268888;249;2436704;12;6070;4;4000;4;3990;0;0;0;0;32;35360;15;15090;88;1314564;228;2450627;131;2446900;120;1647500
02.08.2021 17:00;4;3990;4;3990;82;730709;452;1636064;247;2371486;3;1090;4;3990;4;4000;0;0;0;0;45;51990;18;18700;91;1423841;276;2334633;120;2178786;135;1245880
02.08.2021 18:00;4;4000;4;4000;95;685562;438;1141790;206;2050676;3;1610;4;3980;4;4000;0;0;0;0;58;70083;14;14090;86;1353046;233;2072913;138;1751687;133;1073840
02.08.2021 19:00;4;4000;4;4000;61;493876;363;940596;128;1283367;2;1230;4;4000;4;3980;0;0;0;0;29;33313;11;12450;77;1078565;205;1540748;122;1658956;113;1108731
02.08.2021 20:00;4;4000;5;5000;46;488884;234;910208;115;1023783;3;1100;4;4000;5;4990;0;0;0;0;18;18740;5;5030;57;890284;137;1362079;89;932493;87;605384
02.08.2021 21:00;2;1990;2;2000;37;288548;200;725276;89;895792;1;36630;2;2000;2;2000;0;0;0;0;8;8460;4;4030;51;523215;122;1047837;85;651664;96;633290
02.08.2021 22:00;2;2000;2;1990;29;168052;164;678689;73;797170;3;2670;2;1990;2;2000;0;0;0;0;8;8914;5;5030;45;449366;118;1067388;66;400488;61;432685
02.08.2021 23:00;2;2000;2;2000;11;39800;90;404094;31;342451;0;0;2;2000;2;1990;0;0;0;0;7;7110;3;3040;27;355594;72;467470;42;209920;50;217574
03.08.2021 00:00;3;3000;3;3000;11;58580;38;138130;20;347595;1;21890;3;3000;3;3000;0;0;0;0;0;0;2;2020;12;133035;27;123000;23;101450;20;64930
03.08.2021 01:00;0;0;1;1000;0;0;32;87140;12;176520;1;15930;0;0;1;1000;0;0;0;0;1;1010;0;0;3;43860;17;98740;9;27550;17;53150
03.08.2021 02:00;0;0;0;0;1;560;19;19430;8;59510;0;0;0;0;0;0;0;0;0;0;0;0;0;0;1;2320;16;77666;4;8930;8;19690
03.08.2021 03:00;0;0;0;0;2;59161;17;9520;4;80060;0;0;0;0;0;0;0;0;0;0;0;0;0;0;0;0;14;54650;3;8120;4;9610
03.08.2021 04:00;1;1000;0;0;4;7655;28;54600;8;125880;1;16570;1;1000;0;0;0;0;0;0;0;0;0;0;3;39080;27;146144;15;52417;17;42630
03.08.2021 05:00;3;3000;3;3000;10;180064;162;299446;44;739270;3;58400;3;3000;3;3000;0;0;0;0;0;0;1;1010;15;201834;104;777200;37;165540;26;103814
03.08.2021 06:00;4;3990;4;3990;16;283270;352;733651;95;1273736;2;47340;4;3990;4;3990;0;0;0;0;6;7386;3;3040;30;639696;174;1488617;91;860752;70;310550
03.08.2021 07:00;5;5000;4;4000;41;574590;518;1392392;179;1812989;6;2450;5;5000;4;4000;0;0;0;0;15;18250;7;7120;35;814874;218;2609025;97;1508566;88;859200
03.08.2021 08:00;4;4000;4;4000;53;753233;496;1430779;233;2101068;2;51570;4;3990;4;4000;0;0;0;0;21;23910;4;4150;62;931585;263;2600861;93;1672912;95;1256442
03.08.2021 09:00;4;4000;4;3990;55;535770;417;1567109;235;1924948;8;4340;4;4000;4;4000;0;0;0;0;37;38040;7;7090;63;921513;184;2487081;93;1626162;103;830489
03.08.2021 10:00;4;4000;4;3990;58;555040;378;1421686;238;1875050;7;4150;4;4000;4;4000;0;0;0;0;28;30630;16;16273;92;1314134;135;2506110;94;1441012;135;925563
03.08.2021 11:00;4;4000;4;4000;74;567058;376;1612982;229;1821014;4;3120;4;4000;4;3990;0;0;0;0;29;31380;8;8450;98;1430892;154;2207620;107;1573415;106;903001
03.08.2021 12:00;4;4000;4;3990;58;469193;371;1319762;218;1836385;7;4610;4;4000;4;4000;0;0;0;0;39;44910;11;11160;89;1483147;153;2463828;116;1606929;117;966641
03.08.2021 13:00;4;3980;4;4000;76;559823;338;1400850;219;1655387;5;2860;4;4000;4;3990;0;0;0;0;47;55820;15;15650;96;1221467;136;2242230;139;1987780;115;1229675
03.08.2021 14:00;4;4000;4;4000;76;588043;408;1610824;213;2001461;9;6690;4;3990;4;4000;0;0;0;0;29;31330;15;15560;80;1295638;178;2406908;133;2219073;130;1289121
03.08.2021 15:00;4;4000;4;4000;84;500030;438;1309940;241;1873973;8;5050;4;3990;4;3960;0;0;0;0;42;47870;11;12110;87;1531174;209;2315656;127;2431821;127;1145176
03.08.2021 16:00;3;2990;4;4000;90;897231;498;1788055;259;2334284;9;5440;4;4000;4;4000;0;0;0;0;29;30340;5;5090;93;1499213;222;2550810;125;2375747;132;1488106
03.08.2021 17:00;5;4990;4;3990;85;710604;509;1433375;246;2375052;5;3490;4;4000;4;4000;0;0;0;0;32;37010;10;10150;104;1707764;236;2553232;113;2441203;122;1814037
03.08.2021 18:00;4;4000;4;3990;72;520686;462;1307172;207;2053000;2;910;4;3990;4;4000;0;0;0;0;37;43180;11;11290;83;1260851;218;2214030;147;1934079;151;1366704
03.08.2021 19:00;4;3990;4;4000;51;797313;327;1017317;133;1588650;2;710;4;4000;4;3980;0;0;0;0;20;21700;4;4060;85;1489869;208;1514779;94;1448977;110;917718
03.08.2021 20:00;4;4000;5;5000;31;149954;239;991716;113;1107694;2;650;4;3990;5;5000;0;0;0;0;21;26210;6;6100;68;896329;133;1418584;87;877356;97;528850
03.08.2021 21:00;2;2000;2;2000;27;180430;219;815345;84;886223;1;23770;2;2000;2;1990;0;0;0;0;27;32455;5;5090;33;529152;133;1203450;92;762372;85;485546
03.08.2021 22:00;2;2000;2;2000;25;238440;170;636236;85;848359;2;910;2;1990;2;2000;0;0;0;0;5;6470;4;4180;39;547711;119;889000;83;455957;71;327656
03.08.2021 23:00;2;2000;2;2000;13;35590;86;356800;26;364617;0;0;2;2000;2;2000;0;0;0;0;14;14430;4;4060;29;366269;81;334816;54;260170;34;141484
04.08.2021 00:00;2;2000;2;2000;9;143370;33;174100;18;301620;0;0;2;2000;2;2000;0;0;0;0;3;3320;3;3030;4;33480;28;144710;20;52890;19;47890
04.08.2021 01:00;0;0;1;1000;2;5760;11;7120;4;58280;1;16070;0;0;1;1000;0;0;0;0;1;1520;2;2080;4;59620;8;26620;11;22740;10;29070
04.08.2021 02:00;0;0;0;0;2;16560;23;60400;4;87000;0;0;0;0;0;0;0;0;0;0;0;0;3;3430;2;42590;17;60516;3;5660;8;18890
04.08.2021 03:00;0;0;0;0;4;1680;14;8390;6;104140;1;780;0;0;0;0;0;0;0;0;0;0;0;0;1;47380;13;47210;3;5360;3;9600
04.08.2021 04:00;1;1000;0;0;5;39820;34;30600;9;142280;0;0;1;1000;0;0;0;0;0;0;0;0;0;0;4;13590;27;102600;11;23080;12;36046
04.08.2021 05:00;3;3000;3;2980;8;26910;153;296880;38;580764;1;200;3;2990;3;3000;0;0;0;0;1;1180;0;0;13;128030;94;700237;46;141290;19;70860
04.08.2021 06:00;4;3990;4;4000;22;233640;355;828715;84;1117061;2;1360;4;4000;4;4000;0;0;0;0;6;6250;2;2040;31;352196;221;1553762;86;827502;61;298062
04.08.2021 07:00;5;4990;4;4000;41;518890;454;1183602;156;1791230;5;33890;5;4980;4;4000;0;0;0;0;9;14270;4;4067;36;864114;230;2357353;91;1524309;96;877155
04.08.2021 08:00;4;4000;4;3990;55;713939;490;1318079;207;1957910;5;2460;4;4000;4;4000;0;0;0;0;19;26070;12;12190;40;812333;234;2475107;85;1611264;99;937835
04.08.2021 09:00;4;3970;4;4000;58;579858;378;1270999;219;2046428;3;1690;4;4000;4;3990;0;0;0;0;30;31100;9;9110;66;1139960;180;2139808;113;1587380;115;1140255
04.08.2021 10:00;4;4000;4;4000;67;474118;385;1343517;217;1560501;6;120994;4;4000;4;4000;0;0;0;0;36;40070;12;12160;64;1052090;152;2469315;109;1435905;126;1391825
04.08.2021 11:00;4;4000;4;4000;71;519600;382;1419041;269;1943811;8;60760;4;4000;4;4000;0;0;0;0;26;29630;9;9700;87;1182148;144;2376180;109;1489599;121;964943
04.08.2021 12:00;4;4000;4;4000;56;561558;376;1351245;238;1687011;8;59660;4;4000;4;4000;0;0;0;0;28;29170;14;14230;89;1347078;147;2553563;115;1608533;120;1139543
04.08.2021 13:00;4;3990;4;3990;58;457180;425;1389376;218;1806513;6;423740;4;4000;4;4000;0;0;0;0;25;28090;9;9200;83;1149011;159;2540459;116;1785280;126;1365167
04.08.2021 14:00;4;4000;4;4065;69;476829;427;1584140;214;1870381;4;1490;4;3990;4;4000;0;0;0;0;30;32610;11;11110;79;1389437;159;2341861;142;2012434;153;1444101
04.08.2021 15:00;4;4000;4;4000;88;766238;423;1436439;258;2200894;9;3950;4;4000;4;3990;0;0;0;0;36;38830;3;3050;95;1483190;210;2356207;146;2115189;118;1317136
04.08.2021 16:00;4;4000;4;4000;80;773864;478;1252490;239;2007903;7;3640;4;4000;4;4000;0;0;0;0;46;56910;13;13597;83;1299106;195;2458994;138;2368936;137;1354812
04.08.2021 17:00;4;4000;4;4000;90;680759;486;1179554;234;2052737;4;1880;4;3990;4;4000;0;0;0;0;41;46740;18;20120;100;1266158;225;2493462;137;1898501;137;1278963
04.08.2021 18:00;4;3990;4;3990;88;636800;428;1356444;206;1763182;5;15000;4;4000;4;4000;0;0;0;0;35;37130;12;12160;84;1149525;208;1904946;125;2097037;132;1545965
04.08.2021 19:00;4;3990;4;4000;55;382527;344;871815;183;1450492;2;580;4;4000;4;4000;0;0;0;0;44;53260;6;6080;84;1386752;202;1463037;120;1505775;112;1145573
04.08.2021 20:00;4;4000;5;4980;42;442760;269;997239;116;1066426;2;970;4;3990;5;4990;0;0;0;0;25;26433;6;6090;58;862335;158;1470038;115;771628;110;745796
04.08.2021 21:00;2;2000;2;2000;31;127710;231;673310;89;871963;2;850;2;2000;2;2000;0;0;0;0;19;20570;12;12480;48;589723;146;1232909;103;505578;91;402570
04.08.2021 22:00;2;2000;2;2000;23;77393;166;725070;80;618803;2;16790;2;2000;2;2000;0;0;0;0;19;21990;3;3040;40;519089;111;779049;80;394765;68;374338
04.08.2021 23:00;2;1990;2;2000;17;118520;103;324481;45;673157;1;45320;2;2000;2;2000;0;0;0;0;4;5109;6;6080;22;248203;87;426181;50;131254;42;104990
05.08.2021 00:00;2;1990;2;2000;7;52150;53;216310;28;275425;0;0;2;1990;2;2000;0;0;0;0;1;1350;2;2030;12;156850;39;198230;11;27884;21;77420
05.08.2021 01:00;0;0;1;1000;6;33022;21;13930;7;119944;1;16154;0;0;1;1000;0;0;0;0;3;3030;0;0;7;108379;18;53700;11;22870;10;24910
05.08.2021 02:00;0;0;0;0;2;39264;6;4180;8;59394;0;0;0;0;0;0;0;0;0;0;0;0;0;0;1;640;5;14700;6;14210;2;5760
05.08.2021 03:00;0;0;0;0;1;320;19;11210;4;40520;0;0;0;0;0;0;0;0;0;0;0;0;0;0;2;10150;17;66540;3;6710;9;19940
05.08.2021 04:00;1;1000;0;0;4;42720;33;16660;6;111580;1;15030;1;1000;0;0;0;0;0;0;1;1410;0;0;6;71326;28;105105;16;55810;9;38573
05.08.2021 05:00;3;3000;3;3000;10;113380;143;310074;38;564618;0;0;3;2980;3;3000;0;0;0;0;5;6380;1;1010;14;195055;102;720654;49;147348;28;80670
05.08.2021 06:00;4;3980;4;4000;15;164210;332;756895;80;1019562;1;720;4;3990;4;3980;0;0;0;0;10;11780;3;3050;25;448280;189;1526817;90;819135;43;258615
05.08.2021 07:00;5;5000;4;3990;35;395180;498;1109196;144;1840776;4;60240;5;5000;4;4000;0;0;0;0;13;13300;5;5210;44;871660;209;2402282;102;1321622;93;847145
05.08.2021 08:00;4;4000;4;4000;53;687290;498;1229866;206;1861032;5;3520;4;4000;4;4000;0;0;0;0;17;18130;9;9670;51;908414;219;2321053;83;1473445;113;1016435
05.08.2021 09:00;4;4000;4;3990;58;640790;416;1187986;202;1898836;4;1820;4;4000;4;4000;0;0;0;0;30;35190;10;10210;55;965039;206;2248010;105;1501811;118;1157991
05.08.2021 10:00;4;4000;4;4000;65;623776;390;1422965;225;1843954;4;2400;4;3990;4;3990;0;0;2;960;40;49340;14;14200;71;1196631;166;2431135;111;1578228;135;1231976
05.08.2021 11:00;4;4000;4;4000;69;530428;391;1454042;228;1589476;8;41400;4;3990;4;4000;0;0;0;0;30;33336;13;13210;95;1648997;147;2529654;113;1585617;113;1254650
05.08.2021 12:00;4;4000;4;4000;59;459222;397;1519739;250;1914349;8;3700;4;3990;4;4000;0;0;0;0;33;35850;16;16230;80;1462135;160;2454005;120;1774919;114;1016457
05.08.2021 13:00;4;4000;4;3990;73;607399;411;1228955;233;1945664;2;720;4;4000;4;3980;0;0;0;0;27;30750;6;6050;88;1289170;166;2476060;137;1897864;134;972479
05.08.2021 14:00;4;4000;4;3990;74;730707;391;1327140;219;1761800;3;11930;4;3990;4;4000;0;0;0;0;38;45210;17;18100;84;1378333;192;2202657;128;2018803;123;1316922
05.08.2021 15:00;4;4000;4;4000;70;802999;438;1203641;260;2049286;5;51810;4;4000;4;4000;0;0;0;0;48;56710;14;14170;78;1283062;202;2357041;135;2257292;145;1260705
05.08.2021 16:00;4;3980;4;4000;85;598255;465;1593875;240;2467662;1;1500;4;3990;4;4000;0;0;0;0;40;45120;11;11220;87;1397474;241;2587290;98;2677530;156;1768256
05.08.2021 17:00;4;4000;4;3990;109;640070;495;1549759;265;2454242;9;5140;4;4000;4;4000;0;0;0;0;32;35460;13;13880;96;1342885;254;2679706;146;2515034;154;1846347
05.08.2021 18:00;4;3990;4;4000;99;552900;494;1462882;256;2300914;1;390;4;4000;4;4000;0;0;0;0;53;55738;14;14280;97;1636130;229;2344795;120;2005764;136;1698653
05.08.2021 19:00;4;4000;4;4000;62;694625;363;1130984;153;1846558;1;850;4;4000;4;4000;0;0;0;0;47;52630;16;16920;75;1330696;207;1544973;101;1557305;122;999638
05.08.2021 20:00;4;4000;5;5000;49;375103;235;1021465;150;1092573;0;0;4;4000;5;4990;0;0;0;0;27;27650;11;11120;67;902725;143;1257687;101;903299;90;498677
05.08.2021 21:00;2;2000;2;2000;25;126270;225;672884;120;944925;1;200;2;2000;2;2000;0;0;0;0;9;9990;2;2020;50;513630;159;1173413;109;654830;85;575765
05.08.2021 22:00;2;1990;2;2000;30;213640;171;655050;95;694155;1;200;2;2000;2;1990;0;0;0;0;22;24810;4;4070;48;515066;130;931734;94;432482;82;403410
05.08.2021 23:00;2;1990;2;1990;17;71950;113;292710;50;280825;2;18935;2;2000;2;2000;0;0;0;0;15;17170;5;5030;24;235580;91;472957;62;231718;48;149430
06.08.2021 00:00;2;1990;2;2000;7;52190;58;215614;23;341310;0;0;2;2000;2;2000;0;0;0;0;4;4970;3;3030;11;115703;43;229260;22;58640;22;70420
06.08.2021 01:00;0;0;1;1000;9;6670;33;28330;11;140002;0;0;0;0;1;1000;0;0;0;0;0;0;1;1010;5;89140;18;65960;9;21980;14;37210
06.08.2021 02:00;0;0;0;0;0;0;13;13050;6;136520;1;840;0;0;0;0;0;0;0;0;0;0;1;1010;2;7690;10;37923;3;6240;11;30160
06.08.2021 03:00;0;0;0;0;4;44590;15;10960;5;65480;0;0;0;0;0;0;0;0;0;0;1;1010;0;0;0;0;9;33150;8;14120;13;34420
06.08.2021 04:00;1;1000;0;0;7;48400;28;38640;11;294613;1;47580;1;1000;0;0;0;0;0;0;0;0;0;0;11;77150;23;89210;8;21690;17;55730
06.08.2021 05:00;3;3055;3;3000;11;77540;128;491344;30;465620;2;380;3;3000;3;2990;0;0;0;0;3;3130;0;0;9;89885;86;774521;39;128820;30;136110
06.08.2021 06:00;4;4000;4;3970;16;239781;326;820925;80;989681;1;51989;4;3990;4;4000;0;0;0;0;5;5100;2;2010;25;366706;126;1706691;84;893748;75;376282
06.08.2021 07:00;5;5000;4;4000;31;380370;472;1419974;149;1909994;5;101750;5;5000;4;4000;0;0;0;0;6;8100;6;6030;42;603175;155;2465357;94;1469356;83;770702
06.08.2021 08:00;4;4000;4;4068;49;443721;443;1407581;202;1945307;5;2540;4;3990;4;3990;0;0;0;0;23;25290;9;9200;48;757854;177;2329671;103;1483387;107;1186506
06.08.2021 09:00;4;4000;4;4000;41;450230;426;1137825;235;1930454;2;1170;4;4000;4;4000;0;0;0;0;30;34760;16;16210;74;948150;181;2384380;95;1536136;103;1090982
06.08.2021 10:00;4;3990;4;4000;70;843379;397;1557783;244;2120488;8;4590;4;3990;4;3990;0;0;1;1070;25;27070;10;10070;72;1313275;159;2529994;101;1553544;127;1299107
06.08.2021 11:00;4;4000;4;4000;84;687386;430;1503933;238;1911084;5;2920;4;3990;4;3990;0;0;0;0;29;29840;5;5050;82;1370708;177;2531701;128;1703510;145;1225549
06.08.2021 12:00;4;3990;4;4000;86;718125;437;1268280;264;2217192;11;43990;4;3990;4;4000;0;0;0;0;41;45650;6;6095;88;1504083;176;2317000;130;1921304;138;1646993
06.08.2021 13:00;4;4000;4;3990;87;635620;441;1161089;231;2060530;4;2720;4;3990;4;4000;0;0;0;0;34;36490;10;11020;95;1597629;247;2013322;141;1915262;148;1245638
06.08.2021 14:00;4;4000;4;4000;88;843468;466;1358351;247;2128375;8;4730;4;4000;4;4000;0;0;0;0;33;37630;15;15130;84;1616700;234;2440080;152;1896112;126;1378816
06.08.2021 15:00;4;4000;4;4000;92;599891;460;1335393;217;2305841;3;48850;4;4000;4;4000;0;0;0;0;37;42635;11;11340;90;1740941;217;2160703;135;2254001;153;1477550
06.08.2021 16:00;4;3990;4;4000;106;669045;488;1225908;221;1811056;3;1310;4;3980;4;3990;0;0;0;0;48;54310;7;7040;103;1516410;245;2367405;129;2260944;129;1657050
06.08.2021 17:00;4;4000;4;4000;78;542306;452;1522791;238;1932246;6;3310;4;4000;4;3990;0;0;0;0;40;42610;17;18230;94;1536193;225;2442315;139;1925528;146;1393335
06.08.2021 18:00;4;4055;4;3990;81;594786;436;1016551;215;2136984;3;1500;4;3990;4;3990;0;0;0;0;40;41440;12;12080;92;1444896;257;1870637;121;1874254;132;1482394
06.08.2021 19:00;4;4000;4;4000;54;400806;369;923345;193;1652550;2;59090;4;3990;4;4000;0;0;0;0;32;36110;9;9050;78;1187485;227;1465378;117;1615029;117;1026510
06.08.2021 20:00;4;4000;5;4990;43;320109;244;1007132;119;851376;6;18870;4;3990;5;4990;0;0;0;0;30;33338;8;8060;66;903439;155;1480081;99;948971;99;653684
06.08.2021 21:00;2;2000;2;2000;34;214881;214;684446;110;932601;0;0;2;2000;2;2000;0;0;0;0;19;20670;6;6040;46;494703;138;1128360;95;549799;98;434270
06.08.2021 22:00;2;2000;2;2000;25;190830;207;786426;82;788468;1;910;2;1990;2;1990;0;0;0;0;29;41570;4;4020;35;362025;138;1037365;95;340732;102;368990
06.08.2021 23:00;2;2000;2;2000;23;115910;151;560525;63;550468;2;650;2;2000;2;2000;0;0;0;0;6;7220;3;3010;32;322955;123;704045;65;184179;47;209200
07.08.2021 00:00;2;2000;2;2000;14;70440;101;255789;47;577922;1;840;2;2000;2;2000;0;0;0;0;6;7000;2;2010;9;109030;82;365425;70;229889;52;163450
07.08.2021 01:00;0;0;1;990;10;69380;56;78700;24;210949;1;1490;0;0;1;1000;0;0;0;0;3;3019;5;5040;7;84240;42;187878;31;83970;21;45330
07.08.2021 02:00;0;0;0;0;8;67900;30;72470;19;223756;1;1100;0;0;0;0;0;0;0;0;2;2030;1;1000;8;90780;30;99520;16;42801;21;66460
07.08.2021 03:00;0;0;0;0;7;60260;26;59030;13;67870;0;0;0;0;0;0;0;0;0;0;0;0;0;0;7;139905;23;88870;8;16500;14;31260
07.08.2021 04:00;1;1000;0;0;7;32577;35;57570;13;133020;0;0;1;1000;0;0;0;0;0;0;2;2030;3;3010;5;28110;26;128465;12;20770;4;7810
07.08.2021 05:00;3;3000;3;2990;11;43630;67;182500;23;370946;0;0;3;3000;3;2990;0;0;0;0;1;1000;1;1010;10;120139;46;261063;15;33460;23;64830
07.08.2021 06:00;4;3990;4;4000;9;79980;83;170660;22;340793;0;0;4;4000;4;3980;0;0;0;0;1;1280;0;0;11;104186;64;262170;38;152403;32;99888
07.08.2021 07:00;4;4000;4;3990;12;110540;121;461695;51;631658;0;0;4;3990;4;3990;0;0;0;0;4;4030;2;2010;16;226236;90;480500;44;271830;34;97788
07.08.2021 08:00;5;4990;4;4000;21;172184;191;830059;86;898085;0;0;5;4990;4;3990;0;0;0;0;17;19410;1;1010;24;340153;124;1101986;70;546152;68;371897
07.08.2021 09:00;4;4000;4;4000;39;330804;275;1032272;166;1201494;2;840;4;3990;4;4000;0;0;0;0;18;18150;7;7060;48;672133;142;1556422;90;854404;88;646572
07.08.2021 10:00;4;4000;4;4000;45;531534;331;994186;201;1675279;2;460;4;4000;4;4000;0;0;0;0;27;27440;8;8070;54;1024160;168;1930624;117;1443421;110;1135060
07.08.2021 11:00;4;3980;4;4000;49;400945;347;1107472;231;1641203;3;1680;4;4000;4;4000;0;0;0;0;37;40310;3;3020;63;889196;138;2200700;123;1340636;126;1200412
07.08.2021 12:00;4;4000;4;4000;64;389550;362;1491752;236;1703881;1;52376;4;4000;4;3990;0;0;0;0;30;31790;5;5060;67;988273;154;2261931;117;1638452;122;1162303
07.08.2021 13:00;4;3980;4;4000;71;617531;377;1280499;187;1563389;1;390;4;4000;4;4000;0;0;0;0;32;37020;6;6030;77;1196906;152;2162261;136;1810513;144;1589078
07.08.2021 14:00;3;3000;3;3000;68;633706;380;1133231;163;1488667;2;650;3;2990;3;3000;0;0;0;0;36;40640;12;12120;76;1163162;158;2058566;132;1601757;145;989255
07.08.2021 15:00;4;4000;4;3990;59;548369;358;1335149;187;1504575;1;260;4;4000;4;4000;0;0;0;0;31;33250;5;5030;76;1139694;154;2094401;125;1427551;116;990928
07.08.2021 16:00;4;4000;4;3990;54;456402;364;1256936;160;1229730;2;460;4;3980;4;4000;0;0;0;0;36;44020;7;7050;77;1130223;167;2012574;123;1337463;122;1070183
07.08.2021 17:00;4;4000;5;4990;63;534926;349;1395993;177;1435021;1;510;4;4000;5;4990;0;0;0;0;27;30520;9;9070;78;1110938;176;2114797;125;1288504;145;1041293
07.08.2021 18:00;4;4000;4;4000;62;626044;332;1438576;174;1477759;4;1570;4;4000;4;3980;0;0;0;0;34;36710;3;3460;75;1134609;153;1974825;137;1828801;118;1182310
07.08.2021 19:00;4;3990;4;4000;48;355193;290;1145835;150;1362220;2;520;4;3990;4;3990;0;0;0;0;36;42410;7;7030;66;1131277;143;1916506;110;1222833;117;1184697
07.08.2021 20:00;2;2000;2;2000;31;310509;245;842247;103;903918;1;450;2;1990;2;2000;0;0;0;0;30;31710;7;7075;49;594203;171;1270828;100;872628;93;576235
07.08.2021 21:00;2;2000;2;2000;26;131520;251;965289;112;1038398;2;2270;2;2000;2;2000;0;0;0;0;31;34510;11;11100;48;539647;140;1495779;104;569371;102;525566
07.08.2021 22:00;2;1990;2;2000;30;182610;228;836136;89;713558;4;3250;2;2000;2;1990;0;0;0;0;18;21190;8;8040;47;382478;138;1146530;106;376700;98;466160
07.08.2021 23:00;2;2000;2;1990;16;79770;186;628560;58;568194;1;780;2;2000;2;1990;0;0;0;0;7;8850;4;4510;30;273290;123;872515;61;179460;76;249570
08.08.2021 00:00;2;2000;2;2000;15;693332;96;244840;36;312820;1;200;2;2000;2;2000;0;0;0;0;2;2080;1;1010;23;287601;77;443655;68;196340;58;161170
08.08.2021 01:00;0;0;1;1000;13;90795;65;178430;33;399270;1;16000;0;0;1;1000;0;0;0;0;5;5420;1;1010;8;162342;48;317272;48;135900;38;112710
08.08.2021 02:00;0;0;0;0;10;161440;45;135270;12;138480;0;0;0;0;0;0;0;0;0;0;0;0;0;0;8;82860;43;180386;17;32760;25;55830
08.08.2021 03:00;0;0;0;0;6;14590;26;27780;12;186210;0;0;0;0;0;0;0;0;0;0;2;2030;0;0;6;143420;22;83170;15;29430;21;46840
08.08.2021 04:00;0;0;0;0;6;20610;27;57690;13;216353;0;0;0;0;0;0;0;0;0;0;1;1370;0;0;5;40640;25;112090;19;35540;17;37385
08.08.2021 05:00;2;1990;1;1000;4;24117;35;49810;13;265629;0;0;2;2000;1;1000;0;0;0;0;0;0;0;0;8;43260;34;124686;14;57670;17;49275
08.08.2021 06:00;2;2000;2;2000;3;27500;41;56980;18;196555;0;0;2;2000;2;1990;0;0;0;0;4;5310;1;1010;7;86420;39;111986;22;102750;24;82500
08.08.2021 07:00;2;1990;2;1990;5;47635;44;81270;22;232373;0;0;2;2000;2;2000;0;0;0;0;0;0;1;1010;9;130450;45;166223;29;93770;21;104730
08.08.2021 08:00;2;2000;2;1990;8;26190;100;264826;59;777831;0;0;2;2000;2;2000;0;0;0;0;10;10830;1;1010;14;182620;81;344940;37;161830;43;175181
08.08.2021 09:00;2;2000;2;2000;16;127156;166;615490;88;753392;3;850;2;1990;2;2000;0;0;0;0;7;7350;6;6050;24;298786;130;890336;71;535598;70;380491
08.08.2021 10:00;2;2000;2;2000;28;228780;225;732482;126;1107767;0;0;2;1990;2;2000;0;0;0;0;12;14270;2;2020;25;285334;159;1078559;90;776369;91;538596
08.08.2021 11:00;2;2000;2;2000;32;236884;280;923356;135;1120058;3;19340;2;2000;2;2000;0;0;0;0;7;9950;5;5050;44;520062;168;1400814;130;1245995;121;871719
08.08.2021 12:00;3;3000;3;3000;36;190690;318;828975;158;1250173;2;840;3;3000;3;2990;0;0;0;0;14;18460;9;9070;49;648334;178;1549614;126;1252131;98;651355
08.08.2021 13:00;4;4000;4;4000;43;466574;343;932584;133;1338990;0;0;4;3990;4;4000;0;0;0;0;14;15460;4;4020;43;354158;180;1411346;123;1116720;106;769284
08.08.2021 14:00;4;3980;4;4000;37;283945;329;1076289;200;1573339;2;460;4;4000;4;4000;0;0;0;0;18;21856;4;4030;54;648725;181;1967763;118;1203131;112;610745
08.08.2021 15:00;4;3990;4;4000;53;436109;387;902177;149;1170945;1;260;4;3990;4;3990;0;0;0;0;15;18540;7;7090;56;784658;217;1963076;129;1357305;129;894928
08.08.2021 16:00;4;3980;4;4000;46;408234;343;1209283;138;1258657;3;3300;4;3990;4;4000;0;0;0;0;15;16660;1;1010;47;681153;179;1945360;108;1160580;115;853136
08.08.2021 17:00;4;3990;4;4000;51;367761;384;1127265;149;1227049;2;390;4;3980;4;4000;0;0;0;0;14;14560;6;6010;46;853656;196;1912973;140;989248;133;833417
08.08.2021 18:00;4;4000;4;3990;36;184161;318;1173222;159;1197186;0;0;4;3990;4;4000;0;0;0;0;13;13140;6;6090;59;830262;190;1643861;131;1146511;107;494755
08.08.2021 19:00;2;2000;2;2000;35;235760;286;862742;123;1109890;0;0;2;2000;2;2000;0;0;0;0;30;37420;6;6040;47;608680;178;1328639;119;903187;104;651710
08.08.2021 20:00;2;2000;2;2000;36;238743;277;1037030;112;749737;1;14920;2;2000;2;2000;0;0;0;0;26;33648;8;8113;49;632063;179;1366791;96;676965;95;479539
08.08.2021 21:00;2;2000;2;2000;27;212868;212;647452;91;819589;1;130;2;1990;2;2000;0;0;0;0;9;11260;2;2020;32;473153;151;1139737;110;560158;65;311828
08.08.2021 22:00;2;2000;2;2000;19;145520;136;427040;60;638620;1;13580;2;1990;2;2000;0;0;0;0;11;11550;1;1000;22;360777;113;640591;70;256070;59;175996
08.08.2021 23:00;2;2000;2;2000;7;50960;84;257780;26;247905;0;0;2;2000;2;1990;0;0;0;0;7;8290;1;1000;16;314443;77;387572;38;85830;29;83034
09.08.2021 00:00;2;2000;2;2000;6;23070;44;86490;12;158950;0;0;2;1990;2;2000;0;0;0;0;0;0;1;1000;5;34930;36;164592;21;62360;18;47000
09.08.2021 01:00;0;0;1;1000;2;17480;25;11490;9;226877;0;0;0;0;1;1000;0;0;0;0;0;0;0;0;2;35490;22;95670;10;17220;10;25720
09.08.2021 02:00;0;0;0;0;2;47760;18;9180;6;101184;0;0;0;0;0;0;0;0;0;0;1;1030;0;0;4;121220;12;60750;9;20620;10;26060
09.08.2021 03:00;0;0;0;0;0;0;13;6230;10;184367;0;0;0;0;0;0;0;0;0;0;0;0;0;0;1;2000;12;38591;5;13140;4;13750
09.08.2021 04:00;1;1000;0;0;4;40360;38;36880;14;201652;0;0;1;1000;0;0;0;0;0;0;0;0;0;0;7;124870;37;167660;9;22040;15;45080
09.08.2021 05:00;3;3000;3;3053;10;69420;142;271435;38;621845;1;1750;3;3000;3;3000;0;0;0;0;1;1280;0;0;13;152357;89;714793;53;200150;21;75383
09.08.2021 06:00;4;3990;4;4000;22;266520;348;716867;76;976924;2;660;4;4000;4;3980;0;0;0;0;8;8115;4;4050;28;433260;162;1591760;87;851561;65;385610
09.08.2021 07:00;5;4970;4;3990;31;336046;509;969930;142;1378809;3;1420;5;5000;4;4000;0;0;0;0;9;10330;5;5040;33;653779;185;2361784;99;1543488;102;1042715
09.08.2021 08:00;4;4000;4;4000;54;580373;457;1228135;186;1945343;10;4730;4;3990;4;3990;0;0;0;0;19;24600;11;11390;54;969573;216;2388880;95;1541713;103;1305069
09.08.2021 09:00;4;4000;4;4000;72;632555;402;1354319;226;1997729;5;3300;4;4000;4;4000;0;0;0;0;28;30840;5;5140;59;878539;172;2449922;116;1794544;112;1583765
09.08.2021 10:00;4;4000;4;3990;61;613492;354;1343798;238;1850350;8;4030;4;3990;4;4000;0;0;0;0;26;28590;7;7050;66;1144566;137;2439122;120;1628588;117;1408830
09.08.2021 11:00;4;3990;3;3000;65;793635;347;1387039;241;1685487;5;3380;4;4000;4;3990;0;0;0;0;42;55520;18;18340;74;1242993;153;2338489;118;1699107;124;965348
09.08.2021 12:00;4;3990;4;3990;80;664143;377;1440024;217;1711912;6;33990;4;3990;4;4000;0;0;0;0;42;56100;5;5140;92;1212782;158;2271127;118;1575496;126;1090075
09.08.2021 13:00;4;4000;4;4000;69;659917;371;1405190;200;1642923;4;2470;4;3990;4;3990;0;0;0;0;27;30930;14;14090;88;1357018;149;2111280;123;1949669;120;1347334
09.08.2021 14:00;4;3990;4;4000;69;480430;359;1300874;199;1752877;3;22260;4;3990;4;4000;0;0;0;0;42;46870;15;15210;85;1196393;158;2300223;144;1942896;140;1223934
09.08.2021 15:00;4;3990;4;4000;70;614280;423;1295162;208;1908718;5;2260;4;3990;4;4000;0;0;0;0;50;55770;14;16410;88;1376288;192;2385592;143;2254760;128;1407597
09.08.2021 16:00;4;4000;4;4000;81;636120;434;1399704;236;2165605;1;970;4;3990;4;3990;0;0;0;0;48;54314;9;9070;77;1199157;186;2615764;133;2425694;117;1827965
09.08.2021 17:00;4;3990;4;3990;91;596834;473;1611051;230;1940744;8;38830;4;4000;4;3980;0;0;0;0;55;63810;23;23730;95;1420887;256;2649472;149;2363514;145;1572685
09.08.2021 18:00;4;4000;4;4000;75;674367;464;1402201;202;1843313;2;75281;4;3990;4;4000;0;0;0;0;42;45710;15;15170;87;1281540;253;2037349;123;2112734;149;1445080
09.08.2021 19:00;4;4000;4;3990;59;474942;323;886824;127;1475829;2;910;4;4000;4;3990;0;0;0;0;43;49650;9;9160;69;970358;169;1649688;127;1405464;122;943945
09.08.2021 20:00;4;4000;5;5000;37;213252;222;758709;121;911944;1;27730;4;3990;5;5000;0;0;0;0;21;21780;5;5030;49;606460;140;1248716;86;680503;94;527602
09.08.2021 21:00;2;2000;2;2000;20;140210;218;790018;100;845012;1;320;2;2000;2;2000;0;0;0;0;26;32300;5;5020;47;560834;145;1307405;93;517161;66;317226
09.08.2021 22:00;2;2000;2;2000;20;109150;165;571630;70;486031;3;26370;2;2000;2;2000;0;0;0;0;13;14330;4;4030;34;386520;131;754045;87;298980;76;359974
09.08.2021 23:00;2;1990;2;2000;12;50266;84;334370;42;423990;2;1300;2;2000;2;2000;0;0;0;0;4;5120;3;3010;18;187526;69;366399;38;130640;40;130020
10.08.2021 00:00;2;2000;2;2000;6;43390;39;102693;20;353305;1;200;2;2000;2;1990;0;0;0;0;5;8780;3;3020;9;126922;35;183870;13;23150;19;56750
10.08.2021 01:00;0;0;1;1000;2;16860;22;58131;7;123492;0;0;0;0;1;1000;0;0;0;0;1;1000;0;0;3;47005;20;59150;16;73980;16;65360
10.08.2021 02:00;0;0;0;0;4;1940;29;22450;3;53030;0;0;0;0;0;0;0;0;0;0;0;0;0;0;2;26610;25;83240;8;18970;12;37130
10.08.2021 03:00;0;0;0;0;3;50655;18;12180;3;27480;0;0;0;0;0;0;0;0;0;0;2;2840;0;0;1;36440;13;51600;8;14430;7;15110
10.08.2021 04:00;1;1000;0;0;5;19890;34;31060;9;139006;1;580;1;1000;0;0;0;0;0;0;0;0;0;0;4;57470;37;124140;11;18760;12;29900
10.08.2021 05:00;3;3000;3;2990;11;131633;128;292671;38;437217;1;13800;3;3000;3;2990;0;0;0;0;0;0;0;0;12;96030;84;625761;48;142968;27;81670
10.08.2021 06:00;4;4000;4;4000;22;286840;335;693130;80;846786;0;0;4;4000;4;4000;0;0;0;0;11;11680;2;2020;28;484402;187;1299455;94;806541;63;415038
10.08.2021 07:00;5;5055;4;3990;42;579305;509;1067666;145;1405293;4;42310;5;4980;4;4000;0;0;0;0;10;10090;7;7070;43;672897;198;2500249;96;1322995;97;774089
10.08.2021 08:00;4;4000;4;3990;49;822595;493;1223081;186;1920733;6;3700;4;4000;4;3980;0;0;0;0;19;20500;12;12330;53;927544;191;2672743;105;1514453;101;1074127
10.08.2021 09:00;4;4000;4;4000;40;255416;377;1051161;232;1960704;4;2010;4;4000;4;4000;0;0;0;0;29;31060;3;3020;68;981620;187;2123842;105;1654017;99;1107829
10.08.2021 10:00;4;3980;4;4000;58;599064;396;1428612;245;1730259;5;3230;4;4000;4;3990;0;0;0;0;31;32020;3;3000;72;1131235;163;2701175;95;1674901;112;1267667
10.08.2021 11:00;4;3990;4;4000;75;646085;349;1384120;251;1692075;7;2870;4;4000;4;3990;0;0;0;0;28;32960;10;10930;85;1403510;153;2224272;100;1750190;113;1243470
10.08.2021 12:00;4;4000;4;4000;77;587291;382;1200477;217;1737677;2;980;4;4000;4;4000;0;0;0;0;39;42220;9;9080;78;1633240;161;2327594;124;1656849;120;1224134
10.08.2021 13:00;4;3980;4;4000;70;544725;376;1326202;226;1535421;6;2860;4;4000;4;4044;0;0;0;0;39;42532;22;22140;79;1217363;189;2179531;118;1761215;139;1149135
10.08.2021 14:00;4;4000;4;4000;76;461080;375;1241618;224;1832363;7;33560;4;4000;4;4000;0;0;0;0;31;36970;10;10080;99;1328458;178;2196018;132;1888144;122;1159011
10.08.2021 15:00;4;4000;4;4000;78;592477;412;1490420;227;1904093;6;2210;4;4000;4;4000;0;0;0;0;44;50720;9;9070;97;1430130;184;2342849;139;2171323;130;1586692
10.08.2021 16:00;2;2000;4;4000;77;644020;479;1433158;234;1806470;2;640;2;2000;4;3980;0;0;0;0;29;31970;10;10160;82;1259891;232;2454197;130;2214805;145;1446766
10.08.2021 17:00;5;5000;4;4000;105;692411;447;1445623;255;1986439;9;15130;5;4990;3;3000;0;0;0;0;39;43450;20;20080;105;1576534;212;2679648;145;2495508;155;1930586
10.08.2021 18:00;4;4000;4;3990;78;319333;491;1198639;217;2121414;3;50950;4;3980;4;3990;0;0;0;0;36;41590;23;23310;92;1255150;249;2355890;116;2288199;138;1827953
10.08.2021 19:00;4;4000;4;4000;71;488796;340;989059;148;1578507;2;320;4;3990;4;4000;0;0;0;0;38;42110;12;12190;66;1274831;204;1412218;126;1641160;126;1114580
10.08.2021 20:00;4;4000;5;5000;50;273430;241;1041638;143;1119906;1;30610;4;3990;5;5000;0;0;0;0;39;44850;8;8010;60;729641;137;1355527;111;1001988;91;648148
10.08.2021 21:00;2;1990;2;2000;43;318771;249;872377;117;900044;3;3050;2;2000;2;2000;0;0;0;0;39;45480;4;4060;40;285211;137;1530288;121;566404;108;431380
10.08.2021 22:00;2;1990;2;2000;24;111610;198;832566;90;801297;0;0;2;1990;2;2000;0;0;0;0;24;40980;1;1000;45;546750;137;1010799;107;357594;82;312084
10.08.2021 23:00;2;2000;2;2000;15;70976;107;578551;37;434414;2;910;2;2000;2;2000;0;0;0;0;6;7350;0;0;22;357390;86;472856;47;97570;35;91980
11.08.2021 00:00;2;2000;2;2000;9;9050;44;80125;28;341900;0;0;2;2000;2;2000;0;0;0;0;3;3310;1;1210;5;70540;38;149960;25;99755;17;47180
11.08.2021 01:00;0;0;1;1000;1;13910;26;31390;10;176258;0;0;0;0;1;1000;0;0;0;0;0;0;0;0;3;4680;19;64150;7;15440;9;23840
11.08.2021 02:00;0;0;0;0;0;0;16;34830;3;65036;1;1360;0;0;0;0;0;0;0;0;0;0;0;0;3;83250;13;37090;6;12940;13;30290
11.08.2021 03:00;0;0;0;0;2;25260;15;22475;6;57820;1;450;0;0;0;0;0;0;0;0;0;0;0;0;1;27650;17;62160;5;9990;4;8850
11.08.2021 04:00;1;1000;0;0;4;55023;27;17900;7;73306;1;16750;1;1000;0;0;0;0;0;0;1;1000;0;0;2;28050;31;106630;9;19070;9;24070
11.08.2021 05:00;3;2990;3;3000;10;123760;168;399296;32;421470;1;16460;3;3000;3;2980;0;0;0;0;0;0;1;1010;12;107600;103;743617;41;148680;40;115070
11.08.2021 06:00;4;4000;4;4000;14;54087;347;702249;92;1118050;0;0;4;4000;4;4000;0;0;0;0;6;6850;3;3030;25;587547;185;1430022;79;959732;69;412230
11.08.2021 07:00;5;5000;4;3990;40;460120;509;1080548;140;1583757;2;950;5;4990;4;4000;0;0;0;0;10;10490;9;9230;47;722206;206;2590581;94;1465153;94;919984
11.08.2021 08:00;4;4000;4;4000;55;697870;495;1250093;204;1950225;6;2610;4;4000;4;4000;0;0;0;0;19;20410;9;9180;59;1020463;220;2416810;71;1858855;96;1298615
11.08.2021 09:00;4;4000;4;4000;51;437342;404;1257716;220;1833978;8;54510;4;3990;4;4000;0;0;0;0;29;32560;10;10280;66;973955;180;2269742;114;1638101;111;1236074
11.08.2021 10:00;4;4000;4;4000;51;489550;374;1474272;245;2095887;10;16490;4;3990;4;4000;0;0;0;0;40;43906;17;17230;77;1353221;170;2386340;111;1791938;122;1208796
11.08.2021 11:00;4;4000;4;3990;87;803964;379;1558305;234;1692939;8;3170;4;3990;4;4000;0;0;0;0;37;40317;7;7060;79;1477559;151;2579186;110;1516931;101;1223114
11.08.2021 12:00;4;4000;4;4000;56;460332;365;1239134;237;1681961;6;3120;4;4000;4;4000;0;0;0;0;30;31170;10;10180;90;1663659;161;2217773;139;1606528;127;997904
11.08.2021 13:00;4;4000;4;4000;53;394556;363;1417034;218;1409888;5;1760;4;3990;4;4000;0;0;0;0;53;65040;14;14090;94;1160641;162;2261649;126;1515500;111;1180658
11.08.2021 14:00;4;4000;4;4000;61;465311;417;1215912;211;1774554;4;2980;4;3990;4;4000;0;0;0;0;33;42379;10;10050;70;1196714;180;2475299;137;1946688;147;1293508
11.08.2021 15:00;4;4000;4;3990;76;715713;455;1275279;237;1981201;3;2080;4;4000;4;4000;0;0;0;0;41;43090;6;6050;80;1257543;218;2241214;145;2179623;126;1229672
11.08.2021 16:00;4;4000;4;4000;89;740944;498;1290940;243;1841671;8;59800;4;4000;4;4000;0;0;0;0;36;38720;7;7040;85;1199377;257;2276313;142;1872024;148;1471430
11.08.2021 17:00;4;4000;4;4000;86;929191;503;1394627;227;1987910;1;330;4;4000;4;3990;0;0;0;0;48;58700;21;21090;93;1206064;282;2333761;157;2079132;180;1704279
11.08.2021 18:00;4;3990;4;3990;85;846120;486;1526076;208;1957324;5;2680;4;4000;4;4000;0;0;0;0;48;61140;16;16130;98;1387651;257;2337714;127;1753330;138;1335169
11.08.2021 19:00;4;4000;4;4000;62;546060;337;897750;175;1708093;1;44840;4;3990;4;3990;0;0;0;0;40;43000;14;14110;80;1196794;193;1318642;114;1460846;110;1076792
11.08.2021 20:00;4;4000;5;5000;59;318701;240;1214407;118;845290;2;720;4;3980;5;5000;0;0;0;0;21;25360;11;11170;54;728606;144;1340024;111;701415;86;464873
11.08.2021 21:00;2;2000;2;2000;43;420853;235;841846;97;821378;4;1230;2;1990;2;2000;0;0;0;0;21;27580;6;6030;49;494783;159;1358016;108;571504;100;419515
11.08.2021 22:00;2;1990;2;2000;35;187274;177;559320;69;762265;3;39990;2;2000;2;2000;0;0;0;0;13;13840;4;4020;44;454529;125;971323;87;313803;68;330393
11.08.2021 23:00;2;1990;2;2000;13;26000;105;369003;52;504832;0;0;2;2000;2;2000;0;0;0;0;8;11370;3;3000;26;302081;86;572347;33;194117;49;140123
12.08.2021 00:00;2;2000;2;2000;12;95510;42;72780;14;191209;0;0;2;2000;2;1990;0;0;0;0;2;2320;1;1000;13;133844;38;135220;22;60730;20;67350
12.08.2021 01:00;0;0;1;1000;6;22240;21;19180;10;145980;0;0;0;0;1;1000;0;0;0;0;1;1000;0;0;8;149030;15;53270;20;37910;10;29400
12.08.2021 02:00;0;0;0;0;2;5280;14;64730;10;172370;0;0;0;0;0;0;0;0;0;0;2;2020;0;0;4;66820;12;44520;4;6670;9;18260
12.08.2021 03:00;0;0;0;0;3;23973;23;14220;7;85769;0;0;0;0;0;0;0;0;0;0;1;1040;0;0;1;14943;21;72410;4;8600;5;8220
12.08.2021 04:00;1;1000;0;0;3;41350;31;79356;12;221011;1;14440;1;1000;0;0;0;0;0;0;0;0;0;0;2;25198;30;122560;13;26940;14;35250
12.08.2021 05:00;3;3000;3;3000;13;160786;133;403443;33;439643;0;0;3;3000;3;2990;0;0;0;0;1;1010;0;0;13;153640;98;693316;51;144670;32;162240
12.08.2021 06:00;4;4000;4;4000;18;207942;354;890500;92;1141295;0;0;4;3970;4;3990;0;0;0;0;3;3640;4;4010;25;471151;187;1675157;87;736907;53;332429
12.08.2021 07:00;5;4990;4;4000;35;434161;469;1050089;138;1460307;2;770;5;4990;4;4000;0;0;0;0;17;17740;6;6060;37;851028;211;2557991;105;1337381;99;819317
12.08.2021 08:00;4;4000;4;4000;62;607684;476;1220223;215;1935368;5;2510;4;3990;4;4000;0;0;0;0;21;22250;6;6240;74;1235375;209;2571388;122;1430409;101;1049394
12.08.2021 09:00;4;4000;4;3980;42;339288;421;1260516;217;1873215;5;3310;4;3990;4;4000;0;0;0;0;36;51480;9;9260;66;1086303;166;2413771;107;1553399;92;1148120
12.08.2021 10:00;4;3990;4;4000;64;450106;405;1293483;272;1952078;5;20960;4;3980;4;4000;0;0;0;0;26;29860;21;21816;80;1129978;166;2546476;137;1599240;133;1231188
12.08.2021 11:00;4;4000;4;3990;62;496123;346;1518852;203;1561268;2;1950;4;3990;4;3980;0;0;0;0;43;51250;17;17230;80;1312254;158;2124528;115;1688443;130;1079968
12.08.2021 12:00;4;4000;4;3990;66;634917;377;1497461;218;1522760;5;41010;4;4058;4;4000;0;0;0;0;33;38270;11;11070;89;1460590;149;2513764;132;1764220;126;1051670
12.08.2021 13:00;4;4000;4;3990;58;613530;388;1357071;234;1667856;5;40140;4;3990;4;3990;0;0;0;0;33;34220;17;17440;79;1261518;166;2318074;118;1741362;118;978592
12.08.2021 14:00;4;4000;4;3990;64;488576;387;1483531;235;1535114;8;2800;4;4000;4;4000;0;0;0;0;35;36760;11;11090;85;1479023;173;2471342;128;1868724;139;1253281
12.08.2021 15:00;4;4000;4;4000;52;459323;395;1552001;237;1867551;5;42000;4;4000;4;3980;0;0;0;0;40;58760;9;9090;89;1122525;183;2356974;143;2222319;183;1424321
12.08.2021 16:00;4;3990;4;4000;80;702490;428;1508648;217;2029872;3;2800;4;3990;4;4000;0;0;0;0;40;41460;12;12980;72;1181778;247;2460710;129;2224144;151;1656085
12.08.2021 17:00;4;4000;4;3990;86;672515;489;1477292;242;2186097;5;35570;4;3990;4;3990;0;0;0;0;36;40210;26;27120;79;1471887;281;2204042;132;2407386;149;1645676
12.08.2021 18:00;4;3980;4;4000;91;597232;429;1418065;239;2095837;10;3400;4;4000;4;3990;0;0;0;0;32;32790;9;9470;95;1343714;262;1982497;132;1978839;137;1476725
12.08.2021 19:00;4;3990;4;4000;69;434807;356;1033380;161;1278860;3;1430;4;4000;4;4000;0;0;0;0;36;44522;13;13120;71;1160420;220;1818871;105;1562777;122;1075474
12.08.2021 20:00;4;4000;5;4990;56;333167;254;1119464;135;912852;3;770;4;4000;5;4990;0;0;0;0;23;25100;13;13810;54;827344;149;1702280;102;1067328;111;918890
12.08.2021 21:00;2;2000;2;1990;52;299346;214;1033305;202;1215664;3;29030;2;2000;2;2000;0;0;0;0;26;30610;5;5030;42;421376;132;1400864;113;640187;85;425353
12.08.2021 22:00;2;2000;2;1990;28;163482;205;840180;140;1081632;1;1100;2;1990;2;2000;0;0;0;0;10;12000;3;3020;39;377153;141;1168538;113;474463;74;371230
12.08.2021 23:00;2;2000;2;1990;21;89090;110;396449;70;612354;2;2730;2;1990;2;2000;0;0;0;0;10;13600;2;2000;39;368990;85;482795;68;243760;35;117380
13.08.2021 00:00;2;2000;2;2000;6;80936;54;155280;40;460376;1;190;2;2000;2;2000;0;0;0;0;3;4670;0;0;9;170189;40;235208;31;66360;24;58080
13.08.2021 01:00;0;0;1;1000;9;12930;32;79000;24;335730;1;15910;0;0;1;1000;0;0;0;0;2;2020;0;0;5;80630;30;117134;11;21770;14;54460
13.08.2021 02:00;0;0;0;0;1;400;19;8900;7;114340;0;0;0;0;0;0;0;0;0;0;0;0;0;0;0;0;14;51850;3;6440;9;17229
13.08.2021 03:00;0;0;0;0;1;2330;16;9960;13;189270;1;14470;0;0;0;0;0;0;0;0;1;1110;0;0;1;16350;12;41240;3;5510;9;14360
13.08.2021 04:00;1;1000;0;0;5;60186;30;14060;7;78676;1;16720;1;1000;0;0;0;0;0;0;0;0;0;0;15;67250;28;101410;9;18497;12;23860
13.08.2021 05:00;3;2990;3;3000;10;82610;142;258735;35;492013;1;19000;3;3000;3;2990;0;0;0;0;2;2060;1;1010;12;80222;102;613795;50;139680;34;110982
13.08.2021 06:00;4;3990;4;4000;19;380142;289;545698;88;1184045;1;710;4;3990;4;4000;0;0;0;0;4;4130;5;5040;22;376955;146;1361573;87;904308;62;317820
13.08.2021 07:00;5;4990;4;3990;33;490881;405;1140502;137;1356231;5;3970;5;5000;4;4000;0;0;0;0;14;15590;6;6040;34;781599;182;2155508;110;1208800;125;923636
13.08.2021 08:00;4;4000;4;3990;42;550570;440;1151855;184;1630283;5;4920;4;4000;4;4000;0;0;0;0;28;32570;9;9150;43;810642;205;2123715;101;1580554;110;1092299
13.08.2021 09:00;4;4000;4;3980;47;518300;393;1153590;220;1828125;6;2660;4;4000;4;4000;0;0;0;0;28;30900;5;5250;56;961708;196;1992846;108;1583342;98;972865
13.08.2021 10:00;4;4000;4;3990;48;461242;350;1354335;254;1802901;7;3770;4;4000;4;3980;0;0;0;0;36;40430;14;14230;70;1029131;149;2318289;126;1511442;122;795935
13.08.2021 11:00;4;3990;4;4000;67;445333;387;1469838;253;1834486;1;320;4;3990;4;4000;0;0;0;0;35;40090;18;18360;83;1409511;155;2553570;109;1591488;114;1160421
13.08.2021 12:00;4;4000;4;4000;76;807759;423;1428115;265;2066265;7;4360;4;4000;4;3990;0;0;0;0;42;47420;11;11200;88;1535868;217;2514658;167;1975406;139;1543433
13.08.2021 13:00;4;4000;4;4000;86;632521;424;1178839;249;2170874;7;52400;4;4000;4;3980;0;0;0;0;40;44860;6;6040;93;1389336;224;2092954;132;1982714;161;1725070
13.08.2021 14:00;4;3990;4;3990;84;903124;498;1117945;230;1987679;6;2330;4;3990;4;4000;0;0;0;0;19;19780;17;17340;86;1282240;258;2280052;136;1833221;144;1396378
13.08.2021 15:00;4;3980;4;4000;65;613884;440;1349832;226;1976455;5;2740;4;4000;4;3990;0;0;0;0;42;51875;10;10070;86;1357229;232;2261187;136;2101142;141;1639962
13.08.2021 16:00;4;4000;4;4000;83;366326;442;1317290;233;2153344;5;69960;4;3990;4;4000;0;0;0;0;32;36900;26;26320;91;1104514;209;2293189;143;1935864;145;1404473
13.08.2021 17:00;4;4000;4;3990;70;683596;436;1617445;238;2250903;7;2730;4;3990;4;3990;0;0;0;0;29;37260;10;10100;87;1139516;240;2396886;135;1866725;119;1536062
13.08.2021 18:00;4;4000;4;3990;76;744712;419;1264046;237;1823470;3;1240;4;4000;4;4000;0;0;0;0;47;52800;9;9170;81;1367527;264;2063045;113;1723175;125;1505727
13.08.2021 19:00;4;4000;4;4000;53;487620;376;1326734;199;1572110;3;1100;4;3990;4;4000;0;0;0;0;22;23620;17;17640;64;983165;209;1620921;122;1345656;113;861873
13.08.2021 20:00;4;4000;5;5000;53;428054;260;1328376;154;1216957;1;720;4;4000;5;4990;0;0;0;0;17;19030;3;3020;55;782339;148;1640654;100;805576;118;828011
13.08.2021 21:00;2;2000;2;2000;25;141775;243;852067;125;950760;1;19060;2;1990;2;1990;0;0;0;0;27;29200;6;6020;57;663742;131;1356821;112;513206;108;438100
13.08.2021 22:00;2;2000;2;2000;28;111690;238;981545;122;862245;4;5340;2;1990;2;2000;0;0;0;0;22;27570;14;14100;33;328014;141;1269995;102;405804;88;383725
13.08.2021 23:00;2;2000;2;1990;29;181420;148;548213;77;576830;2;650;2;2000;2;2000;0;0;0;0;17;18510;2;2010;41;453951;116;911301;69;231012;53;177810
14.08.2021 00:00;2;2000;2;2000;19;116780;92;340500;63;556391;3;4550;2;1990;2;2000;0;0;0;0;5;5050;3;3030;17;177590;82;446122;48;189437;34;110235
14.08.2021 01:00;0;0;1;1000;13;172590;60;202690;28;479600;1;16970;0;0;1;1000;0;0;0;0;3;4270;1;1010;3;38020;48;207685;26;60450;22;75360
14.08.2021 02:00;0;0;0;0;4;910;31;89540;23;190144;1;520;0;0;0;0;0;0;0;0;1;1250;2;2000;7;78746;23;133929;22;66628;20;48370
14.08.2021 03:00;0;0;0;0;5;16560;29;24520;21;237785;1;5180;0;0;0;0;0;0;0;0;3;5410;0;0;9;104070;27;82170;13;26410;17;31830
14.08.2021 04:00;1;1000;0;0;6;4410;30;75700;15;307123;0;0;1;1000;0;0;0;0;0;0;2;3210;1;1000;6;68210;26;91715;4;9760;6;17090
14.08.2021 05:00;3;3000;3;3000;8;26370;54;158610;17;315425;2;41950;3;3000;3;2990;0;0;0;0;0;0;0;0;7;69860;40;152550;20;57650;26;104880
14.08.2021 06:00;4;4000;4;3990;8;16718;79;132399;22;296930;1;450;4;4000;4;4000;0;0;0;0;1;1290;0;0;15;236743;65;281349;40;197657;35;114680
14.08.2021 07:00;4;4000;4;4000;13;91770;111;448479;56;551480;1;260;4;4000;4;4000;0;0;0;0;7;7400;1;1010;17;194685;89;1206248;53;278620;41;161550
14.08.2021 08:00;5;5000;4;3990;28;298846;202;667622;105;877844;1;2390;5;5000;4;3990;0;0;0;0;15;15770;4;4230;30;518450;143;1230973;69;584678;63;362959
14.08.2021 09:00;4;4000;4;4000;34;244580;320;1074689;197;1480005;2;1110;4;4000;4;3980;0;0;0;0;23;25650;6;6020;52;734551;153;1986009;106;1267581;108;908635
14.08.2021 10:00;4;4000;4;4000;51;182630;359;1077306;232;1599528;6;40840;4;4000;4;4000;0;0;0;0;38;42700;8;8133;55;740743;163;2270526;113;1572815;114;1308218
14.08.2021 11:00;4;4000;4;4000;50;430526;344;1546557;205;1586670;0;0;4;3990;4;4000;0;0;0;0;41;42950;6;6140;70;975284;154;2138251;105;1616547;128;1272134
14.08.2021 12:00;4;3990;4;3990;63;633608;383;1491736;209;1825880;4;1490;4;3980;4;4000;0;0;0;0;33;35740;9;9080;81;1391218;172;2340864;120;1778356;120;1334932
14.08.2021 13:00;4;3990;4;4000;71;523216;351;1394904;196;1568998;1;720;4;4000;4;3980;0;0;0;0;22;26180;6;6030;72;1116577;158;2196254;117;1744722;137;1368830
14.08.2021 14:00;4;3990;4;3990;72;514303;376;1149522;189;1357044;3;28110;4;4000;4;4000;0;0;0;0;36;38830;9;9060;76;1093759;169;2288530;126;1590379;138;1287097
14.08.2021 15:00;4;4000;4;4000;48;404420;357;1296602;196;1651439;8;21690;4;4000;4;3980;0;0;0;0;33;38250;14;14090;60;1075084;191;1946942;108;1547660;120;1084387
14.08.2021 16:00;4;4000;4;4000;40;357914;346;1087634;173;1420851;3;51530;4;3990;4;3990;0;0;0;0;24;25930;9;9060;55;759730;179;1837818;138;1488230;136;1031446
14.08.2021 17:00;4;4000;5;5000;54;590197;347;1427077;167;1566162;3;46990;4;4000;5;5000;0;0;0;0;30;35570;2;2020;70;1257466;175;1973874;113;1747268;114;1236332
14.08.2021 18:00;4;3990;4;4000;50;576719;338;1197165;160;1114370;2;35340;4;3980;4;3990;0;0;0;0;40;50510;11;11250;75;1172137;178;1880605;123;1430994;123;1184095
14.08.2021 19:00;4;4000;4;4000;56;608293;303;1203534;139;1061681;11;62570;4;3990;4;4000;0;0;0;0;29;37990;7;7040;65;1331441;145;1880332;110;1137191;114;1023753
14.08.2021 20:00;2;2000;2;1990;42;310010;287;979515;143;1191958;1;28450;2;1990;2;2000;0;0;0;0;15;17500;6;6030;53;653057;176;1422361;96;750929;133;670280
14.08.2021 21:00;2;2000;2;2000;33;145725;283;1002382;102;1031578;0;0;2;2000;2;2000;0;0;0;0;23;25550;7;7440;43;543766;143;1407994;101;519089;106;535312
14.08.2021 22:00;2;2000;2;2000;21;123830;254;935362;101;746472;0;0;2;2000;2;2000;0;0;0;0;21;22934;7;7030;40;508481;162;1350277;105;445237;88;430545
14.08.2021 23:00;2;2000;2;2000;15;80694;204;775945;85;877827;2;22650;2;1990;2;2000;0;0;0;0;16;19470;1;1010;29;239900;130;1048702;71;328136;63;268120
15.08.2021 00:00;2;2000;2;1990;13;91390;100;326540;59;671059;0;0;2;1990;2;2000;0;0;0;0;4;4080;4;4010;26;136740;93;472455;55;167750;41;138640
15.08.2021 01:00;0;0;1;1000;9;118060;68;235303;26;378053;1;2780;0;0;1;1000;0;0;0;0;6;6050;0;0;13;136730;58;287338;40;116710;29;105140
15.08.2021 02:00;0;0;0;0;5;3440;57;173706;26;323596;1;390;0;0;0;0;0;0;0;0;1;1000;1;1010;14;194800;48;222407;25;69500;27;70600
15.08.2021 03:00;0;0;0;0;9;66450;24;60230;15;280387;0;0;0;0;0;0;0;0;0;0;0;0;1;1000;6;24360;19;60000;16;24740;15;41550
15.08.2021 04:00;0;0;0;0;5;34840;33;44610;11;150063;1;12900;0;0;0;0;0;0;0;0;1;1010;2;2010;2;34530;29;128500;13;29190;16;46090
15.08.2021 05:00;1;1000;1;1000;6;40860;39;83705;11;156220;0;29790;2;2000;1;1000;0;0;0;0;1;1390;0;0;3;28930;29;101823;18;39550;14;33430
15.08.2021 06:00;3;3000;2;1990;4;8640;30;50320;18;403450;0;0;2;2000;2;2000;0;0;0;0;1;1180;1;1010;6;70700;30;100335;18;74180;14;62873
15.08.2021 07:00;2;2000;2;2000;9;28940;33;70077;26;400177;1;33480;2;2000;2;1990;0;0;0;0;2;2020;1;1210;7;88630;35;132050;21;86530;21;57700
15.08.2021 08:00;2;1990;2;2000;11;160109;90;464844;58;753360;1;450;2;2000;2;2064;0;0;0;0;4;4040;0;0;20;412873;87;469802;46;265057;36;122003
15.08.2021 09:00;2;2000;2;2000;16;145895;167;752854;101;837350;1;260;2;2000;2;2000;0;0;0;0;19;20350;7;7060;29;240860;112;757205;87;393033;81;455110
15.08.2021 10:00;2;2000;2;2000;36;330535;249;1020735;144;986790;3;22830;2;2000;2;2000;0;0;0;0;10;10560;1;1010;41;493190;162;1334123;97;793373;88;621542
15.08.2021 11:00;2;2000;2;2000;32;349891;300;890467;156;1117150;3;18580;2;2000;2;2000;0;0;0;0;20;20910;5;5040;62;885158;162;1400826;132;1099034;105;779448
15.08.2021 12:00;3;3000;3;3000;36;238170;323;901700;185;1287420;2;320;3;3000;3;3000;0;0;0;0;19;21190;3;3020;65;781080;183;1526459;113;1232671;111;907731
15.08.2021 13:00;4;4000;4;3990;29;183285;336;1042756;171;1266756;0;0;4;3990;4;4000;0;0;0;0;16;25110;7;7040;52;529457;212;1744021;122;993284;105;696845
15.08.2021 14:00;4;3990;4;4000;53;349560;338;933267;162;1261853;2;17550;4;4000;4;3990;0;0;0;0;16;17310;6;6020;54;709291;199;1771393;116;1137355;106;923870
15.08.2021 15:00;4;3990;4;3990;41;220160;336;1064311;198;1573785;3;1640;4;4000;4;4000;0;0;0;0;19;20850;3;3010;50;581030;165;1872484;131;939864;105;714343
15.08.2021 16:00;4;4000;4;3980;39;247281;368;1315245;166;1332584;2;390;4;4000;4;3990;0;0;0;0;19;23420;9;9150;44;360779;183;2056925;110;1026262;102;605706
15.08.2021 17:00;4;3990;4;4000;43;378827;385;1137472;149;1110114;1;17940;4;4000;4;3990;0;0;0;0;19;20130;5;5020;49;696724;218;1821603;135;1155880;106;549084
15.08.2021 18:00;4;3980;4;3990;48;223180;376;1155149;160;1424209;5;69490;4;4000;4;4040;0;0;0;0;23;25630;7;7040;55;773073;219;1975682;117;1059961;95;530080
15.08.2021 19:00;2;1990;2;2000;49;301278;290;1017459;147;1175081;7;450;2;2000;2;2000;0;0;0;0;22;25420;6;6030;53;588666;179;1582319;122;1052221;103;553031
15.08.2021 20:00;2;2046;2;2000;34;280982;230;1007930;146;950826;4;13560;2;2000;2;2000;0;0;0;0;15;17690;9;9070;56;643398;159;1257957;107;747204;115;584100
15.08.2021 21:00;2;2000;2;2000;28;201074;233;719558;111;848170;2;19200;2;2000;2;2000;0;0;0;0;21;26060;3;3020;37;385501;159;1399460;107;471065;82;411921
15.08.2021 22:00;2;2000;2;2000;21;195530;136;427921;80;810312;2;10810;2;2000;2;2000;0;0;0;0;8;8350;2;2010;19;289890;112;735384;63;204131;47;162991
15.08.2021 23:00;2;2000;2;2000;7;73940;80;236127;52;423479;0;0;2;1990;2;2000;0;0;0;0;5;5690;0;0;19;214580;67;247360;44;137266;42;168941
16.08.2021 00:00;2;1990;2;2000;5;23980;40;86710;15;214660;0;0;2;2000;2;2000;0;0;0;0;1;1260;1;1010;7;55340;36;137900;18;43350;16;49130
16.08.2021 01:00;0;0;1;1000;4;36970;26;50130;6;26873;1;390;0;0;1;1000;0;0;0;0;0;0;0;0;4;56040;22;86830;9;20530;9;21930
16.08.2021 02:00;0;0;0;0;1;3370;15;7860;5;105890;0;0;0;0;0;0;0;0;0;0;0;0;0;0;0;0;14;44700;7;10930;10;20530
16.08.2021 03:00;0;0;0;0;1;42960;11;24160;6;110150;0;0;0;0;0;0;0;0;0;0;0;0;0;0;1;39560;13;39614;5;7960;1;1280
16.08.2021 04:00;1;1000;0;0;7;58730;32;47469;12;262034;0;0;1;1000;0;0;0;0;0;0;0;0;1;1010;5;35570;28;122650;8;17650;13;27750
16.08.2021 05:00;3;3000;3;2990;9;94470;136;264015;36;533035;2;18170;3;3000;3;3000;0;0;0;0;0;0;1;1010;9;92140;88;621354;47;240104;40;122180
16.08.2021 06:00;4;3990;4;4000;21;302210;349;760108;82;1233185;2;26010;4;4000;4;4000;0;0;0;0;4;4130;3;3010;23;442013;177;1748274;76;820741;62;358819
16.08.2021 07:00;5;4990;4;4000;40;286248;478;1092905;155;1773448;5;70527;5;4990;4;4000;0;0;0;0;12;12090;11;11420;39;616355;209;2279237;110;1330870;112;832278
16.08.2021 08:00;4;4000;4;4000;60;483891;458;1024249;233;1951103;8;3760;4;4000;4;4000;0;0;0;0;35;41250;15;15370;58;1093878;191;2322329;83;1490085;126;1300207
16.08.2021 09:00;4;4000;4;3990;46;410284;388;1317684;223;1927469;6;1940;4;4000;4;4000;0;0;0;0;20;20180;4;4030;70;1167504;181;2148227;91;1745708;112;1253963
16.08.2021 10:00;4;3990;4;4000;61;499985;380;1638225;239;1959343;5;9200;4;3990;4;4000;0;0;0;0;29;31950;11;11130;68;1066981;154;2421771;115;1739387;107;1296119
16.08.2021 11:00;4;4000;4;4000;58;434432;363;1396411;218;1914529;10;5850;4;3990;4;3990;0;0;0;0;36;39753;11;11460;62;1038086;174;2320753;124;1338888;109;1059976
16.08.2021 12:00;4;4000;4;4000;62;565316;391;1528279;209;1784099;3;1890;4;4037;4;4000;0;0;0;0;38;39580;10;10610;85;1201035;159;2525289;122;1818699;113;1092126
16.08.2021 13:00;4;4000;4;4000;77;565452;372;1316304;192;1574197;2;428945;4;4000;4;3990;0;0;0;0;31;37225;9;9130;76;1027756;161;2197481;118;1450808;134;1159421
16.08.2021 14:00;4;3980;4;3980;83;579530;389;1472419;207;1908962;5;43080;4;4000;4;4000;0;0;0;0;31;38669;26;26790;82;1340946;163;2453415;129;1980501;128;1405559
16.08.2021 15:00;4;4000;4;3980;66;693664;434;1280975;233;1917649;6;2870;4;4000;4;3990;0;0;0;0;39;54345;13;13070;77;1239363;207;2256852;143;1798571;146;1419895
16.08.2021 16:00;4;4000;4;4000;68;544846;508;1313499;215;1960792;4;1620;4;4000;4;3980;0;0;0;0;51;55290;10;10070;79;1435031;279;2356063;118;2215381;136;1383091
16.08.2021 17:00;4;3990;4;3990;87;625465;475;1509724;244;2242570;4;2730;4;3990;4;4000;0;0;0;0;30;40570;10;10230;90;1463242;233;2623436;129;2136047;200;1346721
16.08.2021 18:00;3;2990;4;4000;84;486825;431;1406182;187;2294716;5;1880;3;3000;4;3990;0;0;0;0;24;25400;3;3010;89;1282314;197;2060352;121;2251944;114;1509338
16.08.2021 19:00;5;4990;4;3990;50;502770;329;1034294;118;1486352;0;0;5;5000;4;3990;0;0;0;0;33;35500;21;21530;75;1236967;207;1678376;115;1530794;128;901611
16.08.2021 20:00;4;3990;5;4990;34;279074;231;804173;103;940515;1;200;4;4000;5;5047;0;0;0;0;26;28910;7;7780;54;860905;141;1545597;117;947777;116;844107
16.08.2021 21:00;2;2000;2;2000;37;212790;211;775293;68;676640;0;0;2;1990;2;2000;0;0;0;0;12;13870;2;2000;52;618536;130;1143664;104;718083;82;497000
16.08.2021 22:00;2;1990;2;2000;22;98830;155;616476;55;510042;2;16650;2;2000;2;2000;0;0;0;0;10;10540;1;1000;29;352411;87;777103;73;400080;76;483974
16.08.2021 23:00;2;2000;2;1980;14;77400;84;296134;38;366824;0;0;2;2000;2;1990;0;0;0;0;4;4840;0;0;16;167824;69;516579;44;198613;37;178873
17.08.2021 00:00;2;2000;2;1990;7;69837;35;94574;16;225168;0;0;2;1990;2;1990;0;0;0;0;0;0;0;0;11;113320;26;138360;19;54970;21;124774
17.08.2021 01:00;0;0;1;1000;3;30280;29;55545;5;87830;0;0;0;0;1;1000;0;0;0;0;1;1010;0;0;1;31880;21;89230;11;30580;11;29680
17.08.2021 02:00;0;0;0;0;3;29290;15;7600;3;77905;0;0;0;0;0;0;0;0;0;0;0;0;0;0;1;640;11;33650;3;6870;10;23300
17.08.2021 03:00;0;0;0;0;2;19350;16;8980;7;130988;0;0;0;0;0;0;0;0;0;0;0;0;0;0;1;1040;14;50370;7;17350;7;20840
17.08.2021 04:00;1;1000;0;0;4;28530;35;124750;14;232575;2;73150;1;1000;0;0;0;0;0;0;0;0;0;0;5;38596;33;144120;8;118120;17;40060
17.08.2021 05:00;3;3000;3;2990;10;59470;132;349670;36;584013;0;0;3;3000;3;2990;0;0;0;0;1;1010;1;1010;11;169330;97;629283;52;112286;28;108470
17.08.2021 06:00;4;4000;4;3990;20;164270;371;764338;90;1203389;1;520;4;4000;4;4000;0;0;0;0;4;5200;2;2020;24;235002;177;1600630;83;839570;67;320713
17.08.2021 07:00;5;5000;4;3980;40;601862;514;1080657;147;1586260;3;1560;5;4980;4;4000;0;0;0;0;10;11030;1;1010;42;738097;192;2682731;100;1455251;132;862491
17.08.2021 08:00;4;4000;4;3990;55;675860;503;1361764;212;1796407;4;37151;4;3990;4;3990;0;0;0;0;24;27140;4;4180;45;882501;213;2511102;101;1535344;95;1156909
17.08.2021 09:00;4;4000;4;4000;44;405937;467;1553231;242;1852103;3;780;4;3990;4;4000;0;0;0;0;31;35460;7;7050;54;795543;171;2617335;98;1529349;117;1099538
17.08.2021 10:00;4;4000;4;4000;58;575720;374;1462183;270;1891326;4;44080;4;3990;4;3990;0;0;0;0;39;43011;9;9050;87;1077904;142;2454809;118;1711142;106;887678
17.08.2021 11:00;4;4000;4;4000;69;446290;358;1387437;222;1739244;10;70030;4;4000;4;4000;0;0;0;0;29;40010;7;7040;85;1052241;145;2372611;132;1628235;123;997770
17.08.2021 12:00;4;4000;4;4000;60;475615;402;1307224;213;1845588;11;149484;4;4000;4;4000;0;0;0;0;38;42460;8;8040;77;1159023;151;2393341;110;2015640;111;1113445
17.08.2021 13:00;4;3990;4;3990;80;447051;379;1425493;209;1681032;11;89970;4;3990;4;3990;0;0;0;0;30;32290;7;7050;91;1211237;151;2168061;116;1419944;157;1190045
17.08.2021 14:00;4;3990;4;4000;76;581606;397;1630604;237;1974982;5;52320;4;4000;4;4000;0;0;0;0;29;34590;7;7050;83;1060587;145;2564045;119;1858619;141;1339693
17.08.2021 15:00;4;4000;4;4000;84;796472;478;1255934;244;2011071;6;25920;4;4000;4;4000;0;0;0;0;36;39580;11;11230;75;1228602;177;2490048;128;2004352;145;1507461
17.08.2021 16:00;4;4000;4;4000;97;853314;440;1224527;247;2271815;10;5130;4;3990;4;4000;0;0;0;0;35;40820;14;14060;95;1442194;235;2405545;152;2122768;171;1472485
17.08.2021 17:00;4;4000;4;4000;97;733178;492;1611115;244;2202807;9;134496;4;4000;4;4000;0;0;0;0;47;51950;13;13510;83;1573634;222;2667716;160;1903533;180;1463882
17.08.2021 18:00;4;4000;4;3990;93;810390;457;1354860;222;2073386;3;910;4;4000;4;4000;0;0;0;0;44;50650;14;14686;92;1220967;240;2266235;113;1761802;147;1394029
17.08.2021 19:00;4;3990;4;4000;69;672782;344;1325726;151;1581664;0;0;4;4025;4;4000;0;0;0;0;23;26260;12;12246;87;1184980;184;1875965;122;1876048;117;1064236
17.08.2021 20:00;4;4000;5;5000;47;418430;252;1141007;107;1088472;2;7180;4;4000;5;5000;0;0;0;0;18;28950;2;2260;61;945420;128;1679297;103;1022323;112;926057
17.08.2021 21:00;2;2000;2;2000;22;196701;209;793950;96;928961;3;1290;2;2000;2;1990;0;0;0;0;13;14480;5;5120;46;435602;134;1261554;95;600254;85;712071
17.08.2021 22:00;2;1990;2;2000;28;179230;178;736492;58;671861;1;15070;2;2000;2;2000;0;0;0;0;12;12100;3;3020;45;378540;131;1167766;100;414048;61;421283
17.08.2021 23:00;2;2000;2;2000;13;112980;87;375300;35;384690;0;0;2;2000;2;2000;0;0;0;0;3;3040;3;3020;22;352974;70;447390;57;273020;49;314265
18.08.2021 00:00;2;2000;2;2000;4;6950;45;58625;18;289605;0;0;2;2000;2;2000;0;0;0;0;0;0;0;0;7;101690;46;192110;16;45420;18;98604
18.08.2021 01:00;0;0;1;1000;5;38320;19;14100;11;197940;0;0;0;0;1;1000;0;0;0;0;0;0;0;0;2;12940;19;77750;10;25380;7;29140
18.08.2021 02:00;0;0;0;0;0;0;15;8470;8;147570;0;0;0;0;0;0;0;0;0;0;0;0;0;0;1;29549;11;47240;6;14970;11;33540
18.08.2021 03:00;0;0;0;0;3;1050;15;8720;7;134660;1;10690;0;0;0;0;0;0;0;0;0;0;1;1000;2;19500;11;48760;3;10000;3;10150
18.08.2021 04:00;1;990;0;0;6;83170;22;40220;10;146346;1;15610;1;1000;0;0;0;0;0;0;0;0;0;0;5;45726;20;75550;11;33140;13;44646
18.08.2021 05:00;3;2990;3;3000;10;108810;142;376109;35;574068;1;14890;3;3000;3;3000;0;0;0;0;0;0;0;0;12;108080;91;670125;47;227653;29;100610
18.08.2021 06:00;4;4000;4;4000;20;189152;361;761097;79;1011351;0;0;4;4000;4;3990;0;0;0;0;6;6720;3;3020;18;413794;181;1559495;89;716553;65;340165
18.08.2021 07:00;5;5000;4;4054;28;465759;456;925825;151;1570537;4;64208;5;4980;4;4000;0;0;0;0;11;13530;3;3140;48;885654;217;2275620;85;1322356;108;792578
18.08.2021 08:00;4;4000;4;3990;51;382560;486;1259903;237;2176447;5;4150;4;4000;4;3990;0;0;0;0;21;21600;7;7060;52;1126567;205;2697292;108;1487722;95;1070964
18.08.2021 09:00;4;3990;4;4000;43;420029;394;1445063;218;1723398;6;119624;4;4000;4;4000;0;0;0;0;25;26720;7;7060;55;997313;171;2345526;107;1642325;114;1079471
18.08.2021 10:00;4;3990;4;3990;50;398110;367;1360397;239;1892794;3;9990;4;3990;4;4000;0;0;0;0;26;29660;5;5040;69;1268864;141;2431221;104;1537982;121;1345156
18.08.2021 11:00;4;3990;4;3990;62;512499;367;1384152;228;1879189;6;48720;4;4000;4;4000;0;0;0;0;23;25470;4;4040;82;1345232;144;2257422;102;1555529;109;966900
18.08.2021 12:00;4;3980;4;3980;70;581453;380;1339866;232;1798025;4;1900;4;4000;4;3990;0;0;0;0;40;49894;9;9050;68;1055454;152;2270787;131;1965229;118;1110962
18.08.2021 13:00;4;4000;4;4000;73;587386;387;1400317;188;1356129;6;30450;4;4000;4;3990;0;0;0;0;24;27770;15;15740;79;1324195;163;2508475;123;1606298;149;1159592
18.08.2021 14:00;4;4000;4;4000;48;304956;381;1144604;197;1733063;5;2130;4;4000;4;4000;0;0;0;0;31;34840;13;13148;62;999779;169;2337208;137;2024744;163;1249549
18.08.2021 15:00;4;4000;4;4000;70;475773;418;1405421;245;1914930;4;2487;4;3990;4;3990;0;0;0;0;30;34370;5;5020;81;1260918;208;2256692;126;2022695;135;1476846
18.08.2021 16:00;4;3990;4;3990;101;744708;462;1158096;214;1930438;9;136540;4;3990;4;4000;0;0;0;0;36;44260;15;16550;91;1497629;223;1984417;127;2184638;134;1674018
18.08.2021 17:00;4;4000;4;4000;87;708494;511;1559990;246;1986167;0;0;4;4000;4;3980;0;0;0;0;25;26840;11;11080;94;1592335;241;2355905;142;2137348;148;1475987
18.08.2021 18:00;4;4000;4;4000;84;616369;409;1560161;213;1774791;4;25180;4;4000;4;4000;0;0;0;0;33;35403;12;12380;78;1366184;203;2160435;127;2046370;149;1562342
18.08.2021 19:00;4;3990;4;3990;55;909792;337;991974;162;1426858;5;2020;4;4000;4;4000;0;0;0;0;39;42090;5;5380;76;1185018;196;1465610;107;1330017;119;1063439
18.08.2021 20:00;4;4000;5;4980;47;343944;250;1092945;128;1015579;1;970;4;4000;5;5000;0;0;0;0;23;24780;5;5010;54;670860;139;1542318;107;917378;110;554832
18.08.2021 21:00;2;2000;2;2000;28;181745;214;723938;118;949311;4;2010;2;2000;2;2000;0;0;0;0;24;29080;5;5030;50;548295;143;1242344;109;384652;82;397978
18.08.2021 22:00;2;2000;2;2000;12;63570;163;530946;70;571789;2;460;2;2000;2;2000;0;0;0;0;14;16720;4;4020;42;503810;127;829890;94;314644;79;293990
18.08.2021 23:00;2;2000;2;2000;14;88910;92;328852;43;390856;0;0;2;2000;2;2000;0;0;0;0;8;8770;3;3020;30;277685;84;428953;43;106430;41;128400
19.08.2021 00:00;2;2000;2;2000;11;52280;51;182379;21;291422;0;0;2;2000;2;2000;0;0;0;0;5;6030;0;0;9;83080;38;170780;28;71966;23;76947
19.08.2021 01:00;0;0;1;1000;6;20735;24;71480;17;207500;1;590;0;0;1;1000;0;0;0;0;0;0;1;1000;9;150124;19;75270;9;26830;6;12680
19.08.2021 02:00;0;0;0;0;3;35690;16;26400;10;191343;0;0;0;0;0;0;0;0;0;0;2;3020;2;2010;4;40960;11;33880;8;15600;10;21060
19.08.2021 03:00;0;0;0;0;2;26850;12;6490;6;63750;0;0;0;0;0;0;0;0;0;0;0;0;1;1010;4;18200;8;28850;1;1440;5;12050
19.08.2021 04:00;1;1000;0;0;7;79760;29;16500;9;117434;0;0;1;1000;0;0;0;0;0;0;0;0;0;0;5;10060;22;85109;4;7500;8;31530
19.08.2021 05:00;3;2990;3;3000;9;92710;165;361843;30;423267;1;36360;3;3000;3;3000;0;0;0;0;0;0;0;0;11;136900;90;716560;45;178693;47;198710
19.08.2021 06:00;4;4000;4;4000;17;243661;336;835162;96;1228312;1;330;4;3990;4;4000;0;0;0;0;3;3650;3;3020;24;445001;161;1637976;96;891656;58;404340
19.08.2021 07:00;5;4990;4;4000;42;490664;466;1261777;149;1695517;6;76660;5;5000;4;4000;0;0;0;0;26;29910;3;3020;45;596918;206;2374238;82;1512996;92;827747
19.08.2021 08:00;4;3990;4;4000;49;430330;480;1183179;206;2013142;5;2730;4;3990;4;4000;0;0;0;0;22;24810;8;8070;61;934402;219;2331688;105;1496585;90;833019
19.08.2021 09:00;4;3990;4;4000;42;420004;421;1390234;230;1735181;6;2780;4;3990;4;3990;0;0;0;0;22;23753;11;11100;61;1109616;192;2492701;94;1667629;103;1006432
19.08.2021 10:00;4;4000;4;4000;58;541200;354;1500201;238;1820185;6;5705;4;4000;4;3990;0;0;0;0;27;29041;7;7050;88;1298502;152;2363767;103;1600303;99;863778
19.08.2021 11:00;4;4034;4;4000;76;707828;378;1189616;240;1958752;6;4870;4;4000;4;3980;0;0;0;0;33;35590;12;12360;90;1263683;145;2250007;127;1630224;136;1010640
19.08.2021 12:00;4;4000;4;3970;54;476714;368;1558099;227;1837642;8;56430;4;4000;4;4000;0;0;0;0;29;33660;18;18370;74;1116123;169;2322273;117;1992694;112;1118055
19.08.2021 13:00;4;4000;4;3990;65;526496;381;1423368;213;1722624;2;590;4;3990;4;4000;0;0;0;0;40;45410;8;8050;71;1095493;169;2436572;120;1526327;118;992401
19.08.2021 14:00;4;4000;4;4000;91;673237;377;1464677;235;1933864;5;79110;4;4000;4;4000;0;0;0;0;39;41890;8;8110;89;1392751;161;2337577;125;2044445;124;1197604
19.08.2021 15:00;4;3990;4;3990;69;619125;441;1400507;246;2136227;6;74180;4;4000;4;3990;0;0;0;0;25;26750;19;20447;77;1263847;217;2385270;114;2223290;126;1335977
19.08.2021 16:00;4;4000;4;4000;80;689920;477;1469450;247;2396713;6;2080;4;3990;4;3990;0;0;0;0;44;47788;23;23350;88;1423554;236;2370028;132;2493038;155;1611902
19.08.2021 17:00;4;3990;4;3990;84;756943;509;1555040;241;2284038;1;590;4;4000;4;3990;0;0;0;0;43;46987;20;20430;103;1572889;227;2839337;135;2558752;142;1921299
19.08.2021 18:00;4;3990;4;4000;102;826846;455;1547918;241;2182935;4;970;4;4000;4;4000;0;0;0;0;46;50940;9;9270;86;1511585;208;2504153;121;2224872;146;1648715
19.08.2021 19:00;4;4000;4;3990;59;710110;340;822483;155;1812582;1;460;4;4000;4;3990;0;0;0;0;36;39264;9;9050;69;1103885;194;1383505;126;1434370;121;1091177
19.08.2021 20:00;4;3980;5;4980;34;289306;233;951477;107;928997;0;0;4;4000;5;5000;0;0;0;0;33;35190;4;4000;51;798981;146;1393688;117;813844;105;770929
19.08.2021 21:00;2;1990;2;2000;39;257830;214;764191;117;927448;2;13020;2;2000;2;2000;0;0;0;0;16;17510;2;2010;37;400920;146;1110712;117;507378;98;383886
19.08.2021 22:00;2;2000;2;1990;20;97795;182;640952;86;671410;0;0;2;1990;2;2000;0;0;0;0;22;24639;2;2160;43;421760;117;931423;90;466405;91;397955
19.08.2021 23:00;2;1990;2;2000;15;167610;102;381810;49;499224;0;0;2;1990;2;2000;0;0;0;0;10;11280;5;5020;24;214640;85;462714;48;193540;50;150820
20.08.2021 00:00;2;2000;2;2000;9;15200;56;212360;25;264820;0;0;2;2000;2;2000;0;0;0;0;2;3020;1;1000;11;181610;58;207801;24;53831;25;71185
20.08.2021 01:00;0;0;1;1000;2;47366;25;12960;12;114368;0;0;0;0;1;1000;0;0;0;0;2;2130;0;0;5;45470;25;67050;16;30584;17;44440
20.08.2021 02:00;0;0;0;0;4;27310;16;20950;7;108520;0;0;0;0;0;0;0;0;0;0;1;1010;0;0;2;36350;16;61805;5;7510;11;18510
20.08.2021 03:00;0;0;0;0;3;1520;14;43130;10;103640;0;0;0;0;0;0;0;0;0;0;1;1010;0;0;1;26850;12;38320;7;19260;6;19180
20.08.2021 04:00;1;1000;0;0;8;78310;28;61680;10;144013;0;0;1;1000;0;0;0;0;0;0;0;0;0;0;7;53980;24;124723;9;16400;7;13020
20.08.2021 05:00;3;2990;3;3000;10;43650;134;268460;37;533175;2;39820;3;3052;3;2990;0;0;0;0;0;0;2;2020;9;150500;99;599510;40;104032;28;72700
20.08.2021 06:00;4;4000;4;3980;21;214681;295;751083;88;1019114;2;32010;4;3990;4;4000;0;0;0;0;15;17468;3;3030;27;406868;165;1412606;79;688658;60;321766
20.08.2021 07:00;5;4990;4;4000;37;426533;421;1191654;148;1735481;2;1100;5;4980;4;4000;0;0;0;0;12;12470;4;4140;36;835284;203;2139944;94;1125747;88;684734
20.08.2021 08:00;4;3980;4;4000;48;530546;414;1163136;199;1834067;4;36830;4;3980;4;4000;0;0;0;0;19;22550;12;12100;53;861626;196;2285682;88;1274424;106;1001176
20.08.2021 09:00;4;4000;4;4000;47;325635;414;1525539;225;1913636;7;33060;4;3990;4;4000;0;0;0;0;36;39223;5;5090;63;1251445;200;2264029;96;1610075;116;1027145
20.08.2021 10:00;4;3970;4;4000;56;454670;372;1412861;233;1842766;8;2980;4;4000;4;3990;0;0;0;0;34;36510;5;5040;74;927091;164;2403154;110;1141624;173;1136822
20.08.2021 11:00;4;4000;4;4000;60;494690;394;1419695;239;1969521;7;23430;4;3990;4;3990;0;0;0;0;30;30940;8;8070;82;1267047;163;2471310;128;1595161;158;1159309
20.08.2021 12:00;4;3990;4;3990;69;484409;433;1344948;238;2138135;4;35660;4;4000;4;4000;0;0;0;0;37;41740;11;11350;97;1459334;209;2514057;125;1871798;133;1580336
20.08.2021 13:00;4;3990;4;4000;71;630190;465;1329662;240;2124300;5;2920;4;4000;4;4000;0;0;0;0;44;64560;4;4020;85;1361873;216;2216574;117;2065005;126;1292850
20.08.2021 14:00;4;4000;4;3990;66;598285;464;1407077;263;2231162;5;2480;4;4000;4;4000;0;0;0;0;45;51590;10;10270;67;1776981;202;2500515;129;1902860;120;1442858
20.08.2021 15:00;4;3990;4;3980;62;706361;494;1385986;224;2320682;1;650;4;3990;4;3990;0;0;0;0;43;48220;7;7070;83;1144396;250;2460772;131;2161774;154;1673317
20.08.2021 16:00;4;3990;4;4000;72;926652;483;1247477;246;2337918;5;2140;4;3990;4;3990;0;0;0;0;50;74145;20;21140;81;1218130;261;2130243;126;2255409;153;1626153
20.08.2021 17:00;4;4000;4;4000;87;676711;451;1385837;238;2125154;0;0;4;4000;4;4000;0;0;0;0;47;52245;12;12160;85;1406593;244;2330338;138;2016072;108;1540348
20.08.2021 18:00;4;3980;4;4054;69;718760;480;1420851;232;1903171;6;2880;4;4000;4;3980;0;0;0;0;38;45427;16;16470;82;1108512;264;2169636;123;1871219;141;1190692
20.08.2021 19:00;4;3990;4;3990;72;547144;369;1139071;196;1902222;3;1160;4;4000;4;4000;0;0;0;0;34;36960;7;7270;72;1255221;219;1534948;117;1469804;120;1257571
20.08.2021 20:00;4;4000;5;5000;51;436540;275;1289085;147;1053651;1;200;4;3990;5;5000;0;0;0;0;50;63682;5;5020;58;998416;139;1836565;119;1120209;112;620999
20.08.2021 21:00;2;2000;2;2044;29;157520;249;800457;119;1019705;1;450;2;2000;2;2000;0;0;0;0;30;46249;7;7050;49;619808;154;1465496;115;455579;105;352867
20.08.2021 22:00;2;2000;2;2000;24;131645;206;769598;99;735425;2;780;2;2000;2;2000;0;0;0;0;25;27730;8;8270;43;454626;143;1118649;89;280690;85;294148
20.08.2021 23:00;2;2000;2;2000;18;96450;144;596777;48;446823;0;0;2;2000;2;1990;0;0;0;0;15;16320;3;3000;25;340540;127;826783;68;276463;40;129014
21.08.2021 00:00;2;2000;2;2000;18;80600;103;255369;34;309049;0;0;2;1990;2;1990;0;0;0;0;6;9036;3;3030;17;122080;72;419457;40;123170;36;103818
21.08.2021 01:00;0;0;1;990;10;63240;56;125360;28;321200;2;2400;0;0;1;1000;0;0;0;0;1;1010;2;2020;12;109350;48;173050;26;53330;27;89160
21.08.2021 02:00;0;0;0;0;4;35210;29;70540;18;183676;0;0;0;0;0;0;0;0;0;0;1;1010;0;0;4;102880;28;89960;20;46756;17;35075
21.08.2021 03:00;0;0;0;0;4;40530;30;119360;13;273625;0;0;0;0;0;0;0;0;0;0;3;3020;1;1010;4;99150;32;132204;8;36140;16;34090
21.08.2021 04:00;1;1000;0;0;4;2800;37;59280;15;233840;0;0;1;1000;0;0;0;0;0;0;1;1010;0;0;6;61950;27;123670;8;25000;11;22660
21.08.2021 05:00;3;2980;3;3000;5;6480;52;144700;20;273879;0;0;3;3000;3;3000;0;0;0;0;0;0;3;3030;5;52870;44;188192;26;52150;24;70430
21.08.2021 06:00;4;4000;4;4000;8;33410;81;216160;31;383062;1;710;4;3980;4;3990;0;0;0;0;1;1810;0;0;10;132160;67;342827;30;147160;31;75380
21.08.2021 07:00;4;3980;4;4000;14;220120;116;466100;51;611082;1;14920;4;4000;4;3990;0;0;0;0;7;7470;0;0;13;165674;86;684512;57;378250;41;185160
21.08.2021 08:00;5;4990;4;4000;26;81160;227;668274;109;1014574;2;1880;5;4990;4;4000;0;0;0;0;13;13390;3;3070;31;247682;153;1284470;79;692237;81;446730
21.08.2021 09:00;4;4000;4;4000;25;241623;322;1034144;189;1473000;2;3350;4;4000;4;4000;0;0;0;0;26;30090;15;14430;40;596623;154;1950491;112;1163337;94;733150
21.08.2021 10:00;4;4000;4;4000;46;409565;324;1315762;200;1549534;0;0;4;4000;4;3990;0;0;0;0;37;38280;7;8060;65;990468;172;2006341;118;1525271;115;1234670
21.08.2021 11:00;4;3990;4;4000;55;507560;374;1342709;224;1578576;5;20090;4;4000;4;4000;0;0;0;0;41;49072;7;8640;72;1030272;159;2215908;133;1903494;132;1108659
21.08.2021 12:00;3;2990;4;3990;56;675416;432;1570097;234;1730659;4;2270;3;2990;4;4000;0;0;0;0;45;67973;6;7000;65;1012417;172;2581179;126;1800811;136;1575874
21.08.2021 13:00;5;5000;3;3000;101;981089;467;1438589;201;1813572;2;1050;5;5000;3;2990;0;0;0;0;37;43210;14;14110;98;1431402;192;2614672;126;1986257;133;1616590
21.08.2021 14:00;4;4000;5;5000;87;471110;477;1474580;206;1882762;4;1560;4;4000;5;4990;0;0;0;0;40;46640;5;5430;79;1337621;210;2803045;110;2149006;133;1486786
21.08.2021 15:00;4;3990;4;4000;68;572979;397;1321461;206;1796662;8;3370;4;4000;4;3970;0;0;0;0;34;62820;14;14910;59;1039601;178;2247804;135;1920995;138;1435558
21.08.2021 16:00;4;3990;4;4000;41;488648;377;1240935;165;1521796;6;52165;4;3990;4;4000;0;0;0;0;50;63560;9;9070;60;1013696;178;2041536;112;1423515;167;1392172
21.08.2021 17:00;4;4051;5;5000;57;420820;386;1398343;196;1510756;1;130;4;3990;5;5000;0;0;0;0;32;35620;15;15617;70;1129869;182;2259556;123;1733421;132;1460846
21.08.2021 18:00;4;4000;4;4000;44;519238;386;1344323;184;1406208;2;920;4;4000;4;4000;0;0;0;0;39;45960;16;16880;61;1062447;189;2086069;131;1724975;131;1582753
21.08.2021 19:00;4;4000;4;4000;38;406963;315;1265283;151;1104930;2;1900;4;3980;4;4000;0;0;0;0;40;45505;12;12060;54;998819;144;1815683;121;1385745;132;1133042
21.08.2021 20:00;2;2000;2;2000;44;243320;269;803701;97;867337;0;0;2;2000;2;1990;0;0;0;0;38;50520;8;8160;49;620950;152;1528981;122;810379;138;822600
21.08.2021 21:00;2;1990;2;2000;31;171740;251;940029;127;1088850;2;33270;2;2000;2;2000;0;0;0;0;23;25470;6;6300;51;483700;179;1416977;118;587276;93;390664
21.08.2021 22:00;2;2000;2;2000;27;150210;249;868111;103;778286;4;5960;2;2000;2;2000;0;0;0;0;30;34490;1;1000;39;488362;139;1514360;104;388108;100;376380
21.08.2021 23:00;2;2000;2;2000;24;89060;151;657780;82;637170;3;960;2;2000;2;2000;0;0;0;0;8;9430;4;4240;32;449360;119;822985;62;189310;63;261120
22.08.2021 00:00;2;1990;2;2000;17;83680;103;560582;38;474991;2;4580;2;2000;2;2000;0;0;0;0;6;7430;4;4010;25;397775;88;540520;63;171210;39;113642
22.08.2021 01:00;0;0;1;1000;11;108290;67;202818;32;391036;1;330;0;0;1;1000;0;0;0;0;5;5040;3;3030;11;177330;63;345499;39;225250;39;235022
22.08.2021 02:00;0;0;0;0;13;121760;28;86958;21;266695;0;0;0;0;0;0;0;0;0;0;4;4030;3;3010;7;70110;32;155340;23;635201;28;173650
22.08.2021 03:00;0;0;0;0;1;240;38;59630;8;130360;0;0;0;0;0;0;0;0;0;0;4;5850;2;2000;3;64660;31;145310;13;34060;13;56000
22.08.2021 04:00;0;0;0;0;1;18550;27;72682;13;149750;0;0;0;0;0;0;0;0;0;0;0;0;0;0;0;0;22;92532;9;29950;11;32510
22.08.2021 05:00;2;2000;1;1000;5;75705;32;88880;11;183215;0;0;2;2000;1;1000;0;0;0;0;0;0;0;0;6;71630;29;104810;12;45987;14;45580
22.08.2021 06:00;2;2000;2;2000;4;23770;42;64050;9;114085;0;0;2;2000;2;2000;0;0;0;0;1;1310;1;1010;7;103670;40;153171;17;57450;14;35570
22.08.2021 07:00;2;2000;2;2000;3;18630;49;52650;16;286840;0;0;2;1990;2;2000;0;0;0;0;3;3030;0;0;11;161529;38;85590;19;49360;17;44540
22.08.2021 08:00;2;2000;2;2000;11;50440;91;418045;61;697796;0;0;2;2000;2;2000;0;0;0;0;6;6030;1;1060;9;125122;81;422667;40;234940;40;153690
22.08.2021 09:00;2;2000;2;1990;21;163405;159;659651;80;635409;0;0;2;2000;2;2000;0;0;0;0;8;9790;2;2220;23;278564;113;704900;47;434290;55;204600
22.08.2021 10:00;2;2000;2;2000;23;180750;207;762923;111;950516;3;34310;2;2000;2;2000;0;0;0;0;9;9470;6;6030;45;631807;157;1069500;95;662380;101;403630
22.08.2021 11:00;2;2000;2;1990;30;201570;273;944148;139;1037241;3;920;2;2000;2;2000;0;0;0;0;19;19230;9;9160;41;450020;194;1365861;115;896467;113;673111
22.08.2021 12:00;3;3000;3;3000;33;217140;293;1009268;157;1314563;1;330;3;2990;3;2990;0;0;0;0;16;17020;4;4040;47;565830;180;1544544;100;824917;101;534394
22.08.2021 13:00;4;3980;4;3990;34;263973;329;1042898;158;1361027;2;850;4;4000;4;3990;0;0;0;0;19;20230;11;11050;51;677024;182;1718883;115;1042985;106;588180
22.08.2021 14:00;4;3990;4;4000;34;182630;299;939944;127;1001458;4;27430;4;4000;4;4000;0;0;0;0;16;18190;2;2020;58;662937;157;1498426;120;1069705;111;885081
22.08.2021 15:00;4;3990;4;4000;31;156920;318;1079487;129;1143525;2;1500;4;4000;4;3980;0;0;0;0;14;15285;3;3000;55;685950;152;1743042;118;911152;133;909047
22.08.2021 16:00;4;4000;4;4000;39;366220;348;995429;166;1366153;2;320;4;3990;4;4000;0;0;0;0;14;14100;4;4020;47;420360;173;1648362;122;1107181;111;758776
22.08.2021 17:00;4;4000;4;4000;43;333978;366;1219134;170;1260658;4;16780;4;3990;4;3990;0;0;0;0;15;16350;2;2010;43;533668;192;1770844;114;971448;123;696899
22.08.2021 18:00;4;4000;4;3990;32;165003;325;1244988;158;1335865;1;200;4;4000;4;3990;0;0;0;0;13;15300;7;7060;60;641318;168;1817419;128;1177785;115;698359
22.08.2021 19:00;2;1990;2;2059;38;264909;245;987019;132;942806;1;390;2;2000;2;2000;0;0;0;0;19;20700;2;2020;54;756006;159;1318526;106;1000344;109;535463
22.08.2021 20:00;2;2000;2;2000;47;444889;271;997114;90;1077718;1;190;2;2000;2;2000;0;0;0;0;10;12040;6;6040;45;586194;153;1583040;105;922705;82;489028
22.08.2021 21:00;2;1990;2;2000;21;208090;213;682691;83;968514;0;0;2;2000;2;2000;0;0;0;0;11;12230;2;2520;41;344514;160;1314316;82;672242;64;375842
22.08.2021 22:00;2;2000;2;2000;24;205029;109;407070;66;610436;1;260;2;1990;2;2000;0;0;0;0;4;4150;2;2760;27;290435;192;672233;74;331136;55;253258
22.08.2021 23:00;2;2000;2;2000;8;95730;74;297400;37;414563;0;0;2;2000;2;2000;0;0;0;0;7;8590;1;1010;17;185030;53;317840;32;108235;22;78067
23.08.2021 00:00;2;1990;2;2000;7;74410;35;85846;10;87530;0;0;2;2000;2;2000;0;0;0;0;0;0;0;0;7;79035;33;114150;5;15210;14;51190
23.08.2021 01:00;0;0;1;1000;1;640;25;10810;8;128304;1;27730;0;0;1;1000;0;0;0;0;0;0;0;0;0;0;21;67070;11;27580;13;30860
23.08.2021 02:00;0;0;0;0;2;18280;21;27880;10;124537;0;0;0;0;0;0;0;0;0;0;1;1440;0;0;5;58250;17;51690;4;9030;8;24550
23.08.2021 03:00;0;0;0;0;0;0;14;14610;10;170907;1;460;0;0;0;0;0;0;0;0;0;0;0;0;3;87420;10;35860;4;11350;6;12700
23.08.2021 04:00;1;1000;0;0;5;55710;29;30000;10;102500;0;0;1;1000;0;0;0;0;0;0;0;0;0;0;5;46520;24;117070;10;22270;10;33160
23.08.2021 05:00;3;2990;3;2990;15;147193;165;394989;39;498104;0;0;3;2990;3;3000;0;0;0;0;1;1000;0;0;17;184780;98;757471;53;184983;42;181020
23.08.2021 06:00;4;3990;4;3990;16;131206;335;758065;84;1279112;6;2080;4;4000;4;3990;0;0;0;0;2;3610;2;2020;27;556194;171;1568220;90;603689;59;270890
23.08.2021 07:00;5;4990;4;4000;49;589866;497;1250570;176;1871937;3;2520;5;4990;4;4000;0;0;0;0;10;10590;9;9090;41;882298;189;2715620;115;1298590;116;798004
23.08.2021 08:00;4;4000;4;4000;62;842259;511;1339220;231;1976800;6;36994;4;4000;4;4000;0;0;0;0;20;21820;8;8100;56;851045;220;2532098;95;1618129;100;1234736
23.08.2021 09:00;4;3990;4;3990;59;751101;386;1075389;223;1777839;2;1100;4;3990;4;4000;0;0;0;0;17;18700;8;9090;60;877942;163;2353422;140;1609751;113;1060590
23.08.2021 10:00;5;4990;4;4000;44;280096;370;1455423;243;1905091;6;33460;5;5000;4;3980;0;0;0;0;34;39240;16;16520;62;1175934;165;2416310;131;1409374;115;1001321
23.08.2021 11:00;4;4058;5;5000;60;433270;344;1437220;217;1666734;5;38810;4;4000;5;5000;0;0;0;0;45;49780;11;12050;91;1322095;170;2340435;117;1553635;113;947523
23.08.2021 12:00;4;4000;4;4000;76;742050;392;1405822;208;1673539;6;3720;4;3990;4;4000;0;0;0;0;46;52830;16;16180;77;1121377;174;2363820;126;1606529;143;912269
23.08.2021 13:00;4;3990;4;4000;69;559379;357;1290964;227;1765959;6;3500;4;3980;4;4000;0;0;0;0;34;38520;6;6060;83;1287438;151;2403023;122;1582912;186;1272943
23.08.2021 14:00;4;4000;4;3990;74;624956;373;1335927;214;1818253;6;4010;4;4000;4;4000;0;0;0;0;37;41210;14;14610;85;1399295;166;2418713;131;1862510;131;972320
23.08.2021 15:00;4;3990;4;3990;93;835755;426;1357910;263;2115628;6;3450;4;3990;4;4000;0;0;0;0;32;38665;9;9700;112;1547346;185;2623219;129;2276818;129;1242196
23.08.2021 16:00;4;4000;4;4000;79;687185;528;1819093;251;2281107;12;4990;4;3990;4;4000;0;0;0;0;29;32510;8;8580;105;1323233;222;2679314;115;2478296;127;1403798
23.08.2021 17:00;4;3990;4;3990;90;751506;454;1581478;262;2235911;2;970;4;4000;4;3990;0;0;0;0;38;42170;10;10190;98;1582789;225;2650407;131;2502614;122;1494839
23.08.2021 18:00;4;3990;4;4000;73;542457;461;1359127;212;1797344;8;5280;4;3990;4;4000;0;0;0;0;51;57950;12;12110;81;1304547;219;2290686;131;1902834;129;1453900
23.08.2021 19:00;4;3990;4;4000;68;642033;293;1041835;161;1638974;6;3640;4;3990;4;3990;0;0;0;0;26;31200;8;8040;74;1251550;196;1278021;99;1219610;97;930092
23.08.2021 20:00;4;4000;5;4990;41;297036;244;923298;142;1301966;0;0;4;4000;5;5000;0;0;0;0;15;15130;5;5030;59;730563;142;1391033;112;798680;94;693634
23.08.2021 21:00;2;1990;2;2000;34;243070;226;889983;107;1092381;5;1880;2;1990;2;1990;0;0;0;0;24;28160;3;3120;54;401070;146;1390743;115;465350;97;346025
23.08.2021 22:00;2;1990;2;2000;20;194636;159;674278;76;672583;1;390;2;2000;2;2000;0;0;0;0;15;16370;5;5040;34;313663;108;713073;96;380465;67;299817
23.08.2021 23:00;2;1990;2;2000;14;68104;86;316274;49;518060;0;0;2;2000;2;2000;0;0;0;0;4;4850;1;1010;15;167950;75;360866;39;114760;34;102770
24.08.2021 00:00;2;2000;2;2000;4;21570;35;90460;22;261750;0;0;2;2000;2;2000;0;0;0;0;1;1200;0;0;6;96090;26;133335;17;45310;16;38540
24.08.2021 01:00;0;0;1;1000;6;40320;18;40070;10;118240;0;0;0;0;1;990;0;0;1;830;2;2650;0;0;4;24670;15;51240;16;34110;9;25970
24.08.2021 02:00;0;0;0;0;0;0;16;52710;4;86994;0;0;0;0;0;0;0;0;0;0;3;6080;1;1010;3;58430;11;61040;9;20320;9;17860
24.08.2021 03:00;0;0;0;0;1;400;15;8220;7;130530;0;0;0;0;0;0;0;0;0;0;0;0;0;0;0;9810;10;41200;6;8450;2;3310
24.08.2021 04:00;1;1000;0;0;4;38150;25;50920;11;185076;0;0;1;1000;0;0;0;0;0;0;1;1010;0;0;6;107940;23;76840;3;8390;10;32030
24.08.2021 05:00;3;3000;3;3000;7;48280;147;314740;38;571945;1;22840;3;3000;3;3000;0;0;0;0;0;0;0;0;12;113400;89;664605;55;169825;40;140820
24.08.2021 06:00;4;4000;4;4000;19;290204;352;829322;96;1291687;2;310;4;3990;4;4000;0;0;0;0;8;10220;1;1010;28;355968;171;1700800;90;764799;53;422013
24.08.2021 07:00;5;4980;4;4055;50;407934;498;1236994;161;1645534;3;2720;5;5000;4;3990;0;0;0;0;13;19024;4;4050;47;822864;218;2737358;106;1318248;86;615191
24.08.2021 08:00;4;3990;4;3990;58;615305;519;1307717;251;1925221;13;11860;4;4000;4;4000;0;0;0;0;26;31700;7;7060;54;914794;175;2820933;89;1813378;103;1263110
24.08.2021 09:00;4;4000;4;4000;51;894411;435;1573535;218;1688523;7;43960;4;3990;4;4000;0;0;0;0;28;30200;11;11070;73;1259324;168;2633320;98;1897778;118;1227386
24.08.2021 10:00;4;3970;4;4000;62;543162;369;1469501;252;1916756;7;74980;4;4000;4;4000;0;0;0;0;23;25480;16;17340;75;1035958;159;2406889;126;1845494;124;1126425
24.08.2021 11:00;4;4000;4;3990;65;693142;354;1470574;248;1838008;5;2460;4;3990;4;4000;0;0;0;0;39;45570;15;15150;78;1319360;155;2624972;120;1619853;116;1305346
24.08.2021 12:00;4;4000;4;3980;68;681678;387;1273467;235;1718021;6;3640;4;4000;4;4000;0;0;0;0;32;33810;11;11130;85;1503512;169;2440902;123;1973627;126;1313041
24.08.2021 13:00;4;3990;4;3990;62;679355;385;1495184;227;1917787;5;37270;4;3990;4;3990;0;0;0;0;36;39800;24;25240;91;1403850;167;2483440;120;1564885;135;1096861
24.08.2021 14:00;4;4000;4;4000;76;590803;382;1276222;227;1769356;5;3630;4;4000;4;4000;0;0;0;0;29;31340;9;9090;92;1351925;162;2466123;142;2086578;137;1250570
24.08.2021 15:00;4;3990;4;4000;90;729746;434;1537224;273;2044539;7;4940;4;3980;4;4000;0;0;0;0;37;42630;8;8080;93;1348300;215;2480855;119;2187357;142;1605146
24.08.2021 16:00;4;3980;4;3990;89;624143;482;1471079;265;2235206;6;81243;4;3990;4;4000;0;0;0;0;50;54270;18;18930;92;1305974;234;2641243;124;2320741;147;1783759
24.08.2021 17:00;4;4000;4;3990;90;623957;535;1463341;269;2423342;9;6170;4;4000;4;3980;0;0;0;0;60;81620;12;12150;92;1431926;290;2600984;138;2264636;161;1560831
24.08.2021 18:00;4;4000;4;4000;96;686665;462;1831408;254;2138453;6;2410;4;4000;4;4000;0;0;0;0;48;52850;21;21300;83;1282752;244;2453395;108;2202836;128;1811305
24.08.2021 19:00;4;4000;4;3980;63;618296;403;1201429;178;1831903;1;260;4;4000;4;4000;0;0;0;0;45;68880;7;7060;71;1189439;223;1607807;115;1445624;108;1102392
24.08.2021 20:00;4;4000;5;4980;37;228160;280;1253296;135;1283941;1;190;4;4000;5;5000;0;0;0;0;25;26390;6;6550;46;658659;156;1578706;102;916057;109;619255
24.08.2021 21:00;2;2000;2;1980;29;181884;231;828061;126;952818;1;650;2;2000;2;2000;0;0;0;0;35;43600;5;5050;45;581768;134;1231508;109;513550;93;341760
24.08.2021 22:00;2;2000;2;1980;22;117130;187;731301;101;731792;0;0;2;2000;2;2000;0;0;0;0;16;18010;3;3020;45;393975;139;1036791;77;432857;68;254621
24.08.2021 23:00;2;2000;2;2000;11;24970;113;398195;27;291340;0;0;2;2000;2;2000;0;0;0;0;2;2500;2;2030;21;285080;87;487453;47;146978;44;148180
25.08.2021 00:00;2;2000;2;2000;7;9510;45;88968;16;253630;0;0;2;2000;2;2000;0;0;0;0;3;3760;0;0;7;118910;35;385263;17;42880;21;55120
25.08.2021 01:00;0;0;1;1000;4;43989;26;91650;11;165450;1;15760;0;0;1;1000;0;0;0;0;0;0;1;1010;4;44076;23;63520;19;35930;5;19540
25.08.2021 02:00;0;0;0;0;0;0;12;5840;9;90910;0;0;0;0;0;0;0;0;0;0;3;3830;1;1010;4;36600;15;57110;4;6550;10;31260
25.08.2021 03:00;0;0;0;0;2;25780;22;13780;8;139467;0;0;0;0;0;0;0;0;0;0;0;0;0;0;3;19640;20;61620;2;3190;2;5320
25.08.2021 04:00;1;1000;0;0;5;20020;18;11190;11;131090;0;0;1;1000;0;0;0;0;0;0;0;0;0;0;6;88760;18;74478;6;12760;9;30040
25.08.2021 05:00;3;3000;3;3000;9;64260;146;430650;39;567607;1;23640;3;3000;3;3000;0;0;0;0;0;0;0;0;10;137690;98;786245;45;224330;31;132440
25.08.2021 06:00;4;4000;4;4000;17;221389;348;826373;83;1148524;1;580;4;3990;4;4000;0;0;0;0;9;9180;5;5030;27;470219;172;1500749;98;742001;52;297687
25.08.2021 07:00;5;5000;4;4000;46;627173;491;1504716;179;1600832;4;2790;5;5000;4;4000;0;0;0;0;29;39180;5;5040;40;797913;237;2547331;117;1374863;87;714844
25.08.2021 08:00;4;3990;4;4000;63;797942;478;1142849;217;2023157;4;2080;4;4000;4;4000;0;0;1;540;24;29260;9;9270;46;797451;226;2552484;98;1556119;99;1006171
25.08.2021 09:00;4;3990;4;4000;72;606398;449;1519170;240;1897282;11;5170;4;4000;4;3980;0;0;0;0;29;35190;15;15200;86;1392075;193;2363657;86;1929675;120;1357687
25.08.2021 10:00;4;4000;4;3980;49;616003;405;1492307;238;1824018;2;970;4;4000;4;4000;0;0;0;0;36;43106;10;10790;79;1158907;179;2435252;109;1591630;138;1462090
25.08.2021 11:00;4;4000;4;4000;61;622258;368;1351927;231;1527925;5;3230;4;4000;4;4000;0;0;0;0;50;56500;11;11370;86;1040721;158;2406501;127;1700914;142;1365901
25.08.2021 12:00;4;4000;4;4000;75;437390;392;1627282;224;1786834;6;2990;4;4000;4;3990;0;0;0;0;39;40530;10;10110;88;1309442;181;2529907;144;1454311;141;1147192
25.08.2021 13:00;4;3990;4;4000;78;509986;394;1355782;232;1807182;8;29860;4;4000;4;3990;0;0;0;0;35;35613;9;9100;97;1552369;156;2662567;126;1621755;134;1217460
25.08.2021 14:00;4;3990;4;3990;69;552532;448;1783823;264;2016780;3;2010;4;3990;4;3980;0;0;0;0;40;44850;18;18160;86;1344580;203;2685500;123;1898782;128;1430386
25.08.2021 15:00;4;3990;4;3990;82;744924;425;1661212;255;2143074;5;2080;4;3980;4;4000;0;0;0;0;37;41120;10;10553;77;1314955;228;2402349;110;2384073;158;1483431
25.08.2021 16:00;4;4000;4;3990;78;643840;505;1706193;258;2334658;6;2540;4;4000;4;4000;0;0;0;0;30;32690;15;15150;88;1241484;241;2567145;134;2586711;148;1828724
25.08.2021 17:00;4;3990;4;4000;104;658662;513;1544060;252;2333302;6;2800;3;2990;4;4000;0;0;0;0;32;38530;12;12100;101;1550986;262;2475324;142;2158865;146;1682828
25.08.2021 18:00;4;4000;4;4000;91;720103;443;1517081;268;2142273;2;1490;4;4000;4;4000;0;0;0;0;49;54360;17;17406;98;1509716;217;2432752;155;2083539;148;1547625
25.08.2021 19:00;4;4000;4;4000;62;618558;351;1093043;167;1711658;0;0;4;4000;4;4000;0;0;0;0;40;46730;7;7050;81;1192843;220;1620480;112;1439970;113;1011070
25.08.2021 20:00;4;4000;5;4980;48;349107;252;963252;143;1198037;2;920;4;4000;5;5000;0;0;0;0;26;29150;15;15230;53;827878;154;1706862;117;1082274;97;734899
25.08.2021 21:00;2;2000;2;1990;39;286450;255;888891;115;964506;2;37930;2;2000;2;2000;0;0;0;0;25;27950;3;3020;43;433853;133;1349389;130;585818;102;412385
25.08.2021 22:00;2;2000;2;2000;24;128819;199;850972;82;641188;1;390;2;2000;2;1990;0;0;0;0;20;20980;5;5040;37;378164;139;1017186;82;385687;83;359109
25.08.2021 23:00;2;2000;2;2000;23;151290;118;376970;52;593550;0;0;2;2000;2;2000;0;0;0;0;7;7170;2;2010;18;260430;86;476532;52;160520;44;164090
26.08.2021 00:00;2;1990;2;2000;10;15975;47;50190;30;320706;0;0;2;2000;2;2000;0;0;0;0;2;2010;1;1010;8;110160;39;142100;24;52300;26;67290
26.08.2021 01:00;0;0;1;1000;2;20060;28;49370;8;95360;0;0;0;0;1;1000;0;0;0;0;1;1050;1;1000;1;25260;26;99544;10;18570;18;34840
26.08.2021 02:00;0;0;0;0;3;56650;17;18947;11;167760;0;0;0;0;0;0;0;0;0;0;0;0;1;1000;4;72430;15;43780;4;7110;9;21640
26.08.2021 03:00;0;0;0;0;2;25260;10;33420;6;85800;0;0;0;0;0;0;0;0;0;0;0;0;0;0;4;23110;11;42150;6;12440;3;4240
26.08.2021 04:00;1;1000;0;0;4;3200;20;11300;12;153487;1;1680;1;1000;0;0;0;0;0;0;0;0;0;0;5;60320;16;61990;6;39280;7;22700
26.08.2021 05:00;3;3045;3;3000;12;70850;157;271909;31;505140;0;0;3;2980;3;2990;0;0;0;0;0;0;0;0;8;100395;86;748999;71;321210;61;446993
26.08.2021 06:00;4;4000;4;4000;18;118950;413;853403;94;1248998;2;850;4;4000;4;4000;0;0;0;0;5;5760;1;1010;31;450464;113;2011996;114;382197;96;1089533
26.08.2021 07:00;5;4990;4;4000;50;787288;527;1344692;161;1742701;7;60760;5;5000;4;4000;0;0;0;0;22;23440;5;5590;45;969248;125;2856373;73;1651850;98;1245843
26.08.2021 08:00;4;4000;4;4000;63;717894;521;1625944;220;2102370;3;4240;4;3990;4;4000;0;0;0;0;27;34110;8;8133;58;1080754;191;2846381;92;2144419;99;1414917
26.08.2021 09:00;4;3980;4;4000;59;518508;433;1572591;252;1886370;6;31750;4;4000;4;4000;0;0;0;0;31;34380;9;9100;68;993807;211;2659113;107;1504794;121;1138547
26.08.2021 10:00;4;3990;4;4000;51;476496;375;1559326;247;1643348;4;1560;4;4000;4;3990;0;0;0;0;25;25379;13;13190;74;946913;153;2465444;106;1459614;107;980638
26.08.2021 11:00;4;3990;4;4000;74;682357;379;1467529;256;1775183;7;60480;4;4000;4;4000;0;0;0;0;30;32170;6;6060;82;1283681;153;2242272;119;1776727;111;1097949
26.08.2021 12:00;4;3990;4;4000;72;660061;333;1679969;238;1637247;9;49626;4;4000;4;4000;0;0;0;0;35;37430;8;8060;72;1385088;157;2351384;128;1836864;122;1190290
26.08.2021 13:00;4;3990;4;3990;51;444680;391;1466764;246;1667149;5;2220;4;3990;4;4000;0;0;0;0;36;43610;12;12170;95;1288946;146;2604938;111;1726978;126;1375610
26.08.2021 14:00;4;3990;4;3980;59;566036;423;1537157;242;1991767;6;3510;4;3990;4;4000;0;0;0;0;27;29360;15;15200;88;1340821;149;2654867;117;2239707;133;1486228
26.08.2021 15:00;4;4000;4;4000;84;700698;434;1681504;286;2260875;12;76470;4;3990;4;4000;0;0;0;0;51;61040;15;15060;99;1478066;202;2596206;142;2415558;143;1542834
26.08.2021 16:00;4;4000;4;4000;91;676204;514;1815735;301;2411986;5;30190;4;4000;4;4000;0;0;0;0;49;54825;10;10020;95;1287577;249;2503412;144;2464402;144;1978364
26.08.2021 17:00;4;4000;4;3990;101;808670;488;1582816;261;2334407;4;1750;4;4000;4;3990;0;0;0;0;50;55080;31;32890;108;1633056;251;2441083;147;2203583;144;1809312
26.08.2021 18:00;4;3970;4;4000;81;954926;485;1588702;233;2324573;5;2850;4;4000;4;4000;0;0;0;0;47;52377;11;11940;82;1649872;269;2517737;139;2193766;138;1535576
26.08.2021 19:00;4;4000;4;4000;94;512304;370;1261842;206;1699609;2;60840;4;3980;4;4010;0;0;0;0;33;34790;13;14040;90;1274100;221;1743147;114;1602453;133;1222583
26.08.2021 20:00;4;4000;5;4990;37;297630;264;900710;158;1224861;0;0;4;3990;5;4990;0;0;0;0;29;33730;7;7020;56;945884;142;1619629;117;1166130;109;729028
26.08.2021 21:00;2;2000;2;1990;30;204560;227;770420;116;1122836;0;0;2;2000;2;2000;0;0;0;0;17;18580;2;2010;51;381106;146;1207044;123;663910;97;478876
26.08.2021 22:00;2;2000;2;2000;38;288500;206;675846;111;827271;3;41860;2;2000;2;2000;0;0;0;0;15;16650;8;8030;44;435436;127;1007289;112;463132;101;378446
26.08.2021 23:00;2;2000;2;2000;16;124840;118;351114;55;594113;0;0;2;1990;2;2000;0;0;0;0;6;6600;2;2010;25;303030;90;518377;56;288873;53;294550
27.08.2021 00:00;2;2000;2;2000;9;41770;56;111940;19;232393;0;0;2;2000;2;2000;0;0;0;0;2;2350;0;0;12;181050;41;217662;27;99640;34;159585
27.08.2021 01:00;0;0;1;1000;4;37280;23;76830;18;280650;1;2600;0;0;1;1000;0;0;0;0;1;1510;1;1000;4;26410;19;71930;11;31600;12;48825
27.08.2021 02:00;0;0;0;0;2;19460;15;7610;7;80194;0;0;0;0;0;0;0;0;0;0;0;0;0;0;4;118704;11;41520;4;7720;10;30240
27.08.2021 03:00;0;0;0;0;3;19280;18;11190;5;52510;1;14420;0;0;0;0;0;0;0;0;0;0;0;0;2;20060;14;54580;7;17640;8;20660
27.08.2021 04:00;1;1000;0;0;7;94340;21;34360;15;311576;1;32920;1;1000;0;0;0;0;0;0;0;0;0;0;6;85670;25;90170;10;35074;10;26625
27.08.2021 05:00;3;3000;3;3000;7;82023;140;349159;27;557031;0;0;3;3000;3;3000;0;0;0;0;2;2020;0;0;13;92823;105;566024;30;87620;28;123052
27.08.2021 06:00;4;3990;4;4000;23;249500;322;903582;83;1161575;3;44970;4;4000;4;4000;0;0;0;0;7;7660;1;1010;28;470226;152;1550078;82;767343;52;228128
27.08.2021 07:00;5;5000;4;4000;45;378526;430;1131812;175;1747117;4;1230;5;5000;4;3990;0;0;0;0;15;17370;6;6010;44;936904;188;2445099;92;1370860;88;738882
27.08.2021 08:00;4;4000;4;3990;54;680269;461;1214025;222;2068714;4;48020;4;4000;4;3990;0;0;0;0;22;24390;6;6030;64;939019;213;2503183;89;1585230;98;1156312
27.08.2021 09:00;4;3990;4;3970;49;462191;407;1317995;247;1886415;9;30010;4;4000;4;4000;0;0;0;0;33;38990;9;9040;65;1105411;187;2127249;99;1805671;111;1258720
27.08.2021 10:00;4;3990;4;4000;71;536287;397;1460101;264;2027418;3;1430;4;3990;4;3970;0;0;0;0;32;33930;9;9140;86;1199758;168;2551375;112;1925969;105;886355
27.08.2021 11:00;4;3990;4;3990;67;518903;396;1447935;265;2107246;30;102290;4;4000;4;4000;0;0;0;0;37;42980;21;21280;81;1193132;148;2501157;120;1683744;139;1101867
27.08.2021 12:00;4;4000;4;3990;90;788010;401;1483443;282;2037211;13;43600;4;3990;4;4000;0;0;0;0;43;45445;12;12330;92;1619555;178;2243422;128;2018218;147;1426663
27.08.2021 13:00;4;3990;4;4000;84;951476;533;1580611;268;2250540;9;5270;4;4000;4;3990;0;0;0;0;42;48195;14;14160;84;1408557;216;2748055;133;1806963;187;1502153
27.08.2021 14:00;4;3990;4;3990;84;706922;498;1315321;260;2486868;16;119263;4;4000;4;4000;0;0;0;0;48;66200;10;10106;94;1702532;235;2381406;121;2183991;134;1542452
27.08.2021 15:00;4;4000;4;4000;90;615804;487;1498565;261;2079536;9;75170;4;3990;4;3990;0;0;0;0;25;29170;8;8030;98;1478357;214;2486910;124;2443682;147;1822064
27.08.2021 16:00;4;4000;4;4000;85;536685;520;1618872;262;2244696;7;60070;4;4000;4;4000;0;0;0;0;37;42290;12;12070;86;1305238;213;2637520;140;2151437;133;1753986
27.08.2021 17:00;4;3990;4;4000;102;885699;499;1358856;265;2471292;8;98090;4;3990;4;4000;0;0;0;0;47;58840;9;9160;97;1615288;241;2381944;139;1946596;140;1949914
27.08.2021 18:00;4;3990;4;4000;87;645881;471;1664448;255;2293757;11;75392;4;4000;4;4000;0;0;0;0;34;60320;15;15230;86;1352374;230;2578951;117;1915020;130;1859001
27.08.2021 19:00;4;3990;4;4000;64;577396;393;1645405;187;2028302;3;1160;4;4000;4;3990;0;0;0;0;37;51840;9;9040;83;1387985;186;2042471;97;1669703;128;1399893
27.08.2021 20:00;4;4000;5;4990;43;303300;296;1194064;148;1283097;3;25950;4;3990;5;5000;0;0;0;0;28;30260;6;6020;79;915991;130;1939877;108;1337231;120;1215615
27.08.2021 21:00;2;2000;2;1990;38;199400;270;906293;94;998377;5;27790;2;2000;2;2000;0;0;0;0;17;20720;5;5020;38;340790;140;1358488;108;540430;89;742787
27.08.2021 22:00;2;2000;2;2000;25;229160;229;801134;81;599384;3;1240;2;2000;2;2000;0;0;0;0;17;21380;5;5020;46;484365;132;1314254;87;516964;83;567985
27.08.2021 23:00;2;2000;2;2000;16;109795;162;646909;61;826863;4;36060;2;2000;2;2000;0;0;0;0;12;13070;3;3000;27;268740;107;982248;63;298407;57;338425
28.08.2021 00:00;2;2000;2;2000;10;57410;83;327583;34;430060;1;1100;2;2000;2;2000;0;0;0;0;6;7320;1;1010;15;113450;76;324586;38;129146;28;98230
28.08.2021 01:00;0;0;1;1000;5;41980;53;202370;22;361905;0;0;0;0;1;1000;0;0;0;0;1;1010;3;3030;14;177837;53;219240;27;99850;31;109770
28.08.2021 02:00;0;0;0;0;7;57536;41;90644;14;246740;1;450;0;0;0;0;0;0;0;0;4;4050;3;3030;7;81110;36;135730;18;48290;20;68830
28.08.2021 03:00;0;0;0;0;7;39215;33;96150;12;242394;2;18934;0;0;0;0;0;0;0;0;0;0;0;0;4;53870;31;99460;17;43140;18;35360
28.08.2021 04:00;1;1000;0;0;7;116090;28;81533;16;308223;2;61483;1;1000;0;0;0;0;0;0;0;0;1;1000;3;37170;25;89730;4;18300;10;38650
28.08.2021 05:00;3;3000;3;3000;3;4710;47;159940;14;271793;0;0;3;3000;3;3000;0;0;0;0;1;1140;0;0;8;104950;40;223187;18;44187;25;76590
28.08.2021 06:00;4;4000;4;4000;9;118234;86;285396;21;348805;2;1750;4;3990;4;3980;0;0;0;0;1;1010;2;2000;11;152798;68;319050;37;146360;33;126510
28.08.2021 07:00;4;3990;4;4000;19;137280;128;592157;70;612418;1;900;4;4000;4;4000;0;0;0;0;1;1010;2;2010;23;360206;109;611964;51;284149;43;154900
28.08.2021 08:00;5;5000;4;3990;26;182633;256;760936;106;989203;3;1100;5;4990;4;4000;0;0;0;0;14;16280;3;3020;26;446343;161;1239117;68;639036;67;411660
28.08.2021 09:00;4;3990;4;4000;33;245496;341;1033012;199;1675433;3;4500;4;4000;4;3990;0;0;0;0;20;20610;3;3030;54;907764;171;1740037;89;1121901;99;879858
28.08.2021 10:00;4;4000;4;3990;54;479890;400;1366348;236;1868176;5;2710;4;4000;4;3980;0;0;0;0;32;34835;7;7160;63;1089599;166;2328294;117;1482457;122;1232819
28.08.2021 11:00;4;4000;4;3990;63;461210;381;1531569;251;2056953;8;5240;4;3990;4;4000;0;0;0;0;41;48170;18;18140;76;1327377;174;2238774;133;1783003;115;1128786
28.08.2021 12:00;4;4000;4;4000;71;744558;444;1573893;265;1943627;4;2590;4;4000;4;4000;0;0;0;0;43;49764;16;16130;93;1486410;153;2761902;119;2454993;123;1695004
28.08.2021 13:00;4;3990;4;4000;64;405568;392;1528551;250;1889155;9;21610;4;3990;4;4000;0;0;0;0;32;36350;7;7060;84;1249416;156;2496689;122;1892838;126;1253707
28.08.2021 14:00;4;4000;4;3990;66;652840;388;1479779;230;1746158;2;1630;4;3990;4;3990;0;0;0;0;37;40957;10;10120;79;1345135;172;2369433;143;2005940;132;1292168
28.08.2021 15:00;4;4000;4;3990;76;626320;420;1753419;266;2068966;8;59810;4;3990;4;4000;0;0;0;0;43;58420;8;8070;86;1081644;170;2628364;110;1773975;113;1480820
28.08.2021 16:00;4;4000;4;3990;66;529498;399;1457797;232;1566577;7;8990;4;3990;4;4000;0;0;0;0;41;45468;20;21430;84;1237933;192;2514489;113;1714283;149;1594250
28.08.2021 17:00;4;4000;5;4980;72;697388;403;1591193;234;1915370;6;3170;4;3990;5;5000;0;0;0;0;37;41370;11;11370;81;1170083;170;2523753;93;2155924;81;1753612
28.08.2021 18:00;4;4000;4;4000;61;619449;416;1512237;190;1656731;5;1940;4;4000;4;3990;0;0;0;0;51;61476;8;9310;85;1479905;179;2361660;26;3107421;30;2945101
28.08.2021 19:00;4;4000;4;4000;58;612700;340;1240030;170;1584671;9;65720;4;4000;4;4000;0;0;0;0;42;46250;8;8150;66;1026918;174;1895236;23;3171461;22;3078490
28.08.2021 20:00;2;2000;2;2000;43;205690;301;798783;134;1045053;2;1360;2;1990;2;2000;0;0;0;0;34;42050;9;9460;58;621268;166;1509598;0;3600000;0;3600000
28.08.2021 21:00;2;1990;2;2000;24;155355;276;1066682;118;1024681;1;130;2;2000;2;2000;0;0;0;0;23;26183;4;4030;36;408424;154;1567348;0;3600000;0;3600000
28.08.2021 22:00;2;2000;2;2000;20;234860;220;617135;103;823842;2;1300;2;2000;2;2000;0;0;0;0;15;17890;3;3020;46;452089;143;1204678;54;2173868;29;2155138
28.08.2021 23:00;2;1990;2;2000;36;278290;195;765540;81;794213;1;6830;2;2000;2;1990;0;0;0;0;10;10480;5;5010;33;352167;122;1118312;75;564659;51;444354
29.08.2021 00:00;2;1990;2;2000;13;117490;109;355458;43;727547;0;0;2;2000;2;2000;0;0;0;0;1;1630;0;0;19;229391;80;589330;19;2938133;20;2927703
29.08.2021 01:00;0;0;1;1000;7;145010;83;286990;34;450484;2;26550;0;0;1;1000;0;0;0;0;0;0;2;2010;12;197575;75;422983;0;3600000;0;3600000
29.08.2021 02:00;0;0;0;0;6;14080;50;235304;23;425000;0;0;0;0;0;0;0;0;0;0;5;5040;1;1000;6;87579;44;212779;0;3600000;0;3600000
29.08.2021 03:00;0;0;0;0;4;4000;34;108428;19;245008;0;0;0;0;0;0;0;0;0;0;0;0;0;0;5;62260;20;118538;0;3600000;0;3600000
29.08.2021 04:00;0;0;0;0;4;82290;38;100860;13;174157;0;0;0;0;0;0;0;0;0;0;2;2000;1;1010;1;1920;33;129802;0;3600000;0;3600000
29.08.2021 05:00;2;2000;1;1000;5;19630;34;420287;13;229407;0;0;2;2000;1;1000;0;0;0;0;0;0;0;0;12;127014;33;139780;0;3600000;0;3600000
29.08.2021 06:00;2;2000;2;1990;7;53380;30;160450;21;345107;2;42070;2;2000;2;2000;0;0;0;0;0;0;0;0;7;115540;25;109190;0;3600000;0;3600000
29.08.2021 07:00;2;2000;2;2000;6;41282;40;217916;37;566660;0;0;2;1990;2;1990;0;0;0;0;1;1010;0;0;9;152546;22;93030;0;3600000;0;3600000
29.08.2021 08:00;2;2000;2;2000;12;179230;100;448310;96;780928;0;0;2;2000;2;2000;0;0;0;0;10;10250;0;0;25;304230;45;219460;0;3600000;0;3600000
29.08.2021 09:00;2;2000;2;2000;23;291551;164;1033115;159;1194218;4;2070;2;2000;2;2000;0;0;0;0;8;9940;1;1010;41;640988;73;554623;0;3600000;0;3600000
29.08.2021 10:00;2;2000;2;2000;19;205803;200;1248680;176;1206537;1;520;2;1980;2;2000;0;0;0;0;14;18055;0;0;47;670595;102;1022125;0;3600000;0;3600000
29.08.2021 11:00;2;2000;2;2000;29;253330;278;1573404;229;1612282;5;32710;2;2000;2;2000;0;0;0;0;8;9510;0;0;89;934442;122;1016670;0;3600000;0;3600000
29.08.2021 12:00;3;3000;3;3000;35;262910;290;1927065;217;1522731;5;2330;3;3000;3;3000;0;0;0;0;12;12190;0;0;90;985140;130;1401456;0;3600000;0;3600000
29.08.2021 13:00;4;4000;4;3980;32;284595;267;1739481;284;1625452;6;38320;4;3990;4;4000;0;0;0;0;12;12870;0;0;91;1225203;113;1031080;0;3600000;0;3600000
29.08.2021 14:00;4;4000;4;3990;36;275740;328;1495307;222;1828496;6;2670;4;3990;4;4000;0;0;0;0;20;24220;7;7020;67;902820;159;1600986;0;3600000;0;3600000
29.08.2021 15:00;4;4000;4;4000;43;223390;353;1173278;162;1417040;9;4340;4;4000;4;3990;0;0;0;0;9;9630;6;6030;55;792324;175;1667141;0;3600000;0;3600000
29.08.2021 16:00;4;4000;4;4000;45;358620;325;1106316;155;1375450;5;30650;4;4000;4;3990;0;0;0;0;17;17600;4;4010;44;642455;170;1698503;0;3600000;0;3600000
29.08.2021 17:00;4;4000;4;4000;46;291815;390;1238531;188;1573733;7;61475;4;3980;4;4000;0;0;0;0;18;21420;13;13220;63;764934;190;2013824;0;3600000;0;3600000
29.08.2021 18:00;4;4000;4;3990;44;263270;331;868379;154;1210622;4;1420;4;4000;4;4000;0;0;0;0;15;17800;5;5020;52;673249;176;1681142;0;3600000;0;3600000
29.08.2021 19:00;2;2000;2;2000;37;228770;301;1087347;141;1071491;4;41170;2;2000;2;1990;0;0;0;0;17;18760;8;8214;53;657212;167;1418637;0;3600000;0;3600000
29.08.2021 20:00;2;2000;2;2000;37;264228;249;944557;107;942963;5;18900;2;2000;2;2000;0;0;0;0;14;16800;2;2020;47;510884;140;1363837;0;3600000;0;3600000
29.08.2021 21:00;2;2000;2;2000;12;135980;179;678617;95;967121;4;1160;2;2000;2;1990;0;0;0;0;17;18540;3;3010;35;533971;120;971092;0;3600000;0;3600000
29.08.2021 22:00;2;2000;2;1990;14;102330;133;396900;49;600642;3;16221;2;2000;2;2000;0;0;0;0;3;3160;3;3030;24;316870;105;595793;0;3600000;0;3600000
29.08.2021 23:00;2;2000;2;2000;11;50440;78;157595;30;469784;0;0;2;2000;2;2000;0;0;0;0;2;2220;3;3030;11;116137;57;213383;0;3600000;0;3600000
30.08.2021 00:00;2;2000;2;2000;5;48756;45;135530;14;135570;0;0;2;2000;2;2000;0;0;0;0;0;0;2;2010;10;129296;37;150472;0;3600000;0;3600000
30.08.2021 01:00;0;0;1;1000;3;71830;22;11480;9;153554;0;0;0;0;1;1000;0;0;0;0;0;0;0;0;2;24700;21;90620;0;3600000;0;3600000
30.08.2021 02:00;0;0;0;0;0;0;12;7747;8;253009;1;720;0;0;0;0;0;0;0;0;0;0;0;0;2;26240;9;41970;4;3295012;4;3299732
30.08.2021 03:00;0;0;0;0;2;4330;20;23970;7;144250;0;0;0;0;0;0;0;0;0;0;0;0;0;0;0;0;16;74230;0;3600000;0;3600000
30.08.2021 04:00;1;990;0;0;3;36350;30;37960;8;165100;1;39620;1;1000;0;0;0;0;0;0;0;0;0;0;4;98000;24;101390;0;3600000;0;3600000
30.08.2021 05:00;3;3000;2;2000;9;28640;147;262335;31;319395;3;51290;3;3000;3;2990;0;0;0;0;0;0;0;0;19;171997;84;622165;0;3600000;0;3600000
30.08.2021 06:00;4;4000;5;5000;19;301083;356;813441;95;1069291;3;2190;4;4000;4;3990;0;0;0;0;9;10330;10;10260;33;630775;156;1641450;0;3600000;0;3600000
30.08.2021 07:00;7;6980;6;5990;55;487679;547;1759805;257;2165052;10;27830;7;6990;6;5990;0;0;0;0;40;58250;12;12090;66;1123281;129;3204456;0;3600000;0;3600000
30.08.2021 08:00;8;7990;8;8000;66;565425;552;1597028;253;2035037;13;108220;8;7980;8;7990;0;0;0;0;31;34190;12;12190;75;1254185;163;3063421;0;3600000;0;3600000
30.08.2021 09:00;4;4000;3;3000;68;490853;469;1591830;284;1974618;21;11910;4;4000;4;3990;0;0;0;0;34;39400;16;16240;73;1204641;170;2891225;0;3600000;0;3600000
30.08.2021 10:00;4;4000;5;5000;61;634750;385;1379685;252;1926131;5;32880;4;3990;4;3990;0;0;0;0;41;46950;13;13254;85;1461337;134;2515363;0;3600000;0;3600000
30.08.2021 11:00;4;3990;3;3000;81;680731;379;1773887;275;1909115;15;24860;4;4000;3;3000;0;0;0;0;42;49724;17;18130;93;1476722;162;2602941;0;3600000;0;3600000
30.08.2021 12:00;5;4990;6;6045;87;802082;393;1423433;267;1877678;16;29600;5;4990;6;5990;0;0;0;0;42;49100;17;17800;110;1738083;134;2763141;0;3600000;0;3600000
30.08.2021 13:00;8;8000;7;6990;65;450594;395;1765711;262;2067964;21;14720;8;7990;7;6990;0;0;0;0;57;78020;18;19970;96;1383035;149;2638547;0;3600000;0;3600000
30.08.2021 14:00;5;5000;7;7000;83;519827;370;1684826;241;1833843;6;4360;5;5000;7;6990;0;0;0;0;33;43270;13;13360;88;1470277;143;2488865;0;3600000;0;3600000
30.08.2021 15:00;4;4000;4;3990;98;811572;488;1709165;273;2108506;14;43990;4;4000;4;3990;0;0;0;0;46;60680;20;21450;89;1320745;154;2848501;0;3600000;0;3600000
30.08.2021 16:00;4;4000;4;3790;118;1197657;535;1605885;262;2225448;9;4930;4;4000;4;3980;0;0;0;0;44;51690;18;19190;95;1516920;207;2853231;0;3600000;0;3600000
30.08.2021 17:00;4;3990;4;4200;99;823191;485;1693601;259;2166423;11;5496;4;4000;4;4000;0;0;0;0;45;52080;15;15670;98;1329403;189;2827932;0;3600000;0;3600000
30.08.2021 18:00;4;4000;4;4000;87;597256;435;1484345;218;1593751;3;1180;4;3990;4;4000;0;0;0;0;60;67070;15;15120;79;1519120;233;2197479;0;3600000;0;3600000
30.08.2021 19:00;5;5000;3;2990;72;552455;319;882009;174;1722392;3;62580;5;4990;4;4000;0;0;0;0;40;44620;19;19840;78;1242682;213;1483835;1;3585083;10;3345639
30.08.2021 20:00;3;3000;5;4980;45;286221;248;925467;107;927421;1;200;3;2990;4;4000;0;0;0;0;22;26630;10;10320;57;711263;130;1350013;45;2755292;50;2728562
30.08.2021 21:00;2;1990;2;2000;31;132790;205;752219;83;753430;3;1490;2;2000;2;2000;0;0;0;0;14;16590;6;6040;45;476290;127;1182410;0;3600000;0;3600000
30.08.2021 22:00;2;2000;2;2000;18;117106;152;509539;70;667318;0;0;2;2000;2;2000;0;0;0;0;11;12470;3;3010;37;401757;116;675666;84;896568;58;797447
30.08.2021 23:00;2;2000;2;1990;12;143445;94;334085;32;584366;1;200;2;2000;2;2000;0;0;0;0;4;4870;0;0;17;253055;89;408827;26;2033244;19;1993967
31.08.2021 00:00;2;1990;2;2000;8;48970;36;39340;21;359004;1;60;2;2000;2;2000;0;0;0;0;4;4030;0;0;9;122986;25;145500;16;690760;15;684890
31.08.2021 01:00;0;0;1;1000;7;69800;15;25090;11;264540;1;36650;0;0;1;1000;0;0;0;0;0;0;0;0;3;119510;11;46740;3;3399470;4;3402990
31.08.2021 02:00;0;0;0;0;4;25330;20;35940;4;112480;0;0;0;0;0;0;0;0;0;0;0;0;0;0;4;78740;15;50370;0;3600000;0;3600000
31.08.2021 03:00;0;0;0;0;0;0;11;19650;9;181632;0;0;0;0;0;0;0;0;0;0;0;0;0;0;6;127500;7;35900;6;1511185;1;1502765
31.08.2021 04:00;1;1000;0;0;2;6150;28;42340;10;180560;3;35840;1;990;0;0;0;0;0;0;0;0;0;0;7;93460;23;80770;16;307230;15;279210
31.08.2021 05:00;3;2990;3;3000;8;98460;143;337903;33;465352;0;0;3;2990;3;3000;0;0;0;0;0;0;1;1010;10;134280;113;641626;19;1513020;16;1492360
31.08.2021 06:00;4;3980;4;4000;21;268560;359;886302;92;1311296;1;190;4;3990;4;4000;0;0;0;0;7;7580;2;2120;34;513483;157;1682497;0;3600000;0;3600000
31.08.2021 07:00;7;7000;6;6000;68;796216;512;1836132;281;2241558;14;104090;7;7000;6;5980;0;0;0;0;32;44000;5;5020;75;1203932;206;3069695;0;3600000;0;3600000
31.08.2021 08:00;8;7970;7;6980;81;585714;601;1737803;282;2303143;8;3500;8;7980;8;7990;0;0;0;0;27;30610;14;14230;60;1158463;159;3307643;37;3056974;53;2731102
31.08.2021 09:00;-1;-1;-1;-1;-1;-1;-1;-1;-1;-1;-1;-1;-1;-1;-1;-1;-1;-1;-1;-1;-1;-1;-1;-1;-1;-1;-1;-1;-1;-1;-1;-1
31.08.2021 10:00;0;0;0;0;0;0;0;3600000;0;3600000;0;0;0;0;0;0;0;0;0;0;0;0;0;0;0;3600000;0;3600000;0;0;0;3600000
31.08.2021 11:00;0;0;0;0;0;0;0;3600000;0;3600000;0;0;0;0;0;0;0;0;0;0;0;0;0;0;0;3600000;0;3600000;0;0;0;3600000
31.08.2021 12:00;0;0;0;0;0;0;0;3600000;0;3600000;0;0;0;0;0;0;0;0;0;0;0;0;0;0;0;3600000;0;3600000;0;0;0;3600000
31.08.2021 13:00;0;0;0;0;0;0;0;3600000;0;3600000;0;0;0;0;0;0;0;0;0;0;0;0;0;0;0;3600000;0;3600000;0;0;0;3600000
31.08.2021 14:00;0;0;0;0;0;0;0;3600000;0;3600000;0;0;0;0;0;0;0;0;0;0;0;0;0;0;0;3600000;0;3600000;0;0;0;3600000
31.08.2021 15:00;0;0;0;0;0;0;0;3600000;0;3600000;0;0;0;0;0;0;0;0;0;0;0;0;0;0;0;3600000;0;3600000;0;0;0;3600000
31.08.2021 16:00;0;0;0;0;0;0;0;3600000;0;3600000;0;0;0;0;0;0;0;0;0;0;0;0;0;0;0;3600000;0;3600000;0;0;0;3600000
31.08.2021 17:00;0;0;0;0;0;0;0;3600000;0;3600000;0;0;0;0;0;0;0;0;0;0;0;0;0;0;0;3600000;0;3600000;0;0;0;3600000
31.08.2021 18:00;0;0;0;0;0;0;0;3600000;0;3600000;0;0;0;0;0;0;0;0;0;0;0;0;0;0;0;3600000;0;3600000;0;0;0;3600000
31.08.2021 19:00;0;0;0;0;0;0;0;3600000;0;3600000;0;0;0;0;0;0;0;0;0;0;0;0;0;0;0;3600000;0;3600000;0;0;0;3600000
31.08.2021 20:00;0;0;0;0;0;0;0;3600000;0;3600000;0;0;0;0;0;0;0;0;0;0;0;0;0;0;0;3600000;0;3600000;0;0;0;3600000
31.08.2021 21:00;0;0;0;0;0;0;0;3600000;0;3600000;0;0;0;0;0;0;0;0;0;0;0;0;0;0;0;3600000;0;3600000;0;0;0;3600000
31.08.2021 22:00;0;0;0;0;0;0;0;3600000;0;3600000;0;0;0;0;0;0;0;0;0;0;0;0;0;0;0;3600000;0;3600000;0;0;0;3600000
31.08.2021 23:00;0;0;0;0;0;0;0;3600000;0;3600000;0;0;0;0;0;0;0;0;0;0;0;0;0;0;0;3600000;0;3600000;0;0;0;3600000
01.09.2021 00:00;0;0;0;0;0;0;0;3600000;0;3600000;0;0;0;0;0;0;0;0;0;0;0;0;0;0;0;3600000;0;3600000;0;0;0;3600000
01.09.2021 01:00;0;0;0;0;0;0;0;3600000;0;3600000;0;0;0;0;0;0;0;0;0;0;0;0;0;0;0;3600000;0;3600000;0;0;0;3600000
01.09.2021 02:00;0;0;0;0;0;0;0;3600000;0;3600000;0;0;0;0;0;0;0;0;0;0;0;0;0;0;0;3600000;0;3600000;0;0;0;3600000
01.09.2021 03:00;0;0;0;0;0;0;0;3600000;0;3600000;0;0;0;0;0;0;0;0;0;0;0;0;0;0;0;3600000;0;3600000;0;0;0;3600000
01.09.2021 04:00;0;0;0;0;0;0;0;3600000;0;3600000;0;0;0;0;0;0;0;0;0;0;0;0;0;0;0;3600000;0;3600000;0;0;0;3600000
01.09.2021 05:00;0;0;0;0;0;0;0;3600000;0;3600000;0;0;0;0;0;0;0;0;0;0;0;0;0;0;0;3600000;0;3600000;0;0;0;3600000
01.09.2021 06:00;0;0;0;0;0;0;0;3600000;0;3600000;0;0;0;0;0;0;0;0;0;0;0;0;0;0;0;3600000;0;3600000;0;0;0;3600000
01.09.2021 07:00;0;0;0;0;0;0;0;3600000;0;3600000;0;0;0;0;0;0;0;0;0;0;0;0;0;0;0;3600000;0;3600000;0;0;0;3600000
01.09.2021 08:00;0;0;0;0;0;0;0;3600000;0;3600000;0;0;0;0;0;0;0;0;0;0;0;0;0;0;0;3600000;0;3600000;0;0;0;3600000
01.09.2021 09:00;0;0;0;0;0;0;0;3600000;0;3600000;0;0;0;0;0;0;0;0;0;0;0;0;0;0;0;3600000;0;3600000;0;0;0;3600000
01.09.2021 10:00;0;0;0;0;0;0;0;3600000;0;3600000;0;0;0;0;0;0;0;0;0;0;0;0;0;0;0;3600000;0;3600000;0;0;0;3600000
01.09.2021 11:00;0;0;0;0;0;0;0;3600000;0;3600000;0;0;0;0;0;0;0;0;0;0;0;0;0;0;0;3600000;0;3600000;0;0;0;3600000
01.09.2021 12:00;-1;-1;-1;-1;-1;-1;-1;-1;-1;-1;-1;-1;-1;-1;-1;-1;-1;-1;-1;-1;-1;-1;-1;-1;-1;-1;-1;-1;-1;-1;-1;-1
01.09.2021 13:00;0;0;0;0;0;0;0;3600000;0;3600000;0;0;0;0;0;0;0;0;0;0;0;0;0;0;0;3600000;0;3600000;0;0;0;3600000
01.09.2021 14:00;0;0;0;0;0;0;0;3600000;0;3600000;0;0;0;0;0;0;0;0;0;0;0;0;0;0;0;3600000;0;3600000;0;0;0;3600000
01.09.2021 15:00;0;0;0;0;0;0;0;3600000;0;3600000;0;0;0;0;0;0;0;0;0;0;0;0;0;0;0;3600000;0;3600000;0;0;0;3600000
01.09.2021 16:00;0;0;0;0;0;0;0;3600000;0;3600000;0;0;0;0;0;0;0;0;0;0;0;0;0;0;0;3600000;0;3600000;0;0;0;3600000
01.09.2021 17:00;0;0;0;0;0;0;0;3600000;0;3600000;0;0;0;0;0;0;0;0;0;0;0;0;0;0;0;3600000;0;3600000;0;0;0;3600000
01.09.2021 18:00;0;0;0;0;0;0;0;3600000;0;3600000;0;0;0;0;0;0;0;0;0;0;0;0;0;0;0;3600000;0;3600000;0;0;0;3600000
01.09.2021 19:00;0;0;0;0;0;0;0;3600000;0;3600000;0;0;0;0;0;0;0;0;0;0;0;0;0;0;0;3600000;0;3600000;0;0;0;3600000
01.09.2021 20:00;0;0;0;0;0;0;0;3600000;0;3600000;0;0;0;0;0;0;0;0;0;0;0;0;0;0;0;3600000;0;3600000;0;0;0;3600000
01.09.2021 21:00;0;0;0;0;0;0;0;3600000;0;3600000;0;0;0;0;0;0;0;0;0;0;0;0;0;0;0;3600000;0;3600000;0;0;0;3600000
01.09.2021 22:00;0;0;0;0;0;0;0;3600000;0;3600000;0;0;0;0;0;0;0;0;0;0;0;0;0;0;0;3600000;0;3600000;0;0;0;3600000
01.09.2021 23:00;0;0;0;0;0;0;0;3600000;0;3600000;0;0;0;0;0;0;0;0;0;0;0;0;0;0;0;3600000;0;3600000;0;0;0;3600000
02.09.2021 00:00;0;0;0;0;0;0;0;3600000;0;3600000;0;0;0;0;0;0;0;0;0;0;0;0;0;0;0;3600000;0;3600000;0;0;0;3600000
02.09.2021 01:00;0;0;0;0;0;0;0;3600000;0;3600000;0;0;0;0;0;0;0;0;0;0;0;0;0;0;0;3600000;0;3600000;0;0;0;3600000
02.09.2021 02:00;0;0;0;0;0;0;0;3600000;0;3600000;0;0;0;0;0;0;0;0;0;0;0;0;0;0;0;3600000;0;3600000;0;0;0;3600000
02.09.2021 03:00;0;0;0;0;0;0;0;3600000;0;3600000;0;0;0;0;0;0;0;0;0;0;0;0;0;0;0;3600000;0;3600000;0;0;0;3600000
02.09.2021 04:00;0;0;0;0;0;0;0;3600000;0;3600000;0;0;0;0;0;0;0;0;0;0;0;0;0;0;0;3600000;0;3600000;0;0;0;3600000
02.09.2021 05:00;0;0;0;0;0;0;0;3600000;0;3600000;0;0;0;0;0;0;0;0;0;0;0;0;0;0;0;3600000;0;3600000;0;0;0;3600000
02.09.2021 06:00;0;0;0;0;0;0;0;3600000;0;3600000;0;0;0;0;0;0;0;0;0;0;0;0;0;0;0;3600000;0;3600000;0;0;0;3600000
02.09.2021 07:00;0;0;0;0;0;0;0;3600000;0;3600000;0;0;0;0;0;0;0;0;0;0;0;0;0;0;0;3600000;0;3600000;0;0;0;3600000
02.09.2021 08:00;0;0;0;0;0;0;0;3600000;0;3600000;0;0;0;0;0;0;0;0;0;0;0;0;0;0;0;3600000;0;3600000;0;0;0;3600000
02.09.2021 09:00;0;0;0;0;0;0;0;3600000;0;3600000;0;0;0;0;0;0;0;0;0;0;0;0;0;0;0;3600000;0;3600000;0;0;0;3600000
02.09.2021 10:00;0;0;0;0;0;0;0;3600000;0;3600000;0;0;0;0;0;0;0;0;0;0;0;0;0;0;0;3600000;0;3600000;0;0;0;3600000
02.09.2021 11:00;0;0;0;0;0;0;0;3600000;0;3600000;0;0;0;0;0;0;0;0;0;0;0;0;0;0;0;3600000;0;3600000;0;0;0;3600000
02.09.2021 12:00;0;0;0;0;0;0;0;3600000;0;3600000;0;0;0;0;0;0;0;0;0;0;0;0;0;0;0;3600000;0;3600000;0;0;0;3600000
02.09.2021 13:00;0;0;0;0;0;0;0;3600000;0;3600000;0;0;0;0;0;0;0;0;0;0;0;0;0;0;0;3600000;0;3600000;0;0;0;3600000
02.09.2021 14:00;0;0;0;0;0;0;0;3600000;0;3600000;0;0;0;0;0;0;0;0;0;0;0;0;0;0;0;3600000;0;3600000;0;0;0;3600000
02.09.2021 15:00;0;0;0;0;0;0;0;3600000;0;3600000;0;0;0;0;0;0;0;0;0;0;0;0;0;0;0;3600000;0;3600000;0;0;0;3600000
02.09.2021 16:00;0;0;0;0;0;0;0;3600000;0;3600000;0;0;0;0;0;0;0;0;0;0;0;0;0;0;0;3600000;0;3600000;0;0;0;3600000
02.09.2021 17:00;0;0;0;0;0;0;0;3600000;0;3600000;0;0;0;0;0;0;0;0;0;0;0;0;0;0;0;3600000;0;3600000;0;0;0;3600000
02.09.2021 18:00;0;0;0;0;0;0;0;3600000;0;3600000;0;0;0;0;0;0;0;0;0;0;0;0;0;0;0;3600000;0;3600000;0;0;0;3600000
02.09.2021 19:00;0;0;0;0;0;0;0;3600000;0;3600000;0;0;0;0;0;0;0;0;0;0;0;0;0;0;0;3600000;0;3600000;0;0;0;3600000
02.09.2021 20:00;0;0;0;0;0;0;0;3600000;0;3600000;0;0;0;0;0;0;0;0;0;0;0;0;0;0;0;3600000;0;3600000;0;0;0;3600000
02.09.2021 21:00;0;0;0;0;0;0;0;3600000;0;3600000;0;0;0;0;0;0;0;0;0;0;0;0;0;0;0;3600000;0;3600000;0;0;0;3600000
02.09.2021 22:00;0;0;0;0;0;0;0;3600000;0;3600000;0;0;0;0;0;0;0;0;0;0;0;0;0;0;0;3600000;0;3600000;0;0;0;3600000
02.09.2021 23:00;0;0;0;0;0;0;0;3600000;0;3600000;0;0;0;0;0;0;0;0;0;0;0;0;0;0;0;3600000;0;3600000;0;0;0;3600000
03.09.2021 00:00;0;0;0;0;0;0;0;3600000;0;3600000;0;0;0;0;0;0;0;0;0;0;0;0;0;0;0;3600000;0;3600000;0;0;0;3600000
03.09.2021 01:00;0;0;0;0;0;0;0;3600000;0;3600000;0;0;0;0;0;0;0;0;0;0;0;0;0;0;0;3600000;0;3600000;0;0;0;3600000
03.09.2021 02:00;0;0;0;0;0;0;0;3600000;0;3600000;0;0;0;0;0;0;0;0;0;0;0;0;0;0;0;3600000;0;3600000;0;0;0;3600000
03.09.2021 03:00;0;0;0;0;0;0;0;3600000;0;3600000;0;0;0;0;0;0;0;0;0;0;0;0;0;0;0;3600000;0;3600000;0;0;0;3600000
03.09.2021 04:00;0;0;0;0;0;0;0;3600000;0;3600000;0;0;0;0;0;0;0;0;0;0;0;0;0;0;0;3600000;0;3600000;0;0;0;3600000
03.09.2021 05:00;0;0;0;0;0;0;0;3600000;0;3600000;0;0;0;0;0;0;0;0;0;0;0;0;0;0;0;3600000;0;3600000;0;0;0;3600000
03.09.2021 06:00;0;0;0;0;0;0;0;3600000;0;3600000;0;0;0;0;0;0;0;0;0;0;0;0;0;0;0;3600000;0;3600000;0;0;0;3600000
03.09.2021 07:00;0;0;0;0;0;0;0;3600000;0;3600000;0;0;0;0;0;0;0;0;0;0;0;0;0;0;0;3600000;0;3600000;0;0;0;3600000
03.09.2021 08:00;0;0;0;0;0;0;0;3600000;0;3600000;0;0;0;0;0;0;0;0;0;0;0;0;0;0;0;3600000;0;3600000;0;0;0;3600000
03.09.2021 09:00;0;0;0;0;0;0;0;3600000;0;3600000;0;0;0;0;0;0;0;0;0;0;0;0;0;0;0;3600000;0;3600000;0;0;0;3600000
03.09.2021 10:00;0;0;0;0;0;0;0;3600000;0;3600000;0;0;0;0;0;0;0;0;0;0;0;0;0;0;0;3600000;0;3600000;0;0;0;3600000
03.09.2021 11:00;0;0;0;0;0;0;0;3600000;0;3600000;0;0;0;0;0;0;0;0;0;0;0;0;0;0;0;3600000;0;3600000;0;0;0;3600000
03.09.2021 12:00;0;0;0;0;0;0;0;3600000;0;3600000;0;0;0;0;0;0;0;0;0;0;0;0;0;0;0;3600000;0;3600000;0;0;0;3600000
03.09.2021 13:00;0;0;0;0;0;0;0;3600000;0;3600000;0;0;0;0;0;0;0;0;0;0;0;0;0;0;0;3600000;0;3600000;0;0;0;3600000
03.09.2021 14:00;0;0;0;0;0;0;0;3600000;0;3600000;0;0;0;0;0;0;0;0;0;0;0;0;0;0;0;3600000;0;3600000;0;0;0;3600000
03.09.2021 15:00;0;0;0;0;0;0;0;3600000;0;3600000;0;0;0;0;0;0;0;0;0;0;0;0;0;0;0;3600000;0;3600000;0;0;0;3600000
03.09.2021 16:00;0;0;0;0;0;0;0;3600000;0;3600000;0;0;0;0;0;0;0;0;0;0;0;0;0;0;0;3600000;0;3600000;0;0;0;3600000
03.09.2021 17:00;0;0;0;0;0;0;0;3600000;0;3600000;0;0;0;0;0;0;0;0;0;0;0;0;0;0;0;3600000;0;3600000;0;0;0;3600000
03.09.2021 18:00;0;0;0;0;0;0;0;3600000;0;3600000;0;0;0;0;0;0;0;0;0;0;0;0;0;0;0;3600000;0;3600000;0;0;0;3600000
03.09.2021 19:00;0;0;0;0;0;0;0;3600000;0;3600000;0;0;0;0;0;0;0;0;0;0;0;0;0;0;0;3600000;0;3600000;0;0;0;3600000
03.09.2021 20:00;0;0;0;0;0;0;0;3600000;0;3600000;0;0;0;0;0;0;0;0;0;0;0;0;0;0;0;3600000;0;3600000;0;0;0;3600000
03.09.2021 21:00;0;0;0;0;0;0;0;3600000;0;3600000;0;0;0;0;0;0;0;0;0;0;0;0;0;0;0;3600000;0;3600000;0;0;0;3600000
03.09.2021 22:00;0;0;0;0;0;0;0;3600000;0;3600000;0;0;0;0;0;0;0;0;0;0;0;0;0;0;0;3600000;0;3600000;0;0;0;3600000
03.09.2021 23:00;0;0;0;0;0;0;0;3600000;0;3600000;0;0;0;0;0;0;0;0;0;0;0;0;0;0;0;3600000;0;3600000;0;0;0;3600000
04.09.2021 00:00;0;0;0;0;0;0;0;3600000;0;3600000;0;0;0;0;0;0;0;0;0;0;0;0;0;0;0;3600000;0;3600000;0;0;0;3600000
04.09.2021 01:00;0;0;0;0;0;0;0;3600000;0;3600000;0;0;0;0;0;0;0;0;0;0;0;0;0;0;0;3600000;0;3600000;0;0;0;3600000
04.09.2021 02:00;0;0;0;0;0;0;0;3600000;0;3600000;0;0;0;0;0;0;0;0;0;0;0;0;0;0;0;3600000;0;3600000;0;0;0;3600000
04.09.2021 03:00;0;0;0;0;0;0;0;3600000;0;3600000;0;0;0;0;0;0;0;0;0;0;0;0;0;0;0;3600000;0;3600000;0;0;0;3600000
04.09.2021 04:00;0;0;0;0;0;0;0;3600000;0;3600000;0;0;0;0;0;0;0;0;0;0;0;0;0;0;0;3600000;0;3600000;0;0;0;3600000
04.09.2021 05:00;0;0;0;0;0;0;0;3600000;0;3600000;0;0;0;0;0;0;0;0;0;0;0;0;0;0;0;3600000;0;3600000;0;0;0;3600000
04.09.2021 06:00;0;0;0;0;0;0;0;3600000;0;3600000;0;0;0;0;0;0;0;0;0;0;0;0;0;0;0;3600000;0;3600000;0;0;0;3600000
04.09.2021 07:00;0;0;0;0;0;0;0;3600000;0;3600000;0;0;0;0;0;0;0;0;0;0;0;0;0;0;0;3600000;0;3600000;0;0;0;3600000
04.09.2021 08:00;0;0;0;0;0;0;0;3600000;0;3600000;0;0;0;0;0;0;0;0;0;0;0;0;0;0;0;3600000;0;3600000;0;0;0;3600000
04.09.2021 09:00;0;0;0;0;0;0;0;3600000;0;3600000;0;0;0;0;0;0;0;0;0;0;0;0;0;0;0;3600000;0;3600000;0;0;0;3600000
04.09.2021 10:00;0;0;0;0;0;0;0;3600000;0;3600000;0;0;0;0;0;0;0;0;0;0;0;0;0;0;0;3600000;0;3600000;0;0;0;3600000
04.09.2021 11:00;0;0;0;0;0;0;0;3600000;0;3600000;0;0;0;0;0;0;0;0;0;0;0;0;0;0;0;3600000;0;3600000;0;0;0;3600000
04.09.2021 12:00;0;0;0;0;0;0;0;3600000;0;3600000;0;0;0;0;0;0;0;0;0;0;0;0;0;0;0;3600000;0;3600000;0;0;0;3600000
04.09.2021 13:00;0;0;0;0;0;0;0;3600000;0;3600000;0;0;0;0;0;0;0;0;0;0;0;0;0;0;0;3600000;0;3600000;0;0;0;3600000
04.09.2021 14:00;0;0;0;0;0;0;0;3600000;0;3600000;0;0;0;0;0;0;0;0;0;0;0;0;0;0;0;3600000;0;3600000;0;0;0;3600000
04.09.2021 15:00;0;0;0;0;0;0;0;3600000;0;3600000;0;0;0;0;0;0;0;0;0;0;0;0;0;0;0;3600000;0;3600000;0;0;0;3600000
04.09.2021 16:00;0;0;0;0;0;0;0;3600000;0;3600000;0;0;0;0;0;0;0;0;0;0;0;0;0;0;0;3600000;0;3600000;0;0;0;3600000
04.09.2021 17:00;0;0;0;0;0;0;0;3600000;0;3600000;0;0;0;0;0;0;0;0;0;0;0;0;0;0;0;3600000;0;3600000;0;0;0;3600000
04.09.2021 18:00;0;0;0;0;0;0;0;3600000;0;3600000;0;0;0;0;0;0;0;0;0;0;0;0;0;0;0;3600000;0;3600000;0;0;0;3600000
04.09.2021 19:00;0;0;0;0;0;0;0;3600000;0;3600000;0;0;0;0;0;0;0;0;0;0;0;0;0;0;0;3600000;0;3600000;0;0;0;3600000
04.09.2021 20:00;0;0;0;0;0;0;0;3600000;0;3600000;0;0;0;0;0;0;0;0;0;0;0;0;0;0;0;3600000;0;3600000;0;0;0;3600000
04.09.2021 21:00;0;0;0;0;0;0;0;3600000;0;3600000;0;0;0;0;0;0;0;0;0;0;0;0;0;0;0;3600000;0;3600000;0;0;0;3600000
04.09.2021 22:00;0;0;0;0;0;0;0;3600000;0;3600000;0;0;0;0;0;0;0;0;0;0;0;0;0;0;0;3600000;0;3600000;0;0;0;3600000
04.09.2021 23:00;0;0;0;0;0;0;0;3600000;0;3600000;0;0;0;0;0;0;0;0;0;0;0;0;0;0;0;3600000;0;3600000;0;0;0;3600000
05.09.2021 00:00;0;0;0;0;0;0;0;3600000;0;3600000;0;0;0;0;0;0;0;0;0;0;0;0;0;0;0;3600000;0;3600000;0;0;0;3600000
05.09.2021 01:00;0;0;0;0;0;0;0;3600000;0;3600000;0;0;0;0;0;0;0;0;0;0;0;0;0;0;0;3600000;0;3600000;0;0;0;3600000
05.09.2021 02:00;0;0;0;0;0;0;0;3600000;0;3600000;0;0;0;0;0;0;0;0;0;0;0;0;0;0;0;3600000;0;3600000;0;0;0;3600000
05.09.2021 03:00;0;0;0;0;0;0;0;3600000;0;3600000;0;0;0;0;0;0;0;0;0;0;0;0;0;0;0;3600000;0;3600000;0;0;0;3600000
05.09.2021 04:00;0;0;0;0;0;0;0;3600000;0;3600000;0;0;0;0;0;0;0;0;0;0;0;0;0;0;0;3600000;0;3600000;0;0;0;3600000
05.09.2021 05:00;0;0;0;0;0;0;0;3600000;0;3600000;0;0;0;0;0;0;0;0;0;0;0;0;0;0;0;3600000;0;3600000;0;0;0;3600000
05.09.2021 06:00;0;0;0;0;0;0;0;3600000;0;3600000;0;0;0;0;0;0;0;0;0;0;0;0;0;0;0;3600000;0;3600000;0;0;0;3600000
05.09.2021 07:00;0;0;0;0;0;0;0;3600000;0;3600000;0;0;0;0;0;0;0;0;0;0;0;0;0;0;0;3600000;0;3600000;0;0;0;3600000
05.09.2021 08:00;0;0;0;0;0;0;0;3600000;0;3600000;0;0;0;0;0;0;0;0;0;0;0;0;0;0;0;3600000;0;3600000;0;0;0;3600000
05.09.2021 09:00;0;0;0;0;0;0;0;3600000;0;3600000;0;0;0;0;0;0;0;0;0;0;0;0;0;0;0;3600000;0;3600000;0;0;0;3600000
05.09.2021 10:00;0;0;0;0;0;0;0;3600000;0;3600000;0;0;0;0;0;0;0;0;0;0;0;0;0;0;0;3600000;0;3600000;0;0;0;3600000
05.09.2021 11:00;0;0;0;0;0;0;0;3600000;0;3600000;0;0;0;0;0;0;0;0;0;0;0;0;0;0;0;3600000;0;3600000;0;0;0;3600000
05.09.2021 12:00;0;0;0;0;0;0;0;3600000;0;3600000;0;0;0;0;0;0;0;0;0;0;0;0;0;0;0;3600000;0;3600000;0;0;0;3600000
05.09.2021 13:00;0;0;0;0;0;0;0;3600000;0;3600000;0;0;0;0;0;0;0;0;0;0;0;0;0;0;0;3600000;0;3600000;0;0;0;3600000
05.09.2021 14:00;0;0;0;0;0;0;0;3600000;0;3600000;0;0;0;0;0;0;0;0;0;0;0;0;0;0;0;3600000;0;3600000;0;0;0;3600000
05.09.2021 15:00;0;0;0;0;0;0;0;3600000;0;3600000;0;0;0;0;0;0;0;0;0;0;0;0;0;0;0;3600000;0;3600000;0;0;0;3600000
05.09.2021 16:00;0;0;0;0;0;0;0;3600000;0;3600000;0;0;0;0;0;0;0;0;0;0;0;0;0;0;0;3600000;0;3600000;0;0;0;3600000
05.09.2021 17:00;0;0;0;0;0;0;0;3600000;0;3600000;0;0;0;0;0;0;0;0;0;0;0;0;0;0;0;3600000;0;3600000;0;0;0;3600000
05.09.2021 18:00;0;0;0;0;0;0;0;3600000;0;3600000;0;0;0;0;0;0;0;0;0;0;0;0;0;0;0;3600000;0;3600000;0;0;0;3600000
05.09.2021 19:00;0;0;0;0;0;0;0;3600000;0;3600000;0;0;0;0;0;0;0;0;0;0;0;0;0;0;0;3600000;0;3600000;0;0;0;3600000
05.09.2021 20:00;0;0;0;0;0;0;0;3600000;0;3600000;0;0;0;0;0;0;0;0;0;0;0;0;0;0;0;3600000;0;3600000;0;0;0;3600000
05.09.2021 21:00;0;0;0;0;0;0;0;3600000;0;3600000;0;0;0;0;0;0;0;0;0;0;0;0;0;0;0;3600000;0;3600000;0;0;0;3600000
05.09.2021 22:00;0;0;0;0;0;0;0;3600000;0;3600000;0;0;0;0;0;0;0;0;0;0;0;0;0;0;0;3600000;0;3600000;0;0;0;3600000
05.09.2021 23:00;0;0;0;0;0;0;0;3600000;0;3600000;0;0;0;0;0;0;0;0;0;0;0;0;0;0;0;3600000;0;3600000;0;0;0;3600000
06.09.2021 00:00;0;0;0;0;0;0;0;3600000;0;3600000;0;0;0;0;0;0;0;0;0;0;0;0;0;0;0;3600000;0;3600000;0;0;0;3600000
06.09.2021 01:00;0;0;0;0;0;0;0;3600000;0;3600000;0;0;0;0;0;0;0;0;0;0;0;0;0;0;0;3600000;0;3600000;0;0;0;3600000
06.09.2021 02:00;0;0;0;0;0;0;0;3600000;0;3600000;0;0;0;0;0;0;0;0;0;0;0;0;0;0;0;3600000;0;3600000;0;0;0;3600000
06.09.2021 03:00;0;0;0;0;0;0;0;3600000;0;3600000;0;0;0;0;0;0;0;0;0;0;0;0;0;0;0;3600000;0;3600000;0;0;0;3600000
06.09.2021 04:00;0;0;0;0;0;0;0;3600000;0;3600000;0;0;0;0;0;0;0;0;0;0;0;0;0;0;0;3600000;0;3600000;0;0;0;3600000
06.09.2021 05:00;0;0;0;0;0;0;0;3600000;0;3600000;0;0;0;0;0;0;0;0;0;0;0;0;0;0;0;3600000;0;3600000;0;0;0;3600000
06.09.2021 06:00;0;0;0;0;0;0;0;3600000;0;3600000;0;0;0;0;0;0;0;0;0;0;0;0;0;0;0;3600000;0;3600000;0;0;0;3600000
06.09.2021 07:00;0;0;0;0;0;0;0;3600000;0;3600000;0;0;0;0;0;0;0;0;0;0;0;0;0;0;0;3600000;0;3600000;0;0;0;3600000
06.09.2021 08:00;0;0;0;0;0;0;0;3600000;0;3600000;0;0;0;0;0;0;0;0;0;0;0;0;0;0;0;3600000;0;3600000;0;0;0;3600000
06.09.2021 09:00;0;0;0;0;0;0;0;3600000;0;3600000;0;0;0;0;0;0;0;0;0;0;0;0;0;0;0;3600000;0;3600000;0;0;0;3600000
06.09.2021 10:00;0;0;0;0;0;0;0;3600000;0;3600000;0;0;0;0;0;0;0;0;0;0;0;0;0;0;0;3600000;0;3600000;0;0;0;3600000
06.09.2021 11:00;0;0;0;0;0;0;0;3600000;0;3600000;0;0;0;0;0;0;0;0;0;0;0;0;0;0;0;3600000;0;3600000;0;0;0;3600000
06.09.2021 12:00;0;0;0;0;0;0;0;3600000;0;3600000;0;0;0;0;0;0;0;0;0;0;0;0;0;0;0;3600000;0;3600000;0;0;0;3600000
06.09.2021 13:00;0;0;0;0;0;0;0;3600000;0;3600000;0;0;0;0;0;0;0;0;0;0;0;0;0;0;0;3600000;0;3600000;0;0;0;3600000
06.09.2021 14:00;0;0;0;0;0;0;0;3600000;0;3600000;0;0;0;0;0;0;0;0;0;0;0;0;0;0;0;3600000;0;3600000;0;0;0;3600000
06.09.2021 15:00;0;0;0;0;0;0;0;3600000;0;3600000;0;0;0;0;0;0;0;0;0;0;0;0;0;0;0;3600000;0;3600000;0;0;0;3600000
06.09.2021 16:00;0;0;0;0;1;28210;4;3421840;1;3448210;0;0;0;0;0;0;0;0;0;0;0;0;2;2000;1;3448210;4;3428530;1;28060;1;3448030
06.09.2021 17:00;4;4000;3;3000;114;724885;522;1573761;274;2796888;20;65869;4;3990;4;3990;0;0;0;0;58;78028;8;8060;96;1577720;271;2581525;90;2823495;140;2306109
06.09.2021 18:00;4;3990;5;4670;106;527420;459;1364076;217;2115542;11;5450;4;4000;4;4000;0;0;0;0;39;42780;12;12060;85;1428700;235;2079764;81;2654050;83;2449144
06.09.2021 19:00;5;4990;3;3330;77;612925;405;1113665;195;2198946;9;38470;5;5000;4;4000;0;0;0;0;48;53030;16;16500;74;1129727;226;1904444;0;3600000;0;3600000
06.09.2021 20:00;3;3000;5;4990;34;215530;240;1052553;148;995765;4;4750;3;3000;4;4000;0;0;0;0;29;31180;10;10050;68;768933;135;1554254;38;2609976;49;2601336
06.09.2021 21:00;2;2000;2;2000;28;126310;211;827096;114;887340;4;55040;2;1990;2;2000;0;0;0;0;18;20910;5;5010;43;511928;145;1102045;6;3553740;3;3548620
06.09.2021 22:00;2;1990;2;2000;25;278758;159;471544;84;739722;2;1880;2;2000;2;2000;0;0;0;0;3;3710;3;3010;29;278354;108;681499;10;3273369;12;3280949
06.09.2021 23:00;2;1990;2;2000;20;180514;88;223820;38;410561;1;320;2;2000;2;1990;0;0;0;0;10;11260;2;2060;25;385520;73;352750;23;2683905;22;2688436
07.09.2021 00:00;2;2000;2;2000;9;13860;29;167603;15;210550;0;0;2;2000;2;2000;0;0;0;0;2;2090;0;0;9;125850;27;130190;0;3600000;0;3600000
07.09.2021 01:00;0;0;1;1000;3;37850;15;21940;3;51780;0;0;0;0;1;1000;0;0;0;0;1;1010;1;1010;0;0;14;50880;10;1464632;11;1477182
07.09.2021 02:00;0;0;0;0;2;22240;21;12720;10;100530;2;790;0;0;0;0;0;0;0;0;0;0;0;0;3;58180;9;27000;0;3600000;0;3600000
07.09.2021 03:00;0;0;0;0;3;5440;14;7130;8;163400;1;10190;0;0;0;0;0;0;0;0;0;0;0;0;2;21700;11;38100;0;3600000;0;3600000
07.09.2021 04:00;1;1000;0;0;2;2550;24;43850;12;152690;1;16210;1;1000;0;0;0;0;0;0;0;0;0;0;7;121425;17;77903;13;378101;12;389311
07.09.2021 05:00;3;3000;3;3000;4;5960;154;401468;42;502764;2;21460;3;3000;3;3000;0;0;0;0;2;2020;0;0;10;83350;95;717070;41;358164;26;322434
07.09.2021 06:00;4;4000;3;3000;18;171846;428;831131;98;1200563;4;26200;4;4000;4;4000;0;0;0;0;5;5660;3;3010;24;474383;165;2058815;90;908621;76;671771
07.09.2021 07:00;7;6990;6;6000;72;797034;538;1592628;265;1921370;16;147730;7;7000;6;5990;0;0;0;0;35;46450;10;10080;65;1150574;142;3092249;101;1833012;98;1182844
07.09.2021 08:00;8;7990;8;7980;67;592945;529;1676404;302;2121231;16;134115;8;8000;8;7980;0;0;0;0;35;38540;13;13250;77;1291123;166;3402712;107;2046666;101;1819377
07.09.2021 09:00;3;2990;4;4000;53;774374;475;1443679;234;2129487;10;48840;4;3990;4;3990;0;0;0;0;33;36480;15;15200;80;1476097;189;2700287;94;1768036;107;1110033
07.09.2021 10:00;5;5000;4;4000;62;524223;392;1367671;256;1840641;20;12060;4;3990;4;4000;0;0;0;0;35;39440;5;5040;83;1281062;160;2471702;68;2457674;86;2102600
07.09.2021 11:00;3;3000;4;4000;74;756276;401;1446403;245;1835744;11;47330;3;2990;3;3000;0;0;0;0;39;44510;10;10140;80;1118862;151;2413597;0;3600000;0;3600000
07.09.2021 12:00;6;6000;5;5000;86;672223;401;1620420;251;1585836;9;4700;6;5980;6;6000;0;0;0;0;25;27420;9;9589;101;1435126;140;2632947;95;2025955;89;1537038
07.09.2021 13:00;8;7990;8;7980;96;661955;393;2009183;298;1950466;11;7900;8;7990;7;7000;0;0;0;0;41;62220;11;11610;89;1288091;189;2792236;16;3289136;23;3166930
07.09.2021 14:00;4;4000;6;5990;84;859437;373;1558076;249;1839198;15;7660;4;3990;6;5990;0;0;0;0;46;49660;12;12100;94;1584883;157;2534486;61;3063061;55;2778355
07.09.2021 15:00;3;3000;3;3000;76;575362;479;1592613;313;2481800;20;112750;4;4000;4;4000;0;0;0;0;54;68358;21;21700;91;1517193;238;2387554;52;3122712;72;2782236
07.09.2021 16:00;5;4990;5;4990;95;658970;548;1791589;290;2333434;9;114250;4;4000;4;4000;0;0;0;0;53;65438;17;17180;92;1506886;218;2833003;1;3599733;1;3599733
07.09.2021 17:00;4;3980;3;3000;105;644528;538;1695666;266;2472029;8;3430;4;3990;4;3990;0;0;0;0;43;46180;11;11060;94;1196446;236;2815179;99;2653468;123;2272446
07.09.2021 18:00;4;3990;5;4990;117;796969;501;1604274;248;2347311;9;3820;4;4000;4;3990;0;0;0;0;71;97294;16;16090;111;1686963;243;2468410;64;3036784;70;2850614
07.09.2021 19:00;4;4000;4;3990;81;653950;377;1462124;192;1821411;2;970;5;5000;4;4000;0;0;0;0;46;62913;12;12770;69;1221998;217;1939555;25;3061656;25;2999080
07.09.2021 20:00;4;3990;4;4000;51;450899;269;1208195;175;1261660;5;2400;3;3000;4;4000;0;0;0;0;30;33390;12;12130;55;715594;158;1748551;141;1239361;118;1248917
07.09.2021 21:00;2;2000;2;2000;36;171788;212;723335;147;1220966;2;15170;2;2000;2;2000;0;0;0;0;18;19320;7;7040;41;342390;136;1106802;96;1408748;81;1243476
07.09.2021 22:00;2;2000;2;2000;23;128250;199;609579;78;804976;8;39510;2;2000;2;1990;0;0;0;0;18;20820;8;8020;32;371720;125;946515;71;1799887;52;1716342
07.09.2021 23:00;2;2000;2;2000;15;161650;97;429045;43;471203;1;130;2;1990;2;2000;0;0;0;0;5;6060;2;2020;23;241120;82;399540;0;3600000;0;3600000
08.09.2021 00:00;2;2000;2;1990;4;22600;34;57740;18;241830;1;580;2;2000;2;1990;0;0;0;0;3;4020;0;0;8;106980;26;100900;0;3600000;0;3600000
08.09.2021 01:00;0;0;1;1000;2;17600;15;42080;10;179024;0;0;0;0;1;1000;0;0;0;0;0;0;0;0;0;0;13;53880;4;3041498;6;3043668
08.09.2021 02:00;0;0;0;0;6;24000;20;28490;10;180677;1;12823;0;0;0;0;0;0;0;0;1;1380;0;0;5;42880;17;73700;0;3600000;0;3600000
08.09.2021 03:00;0;0;0;0;4;42280;9;5925;7;122815;1;14830;0;0;0;0;0;0;0;0;1;1010;0;0;0;0;8;30560;0;3600000;0;3600000
08.09.2021 04:00;1;1000;0;0;6;57510;31;26870;15;234070;1;16190;1;1000;0;0;0;0;0;0;0;0;0;0;7;207367;28;105480;0;3600000;0;3600000
08.09.2021 05:00;3;3000;3;3000;10;93905;141;383390;39;533323;1;320;3;3000;3;3000;0;0;0;0;0;0;0;0;18;188020;112;680654;6;3354254;5;3354474
08.09.2021 06:00;4;4000;3;3000;18;202040;395;875400;97;1260444;4;1220;4;4000;4;4000;0;0;0;0;4;4070;4;4010;36;679822;159;2033986;0;3600000;0;3600000
08.09.2021 07:00;7;7000;6;6000;63;668687;580;1726761;262;2158150;14;10980;7;6980;5;5000;0;0;0;0;26;34370;12;12030;67;956480;211;3138199;0;3600000;0;3600000
08.09.2021 08:00;9;8980;9;9000;75;607347;572;1666610;296;2452817;19;55120;9;9000;9;8980;0;0;0;0;36;39320;12;12120;74;1144645;198;3256401;0;3600000;0;3600000
08.09.2021 09:00;3;3000;5;4990;66;732806;426;1476445;244;1928411;15;64340;3;3000;5;5000;0;0;0;0;30;32360;6;6250;70;952698;176;2502981;0;3600000;0;3600000
08.09.2021 10:00;5;4990;4;4000;68;609284;354;1601479;261;1825214;18;81660;5;5000;4;4000;0;0;0;0;39;46920;5;5040;63;968590;156;2314507;27;3164108;32;3159370
08.09.2021 11:00;3;3000;4;4000;66;986321;404;1559343;247;1998570;16;12530;4;3990;4;4000;0;0;0;0;29;30200;13;13403;74;1278450;172;2488646;34;2744233;43;2606843
08.09.2021 12:00;6;5990;4;4000;84;580375;382;1440333;243;1492904;7;4680;5;4990;5;5000;0;0;0;0;36;39360;13;13080;97;1289064;164;2296290;0;3600000;0;3600000
08.09.2021 13:00;8;7990;9;8990;87;725850;425;1829273;285;2195350;25;78880;8;8000;7;7000;0;0;2;760;49;58079;7;7070;97;1404057;148;3011996;25;3304040;30;3148124
08.09.2021 14:00;5;5000;5;5000;88;634144;384;1521303;254;1765942;10;5580;5;5000;5;5000;0;0;0;0;35;43670;20;20130;97;1447867;142;2593149;0;3600000;0;3600000
08.09.2021 15:00;4;4000;4;4000;82;745008;445;1302967;285;2162027;9;28230;4;4000;5;5000;0;0;0;0;55;81755;15;15830;84;1394582;246;2258012;49;3252045;54;2967466
08.09.2021 16:00;4;3980;5;4990;91;591230;526;1368878;232;2096475;18;82913;4;4000;4;4000;0;0;0;0;49;56225;17;17120;98;1370784;278;2416949;58;2900879;72;2583105
08.09.2021 17:00;4;3990;3;3000;103;654878;520;1626617;267;2063230;11;50980;4;3990;3;2990;0;0;0;0;43;49210;13;13390;99;1509815;232;2605565;0;3600000;0;3600000
08.09.2021 18:00;4;3990;5;4990;114;890790;460;1444099;249;2193839;5;73190;4;4000;5;5000;0;0;0;0;44;57318;18;18890;82;1436555;254;2182429;2;3589562;2;3589562
08.09.2021 19:00;5;4990;3;2990;71;506073;387;1394253;216;1660005;8;63640;5;5000;4;3990;0;0;0;0;46;62100;11;11070;79;1166173;214;1940798;34;2975864;35;2909144
08.09.2021 20:00;3;3000;5;5000;45;328010;283;1187404;153;1091833;9;32680;3;3000;4;4000;0;0;0;0;32;33950;9;9050;58;664744;160;1669643;116;1718036;97;1334721
08.09.2021 21:00;2;2000;2;2000;29;222984;223;812547;155;1340526;4;55230;2;2000;2;1990;0;0;0;0;23;41646;6;6030;42;395777;153;1355111;88;1381359;64;1353432
08.09.2021 22:00;2;1990;2;1990;32;77202;162;481530;86;605081;4;24850;2;1990;2;2000;0;0;0;0;21;32380;2;2010;43;362930;115;868829;0;3600000;0;3600000
08.09.2021 23:00;2;2000;2;2000;19;115840;101;372420;34;353512;0;23300;2;2000;2;2000;0;0;0;0;7;7980;1;1010;22;269446;84;318276;8;2646044;14;2662576
09.09.2021 00:00;2;2000;2;2000;9;30220;32;134610;31;274643;1;520;2;2000;2;2000;0;0;0;0;0;0;2;2000;14;191940;25;101155;0;3600000;0;3600000
09.09.2021 01:00;0;0;1;1000;4;41640;31;47670;13;230814;1;2270;0;0;1;1000;0;0;0;0;1;1010;0;0;3;53930;28;75270;0;3600000;0;3600000
09.09.2021 02:00;0;0;0;0;2;480;15;8110;7;103736;1;780;0;0;0;0;0;0;0;0;0;0;0;0;3;49210;16;51080;12;2424387;11;2421497
09.09.2021 03:00;0;0;0;0;3;2400;9;5280;9;105630;0;0;0;0;0;0;0;0;0;0;0;0;0;0;0;0;9;40570;0;3600000;0;3600000
09.09.2021 04:00;1;1000;0;0;6;93120;23;72087;11;112110;1;910;1;1000;0;0;0;0;0;0;0;0;0;0;5;88510;24;97230;1;3599613;1;3599613
09.09.2021 05:00;3;2990;3;3000;6;7440;167;395983;39;663177;2;390;3;3000;3;3000;0;0;0;0;1;1190;0;0;12;116340;108;744974;58;607559;28;506199
09.09.2021 06:00;4;3980;4;3990;22;323870;404;972218;86;1209790;4;1420;4;4000;4;4000;0;0;0;0;14;18440;3;3020;63;668039;170;1968979;11;3025380;7;2991100
09.09.2021 07:00;7;6990;6;6000;74;558131;578;1631223;284;1979631;17;26150;7;6980;6;5990;0;0;0;0;25;27830;20;20730;74;1073295;209;2997655;0;3600000;0;3600000
09.09.2021 08:00;8;8000;7;7000;83;855618;578;1695278;252;1814309;9;41160;8;8000;8;7980;0;0;0;0;31;46030;8;8030;63;1178499;186;3193659;0;3600000;0;3600000
09.09.2021 09:00;4;4000;5;4990;52;367861;497;1615933;263;2245409;11;110030;4;4000;4;3990;0;0;0;0;34;40130;15;15110;55;847700;201;2786712;0;3600000;0;3600000
09.09.2021 10:00;4;4000;3;3000;68;677220;432;1291187;230;1856053;9;90498;4;3990;3;3000;0;0;0;0;33;36580;14;14070;83;1191427;188;2412069;61;2726544;57;2617792
09.09.2021 11:00;4;4000;5;5000;72;515402;381;1498104;231;1725861;12;62130;4;4000;5;5000;0;0;0;0;36;44380;13;13070;80;1148375;150;2361344;13;3343593;24;3053700
09.09.2021 12:00;4;3990;4;4000;82;812355;382;1466995;252;2183847;11;43380;5;5000;5;4990;0;0;0;0;40;41580;15;15970;108;1551511;150;2295152;5;3567000;5;3546010
09.09.2021 13:00;9;8980;9;9000;100;786739;400;1675362;295;1860456;19;88606;8;8000;8;7980;0;0;0;0;45;51477;20;21840;94;1485748;157;2760916;44;3060294;57;2745909
09.09.2021 14:00;5;4980;6;6000;90;764704;474;1511515;250;1981738;10;7420;5;4980;6;5990;0;0;0;0;28;33830;14;14380;86;1579613;200;2748596;93;2645483;108;2006009
09.09.2021 15:00;4;3990;3;3000;97;640785;465;1612432;293;2393147;19;98605;4;4000;4;4000;0;0;0;0;42;48600;11;11780;96;1416332;198;2595612;8;3550042;9;3502537
09.09.2021 16:00;4;3990;4;4000;100;725966;512;1681191;271;2417467;21;9790;4;3970;4;4000;0;0;0;0;45;49260;16;16220;91;1447447;200;2723847;15;3511755;16;3481905
09.09.2021 17:00;4;4000;4;4000;117;722655;495;1686932;287;2317418;11;51380;4;3980;3;2980;0;0;0;0;47;55560;15;15130;102;1496500;228;2897147;0;3600000;0;3600000
09.09.2021 18:00;4;3990;5;5000;102;907195;514;1622414;248;2133396;4;4820;4;4000;5;5000;0;0;0;0;31;35790;8;8040;101;1512875;249;2452142;0;3600000;0;3600000
09.09.2021 19:00;5;4460;4;3990;68;767651;390;1045470;204;2111918;6;73389;5;5054;4;4000;0;0;0;0;55;67120;11;11220;71;1119789;219;1712109;26;3310923;23;3253641
09.09.2021 20:00;3;3530;4;3840;50;449217;260;1141562;131;1130550;4;1700;3;2990;4;4054;0;0;0;0;21;30550;9;9160;60;693826;126;1490277;0;3600000;0;3600000
09.09.2021 21:00;2;1990;2;2160;48;300584;219;914716;110;809262;7;3260;2;2000;2;2000;0;0;0;0;23;26790;4;4130;35;384927;139;1048846;1;3599242;1;3599282
09.09.2021 22:00;2;1990;2;2000;34;218743;196;643959;102;930347;4;2410;2;2000;2;2000;0;0;0;0;17;21520;7;7950;32;294786;125;856875;45;2545087;42;2559073
09.09.2021 23:00;2;1990;2;2000;18;37618;110;450402;55;416897;1;200;2;2000;2;2000;0;0;0;0;16;18930;1;1010;21;199936;93;501933;0;3600000;0;3600000
10.09.2021 00:00;2;2000;2;2000;11;42720;52;153340;19;274450;0;0;2;2000;2;2000;0;0;0;0;1;1130;1;1000;13;234070;46;173480;0;3600000;0;3600000
10.09.2021 01:00;0;0;1;1000;5;93390;27;13850;9;229392;2;24062;0;0;1;1000;0;0;0;0;0;0;0;0;3;32750;21;69570;0;3600000;0;3600000
10.09.2021 02:00;0;0;0;0;2;2160;19;29860;12;197122;1;39200;0;0;0;0;0;0;0;0;0;0;1;1000;3;19387;16;61210;0;3600000;0;3600000
10.09.2021 03:00;0;0;0;0;5;8490;9;4400;4;111570;1;840;0;0;0;0;0;0;0;0;0;0;6;6020;1;20780;6;15000;0;3600000;0;3600000
10.09.2021 04:00;1;1000;0;0;3;20310;33;50520;9;118404;0;0;1;990;0;0;0;0;0;0;0;0;0;0;4;104700;30;111300;1;3305525;1;3305525
10.09.2021 05:00;3;2990;2;2000;4;6730;142;280800;38;509875;2;14970;3;3000;3;2990;0;0;0;0;0;0;0;0;11;204464;103;675902;4;3162500;4;3165230
10.09.2021 06:00;4;4000;5;4990;23;218726;378;1014607;92;1060186;7;23067;4;4000;4;4000;0;0;0;0;6;6860;1;1010;35;602389;172;1814502;0;3600000;0;3600000
10.09.2021 07:00;7;7000;6;5990;65;627679;531;1575063;241;2036570;11;40606;7;7000;6;5990;0;0;0;0;29;40256;25;25160;61;978971;173;2978558;3;3576983;2;3575723
10.09.2021 08:00;8;7990;7;6990;73;788705;521;1266434;276;2458498;12;51420;8;8000;8;7990;0;0;0;0;24;29370;7;7030;58;997598;227;2510687;36;2885532;45;2810192
10.09.2021 09:00;4;3990;5;5000;74;548895;394;1376107;279;1831165;7;4360;4;4000;4;4000;0;0;0;0;36;41490;6;6030;64;975408;175;2572504;0;3600000;0;3600000
10.09.2021 10:00;4;4000;4;4000;72;830447;369;1517168;244;1965897;10;66710;4;3980;4;4000;0;0;0;0;35;38560;6;6020;80;1228132;153;2335633;10;3452757;12;3399557
10.09.2021 11:00;4;4000;4;4000;88;703296;361;1569465;284;1903767;8;5920;4;3990;4;4000;0;0;0;0;42;52080;15;15440;92;1274884;171;2381499;0;3600000;0;3600000
10.09.2021 12:00;5;4990;5;5000;81;783630;450;1801744;291;2381867;15;73360;5;4990;5;5000;0;0;0;0;46;54390;11;11860;88;1543982;217;2542966;9;3560188;9;3488008
10.09.2021 13:00;8;7990;8;7990;102;701485;472;1784189;295;2165283;17;9810;8;7980;8;8000;0;0;0;0;50;55360;18;18557;105;1384148;191;2878018;0;3600000;0;3600000
10.09.2021 14:00;6;5990;5;4990;90;766028;476;1533944;281;2399291;10;3850;6;5980;5;4990;0;0;0;0;63;81139;7;7104;90;1553443;228;2366288;0;3600000;0;3600000
10.09.2021 15:00;4;4000;5;5000;101;864421;518;1585391;283;2248055;13;7790;4;4000;5;5000;0;0;0;0;54;72180;11;11880;90;1232557;240;2552282;0;3600000;0;3600000
10.09.2021 16:00;4;3990;3;2990;95;936157;479;1461522;255;2232986;20;9770;4;4000;4;4000;0;0;0;0;54;65044;9;9090;77;1310411;272;2210118;0;3600000;0;3600000
10.09.2021 17:00;4;3980;4;4000;95;732016;485;1842618;295;2192239;28;72330;4;3990;3;2990;0;0;0;0;45;51480;10;10060;101;1494445;205;2906281;0;3600000;0;3600000
10.09.2021 18:00;4;3990;5;5000;72;608115;465;1544845;229;1912631;12;71140;4;4000;5;4990;0;0;0;0;38;43570;19;19157;84;1370581;247;2449920;0;3600000;0;3600000
10.09.2021 19:00;4;4000;4;4000;66;484713;377;1252485;212;1876312;11;35610;4;3990;4;4000;0;0;0;0;48;61110;7;7050;83;1002275;196;1879579;0;3600000;0;3600000
10.09.2021 20:00;4;4000;3;3000;39;210886;290;1043421;154;1160504;1;900;4;4000;4;4000;0;0;0;0;28;31020;14;14070;66;770642;147;1755156;0;3600000;0;3600000
10.09.2021 21:00;2;2000;3;3000;29;253818;262;996105;91;952067;3;3370;2;1990;2;2000;0;0;0;0;29;39130;4;4110;40;493574;129;1334755;0;3600000;0;3600000
10.09.2021 22:00;2;2000;2;2000;24;104310;227;774636;102;847520;4;4150;2;2000;2;2000;0;0;0;0;16;17540;5;5020;41;369493;142;1260011;0;3600000;0;3600000
10.09.2021 23:00;2;2000;2;1990;20;168590;151;537830;63;604867;4;26680;2;2000;2;2000;0;0;0;0;12;13550;3;3010;29;225300;129;831952;0;3600000;0;3600000
11.09.2021 00:00;2;2000;2;2000;9;48940;93;353510;37;387430;1;320;2;2000;2;2000;0;0;0;0;5;5850;1;1000;18;295114;56;391788;0;3600000;0;3600000
11.09.2021 01:00;0;0;1;1000;3;20890;63;153070;23;317300;0;0;0;0;1;1000;0;0;0;0;1;1960;3;3000;6;89290;55;256510;0;3600000;0;3600000
11.09.2021 02:00;0;0;0;0;14;67290;45;111386;14;229145;2;15990;0;0;0;0;0;0;0;0;2;3230;1;1000;3;76260;34;136170;0;3600000;0;3600000
11.09.2021 03:00;0;0;0;0;4;48960;25;67730;8;111205;0;0;0;0;0;0;0;0;0;0;0;0;0;0;6;63270;25;96110;0;3600000;0;3600000
11.09.2021 04:00;1;1000;0;0;7;21210;30;106280;15;245460;2;1230;1;1000;0;0;0;0;0;0;2;1869;2;2010;7;42390;28;112310;0;3600000;0;3600000
11.09.2021 05:00;3;3000;3;3000;5;38670;52;149140;15;174580;0;0;3;3000;3;3000;0;0;0;0;1;1830;1;1010;12;145316;38;161790;0;3600000;0;3600000
11.09.2021 06:00;4;4000;4;4000;6;10640;91;254150;29;372681;2;14490;4;3990;4;3990;0;0;0;0;2;2250;2;2010;12;129585;84;435699;0;3600000;0;3600000
11.09.2021 07:00;4;4000;4;3990;7;56990;116;407980;52;618708;3;1160;4;3990;4;3990;0;0;0;0;7;7710;1;1010;20;329004;90;458991;0;3600000;0;3600000
11.09.2021 08:00;5;5000;4;4000;28;177172;201;796980;106;1020716;5;69594;5;4980;4;3990;0;0;0;0;16;16760;5;5540;28;376818;167;1041536;0;3600000;0;3600000
11.09.2021 09:00;5;4990;5;4990;30;359748;323;1007977;164;1246928;7;45290;5;5000;5;5000;0;0;0;0;29;30290;7;7210;60;894192;156;1773397;0;3600000;0;3600000
11.09.2021 10:00;4;4000;4;4000;54;461830;350;1319498;229;1825196;8;3560;4;4000;4;4000;0;0;0;0;38;44528;13;13980;67;1101770;157;2173883;0;3600000;0;3600000
11.09.2021 11:00;4;4000;4;4000;50;327244;393;1581131;278;1856169;8;4660;4;4000;4;4000;0;0;0;0;44;48340;8;8050;86;1179156;151;2414229;0;3600000;0;3600000
11.09.2021 12:00;4;3990;4;4000;80;619450;403;1504228;231;1869754;5;67310;4;4000;4;3990;0;0;0;0;44;46240;11;11060;77;1187422;153;2431717;0;3600000;0;3600000
11.09.2021 13:00;4;4000;4;4000;63;465486;370;1488691;255;1796440;9;25230;4;4000;4;4000;0;0;0;0;45;59618;12;13140;81;1280984;142;2435540;0;3600000;0;3600000
11.09.2021 14:00;4;4000;4;4000;72;809346;442;1724691;205;1783526;3;1880;4;4000;4;4000;0;0;0;0;40;57740;19;19510;86;1481118;156;2589767;0;3600000;0;3600000
11.09.2021 15:00;4;4000;4;4000;69;764932;454;1520361;193;1522715;10;3970;4;4000;4;3990;0;0;0;0;21;21510;5;5020;77;1381941;171;2432948;0;3600000;0;3600000
11.09.2021 16:00;4;4000;4;4000;62;734588;388;1427859;171;1552334;2;1490;4;4000;4;3990;0;0;0;0;39;43590;6;6030;80;1376535;157;2142893;0;3600000;0;3600000
11.09.2021 17:00;4;3990;5;4990;58;593977;398;1520202;183;1359426;4;2020;4;4000;5;5000;0;0;0;0;28;33694;6;6550;71;1138047;204;2202496;32;2973650;43;2928170
11.09.2021 18:00;4;3990;4;4000;51;511546;372;1540782;188;1418100;6;6230;4;3990;4;4000;0;0;0;0;44;49390;5;5050;81;1360261;171;2308793;0;3600000;0;3600000
11.09.2021 19:00;4;4000;4;4000;61;475960;330;1244675;150;1499500;7;25410;4;3990;4;3980;0;0;0;0;48;50190;8;8110;64;1253502;155;2083536;0;3600000;0;3600000
11.09.2021 20:00;2;2000;2;2000;38;323010;315;1279256;123;784673;4;2190;2;2051;2;2000;0;0;0;0;35;38180;10;10130;61;702449;166;1594230;13;3386804;12;3377734
11.09.2021 21:00;2;2000;2;2000;29;236390;240;887087;102;852070;4;1360;2;2000;2;2000;0;0;0;0;24;26100;6;6590;37;375964;142;1146327;62;2074664;56;2051124
11.09.2021 22:00;2;2000;2;2000;29;273274;244;1045373;107;970603;1;260;2;2000;2;2000;0;0;0;0;18;25090;7;7420;35;384414;157;1439594;0;3600000;0;3600000
11.09.2021 23:00;2;2000;2;1990;19;116590;145;755580;71;709839;3;1110;2;2000;2;2000;0;0;0;0;12;15040;7;7050;25;312101;108;799728;0;3600000;0;3600000
12.09.2021 00:00;2;1990;2;1990;13;97060;93;290420;42;490991;1;910;2;2000;2;1990;0;0;0;0;7;7940;1;1000;20;233269;68;384025;0;3600000;0;3600000
12.09.2021 01:00;0;0;1;1000;11;83440;66;167460;38;463035;3;30170;0;0;1;1000;0;0;0;0;3;3720;1;1000;16;211935;56;311524;0;3600000;0;3600000
12.09.2021 02:00;0;0;0;0;9;23810;56;103265;23;384436;2;38880;0;0;0;0;0;0;0;0;4;4060;2;2010;0;0;40;157920;9;3068653;5;3059893
12.09.2021 03:00;0;0;0;0;5;17500;31;66803;14;206730;0;0;0;0;0;0;0;0;0;0;2;2010;1;1000;7;104210;28;107810;0;3600000;0;3600000
12.09.2021 04:00;0;0;0;0;6;24190;22;72509;8;128950;0;0;0;0;0;0;0;0;0;0;0;0;1;1000;6;130200;17;79350;7;2296766;4;2275696
12.09.2021 05:00;1;1000;1;1000;6;36350;36;47775;13;177740;0;0;1;1000;1;1000;0;0;0;0;0;0;1;1010;4;52100;27;118916;0;3600000;0;3600000
12.09.2021 06:00;3;3000;2;2000;7;67210;52;113660;13;156950;3;16890;3;3000;2;1990;0;0;0;0;1;1150;1;1010;7;91048;41;133998;0;3600000;0;3600000
12.09.2021 07:00;2;2000;2;2000;6;45580;55;124902;18;387520;2;43680;2;1980;2;2000;0;0;0;0;3;3440;0;0;11;218290;47;139397;18;1707690;21;1711717
12.09.2021 08:00;-1;-1;-1;-1;-1;-1;-1;-1;-1;-1;-1;-1;-1;-1;-1;-1;-1;-1;-1;-1;-1;-1;-1;-1;-1;-1;-1;-1;-1;-1;-1;-1
12.09.2021 09:00;2;2000;2;2000;28;135580;207;582829;107;1067659;3;23050;2;2000;2;2000;0;0;0;0;10;10920;1;1000;26;284591;135;876095;2;3582780;2;3582770
12.09.2021 10:00;2;2000;2;2000;33;246130;248;886719;133;1255050;3;1690;2;2000;2;2000;0;0;0;0;14;14340;6;6190;35;413457;150;1348617;0;3600000;0;3600000
12.09.2021 11:00;2;2000;2;2000;46;219489;304;1086871;194;1264140;3;11710;2;1990;2;1990;0;0;0;0;25;27930;6;6770;47;422483;164;1706961;0;3600000;0;3600000
12.09.2021 12:00;3;2990;3;3000;45;178490;337;1023517;183;1297321;3;18910;3;3000;3;2990;0;0;0;0;26;28460;8;9170;43;620715;155;1604829;13;3336052;12;3310802
12.09.2021 13:00;4;4000;4;4000;41;270049;342;1085551;190;1361151;1;460;4;4000;4;4052;0;0;0;0;23;25350;6;6390;59;752529;196;1921758;101;1476100;115;1221086
12.09.2021 14:00;4;4000;4;4052;50;582636;391;878066;177;1438943;7;4410;4;4000;4;4000;0;0;0;0;44;53646;3;3020;51;468948;219;1759574;45;2908614;41;2847866
12.09.2021 15:00;4;3990;4;4000;46;225245;362;1207146;193;1250989;6;67896;4;4000;4;4000;0;0;0;0;22;28250;9;9070;51;694608;194;1939132;40;2796926;25;2666922
12.09.2021 16:00;4;3990;4;4000;50;343010;360;1116348;187;1395577;9;3910;4;4000;4;3980;0;0;0;0;22;23190;7;7040;60;696569;199;1768361;111;1595880;131;1434793
12.09.2021 17:00;4;3990;4;3990;40;338762;421;1237894;178;1245186;4;1750;4;3990;4;3990;0;0;0;0;26;33141;9;9040;54;931111;210;2090215;118;1561095;129;1188541
12.09.2021 18:00;4;3990;4;3980;47;424090;410;1197595;202;1518150;4;18530;4;4000;4;4000;0;0;0;0;25;27610;10;10618;61;805738;177;2192431;66;2738818;58;2464942
12.09.2021 19:00;2;2000;2;2000;54;252977;379;1209891;170;1296641;2;780;2;1990;2;2000;0;0;0;0;13;14100;5;5270;47;617551;174;1976327;0;3600000;0;3600000
12.09.2021 20:00;2;2000;2;2000;24;157500;283;945494;117;956301;4;1230;2;2000;2;2000;0;0;0;0;13;14170;6;6040;59;639844;131;1815824;29;2928774;20;2894364
12.09.2021 21:00;2;2000;2;2000;22;334010;198;858658;89;1015042;1;780;2;2000;2;2000;0;0;0;0;20;21040;2;2020;33;431010;114;1076649;19;3135390;15;3126620
12.09.2021 22:00;2;1990;2;2000;26;239496;128;563675;65;700016;1;31150;2;2000;2;2000;0;0;0;0;11;11330;5;5010;23;240820;108;586622;0;3600000;0;3600000
12.09.2021 23:00;2;2000;2;2000;8;58076;57;171456;27;404207;1;970;2;2000;2;2000;0;0;0;0;0;0;1;1010;13;142442;42;229406;0;3600000;0;3600000
13.09.2021 00:00;2;1990;2;2000;5;30140;31;54660;6;106210;0;0;2;2000;2;2000;0;0;0;0;3;4230;1;1010;10;158545;24;93160;3;3118559;7;3122929
13.09.2021 01:00;0;0;1;1000;3;8390;26;11770;5;126850;1;17760;0;0;1;1000;0;0;0;0;2;2150;0;0;1;35376;15;59300;9;2701876;9;2697976
13.09.2021 02:00;0;0;0;0;3;25920;16;29430;5;56320;0;0;0;0;0;0;0;0;0;0;1;1010;0;0;2;26930;13;40110;0;3600000;0;3600000
13.09.2021 03:00;0;0;0;0;0;0;14;9750;6;80401;1;22050;0;0;0;0;0;0;0;0;0;0;0;0;2;960;9;30690;0;3600000;0;3600000
13.09.2021 04:00;1;1000;0;0;4;35670;35;55300;10;219070;1;44640;1;1000;0;0;0;0;0;0;0;0;0;0;5;92410;27;107890;0;3600000;0;3600000
13.09.2021 05:00;3;2980;3;3000;6;8950;167;343881;33;412279;0;0;3;3000;3;2990;0;0;0;0;0;0;0;0;15;157104;122;783608;0;3600000;0;3600000
13.09.2021 06:00;4;4000;3;3000;25;259730;391;769512;90;1217654;4;39350;4;3990;4;3990;0;0;0;0;15;18880;2;2010;32;578523;162;1896401;0;3600000;0;3600000
13.09.2021 07:00;7;6990;7;6980;73;621321;557;1746984;264;2353138;21;218761;7;6980;6;5990;0;0;0;0;24;33100;11;11130;68;1240170;165;3169071;20;3274016;22;3090635
13.09.2021 08:00;8;7990;8;7980;63;502043;585;1654014;255;2241616;10;3490;8;7990;8;7990;0;0;0;0;33;35920;18;18280;60;1104275;187;3129314;73;2462725;72;1956050
13.09.2021 09:00;4;4000;3;2990;59;456383;435;1414215;271;2034459;14;32375;4;3990;3;3000;0;0;0;0;28;32220;15;15530;85;1019409;178;2767239;0;3600000;0;3600000
13.09.2021 10:00;5;5000;5;5000;59;558865;372;1389744;268;1822803;14;54660;5;4990;6;6000;0;0;0;0;31;34620;16;16150;84;1064128;159;2455850;0;3600000;0;3600000
13.09.2021 11:00;4;4000;4;3980;80;613797;334;1756937;251;1987037;10;6550;4;4000;4;4000;0;0;0;0;49;57368;13;13320;85;1147184;161;2306243;76;2136258;73;1819228
13.09.2021 12:00;5;5000;6;5990;75;931366;388;1605608;237;1772899;14;36470;5;5000;5;5000;0;0;0;0;33;40440;15;16020;85;1286129;159;2406813;82;2361681;93;1984844
13.09.2021 13:00;8;7980;7;7000;103;667321;373;1567961;281;1843620;16;13140;8;8000;7;6990;0;0;0;0;37;44674;18;18710;94;1357039;154;2671961;0;3600000;0;3600000
13.09.2021 14:00;5;5000;7;6990;75;874897;419;1345513;261;2229740;9;3710;5;5000;7;6970;0;0;0;0;40;49440;14;14310;81;1411007;174;2464250;94;2704328;96;2315102
13.09.2021 15:00;4;4000;4;3990;87;470287;423;1535315;282;2305982;7;80130;4;4000;4;4000;0;0;0;0;62;76187;20;20790;88;1589010;217;2452972;106;2360830;118;1931681
13.09.2021 16:00;4;4054;4;4000;98;679707;538;1395436;283;2543241;12;5410;4;3990;4;4000;0;0;0;0;58;65520;18;18130;90;1380510;296;2459789;54;2799435;87;2120783
13.09.2021 17:00;4;3990;4;4000;106;700004;495;1659664;275;1971531;11;6430;4;4000;4;3990;0;0;0;0;48;54131;16;16168;98;1311231;216;2747837;0;3600000;0;3600000
13.09.2021 18:00;4;3990;3;3000;81;471140;469;1254272;240;2271832;3;1490;4;3990;4;3990;0;0;0;0;42;45450;15;15731;89;1388035;261;1995996;76;2704030;67;2234689
13.09.2021 19:00;5;4990;5;5000;68;601670;397;1120792;165;1785260;7;3000;5;4990;4;3990;0;0;0;0;50;61858;9;9060;72;1236229;220;1860098;18;3368209;20;3325291
13.09.2021 20:00;3;3000;4;4000;39;267930;246;1114955;122;1028871;4;32250;3;3000;4;4000;0;0;0;0;24;28170;7;7050;52;604110;144;1614395;0;3600000;0;3600000
13.09.2021 21:00;2;1990;2;2000;35;184320;200;897094;105;687312;3;19800;2;2000;2;2000;0;0;0;0;21;25477;3;3020;44;287252;138;1113579;48;1890833;49;1825433
13.09.2021 22:00;2;2000;2;2000;25;185281;159;614050;100;957797;2;760;2;2000;2;1990;0;0;0;0;12;14310;1;1000;38;484984;110;773080;76;1723586;45;1591252
13.09.2021 23:00;2;2000;2;1990;9;35000;72;236840;31;370600;1;260;2;2000;2;1990;0;0;0;0;6;7050;2;2000;17;259010;64;302934;24;1596383;26;1615999
14.09.2021 00:00;2;2000;2;2000;5;22620;42;68460;13;164535;0;0;2;2000;2;2000;0;0;0;0;2;2200;0;0;5;75830;34;116750;18;48880;18;55730
14.09.2021 01:00;0;0;1;1000;1;640;22;51290;8;145710;1;24890;0;0;1;1000;0;0;0;0;3;3110;0;0;1;17180;18;64944;9;273574;9;273914
14.09.2021 02:00;0;0;0;0;2;1840;9;5520;4;85840;0;0;0;0;0;0;0;0;0;0;0;0;0;0;3;20940;8;24170;3;1972180;4;1976260
14.09.2021 03:00;0;0;0;0;1;2000;13;6760;5;101090;1;14760;0;0;0;0;0;0;0;0;0;0;0;0;0;0;12;47671;7;1589755;9;1596235
14.09.2021 04:00;1;1000;0;0;2;3840;36;20560;9;185467;0;0;1;1000;0;0;0;0;0;0;0;0;0;0;7;101310;29;109240;0;3600000;0;3600000
14.09.2021 05:00;3;3000;2;1990;6;22990;165;388874;32;428682;1;130;3;2990;2;2000;0;0;0;0;1;1010;0;0;14;236166;118;911302;0;3600000;0;3600000
14.09.2021 06:00;4;4000;5;5000;23;377800;389;1064221;94;1170156;3;1420;4;4000;5;5000;0;0;0;0;8;8070;1;1010;66;827205;122;2053212;31;2715490;33;2597850
14.09.2021 07:00;6;5990;5;5000;60;922560;578;1451720;277;2271314;10;23710;6;6000;6;6000;0;0;0;0;36;60238;9;9150;65;1252717;191;3129878;61;2533192;57;2117577
14.09.2021 08:00;9;8980;8;8000;83;803419;576;1400232;275;2281534;15;6980;9;8990;7;6990;0;0;0;0;30;33840;12;13040;63;985254;196;3055892;51;2879775;66;2710863
14.09.2021 09:00;4;4000;4;4000;61;720900;450;1457843;267;2411039;21;106530;4;4000;5;4980;0;0;0;0;36;37290;7;7119;64;1174263;194;2465280;35;2977378;41;2529910
14.09.2021 10:00;4;4000;5;5000;77;636162;399;1572252;241;1753365;7;44003;4;4000;4;4000;0;0;0;0;46;53210;8;8040;74;1286040;153;2646100;12;3419456;14;3453080
14.09.2021 11:00;4;3980;3;3048;91;846855;359;1475683;255;1919953;16;40530;4;3990;3;3000;0;0;0;0;39;42380;12;12110;83;1219166;136;2341549;0;3600000;0;3600000
14.09.2021 12:00;5;5000;6;6034;66;464146;415;1439090;254;1856482;11;50070;5;4980;6;6000;0;0;0;0;54;64549;12;12130;96;1046263;142;2648980;1;3597305;1;3597305
14.09.2021 13:00;8;7970;7;6980;95;719094;387;1702529;296;1944420;12;7574;8;7980;7;7000;0;0;0;0;38;42650;10;10080;95;1416419;165;2529480;77;2650112;88;2048866
14.09.2021 14:00;5;4980;6;6000;70;607386;433;1410253;262;2011730;7;59220;5;5045;6;5990;0;0;0;0;35;41360;13;13100;98;1235359;166;2772147;31;3223919;28;3146529
14.09.2021 15:00;4;3990;4;3990;115;843240;462;1583652;290;2193351;12;7610;4;3990;5;5000;0;0;0;0;49;54889;15;15990;90;1337210;194;2699280;62;3043004;67;2848979
14.09.2021 16:00;4;3990;4;4000;99;814078;523;1471284;291;2423902;12;6510;4;4000;3;3000;0;0;0;0;50;58020;15;15730;82;1331685;219;2822484;2;3598950;2;3568480
14.09.2021 17:00;4;4000;4;4000;107;657148;505;1721337;285;2282609;9;6760;4;3990;5;4990;0;0;0;0;49;85279;18;18710;113;1621467;202;2935357;19;3377120;20;3318804
14.09.2021 18:00;4;4000;5;4990;94;847394;477;1581702;272;2464440;10;70581;4;4000;4;4000;0;0;0;0;52;67540;30;30910;83;1591395;254;2456362;82;2891996;97;2008800
14.09.2021 19:00;5;4990;4;4000;68;578598;373;1073881;182;1807829;6;3320;5;5000;4;4000;0;0;0;0;30;34620;11;11340;87;1410055;197;1679585;14;3455250;16;3372320
14.09.2021 20:00;3;3000;3;3000;39;247420;236;926813;169;1195819;4;1690;3;3000;3;3000;0;0;0;0;35;40350;7;7050;50;661538;128;1543281;0;3600000;0;3600000
14.09.2021 21:00;2;2000;3;3000;31;183430;204;720417;118;1082675;1;390;2;2000;3;2990;0;0;0;0;13;13130;8;8030;53;686431;120;1079804;2;3565499;2;3565569
14.09.2021 22:00;2;2000;2;2000;18;48030;165;712046;70;590030;3;2140;2;2000;2;2000;0;0;0;0;17;19270;2;2000;32;381163;121;742448;0;3600000;0;3600000
14.09.2021 23:00;2;2000;2;2000;19;231372;88;269849;37;333373;2;780;2;2000;2;2000;0;0;0;0;4;4840;4;4470;25;335823;76;328969;43;1381274;32;1389654
15.09.2021 00:00;2;2000;2;2000;7;7130;29;74330;19;236387;1;1430;2;2000;2;1990;0;0;0;0;3;3010;1;1010;11;141778;28;134610;17;1993410;14;1986530
15.09.2021 01:00;0;0;1;1000;3;1120;19;31770;9;142190;0;0;0;0;1;1000;0;0;0;0;0;0;0;0;3;76866;16;56284;0;3600000;0;3600000
15.09.2021 02:00;0;0;0;0;0;0;18;11970;9;191340;0;0;0;0;0;0;0;0;0;0;2;2010;0;0;0;0;15;58090;7;2564833;7;2565213
15.09.2021 03:00;0;0;0;0;1;640;16;8180;4;73980;1;1240;0;0;0;0;0;0;0;0;0;0;0;0;1;800;12;41870;6;1628986;9;1633196
15.09.2021 04:00;1;1000;0;0;3;6372;36;53200;7;91980;1;1420;1;1000;0;0;0;0;0;0;0;0;1;1010;4;70242;30;112837;0;3600000;0;3600000
15.09.2021 05:00;3;3000;3;2990;10;45733;160;291805;31;355048;1;260;3;3000;3;3000;0;0;0;0;1;1010;0;0;21;219211;104;661423;32;2520822;23;2439754
15.09.2021 06:00;4;4000;4;4000;24;179810;423;926121;97;1445388;5;58210;4;4000;4;3990;0;0;0;0;6;6650;0;0;29;389290;143;1944687;91;1441298;52;1221033
15.09.2021 07:00;7;6990;4;4000;75;721075;503;1748642;261;2343557;15;71610;7;7000;4;3990;0;0;0;0;35;46100;18;18181;76;1183016;165;3121976;69;2207464;102;1682227
15.09.2021 08:00;8;7570;9;8990;70;781168;589;1630548;265;2353951;16;70420;8;7990;9;8980;0;0;0;0;19;22170;7;7190;79;1333021;161;3441824;78;2313467;102;1946235
15.09.2021 09:00;4;4410;5;5000;63;746682;464;1713630;245;2207181;19;57026;4;3980;5;5000;0;0;0;0;32;33790;13;13090;67;1384692;143;2920858;25;3240777;23;3184273
15.09.2021 10:00;4;3990;4;3990;71;686476;391;1647345;239;1981250;15;45420;4;4000;4;3990;0;0;0;0;30;39986;10;10310;77;1234871;160;2481471;38;2916164;29;2724271
15.09.2021 11:00;4;3990;5;4990;81;718970;397;1763601;257;1848754;12;5730;4;4000;5;5000;0;0;0;0;21;22360;9;9220;74;1101879;144;2457381;110;1801297;127;1278572
15.09.2021 12:00;6;5990;5;5000;83;746603;381;1614586;254;1926608;12;38280;6;6000;5;4990;0;0;0;0;34;37180;10;10090;99;1468950;160;2366825;102;2099997;118;1239287
15.09.2021 13:00;8;7970;7;6990;81;666563;415;1732327;253;2160481;17;137612;8;7990;7;7000;0;0;0;0;54;61760;23;24250;96;1574963;150;2617841;101;2637677;100;1883963
15.09.2021 14:00;5;4990;7;7000;72;655755;397;1539923;254;1913399;10;63390;5;5000;7;7000;0;0;0;0;25;26230;10;10080;82;1188412;146;2513825;0;3600000;0;3600000
15.09.2021 15:00;4;3990;4;4000;88;919279;431;1715326;297;2145832;8;3900;4;4000;4;3990;0;0;0;0;49;59190;23;23870;86;1351234;181;2522258;40;3164628;45;3027596
15.09.2021 16:00;4;4000;4;3990;108;971253;488;1514550;253;2285782;11;47140;4;4000;4;4000;0;0;0;0;38;40335;11;11080;91;1262642;228;2708757;0;3600000;0;3600000
15.09.2021 17:00;4;4000;3;3000;116;884745;509;1482253;259;2338133;7;79140;4;4000;4;4000;0;0;0;0;45;52170;5;5030;104;1521658;218;2644375;102;2578636;98;2303038
15.09.2021 18:00;4;3990;5;5000;94;771520;479;1317288;240;2328044;10;48670;4;4000;4;4000;0;0;0;0;35;40710;10;10280;83;1541815;216;2243025;50;3132040;59;2854955
15.09.2021 19:00;5;5000;4;4000;53;390737;364;1266708;168;1815458;4;2140;5;5000;4;4000;0;0;0;0;51;57890;7;7130;78;1104725;187;1768592;8;3564554;8;3537019
15.09.2021 20:00;3;2990;4;4000;44;468032;262;975968;153;1402636;4;76690;3;3000;4;3990;0;0;0;0;30;33529;4;4130;56;492841;149;1532675;104;1519039;87;1268939
15.09.2021 21:00;2;2000;2;2000;26;137455;220;747415;94;792229;2;27480;2;2000;2;1990;0;0;0;0;16;19720;3;3030;38;550278;147;1209801;4;3466540;4;3467360
15.09.2021 22:00;2;2000;2;2000;19;76610;168;716363;76;603298;0;0;2;2000;2;2000;0;0;0;0;16;16520;2;2010;40;429256;114;785587;29;2026559;35;2017139
15.09.2021 23:00;2;2000;2;2000;13;172496;106;445652;41;551286;6;44010;2;2000;2;1990;0;0;0;0;5;6640;3;3020;22;314873;84;474069;58;420446;39;365316
16.09.2021 00:00;2;1990;2;2000;12;79390;50;111120;16;210055;2;23600;2;2000;2;2000;0;0;0;0;6;6330;0;0;14;241015;47;186237;24;751616;17;733166
16.09.2021 01:00;0;0;1;1000;2;3610;18;11600;7;41920;1;17560;0;0;1;1000;0;0;0;0;0;0;1;1000;2;74292;14;42570;0;3600000;0;3600000
16.09.2021 02:00;0;0;0;0;0;0;21;49880;9;128680;2;1430;0;0;0;0;0;0;0;0;0;0;1;1010;3;7840;16;68420;7;1531216;7;1544076
16.09.2021 03:00;0;0;0;0;2;37730;13;8040;3;46830;0;0;0;0;0;0;0;0;0;0;0;0;0;0;1;17110;14;62277;8;1574022;9;1582892
16.09.2021 04:00;1;1000;0;0;3;4080;34;43265;9;201160;1;18550;1;1000;0;0;0;0;0;0;0;0;0;0;3;30540;28;113167;22;256550;15;262090
16.09.2021 05:00;3;3000;2;2000;9;57910;171;416040;37;616647;1;2210;3;3000;3;3000;0;0;0;0;3;3030;1;1010;13;148384;99;779019;45;628568;44;567635
16.09.2021 06:00;4;3990;5;4990;18;121368;426;959864;90;1317569;3;26090;4;4000;4;3980;0;0;0;0;2;2020;2;2000;27;503288;125;2085063;82;1546680;72;1328394
16.09.2021 07:00;7;6990;5;5000;68;753424;549;1904115;293;2306522;19;15210;7;6990;5;4980;0;0;0;0;41;60440;14;14110;74;1251628;84;3295528;0;3600000;0;3600000
16.09.2021 08:00;8;7990;9;8990;61;606589;564;1582880;265;2235692;8;4140;8;8000;9;8990;0;0;0;0;28;31480;8;8060;65;1172686;142;3271840;31;3054288;32;2953664
16.09.2021 09:00;4;4000;3;3000;58;515510;422;1627634;265;1999690;10;63610;4;4000;4;3990;0;0;0;0;25;26280;9;9790;72;1221008;197;2714318;101;1935268;94;1491247
16.09.2021 10:00;4;3990;4;4000;67;639620;418;1537019;250;2074220;9;42500;4;4000;4;4000;0;0;0;0;40;44500;6;6040;89;1356358;136;2651534;118;1756698;114;1205637
16.09.2021 11:00;4;4000;4;4000;70;619422;387;1657410;251;1871698;12;6760;4;4000;3;3000;0;0;0;0;38;41890;4;4020;89;1205575;163;2376220;103;1779123;126;1221962
16.09.2021 12:00;5;5041;5;5000;84;897487;406;1354353;251;1979033;11;50340;5;5000;6;6000;0;0;0;0;33;38560;12;13040;91;1631103;204;2484643;112;2147520;129;1568586
16.09.2021 13:00;8;7990;9;9000;108;770930;397;1896591;304;2247126;13;40185;8;8000;8;7990;0;0;0;0;55;70650;25;25630;102;1684101;146;2712079;118;2200084;128;1240675
16.09.2021 14:00;5;4990;6;6000;81;670350;427;1708840;287;2253837;13;7020;5;5000;6;5990;0;0;0;0;38;43150;11;11070;85;1467746;152;2798452;106;2317355;122;1412118
16.09.2021 15:00;4;4000;3;3000;75;574358;498;1671984;323;2516832;9;4790;4;4000;4;3990;0;0;0;0;47;55660;20;21680;90;1398553;193;2866380;120;2280969;152;1482246
16.09.2021 16:00;4;4000;5;5000;111;641319;492;1708732;302;2531926;8;25220;4;4000;4;3990;0;0;0;0;38;44330;14;14620;105;1562296;220;2733763;153;2215578;149;1822365
16.09.2021 17:00;4;3990;3;3000;141;1089088;490;1467634;293;2632427;12;80147;4;4000;3;3000;0;0;0;0;49;56690;28;28130;102;1826184;265;2630514;107;2546597;112;2326432
16.09.2021 18:00;4;4000;5;5000;102;1078236;500;1464960;275;2497059;12;5890;4;3990;5;5000;0;0;0;0;40;43690;11;11920;93;1639068;239;2490990;122;2282551;127;1571832
16.09.2021 19:00;5;4990;4;3990;71;889225;377;1276320;194;1730040;6;40100;5;5000;4;3990;0;0;0;0;50;56650;17;18260;87;1271915;185;2183472;125;2025890;138;1332881
16.09.2021 20:00;3;2990;4;3980;46;442572;269;1269559;126;1116674;3;1880;3;2990;4;4000;0;0;0;0;28;30210;6;6030;72;704275;144;1597091;130;1158993;113;1010026
16.09.2021 21:00;2;2000;2;1990;34;163400;239;851786;118;854856;2;1170;2;1990;2;2000;0;0;0;0;21;24370;6;6010;47;511193;139;1194555;92;643280;84;502557
16.09.2021 22:00;1;1000;1;1000;40;283127;183;851226;83;504040;2;8400;1;1000;1;1000;0;0;0;0;15;16570;3;3010;45;514479;136;965182;91;651015;80;563245
16.09.2021 23:00;1;1000;1;990;18;108019;106;439084;51;472770;3;3580;1;1000;1;1000;0;0;0;0;10;12370;1;1000;28;261681;86;453592;55;417385;41;343390
17.09.2021 00:00;2;2000;2;2000;10;38330;42;62448;23;328540;0;0;2;2000;2;1980;0;0;0;0;2;2340;1;1110;7;89590;38;141580;39;305047;21;256600
17.09.2021 01:00;0;0;1;1000;3;59130;25;63490;11;180545;0;0;0;0;1;1000;0;0;0;0;1;1160;1;1010;1;22850;22;75540;3;3405560;3;3405560
17.09.2021 02:00;0;0;0;0;4;44500;22;66970;13;200875;3;8400;0;0;0;0;0;0;0;0;0;0;1;1000;3;33160;22;78510;6;1769594;7;1776664
17.09.2021 03:00;0;0;0;0;5;3360;14;8306;7;162630;0;0;0;0;0;0;0;0;0;0;0;0;0;0;1;16300;12;45560;7;166286;9;180586
17.09.2021 04:00;1;1000;0;0;3;4400;35;77590;13;216592;1;520;1;1000;0;0;0;0;0;0;0;0;0;0;7;91620;27;129340;13;1441968;10;1442428
17.09.2021 05:00;3;2990;3;3000;8;65460;150;458527;36;495617;1;260;3;3000;3;3000;0;0;0;0;0;0;1;1110;20;195800;112;850406;49;179707;24;112825
17.09.2021 06:00;4;3990;4;4000;20;230250;334;905311;79;1150063;3;970;4;4000;4;4000;0;0;0;0;4;3300;1;1010;25;526415;136;1861887;108;836388;52;486411
17.09.2021 07:00;7;6980;5;5000;67;799555;550;1822897;284;1967401;19;68900;7;6990;5;4990;0;0;0;0;33;42390;18;18500;72;1289977;166;3223032;98;1771512;113;1125365
17.09.2021 08:00;7;7033;8;7980;73;426068;465;1493113;250;2085603;12;120050;7;7000;9;8990;0;0;0;0;37;50550;10;10110;67;1177633;191;2758322;88;1912135;107;1264110
17.09.2021 09:00;5;4990;5;4980;65;618925;409;1390839;294;2213150;12;99790;5;4990;4;4000;0;0;0;0;33;38110;10;10090;67;1172261;186;2453612;92;2072522;90;1632010
17.09.2021 10:00;4;3990;3;3000;71;518962;371;1576253;243;1784282;10;18390;4;3980;4;3990;0;0;0;0;39;41700;13;13100;76;1045217;170;2336941;114;1703451;110;1101924
17.09.2021 11:00;4;3990;5;5000;87;522288;399;1551675;271;1895917;11;38490;4;4000;4;4000;0;0;0;0;45;49486;14;14136;77;1141019;157;2473270;70;2490137;71;2118820
17.09.2021 12:00;5;4990;5;5000;94;599993;437;1703915;284;2207418;11;4540;5;5000;5;4990;0;0;0;0;38;45920;22;22280;100;1648013;153;2773162;0;3600000;0;3600000
17.09.2021 13:00;8;8000;7;7000;103;794171;493;1631303;314;2632194;12;91880;8;8000;8;7990;0;0;0;0;45;53330;14;15211;97;1625581;234;2721319;102;2505459;118;2203596
17.09.2021 14:00;5;5000;7;7000;96;707052;459;1488504;260;2272842;11;7270;5;4990;6;5990;0;0;0;0;39;44190;9;9410;106;1521267;240;2571883;130;2227424;135;1480176
17.09.2021 15:00;4;3980;3;3000;83;643386;515;1410369;262;2356523;9;78824;4;3990;4;4000;0;0;0;0;41;46830;8;8060;79;1436244;243;2679988;124;2354681;136;1577021
17.09.2021 16:00;4;4000;5;4980;93;730922;510;1367723;261;2151810;10;100616;4;3990;4;4000;0;0;0;0;44;49390;30;30180;96;1378044;247;2401721;115;2290389;124;1650052
17.09.2021 17:00;4;4000;4;4000;94;576876;486;1504316;279;2109938;11;86640;4;4000;4;4000;0;0;0;0;45;49744;12;12170;83;1338094;230;2422024;120;2294861;153;1879983
17.09.2021 18:00;4;4000;3;3000;101;913592;482;1494906;254;2194241;5;3050;4;4000;3;3000;0;0;0;0;39;45680;14;14100;91;1254008;208;2544636;128;1847481;142;1759831
17.09.2021 19:00;5;4990;4;4000;79;730400;384;1328513;216;2075421;7;68230;5;4990;5;4990;0;0;0;0;32;33960;13;13166;77;1108993;196;2046111;117;1903722;134;1363873
17.09.2021 20:00;3;3000;5;5000;52;342720;296;1024382;154;1230475;4;18990;3;3000;4;3990;0;0;0;0;38;55787;5;5020;75;966967;151;1693745;108;1095041;114;894944
17.09.2021 21:00;2;2000;2;2000;25;123950;264;1015094;118;1035910;10;26480;2;2000;2;2000;0;0;0;0;25;33030;12;12050;53;733681;131;1452180;99;461084;99;443276
17.09.2021 22:00;2;1990;2;1990;38;271565;219;920528;125;884949;2;33350;2;2000;2;2000;0;0;0;0;16;18730;5;5040;54;616295;140;1152193;92;397534;86;398415
17.09.2021 23:00;2;2000;2;1990;21;155820;147;790801;88;700848;3;840;2;2000;2;2000;0;0;0;0;29;34520;8;8040;32;411392;125;937936;59;317220;67;330355
18.09.2021 00:00;2;2000;2;2000;14;26750;99;396574;61;556444;5;44200;2;2000;2;2000;0;0;0;0;16;16380;1;1010;9;128990;71;424450;65;225700;33;118124
18.09.2021 01:00;0;0;1;1000;12;101240;66;174736;25;299420;0;0;0;0;1;1000;0;0;0;0;3;3380;0;0;11;138743;53;206346;46;894586;27;809440
18.09.2021 02:00;0;0;0;0;8;33790;36;107130;27;383394;2;960;0;0;0;0;0;0;0;0;1;1230;1;1010;2;20300;29;103399;8;2924924;9;2933514
18.09.2021 03:00;0;0;0;0;9;28640;27;66310;16;193250;2;14550;0;0;0;0;0;0;0;0;2;3050;0;0;3;51620;13;62060;1;3582909;1;3582909
18.09.2021 04:00;1;990;0;0;7;10720;32;120340;18;275559;0;0;1;1000;0;0;0;0;0;0;0;0;2;2010;6;129450;31;117400;11;23430;13;45940
18.09.2021 05:00;3;2990;3;2990;4;13420;45;215140;14;270288;0;0;3;3000;3;3000;0;0;0;0;0;0;0;0;14;192237;45;202060;5;2597460;3;2594260
18.09.2021 06:00;4;4000;4;4000;10;49890;81;190050;20;307139;2;9794;4;4000;4;4000;0;0;0;0;1;1310;1;1000;12;188274;72;336590;3;3442230;4;3445640
18.09.2021 07:00;4;4000;4;4000;13;109834;125;551867;50;563836;5;2590;4;4000;4;4000;0;0;0;0;7;7080;0;0;21;241960;93;664093;47;315515;32;160440
18.09.2021 08:00;5;5000;4;4000;20;98070;200;558932;121;1100446;4;28600;5;5000;4;4000;0;0;0;0;16;22480;5;5150;37;477677;129;1009390;65;864604;65;773774
18.09.2021 09:00;4;3990;4;4000;41;356544;321;1137209;183;1608344;4;2270;4;4000;4;3990;0;0;0;0;31;35210;7;7080;44;601484;178;1767012;96;1398762;93;1225654
18.09.2021 10:00;4;4000;4;4000;52;442305;349;1449409;252;1812038;7;2590;4;4000;4;3980;0;0;0;0;40;46210;12;12300;69;1036567;165;2144700;117;1628255;125;1602369
18.09.2021 11:00;4;4000;4;4000;71;564354;368;1440081;245;1884193;8;28110;4;4000;4;4038;0;0;0;0;48;53650;11;11130;78;1152812;167;2162043;105;1692414;131;1713199
18.09.2021 12:00;4;3990;4;4000;77;629112;394;1464533;255;1863787;8;6150;4;3990;4;4000;0;0;0;0;48;59510;13;13130;83;1178369;162;2449270;111;2071008;105;1565068
18.09.2021 13:00;5;5000;4;4000;71;558189;437;1480367;246;1830734;4;2000;5;4990;4;4047;0;0;0;0;45;51950;15;15610;93;1298639;173;2529248;78;2677984;84;2359336
18.09.2021 14:00;4;3980;5;4990;73;710232;424;1442878;258;1845023;5;30636;4;4000;5;4990;0;0;0;0;42;48650;19;20110;77;1488900;188;2609910;28;3337859;41;3024592
18.09.2021 15:00;4;3990;4;4000;82;676729;451;1579418;221;1833542;6;3180;4;4000;4;4000;0;0;0;0;42;48180;9;9160;98;1555984;188;2457708;91;2377012;117;1748069
18.09.2021 16:00;4;4000;4;3990;73;606697;413;1339016;194;1527344;8;23710;4;4000;4;4000;0;0;0;0;37;40050;7;7230;82;1516074;190;2301700;107;1838202;122;1568167
18.09.2021 17:00;4;4000;5;5000;70;749001;429;1591440;210;1623409;8;2420;4;4000;5;4990;0;0;0;0;59;70179;15;15140;84;1445041;213;2479986;112;1421483;104;1510922
18.09.2021 18:00;4;4000;4;4000;56;456053;389;1378265;221;1679662;8;68016;4;4000;4;3990;0;0;0;0;44;50100;12;12460;66;1124240;186;2231493;124;1805372;124;1280989
18.09.2021 19:00;4;3990;4;3980;71;698084;329;1422468;194;1631668;8;3120;4;4000;4;4000;0;0;0;0;38;51960;17;17320;80;1161322;143;2145807;128;1596379;125;1401080
18.09.2021 20:00;2;2000;2;2000;51;386148;298;1230620;160;1288605;6;22020;2;2000;2;1990;0;0;0;0;50;70440;14;14110;62;716764;155;1789717;126;755539;123;550676
18.09.2021 21:00;2;2000;2;2000;31;218166;252;748688;132;977856;11;43660;2;2000;2;2000;0;0;0;0;40;54019;14;14430;40;568348;155;1334323;120;831044;104;644755
18.09.2021 22:00;2;2000;2;1990;32;231870;229;842063;153;1011123;7;12220;2;2000;2;2000;0;0;0;0;31;39960;11;11550;55;709864;137;1208739;118;534940;88;380131
18.09.2021 23:00;2;2000;2;2000;36;315790;185;935687;106;919296;3;25130;2;2000;2;2000;0;0;0;0;24;32110;5;5040;30;290897;130;1008211;96;423550;75;335794
19.09.2021 00:00;2;1980;2;2000;21;160860;119;528291;58;607801;2;1030;2;2000;2;2000;0;0;0;0;5;5300;6;6210;23;224360;82;513495;46;201308;43;182840
19.09.2021 01:00;0;0;1;1000;13;91360;88;219047;35;462350;2;1740;0;0;1;1000;0;0;0;0;4;4350;2;2020;9;209170;74;381270;39;121260;24;89110
19.09.2021 02:00;0;0;0;0;9;97670;57;202540;33;299850;0;0;0;0;0;0;0;0;0;0;3;4010;1;1000;9;166066;51;190907;21;44480;27;70090
19.09.2021 03:00;0;0;0;0;2;800;48;98870;10;149947;1;390;0;0;0;0;0;0;0;0;5;6170;0;0;1;1680;31;131070;13;37640;19;50000
19.09.2021 04:00;0;0;0;0;9;114980;31;93219;15;291540;4;17470;0;0;0;0;0;0;0;0;0;0;2;2020;9;122860;31;115210;16;345155;11;328815
19.09.2021 05:00;2;2000;1;1000;7;26660;33;61810;9;165505;1;26980;2;1990;1;1000;0;0;0;0;1;1060;0;0;5;34860;27;109006;20;424473;18;404348
19.09.2021 06:00;2;2000;2;2000;10;67717;41;36810;16;228720;0;0;2;1990;2;1990;0;0;0;0;0;0;0;0;6;109610;32;123390;28;68215;12;34370
19.09.2021 07:00;2;2000;2;2000;7;110423;75;189603;30;335771;1;200;2;2000;2;2000;0;0;0;0;3;3030;1;1010;14;225640;64;237560;20;804657;23;793467
19.09.2021 08:00;2;2000;2;1990;12;105730;108;265722;63;833563;2;710;2;2000;2;2000;0;0;0;0;22;22220;0;0;16;271285;91;417674;48;1409344;34;1203209
19.09.2021 09:00;2;2000;2;2000;38;237928;200;592718;119;1034501;4;37530;2;1990;2;1990;0;0;0;0;12;12880;4;4040;42;430823;136;981670;78;636702;80;421919
19.09.2021 10:00;2;2000;2;2000;33;345433;259;1057155;146;1213274;0;0;2;1990;2;2000;0;0;0;0;20;21990;6;6130;36;505744;148;1382683;91;1096923;102;828835
19.09.2021 11:00;2;1990;2;2000;40;288941;305;998614;162;1473967;5;37040;2;2000;2;2000;0;0;0;0;29;32580;5;5030;61;733353;177;1385923;86;2084978;84;1932328
19.09.2021 12:00;3;2990;3;3000;47;242053;349;1175388;201;1328254;4;2260;3;3000;3;3000;0;0;0;0;21;26880;4;4040;75;732797;176;1775648;0;3600000;0;3600000
19.09.2021 13:00;4;4000;4;4000;44;268397;365;1186399;201;1467409;8;3700;4;3990;4;4000;0;0;0;0;17;25270;7;7149;63;779151;163;1852518;101;1451155;89;1234330
19.09.2021 14:00;4;4000;4;4000;45;247010;387;1402862;181;1590205;1;390;4;3990;4;4000;0;0;0;0;26;28850;5;5140;53;1082828;177;2082848;129;1202179;128;921273
19.09.2021 15:00;4;4000;4;3990;51;258550;417;1778110;266;2050107;5;3650;4;4000;4;4043;0;0;0;0;20;20540;7;7050;56;594237;191;2413358;112;1669400;114;1521906
19.09.2021 16:00;4;3990;4;3990;54;335306;498;1504328;230;1675601;7;72860;4;4000;4;4000;0;0;0;0;23;27920;4;4040;49;638223;241;2590150;93;2012084;69;1836683
19.09.2021 17:00;4;3990;4;3990;54;332041;444;1466314;209;1715905;5;1760;4;4000;4;4000;0;0;0;0;19;19240;6;6070;73;889781;195;2464303;0;3600000;0;3600000
19.09.2021 18:00;4;3990;4;4000;49;477649;410;1519993;205;1460368;3;30330;4;4000;4;3980;0;0;0;0;32;40239;9;9710;60;893310;177;2320425;123;1483251;130;1117310
19.09.2021 19:00;2;2000;2;2000;44;387137;367;993265;164;1356469;1;190;2;2000;2;2000;0;0;0;0;25;33040;8;8080;47;577940;178;2026715;100;1662519;112;1434211
19.09.2021 20:00;2;1990;2;2000;32;107170;253;783548;132;1258819;6;22300;2;2000;2;1990;0;0;0;0;13;13770;2;2320;48;440394;161;1496056;121;877378;103;706890
19.09.2021 21:00;2;2000;2;2000;31;225920;172;837967;92;896231;3;59600;2;2000;2;2000;0;0;0;0;11;11240;6;6150;43;506162;115;1060915;106;450552;57;185398
19.09.2021 22:00;2;2000;2;2000;24;149047;100;296137;56;633412;2;38670;2;1990;2;1990;0;0;0;0;8;10790;4;4440;24;259370;77;464640;57;1569727;43;1517137
19.09.2021 23:00;2;2000;2;2000;10;140700;69;217870;26;236260;3;910;2;2000;2;2000;0;0;0;0;2;2030;2;2180;18;278691;56;345840;27;641878;28;602648
20.09.2021 00:00;2;2000;2;2000;8;72412;34;83570;10;201083;0;0;2;2000;2;2000;0;0;0;0;2;2130;0;0;11;129350;33;117082;19;58780;13;26810
20.09.2021 01:00;0;0;1;1000;1;16130;22;11630;5;76992;1;17900;0;0;1;1000;0;0;0;0;1;1010;0;0;2;40655;17;55880;9;673687;14;692787
20.09.2021 02:00;0;0;0;0;0;0;15;70140;10;228990;0;0;0;0;0;0;0;0;0;0;0;0;0;0;5;66420;14;51860;6;46740;6;29830
20.09.2021 03:00;0;0;0;0;1;16700;12;8190;9;158980;0;0;0;0;0;0;0;0;0;0;0;0;0;0;2;21240;12;34050;10;1404432;12;1406842
20.09.2021 04:00;1;1000;0;0;4;23160;31;52910;12;271630;1;51960;1;1000;0;0;0;0;0;0;0;0;0;0;7;47530;27;98480;7;3006030;6;3004100
20.09.2021 05:00;3;3000;3;3000;8;68535;167;483010;39;576864;1;30970;3;3000;3;2990;0;0;0;0;1;1010;2;2010;12;163290;127;882084;0;3600000;0;3600000
20.09.2021 06:00;4;3990;4;3990;20;139142;413;737233;85;1113072;6;118280;4;4000;4;4000;0;0;0;0;9;9630;1;1020;30;488612;113;1784861;0;3600000;0;3600000
20.09.2021 07:00;6;6000;4;4000;82;746561;543;1689351;256;2319241;14;135450;6;5990;4;3990;0;0;0;0;41;50879;15;15110;61;963576;155;3329093;62;2472163;86;2035256
20.09.2021 08:00;7;6990;8;8000;71;765750;568;1706121;279;2243287;16;75260;7;7000;8;7990;0;0;2;740;39;42660;13;13170;80;1454647;168;3309417;87;2135045;89;1791011
20.09.2021 09:00;4;3990;3;3000;59;523858;461;1323034;198;1897003;11;46570;4;3980;4;3990;0;0;0;0;36;41850;11;11340;67;1171733;215;2338762;48;2683698;59;2492313
20.09.2021 10:00;4;3990;4;3980;77;800316;373;1471486;252;1757552;6;3420;4;3990;3;2980;0;0;0;0;46;57170;8;8060;82;1295667;141;2533065;3;3553410;3;3500830
20.09.2021 11:00;4;3990;4;4000;76;450868;345;1635298;270;2064285;11;18400;4;3990;4;4000;0;0;0;0;34;37390;9;9060;94;1185393;133;2540019;2;3544535;4;3515075
20.09.2021 12:00;5;4980;5;5000;70;489798;388;1564093;230;1878275;15;12050;5;5000;5;4990;0;0;0;0;39;40180;12;12080;94;1373220;191;2289675;71;2400599;85;2267695
20.09.2021 13:00;8;8000;8;8044;95;862270;402;1739798;283;1923193;11;64290;8;8000;8;7980;0;0;0;0;42;47216;10;10080;96;1246341;142;2684987;7;3558822;7;3534072
20.09.2021 14:00;5;5000;6;6000;68;529704;386;1572145;231;1763507;7;2910;5;4990;6;5980;0;0;0;0;39;41696;13;14730;72;1311627;171;2455119;28;3418522;34;3120827
20.09.2021 15:00;4;4000;4;4000;84;763550;429;1633915;241;2042780;6;2720;4;3990;4;3980;0;0;0;0;45;70240;41;43270;92;1482622;216;2427669;101;2578502;120;2014407
20.09.2021 16:00;4;3990;4;3990;98;775376;481;1820677;266;2206645;11;5640;4;4000;5;4990;0;0;0;0;37;43470;20;20160;99;1701315;193;2609489;49;3148507;58;2824461
20.09.2021 17:00;4;4000;4;4000;107;828794;486;1894931;278;2505255;9;47450;4;4000;3;3043;0;0;0;0;58;68760;21;22265;108;1724889;190;2910293;0;3600000;0;3600000
20.09.2021 18:00;4;3990;5;4990;88;702443;407;1326390;244;1963830;7;4090;4;4000;5;4980;0;0;0;0;48;56179;14;14130;95;1392585;212;2135926;38;3043114;48;2879404
20.09.2021 19:00;5;5000;4;3990;71;687967;366;982148;191;1919204;7;49271;5;4990;4;3990;0;0;0;0;41;48190;6;6060;78;1425355;191;1905463;0;3600000;0;3600000
20.09.2021 20:00;3;2990;4;4000;39;482567;256;978013;136;1168051;4;1880;3;3000;4;3990;0;0;0;0;22;25050;6;6060;57;730492;140;1672982;0;3600000;0;3600000
20.09.2021 21:00;2;1990;2;1990;24;95990;209;663227;93;984905;4;28940;2;2000;2;2000;0;0;0;0;20;22488;4;4040;33;570047;145;1086888;0;3600000;0;3600000
20.09.2021 22:00;2;2000;2;2000;31;156270;170;513068;80;682680;3;2720;2;2000;2;2000;0;0;0;0;5;5290;3;3030;29;348249;130;810650;5;3292782;5;3281662
20.09.2021 23:00;2;2000;2;2000;9;33760;89;306180;31;585500;2;3370;2;2000;2;2000;0;0;0;0;6;8670;0;0;16;275730;82;426825;32;1307337;30;1316697
21.09.2021 00:00;2;2000;2;1990;5;44370;41;128225;24;413610;3;44910;2;2000;2;2000;0;0;0;0;1;1080;0;0;10;161300;33;164813;13;1905442;6;1884972
21.09.2021 01:00;0;0;1;1000;4;24580;17;11760;9;94630;1;910;0;0;1;1000;0;0;0;0;3;3510;0;0;1;15660;15;53913;0;3600000;0;3600000
21.09.2021 02:00;0;0;0;0;1;800;17;11120;7;85930;2;1620;0;0;0;0;0;0;0;0;0;0;0;0;3;47620;13;51326;0;3600000;0;3600000
21.09.2021 03:00;0;0;0;0;1;16430;16;9370;3;52744;1;720;0;0;0;0;0;0;0;0;0;0;0;0;3;26050;15;48090;0;3600000;0;3600000
21.09.2021 04:00;1;1000;0;0;2;2400;28;60370;11;155450;1;1940;1;1000;0;0;0;0;0;0;0;0;0;0;4;65820;28;135430;0;3600000;0;3600000
21.09.2021 05:00;3;3000;2;2000;5;56140;170;337927;39;553440;4;36540;3;2990;3;3000;0;0;0;0;1;1010;0;0;9;124790;106;809793;16;2649912;8;2634182
21.09.2021 06:00;4;4000;5;4990;22;211354;410;971878;106;1178920;11;8490;4;3980;4;4000;0;0;0;0;11;14600;1;1020;33;472484;132;1977685;0;3600000;0;3600000
21.09.2021 07:00;7;6990;5;5000;75;977118;599;1532756;260;2251125;15;55000;7;6990;4;4000;0;0;1;1470;44;56450;10;10110;70;1155318;159;3273184;16;3290940;19;3242235
21.09.2021 08:00;8;7980;8;7980;74;819989;574;1801072;283;2554032;13;58020;8;8000;7;6980;0;0;1;1130;36;46650;11;11510;84;1392874;143;3371707;67;2603511;49;2510515
21.09.2021 09:00;4;4000;4;3990;63;553239;487;1516133;252;1912800;7;3120;4;4000;5;5000;0;0;0;0;47;60859;7;7070;61;1296871;162;2688540;0;3600000;0;3600000
21.09.2021 10:00;4;4000;4;4000;63;597039;395;1566743;272;1774904;16;44930;4;3990;4;4000;0;0;0;0;23;27670;16;16370;74;822360;167;2592487;0;3600000;0;3600000
21.09.2021 11:00;4;4000;4;4000;74;591775;389;1620030;253;1877629;15;56010;4;4000;4;4000;0;0;0;0;43;47590;11;11390;85;1262937;142;2653034;141;1752119;125;1139420
21.09.2021 12:00;5;5000;6;6000;78;594581;380;1567406;263;1836271;15;62500;5;4990;5;4980;0;0;0;0;48;55042;12;12300;101;1288057;142;2435468;113;1840129;117;1278325
21.09.2021 13:00;8;7970;7;7000;98;696650;388;1677423;299;2014050;14;48380;8;7980;7;7000;0;0;0;0;37;62860;19;19444;105;1513258;153;2692838;99;1693244;138;1433551
21.09.2021 14:00;5;5000;7;6990;95;630799;382;1748316;293;2246209;13;116120;5;5045;7;6990;0;0;0;0;29;32650;9;9090;75;1856459;171;2524006;97;2363163;113;2043826
21.09.2021 15:00;4;3990;4;3990;90;772913;466;1490099;295;2392634;6;2270;4;3990;4;3990;0;0;0;0;46;59880;27;29950;157;1453557;238;2291613;110;2504396;113;2191823
21.09.2021 16:00;4;4000;4;4000;99;666565;472;1915673;305;2309899;13;9990;4;4000;4;3990;0;0;0;0;41;49740;15;15790;105;1691113;176;2729322;119;2501120;126;2014680
21.09.2021 17:00;4;4000;4;3680;110;1025355;501;1595126;270;2397789;8;81436;4;4000;4;4000;0;0;0;0;64;79737;15;15460;117;1667994;221;2705855;117;2223231;163;1710458
21.09.2021 18:00;4;4000;4;4310;101;774601;469;1719195;261;1980803;9;3640;4;4000;4;3990;0;0;0;0;39;45131;20;20290;92;1350695;186;2704144;136;2084631;178;1568802
21.09.2021 19:00;5;5000;4;3990;73;523540;378;1231636;206;2155887;7;4410;5;5000;4;3990;0;0;0;0;27;27980;15;15380;81;1304489;214;1837439;141;1578265;125;1084812
21.09.2021 20:00;3;3000;4;3990;40;160310;247;1004507;138;1003503;5;2870;3;3000;4;4000;0;0;0;0;30;33010;8;8070;60;730044;135;1506582;125;693817;108;467039
21.09.2021 21:00;2;2000;2;2000;36;246504;208;963592;109;879363;1;130;2;1990;2;2000;0;0;0;0;19;19620;3;3030;37;322884;128;1234155;111;425925;66;232506
21.09.2021 22:00;2;2000;2;2000;19;27220;158;775466;103;1017316;5;1620;2;2000;2;2000;0;0;0;0;12;15640;3;3030;39;331640;113;849037;89;488301;63;467885
21.09.2021 23:00;2;2000;2;2000;12;148500;97;313270;43;388663;1;2400;2;2000;2;1990;0;0;0;0;3;3170;2;2020;19;255430;86;353394;47;139768;27;88750
22.09.2021 00:00;2;2000;2;2000;5;6380;37;59230;14;227460;1;30580;2;1990;2;2000;0;0;0;0;0;0;3;3620;12;185514;29;145300;22;420444;17;407984
22.09.2021 01:00;0;0;1;1000;5;5750;20;11440;8;96510;2;40910;0;0;1;1000;0;0;0;0;1;1010;0;0;8;105190;18;59120;4;13360;10;28878
22.09.2021 02:00;0;0;0;0;2;18890;15;48760;8;172384;1;1560;0;0;0;0;0;0;0;0;0;0;0;0;2;20750;10;38060;6;29090;8;18250
22.09.2021 03:00;0;0;0;0;3;20680;17;10690;4;66810;0;0;0;0;0;0;0;0;0;0;0;0;0;0;0;0;14;43160;3;6850;8;23380
22.09.2021 04:00;1;1000;0;0;6;20470;32;90090;11;172085;0;0;1;1000;0;0;0;0;0;0;0;0;0;0;5;64558;29;111170;12;194540;14;205240
22.09.2021 05:00;3;2990;3;3000;11;82124;158;281674;33;607594;1;320;3;3000;3;3000;0;0;0;0;3;3230;0;0;11;119038;105;676453;44;1021491;25;954084
22.09.2021 06:00;4;3980;3;3000;27;386409;407;793057;88;1214856;2;910;4;3990;4;3990;0;0;0;0;5;5110;1;1000;30;584143;147;1864619;92;1163382;60;811638
22.09.2021 07:00;7;7000;6;5990;75;561722;585;1616263;254;2190614;9;9100;7;7000;6;5990;0;0;0;0;23;26345;8;8040;72;1038645;174;3291916;84;1873771;107;1382826
22.09.2021 08:00;8;7980;8;8000;84;656007;574;1561552;271;2016205;13;94475;8;7990;8;7990;0;0;0;0;24;27680;11;11080;100;1505473;179;3247952;98;2029923;115;1541613
22.09.2021 09:00;4;4000;4;4000;69;683140;448;1299867;261;2027067;9;5700;4;4000;4;4000;0;0;0;0;27;30240;9;9070;62;971245;167;2636552;108;1613285;129;1154536
22.09.2021 10:00;4;3990;5;4970;71;711249;373;1700021;254;1989231;13;46500;4;3990;4;4000;0;0;0;0;36;41395;8;8136;66;1281128;135;2568735;77;2301440;79;1961159
22.09.2021 11:00;4;4000;4;3990;69;319291;338;1722457;255;1703039;7;4060;4;4050;4;4000;0;0;0;0;41;44916;7;7050;98;1379958;123;2433521;0;3600000;0;3600000
22.09.2021 12:00;5;4990;4;3990;74;600834;370;1263151;261;1964627;4;3370;5;5000;5;4980;0;0;0;0;45;51460;19;20210;104;1322630;169;2452253;81;2195233;86;1979245
22.09.2021 13:00;8;8000;9;8970;76;545554;402;1610075;267;2180205;12;7320;8;7990;8;8000;0;0;0;0;42;49490;17;17140;99;1443896;158;2739317;110;1797262;122;1265358
22.09.2021 14:00;5;5000;6;6000;83;702908;376;1371310;255;1916538;9;5340;5;5000;6;6000;0;0;0;0;38;53904;11;11080;86;1366185;178;2307634;86;2395818;100;2028039
22.09.2021 15:00;4;3990;4;3990;77;546520;448;1562220;278;1854716;7;57710;4;3990;4;3990;0;0;0;0;47;61775;20;20330;89;1206040;178;2572370;0;3600000;0;3600000
22.09.2021 16:00;4;4000;3;3000;100;746040;525;1510427;238;2220142;13;62345;4;3990;4;4000;0;0;0;0;39;50390;8;8970;103;1600224;277;2367178;61;2803249;72;2607536
22.09.2021 17:00;4;4000;5;4990;105;790775;523;1729451;306;2588881;13;7510;4;4000;4;4000;0;0;0;0;52;57879;13;13940;101;1423759;261;2772889;105;2477421;108;2145623
22.09.2021 18:00;4;4000;4;4000;92;714687;457;1594829;257;2370357;13;199960;4;4000;4;3980;0;0;0;0;40;43870;11;11520;93;1698019;252;2372799;114;2240125;125;1934865
22.09.2021 19:00;4;3990;3;3000;65;705676;386;1211357;210;2026039;6;68970;4;4000;4;4000;0;0;0;0;40;43790;12;12330;74;1160133;202;2013062;113;2042034;108;1589667
22.09.2021 20:00;4;4000;5;4980;46;376850;267;1177608;141;1215557;7;5430;4;3990;4;4000;0;0;0;0;28;30560;4;4120;58;797610;120;1720723;125;1003468;84;874593
22.09.2021 21:00;2;2000;2;1990;30;191790;206;772144;99;864691;3;32874;2;2000;2;1990;0;0;0;0;17;24710;4;4040;42;524024;140;1193502;76;1491815;55;1363115
22.09.2021 22:00;2;2000;2;2000;18;122680;170;677644;92;687494;0;0;2;2000;2;1990;0;0;0;0;13;19100;6;6030;33;440236;109;911105;0;3600000;0;3600000
22.09.2021 23:00;2;2000;2;1990;15;163052;104;234000;35;397472;1;1430;2;2000;2;2000;0;0;0;0;9;11360;2;2010;21;315930;68;440507;37;1215831;25;1161147
23.09.2021 00:00;2;1990;2;2000;6;50290;36;77000;14;280610;1;29720;2;2000;2;2000;0;0;0;0;4;5390;3;3020;4;88500;27;100530;15;995051;20;1021491
23.09.2021 01:00;0;0;1;1000;2;2800;16;44540;15;148090;0;0;0;0;1;1000;0;0;0;0;2;2190;0;0;3;95630;14;45820;11;20890;11;31780
23.09.2021 02:00;0;0;0;0;0;0;21;15810;11;186980;0;0;0;0;0;0;0;0;0;0;1;1230;0;0;1;24900;14;59420;6;331598;10;334208
23.09.2021 03:00;0;0;0;0;3;2000;20;29960;4;83610;0;0;0;0;0;0;0;0;0;0;1;1010;0;0;1;1840;16;64557;6;280907;10;301097
23.09.2021 04:00;1;1000;0;0;2;26790;29;73460;8;175990;0;0;1;1000;0;0;0;0;0;0;0;0;0;0;4;99510;26;118100;8;20020;13;35110
23.09.2021 05:00;3;2990;2;1990;11;84800;162;376393;36;529266;1;14400;3;3000;3;3000;0;0;0;0;2;2010;1;1010;11;104800;112;746718;47;809454;27;781142
23.09.2021 06:00;4;3990;5;4980;26;187696;411;962565;94;1087078;6;66560;4;4000;4;4000;0;0;0;0;2;2900;3;3030;32;454038;139;1914268;89;1181118;58;916383
23.09.2021 07:00;7;6990;5;4990;73;715922;566;1773721;239;2138335;17;106730;7;6980;5;5000;0;0;0;0;28;35130;11;11105;61;1139419;197;3059476;85;2091210;85;1724606
23.09.2021 08:00;8;7980;9;9000;75;900049;629;1878327;265;2413418;9;4970;8;8000;9;9000;0;0;0;0;30;37428;7;7140;77;1251654;146;3416495;79;2168268;118;1526530
23.09.2021 09:00;4;4000;3;3000;52;533360;499;1604303;283;2109281;11;82010;4;4000;4;4000;0;0;0;0;29;31140;8;8070;63;901990;219;2680114;54;2248908;74;2087289
23.09.2021 10:00;5;5000;5;5000;68;654964;404;1381953;248;1855317;11;50910;5;5000;5;5000;0;0;0;0;30;32650;9;10180;81;1148096;163;2580284;16;3372527;11;3178947
23.09.2021 11:00;4;3990;5;5000;80;850590;377;1233867;268;2123726;12;118054;4;4000;4;3990;0;0;0;0;34;36850;12;13890;78;1208477;154;2287349;69;2455119;82;2406778
23.09.2021 12:00;5;5000;5;4990;81;744346;371;1404131;257;1673115;7;2780;5;5000;5;4990;0;0;0;0;36;39742;16;17600;91;1358370;140;2605885;0;3600000;0;3600000
23.09.2021 13:00;7;7000;8;8000;81;409780;445;1712034;265;2011732;19;93910;8;8057;8;7990;0;0;0;0;36;39310;35;39275;102;1647790;157;2882468;112;2686870;83;2124914
23.09.2021 14:00;6;6000;5;5000;87;645170;428;1636664;251;1814047;9;88256;5;4990;5;4980;0;0;0;0;45;50820;13;13180;107;1281253;172;2755169;122;2405064;112;1717721
23.09.2021 15:00;4;4000;4;3990;121;979690;462;1636266;299;2250758;22;50370;4;3990;5;4990;0;0;0;0;55;67760;13;13460;124;1756789;171;2677476;124;2301399;151;1797290
23.09.2021 16:00;4;4000;4;4000;90;761843;491;1535059;283;2706938;15;7790;4;4000;3;3000;0;0;0;0;57;59880;18;18150;97;1837510;233;2708073;68;2904357;93;2554703
23.09.2021 17:00;4;4000;4;4000;113;635303;550;1565876;302;2534041;18;9630;4;4000;4;3990;0;0;0;0;64;89062;19;19910;107;1860239;252;2572651;89;2605162;125;2181957
23.09.2021 18:00;4;3980;5;4040;88;598249;529;1710033;250;2393155;9;8010;4;4000;5;4990;0;0;0;0;51;57160;21;21170;116;1633321;278;2800841;120;2330770;114;1993285
23.09.2021 19:00;5;5000;4;4940;99;948974;380;1077823;190;1791322;4;2200;5;4980;4;4000;0;0;0;0;38;39350;9;9930;84;1385446;190;1721530;117;1967225;135;1594071
23.09.2021 20:00;3;3000;3;3000;41;217590;254;901068;153;1286781;7;54220;3;3000;3;2990;0;0;0;0;34;39763;12;12095;55;617173;129;1466653;50;2888380;42;2670690
23.09.2021 21:00;2;2000;3;2990;44;175490;226;983027;121;940382;5;13390;2;1990;3;3000;0;0;0;0;14;16220;3;3020;59;513803;124;1290154;0;3600000;0;3600000
23.09.2021 22:00;2;1990;2;2000;34;175405;168;822335;101;752826;5;3240;2;2000;2;1990;0;0;0;0;19;22010;5;5040;48;472056;132;905706;38;2517612;31;2473096
23.09.2021 23:00;2;2000;2;2000;17;98045;96;363555;56;643348;2;2140;2;2000;2;1990;0;0;0;0;8;8230;2;2020;18;138585;73;418380;0;3600000;0;3600000
24.09.2021 00:00;2;2000;2;1990;9;8470;36;98692;17;259684;1;13570;2;1990;2;2000;0;0;0;0;3;3010;0;0;10;75660;31;108490;0;3600000;0;3600000
24.09.2021 01:00;0;0;1;1000;6;78150;27;41810;12;228776;1;28070;0;0;1;1000;0;0;0;0;0;0;0;0;3;30520;19;289974;0;3600000;0;3600000
24.09.2021 02:00;0;0;0;0;1;480;17;11700;11;166901;1;190;0;0;0;0;0;0;0;0;0;0;0;0;4;87154;12;42820;5;3100422;4;3093962
24.09.2021 03:00;0;0;0;0;8;54181;17;24550;5;83184;0;0;0;0;0;0;0;0;0;0;1;1010;0;0;5;5920;16;53060;5;3321115;5;3320525
24.09.2021 04:00;1;1000;0;0;3;43860;30;97554;8;115110;1;2980;1;1000;0;0;0;0;0;0;0;0;0;0;4;39150;26;125854;0;3600000;0;3600000
24.09.2021 05:00;3;3000;2;2000;9;45430;144;270730;35;408608;0;0;3;3000;2;2000;0;0;0;0;2;2010;0;0;11;130510;102;656150;1;3599542;1;3599462
24.09.2021 06:00;4;4000;5;5000;29;420890;352;817300;67;1008308;5;64580;4;4000;5;4980;0;0;0;0;5;5040;4;4010;41;858399;125;1774150;44;2136080;27;2023590
24.09.2021 07:00;7;6990;6;6000;62;518951;503;1519757;232;2042285;8;5830;7;6990;6;6000;0;0;0;0;47;65700;10;10040;61;1011030;153;2943755;0;3600000;0;3600000
24.09.2021 08:00;8;7990;8;7990;58;550009;477;1582817;272;2105200;8;3060;8;8000;8;8000;0;0;0;0;24;29680;9;9050;67;1172685;190;2829552;13;3438277;14;3426757
24.09.2021 09:00;4;4000;3;3000;72;715922;446;1399858;264;1949043;8;42620;4;3990;3;3000;0;0;0;0;36;45089;10;10690;77;1269750;185;2470220;95;1590332;101;1423851
24.09.2021 10:00;4;3990;4;4000;67;707780;416;1619390;267;1943231;11;44890;4;4000;5;5000;0;0;0;0;40;46590;11;11060;94;1312252;150;2628378;95;1877018;102;1407163
24.09.2021 11:00;4;4000;5;4990;65;606647;437;1652621;301;2224742;8;5710;4;3980;4;4000;0;0;0;0;34;38940;11;11930;95;1509325;140;2714401;155;2276561;120;1589908
24.09.2021 12:00;6;5960;5;5000;114;739435;423;1766565;301;2214302;11;5840;6;6000;5;4990;0;0;0;0;47;51890;6;6260;158;1915014;175;2854295;0;3600000;0;3600000
24.09.2021 13:00;0;0;3;3000;106;1131883;514;1857485;312;2682633;12;7460;0;0;3;3000;0;0;0;0;79;104098;32;32390;77;1528608;140;3290785;100;2434348;153;2036107
24.09.2021 14:00;5;5000;4;4000;125;1155488;382;2089914;291;2761054;14;86630;5;4990;4;3990;0;0;0;0;65;84870;20;20140;95;1677381;129;3273642;126;2687917;156;2359995
24.09.2021 15:00;4;4000;3;2990;101;597196;536;1671006;274;2520260;10;3700;4;4000;3;3000;0;0;0;0;49;54025;23;23340;82;1435379;214;2742420;95;2647960;104;2243320
24.09.2021 16:00;3;3000;4;3990;104;810513;513;1512474;276;2451131;10;70475;3;3000;4;3990;0;0;0;0;36;41760;19;19130;96;1379487;238;2552991;121;2286578;151;1578609
24.09.2021 17:00;4;4000;4;3990;90;792431;535;1687142;259;2258277;12;62490;4;3990;4;3990;0;0;0;0;51;58510;19;19190;94;1376030;261;2528482;105;2437691;125;1987681
24.09.2021 18:00;4;4000;4;4000;87;743609;501;1495844;246;2176139;5;1950;4;3990;4;3990;0;0;0;0;42;53645;11;11190;97;1419766;256;2398420;119;2227656;143;2045920
24.09.2021 19:00;5;5000;4;3990;76;533800;415;1100710;205;1960471;10;6790;5;4990;4;4000;0;0;0;0;44;46420;6;6040;87;1417238;186;2129484;108;1727899;140;1480336
24.09.2021 20:00;3;3000;3;2990;48;366316;331;1130849;152;1142925;7;31270;3;3000;3;3000;0;0;0;0;23;25860;8;8020;57;874081;161;1947416;121;1410984;95;1152996
24.09.2021 21:00;2;2000;3;3000;38;287620;254;959517;141;1127170;2;520;2;2000;3;3000;0;0;0;0;33;39590;10;10200;41;516269;141;1357444;12;3345770;12;3372545
24.09.2021 22:00;2;2000;2;2000;32;240170;209;734081;94;836086;5;38650;2;2000;2;1990;0;0;0;0;20;23954;5;5040;28;371997;133;1163557;3;3556142;2;3566002
24.09.2021 23:00;2;2000;2;2000;25;229091;174;473880;71;829738;2;23860;2;1980;2;2000;0;0;0;0;15;18010;3;3030;28;288450;131;988198;62;1424927;45;1380140
25.09.2021 00:00;2;2000;2;2000;25;256030;82;227317;41;359548;0;0;2;2000;2;2000;0;0;0;0;5;5370;3;3720;26;262650;61;273240;47;1372972;40;1328886
25.09.2021 01:00;0;0;1;1000;6;25520;59;222580;29;341884;2;1550;0;0;1;1000;0;0;0;0;4;4080;2;2020;14;204650;50;223160;32;1063323;37;1046669
25.09.2021 02:00;0;0;0;0;6;22360;33;82740;17;210344;1;330;0;0;0;0;0;0;0;0;3;3380;1;1010;9;159043;23;88106;14;1263164;18;1301934
25.09.2021 03:00;0;0;0;0;6;35840;25;71240;16;160010;1;590;0;0;0;0;0;0;0;0;4;5310;1;1000;3;80760;19;83045;27;937734;24;933594
25.09.2021 04:00;1;1000;0;0;7;68155;29;70530;7;135370;0;0;1;1000;0;0;0;0;0;0;2;2020;0;0;7;48324;22;82060;2;3003270;2;3003220
25.09.2021 05:00;3;2990;3;3000;9;60580;66;161534;16;312370;0;0;3;2990;3;2990;0;0;0;0;1;1700;0;0;12;171030;56;216560;16;2251516;18;2296266
25.09.2021 06:00;4;4000;4;3990;9;47430;108;280695;26;340180;2;3560;4;4000;4;4000;0;0;0;0;1;1020;1;1000;11;120310;77;453878;40;276520;24;242190
25.09.2021 07:00;4;4000;4;4000;17;142990;131;518741;53;734631;0;0;4;4000;4;4000;0;0;0;0;4;5050;5;5190;19;248905;110;692661;49;282150;34;163180
25.09.2021 08:00;5;4970;4;4000;19;80676;206;891207;88;967528;0;0;5;4990;4;4000;0;0;0;0;16;17750;2;2020;32;298656;132;1130437;73;788570;64;566208
25.09.2021 09:00;4;4000;4;4000;39;369920;329;1096729;203;1668395;7;2450;4;4000;4;4000;0;0;0;0;31;40349;6;7280;52;880287;165;1848712;79;2219918;99;1616750
25.09.2021 10:00;4;3990;4;4000;58;367550;378;1397752;213;1860071;3;2020;4;4000;4;3990;0;0;0;0;34;37150;9;9370;73;1067545;174;2181464;82;1989489;117;1478709
25.09.2021 11:00;4;3990;4;3980;67;478809;407;1476207;241;1754062;10;44283;4;4000;4;3980;0;0;0;0;49;56540;15;15110;77;1235614;171;2353049;116;2047517;115;1572625
25.09.2021 12:00;4;4000;4;3990;59;388154;406;1158171;246;1920833;10;8510;4;4000;4;4000;0;0;0;0;37;39500;16;16090;84;1018883;182;2403733;102;2166407;119;1955239
25.09.2021 13:00;5;5000;4;4000;78;617936;468;1367459;227;1728178;11;4100;5;5000;4;4000;0;0;0;0;40;46960;9;9050;81;1307802;164;2618566;62;2742974;58;2556269
25.09.2021 14:00;5;4980;6;6000;96;742250;452;1538459;237;1759839;6;122560;5;4990;6;6000;0;0;0;0;40;43479;11;11250;83;1248864;181;2748684;67;2808368;61;2513009
25.09.2021 15:00;4;4000;4;4000;69;513570;394;1328030;217;1641129;9;39985;4;3990;4;4000;0;0;0;0;34;36650;9;9070;85;1441117;189;2357497;105;2093424;124;1795548
25.09.2021 16:00;4;4000;4;4000;51;449086;416;1369113;219;1571615;3;840;4;4000;4;3990;0;0;0;0;33;39390;14;14180;77;1132342;184;2523376;114;1866157;122;1474236
25.09.2021 17:00;4;4000;5;5000;49;555477;427;1648222;241;1960376;9;5530;4;4000;5;4970;0;0;0;0;48;54740;7;7050;66;1031471;193;2603347;49;2750431;55;2674060
25.09.2021 18:00;4;4000;4;4000;62;497707;422;1413645;204;1627020;5;55480;4;4000;4;3990;0;0;0;0;55;60168;16;16110;88;1224742;187;2445729;45;2995561;40;2897131
25.09.2021 19:00;4;4000;4;3990;72;547575;378;1348341;198;1589717;6;43130;4;4000;4;3990;0;0;0;0;58;83865;19;19310;69;1119565;144;2348452;2;3564640;2;3564640
25.09.2021 20:00;2;2000;2;1990;39;278159;340;1001243;154;1180257;11;48000;2;2000;2;2000;0;0;0;0;27;28340;12;12210;68;676947;162;1796086;102;1098804;110;985229
25.09.2021 21:00;2;2000;2;2000;31;231250;289;911795;122;1024092;1;520;2;2000;2;2000;0;0;0;0;35;40200;6;6030;45;525360;148;1448572;108;513800;108;517438
25.09.2021 22:00;2;2000;2;1990;31;197460;271;1070631;88;929212;1;320;2;1990;2;2000;0;0;0;0;19;24603;2;2110;39;408656;146;1474024;95;615339;90;617527
25.09.2021 23:00;2;2000;2;2000;19;188290;202;636366;63;557986;1;60;2;2000;2;2000;0;0;0;0;17;18430;4;4020;27;270874;128;1044993;2;3579400;2;3579350
26.09.2021 00:00;2;2000;2;2000;16;127290;114;372257;51;474650;3;21970;2;1990;2;2000;0;0;0;0;10;10790;1;1000;20;194750;93;462050;19;2441114;15;2425624
26.09.2021 01:00;0;0;1;1000;17;286906;98;311435;40;420529;2;13134;0;0;1;1000;0;0;0;0;7;8710;5;5020;15;121096;81;485704;42;1261470;35;1227730
26.09.2021 02:00;0;0;0;0;7;70135;53;112560;13;260767;1;14717;0;0;0;0;0;0;0;0;1;1000;1;1010;10;185706;52;206710;25;586490;18;572420
26.09.2021 03:00;0;0;0;0;5;70107;32;51760;16;264850;0;0;0;0;0;0;0;0;0;0;0;0;2;2010;5;101917;26;100246;14;229475;16;227366
26.09.2021 04:00;0;0;0;0;4;38974;37;80819;7;86050;0;0;0;0;0;0;0;0;0;0;0;0;1;1000;13;156134;35;123500;11;28150;9;27760
26.09.2021 05:00;2;2000;1;1000;9;35782;41;118570;16;260376;1;260;2;2000;1;1000;0;0;0;0;2;2010;0;0;7;77600;31;126210;15;47830;19;49353
26.09.2021 06:00;2;2000;2;2000;5;8230;38;108780;10;189530;0;0;2;1990;2;2000;0;0;0;0;1;1010;0;0;7;364998;30;118182;24;486487;21;483413
26.09.2021 07:00;2;2000;2;1990;5;68910;58;200833;23;255063;0;0;2;2000;2;2000;0;0;0;0;3;3210;4;4040;9;181470;48;141230;40;540098;31;511528
26.09.2021 08:00;2;2000;2;2000;11;49880;123;432662;60;683674;1;390;2;2000;2;2000;0;0;0;0;15;19120;2;2010;18;217822;97;571031;47;687504;44;586719
26.09.2021 09:00;2;2000;2;1990;28;183122;266;602287;103;898992;2;840;2;2000;2;2000;0;0;0;0;20;20420;7;7240;34;468078;145;1202858;59;1571447;62;1441169
26.09.2021 10:00;2;2000;2;2000;22;185329;338;1019341;151;1234779;6;15970;2;2000;2;2000;0;0;0;0;21;22300;2;2020;45;508924;174;1749164;0;3600000;0;3600000
26.09.2021 11:00;2;2000;2;2000;30;149522;345;1110969;174;1361869;1;190;2;2000;2;2000;0;0;0;0;30;33560;9;9270;54;709407;176;1870663;47;2823529;36;2652794
26.09.2021 12:00;3;3000;3;2990;54;447339;318;1280093;197;1278324;5;33320;3;3000;3;3000;0;0;0;0;30;33360;16;16300;49;673873;178;1568503;24;3300666;15;3245355
26.09.2021 13:00;4;4000;4;4000;45;443105;389;1364991;201;1708768;2;1230;4;3990;4;4000;0;0;0;0;25;28390;3;3020;50;790761;198;2027041;116;1447207;114;1198922
26.09.2021 14:00;4;3990;4;3990;42;334970;392;1202709;192;1584317;3;24310;4;3970;4;4000;0;0;0;0;21;21060;7;7060;57;712864;172;2073028;106;1730660;99;1360116
26.09.2021 15:00;4;4000;4;4000;39;183570;367;1131754;171;1402693;4;17810;4;4000;4;4000;0;0;0;0;25;27730;5;5050;56;636322;177;1922734;117;1256965;112;1010190
26.09.2021 16:00;4;4000;4;4000;38;406877;400;1087370;201;1536782;6;22110;4;4000;4;4000;0;0;0;0;29;46560;9;9050;58;632683;180;1938482;50;2792198;48;2702925
26.09.2021 17:00;4;3990;4;3990;41;150320;431;1333024;178;1265166;1;460;4;3990;4;3990;0;0;0;0;19;22069;9;9180;61;698609;178;1965915;0;3600000;0;3600000
26.09.2021 18:00;4;4000;4;4000;33;236915;388;1312647;168;1331778;1;780;4;3990;4;4000;0;0;0;0;16;16780;9;9070;41;486379;172;1974188;0;3600000;0;3600000
26.09.2021 19:00;2;2000;2;1990;43;351439;311;1050717;128;1186548;3;1230;2;2000;2;2000;0;0;0;0;21;24700;6;6030;50;720684;152;1893778;100;1259728;97;1164580
26.09.2021 20:00;2;1990;2;2000;45;414979;235;816653;97;916815;2;1360;2;2000;2;2000;0;0;0;0;7;7260;3;3020;50;700520;134;1266122;5;3496240;4;3490270
26.09.2021 21:00;2;2000;2;1990;23;205090;180;679101;74;737416;2;720;2;1990;2;1990;0;0;0;0;16;17400;2;2000;31;421947;132;933991;0;3600000;0;3600000
26.09.2021 22:00;2;1990;2;1990;18;165740;99;360178;55;604909;2;640;2;2000;2;1990;0;0;0;0;3;3180;2;2020;23;438393;81;464803;32;2627142;33;2570412
26.09.2021 23:00;2;1990;2;1990;8;56620;46;86773;27;290186;0;0;2;2000;2;2000;0;0;0;0;7;12170;0;0;10;82990;49;209360;0;3600000;0;3600000
27.09.2021 00:00;2;2000;2;2000;7;12250;37;75800;19;337117;0;0;2;2000;2;2000;0;0;0;0;1;1140;0;0;11;154805;32;125590;10;1311550;12;1329770
27.09.2021 01:00;0;0;1;1000;1;31240;21;24500;7;130381;1;18690;0;0;1;1000;0;0;0;0;0;0;0;0;0;0;14;54437;5;252480;13;281770
27.09.2021 02:00;0;0;0;0;4;43940;10;29030;10;124704;0;0;0;0;0;0;0;0;0;0;0;0;2;2000;3;62780;6;33730;7;177800;9;180750
27.09.2021 03:00;0;0;0;0;0;0;14;25750;7;114285;0;0;0;0;0;0;0;0;0;0;0;0;0;0;0;0;11;35170;3;1981550;3;1980550
27.09.2021 04:00;1;1000;0;0;4;28630;34;96360;10;162200;0;0;1;1000;0;0;0;0;0;0;1;1160;0;0;6;52640;35;145760;0;3600000;0;3600000
27.09.2021 05:00;3;3000;3;2990;11;42250;183;339080;34;582877;3;15320;3;3000;3;3000;0;0;0;0;1;1010;1;1010;11;145937;102;833987;25;2740109;19;2706509
27.09.2021 06:00;4;3990;4;3990;20;181170;381;1061292;111;1217635;2;1170;4;4000;4;4000;0;0;0;0;8;9980;4;4290;38;697359;135;2008422;2;3583220;2;3583210
27.09.2021 07:00;7;7000;6;6000;70;511389;564;1587252;264;2289621;13;77270;7;7000;6;5990;0;0;0;0;30;32686;9;9070;70;1079119;168;3140392;47;2670811;72;2228193
27.09.2021 08:00;8;7990;7;7000;77;776830;595;1558535;266;2401517;7;72290;8;7990;8;7980;0;0;0;0;31;33090;13;13090;75;1215180;169;3171632;86;2184136;98;1825064
27.09.2021 09:00;4;3990;5;4990;74;769740;460;1334563;253;2032195;6;2720;4;4000;4;4000;0;0;0;0;33;35070;8;8050;79;1126787;206;2457286;16;3202702;23;3012395
27.09.2021 10:00;4;4000;4;4000;47;269060;374;1544925;253;1610822;9;73640;4;3990;4;4000;0;0;0;0;33;36510;19;20030;64;768364;161;2640016;74;2376126;59;2198320
27.09.2021 11:00;4;3990;3;3000;83;813489;376;1443545;216;1797746;9;5020;4;4000;3;3000;0;0;0;0;34;38930;13;13090;84;1414791;160;2280830;106;1799546;105;1248523
27.09.2021 12:00;5;4990;5;4990;110;798802;364;1609225;243;1899311;8;45950;5;5000;6;6000;0;0;0;0;39;45630;10;10330;96;1485769;134;2566771;130;1829147;133;1446236
27.09.2021 13:00;8;7990;7;6980;90;748518;426;1600632;267;2040426;17;84430;8;7960;6;5990;0;0;0;0;52;59519;32;32710;81;1174831;136;2754182;120;1875243;121;1667496
27.09.2021 14:00;5;4990;8;8000;105;773592;371;1386209;243;1878022;10;5190;5;5000;8;7980;0;0;0;0;41;46180;7;7050;104;1797554;156;2379384;115;2084355;126;1216073
27.09.2021 15:00;4;3990;3;3000;74;544653;466;1561631;259;2300294;10;5060;4;4000;4;4000;0;0;0;0;41;46660;25;27090;90;1327510;200;2693424;120;2240828;139;1927707
27.09.2021 16:00;4;3990;5;5000;112;904983;496;1779890;295;2561591;17;8970;4;4000;4;3990;0;0;0;0;48;61319;19;21270;106;1730431;209;2852634;128;2212039;137;1807112
27.09.2021 17:00;4;3990;3;3000;117;771289;516;1698981;246;2278039;11;4740;4;3990;3;2990;0;0;0;0;67;79019;14;14730;109;1638064;227;2580796;146;2365173;156;1910122
27.09.2021 18:00;4;4000;5;4990;81;626922;427;1477221;222;2245519;7;2920;4;3990;5;4990;0;0;0;0;58;64900;10;10500;86;1401134;221;2206368;98;2323626;132;1676229
27.09.2021 19:00;4;3990;3;3000;64;652605;362;1048561;165;1942133;11;110390;5;4990;3;2980;0;0;0;0;38;41600;15;15540;80;1023561;213;1758390;118;1586833;124;1257897
27.09.2021 20:00;4;4000;5;5000;36;164750;231;883599;132;900048;7;1900;3;3000;5;4990;0;0;0;0;30;35440;8;8060;58;688130;117;1422271;106;1046812;106;802537
27.09.2021 21:00;2;1990;2;1990;25;122890;182;765623;104;939863;1;460;2;2000;2;2000;0;0;0;0;13;16250;5;5040;38;464319;150;968291;71;1588668;55;1547886
27.09.2021 22:00;2;1990;2;2000;28;200550;152;745209;73;615727;0;0;2;1990;2;2000;0;0;0;0;8;9810;2;2020;26;368450;112;762824;0;3600000;0;3600000
27.09.2021 23:00;2;2000;2;2000;8;39060;83;301763;36;340648;3;1550;2;2000;2;2000;0;0;0;0;4;4930;4;4010;14;253920;69;414773;17;1989055;29;2072509
28.09.2021 00:00;2;1990;2;2000;6;38660;35;72970;21;249160;0;0;2;2000;2;2000;0;0;0;0;1;1080;0;0;13;164057;27;164130;4;3114130;4;3107820
28.09.2021 01:00;0;0;1;1000;0;0;13;7310;11;167532;1;1160;0;0;1;1000;0;0;0;0;0;0;0;0;4;73580;15;76120;6;1522693;8;1537003
28.09.2021 02:00;0;0;0;0;3;2640;17;10090;6;121672;2;18070;0;0;0;0;0;0;0;0;1;1010;0;0;4;25530;10;41830;4;10080;8;46224
28.09.2021 03:00;0;0;0;0;0;0;15;10550;2;47620;0;0;0;0;0;0;0;0;0;0;1;1010;0;0;0;0;13;46730;4;41800;8;20760
28.09.2021 04:00;1;1000;0;0;5;6310;34;42040;10;149954;2;41807;1;1000;0;0;0;0;0;0;1;1000;0;0;5;40190;26;121310;20;475949;20;484989
28.09.2021 05:00;3;3000;3;3000;5;63820;168;397699;40;491234;1;260;3;2990;3;3000;0;0;0;0;1;1010;0;0;13;140710;109;842204;47;205811;33;132750
28.09.2021 06:00;4;3990;4;3990;22;255610;418;1090199;98;1373466;4;1170;4;4000;4;3980;0;0;0;0;6;7020;5;5140;36;634475;125;2135535;87;1031058;61;630633
28.09.2021 07:00;7;7000;6;6000;67;569573;574;1624390;291;2195830;11;71684;7;6990;6;5980;0;0;0;0;31;64268;18;18120;68;1150953;149;3203438;89;2247461;90;1594121
28.09.2021 08:00;8;7990;7;6970;79;772071;613;1956032;280;2037830;6;4330;8;7990;7;6990;0;0;0;0;29;32120;4;4030;70;1246282;167;3396114;94;2201201;115;1633479
28.09.2021 09:00;5;4990;5;5000;63;619815;517;1450392;260;2034341;12;12600;5;4980;6;5990;0;0;0;0;32;34800;15;15800;66;1027314;165;2804515;0;3600000;0;3600000
28.09.2021 10:00;4;4000;4;4000;63;532480;386;1516376;255;1730323;11;6490;4;3990;3;3000;0;0;0;0;41;48653;15;15270;79;1133442;135;2560187;69;2363927;75;2226401
28.09.2021 11:00;3;3000;4;4000;66;592650;379;1642742;276;1802395;16;45410;3;3000;5;5000;0;0;0;0;48;52550;13;13150;91;1359966;161;2453143;121;1819948;122;1244622
28.09.2021 12:00;6;6000;5;5000;81;628834;376;1443341;264;1854759;14;59480;6;5990;4;3980;0;0;0;0;41;44580;13;13490;97;1433494;161;2403079;117;1986509;126;1466433
28.09.2021 13:00;8;8000;9;9000;111;812102;428;1426164;305;2289767;22;103890;8;8000;9;8990;0;0;0;0;53;65490;15;15080;100;1608878;164;2827160;98;2420586;82;2247356
28.09.2021 14:00;5;4980;5;5000;85;647516;418;1673534;272;1911760;13;63506;5;5000;6;5970;0;0;0;0;46;52710;23;24980;101;1377837;170;2619073;26;3202600;41;3174170
28.09.2021 15:00;4;4000;4;3990;104;821427;476;1553400;282;2361187;9;70933;4;4000;3;3000;0;0;0;0;56;60600;14;14410;101;1424319;209;2666184;20;3423512;26;3216080
28.09.2021 16:00;4;4000;4;3990;101;783653;497;1565811;288;2495943;15;97770;4;4000;4;3990;0;0;0;0;41;54490;12;12100;112;1552964;257;2591734;123;2559300;154;2045393
28.09.2021 17:00;4;4000;4;4000;109;783713;532;1693864;273;2415774;10;4520;4;3990;5;4990;0;0;0;0;49;63187;12;12140;108;1535498;223;3060849;129;2280509;143;1848293
28.09.2021 18:00;4;3990;5;5000;114;720862;479;1792095;275;2219343;6;3170;4;3990;4;4000;0;0;0;0;49;53490;19;20240;102;1806762;207;2738462;106;2260183;129;1753804
28.09.2021 19:00;5;5000;4;3990;78;897827;358;1425389;209;1788507;3;2460;5;4990;4;3990;0;0;0;0;35;43060;20;21250;85;1366309;180;2012675;136;1559180;143;1221351
28.09.2021 20:00;3;3000;4;4000;36;287143;312;1251710;149;1239469;6;49163;3;2990;4;4000;0;0;0;0;30;37100;10;10160;66;696445;142;1816598;124;805998;107;582914
28.09.2021 21:00;2;2000;2;2000;36;242770;227;886185;120;954795;4;1430;2;2000;2;1990;0;0;0;0;20;22110;4;4020;39;349595;147;1249362;102;569864;99;461070
28.09.2021 22:00;2;2000;2;2000;24;178986;174;632004;84;778590;1;130;2;1990;2;1990;0;0;0;0;17;19040;1;1010;43;393010;129;982517;89;347951;76;292123
28.09.2021 23:00;2;2000;2;2000;16;89260;88;313655;41;355974;3;1300;2;2000;2;1990;0;0;0;0;8;9870;5;5050;22;260160;73;469220;53;143445;39;135980
29.09.2021 00:00;2;2000;2;2000;8;53270;42;127525;16;116810;0;0;2;2000;2;1990;0;0;0;0;4;4550;1;1000;8;174596;27;127160;19;42180;27;65300
29.09.2021 01:00;0;0;1;1000;4;66560;11;42070;8;139420;1;130;0;0;1;1000;0;0;0;0;2;2020;1;1000;3;22770;8;32750;8;18670;14;25050
29.09.2021 02:00;0;0;0;0;3;960;17;45980;9;161804;0;0;0;0;0;0;0;0;0;0;0;0;0;0;5;77020;13;52700;4;9840;8;17890
29.09.2021 03:00;0;0;0;0;2;2550;16;49130;4;99880;0;0;0;0;0;0;0;0;0;0;0;0;0;0;1;1200;15;49620;10;168149;8;172629
29.09.2021 04:00;1;1000;0;0;4;45120;44;87350;7;118500;1;980;1;1000;0;0;0;0;0;0;3;4500;0;0;5;35420;40;154115;15;688254;18;699474
29.09.2021 05:00;3;3000;3;2990;11;80360;171;479795;37;655544;1;260;3;3000;3;3000;0;0;0;0;0;0;1;1000;12;202440;107;818840;26;1559588;10;1529500
29.09.2021 06:00;4;4000;3;2990;14;75020;400;940697;103;1314235;4;1560;4;4000;4;4000;0;0;0;0;6;6550;6;6040;34;582261;126;1914705;0;3600000;0;3600000
29.09.2021 07:00;7;6990;6;6000;55;467530;564;1815533;251;2401192;9;7880;7;6990;5;5000;0;0;0;0;41;54664;21;21130;73;1439305;125;3301066;6;3515987;19;3299805
29.09.2021 08:00;8;8000;8;7990;65;805301;578;1818612;265;2205198;8;3950;8;8000;9;8990;0;0;0;0;28;30110;10;10340;64;1217421;200;3224389;86;2379492;94;1923013
29.09.2021 09:00;4;4000;4;4000;60;586006;477;1469276;242;2023450;11;9720;4;4000;3;3000;0;0;0;0;42;71860;18;18500;73;1338695;183;2502835;99;2241447;67;1845842
29.09.2021 10:00;5;5000;4;4000;63;401661;396;1445156;248;1958811;9;140290;5;4990;4;4000;0;0;0;0;41;51229;9;9260;76;1028580;177;2477640;97;1592203;94;1322679
29.09.2021 11:00;3;3000;5;4990;57;496969;369;1484909;253;1783065;8;4850;3;2990;5;5000;0;0;0;0;35;38270;10;10060;87;1466062;147;2432984;0;3600000;0;3600000
29.09.2021 12:00;5;4990;5;5000;81;490570;397;1378809;242;1762962;8;82410;5;5000;5;5000;0;0;0;0;44;50210;20;20260;102;1638545;147;2650273;0;3600000;0;3600000
29.09.2021 13:00;7;7000;8;7990;99;674570;398;1794098;304;2089682;17;136550;8;7990;9;9000;0;0;0;0;41;47780;15;15090;106;1577890;127;2972625;0;3600000;0;3600000
29.09.2021 14:00;6;6043;6;5990;88;874296;441;1730090;253;2399195;10;106324;5;5000;5;4990;0;0;0;0;34;40076;22;22180;100;1591894;160;2697805;76;2907710;101;2448003
29.09.2021 15:00;4;4000;4;4000;93;898728;431;1314531;304;2678632;13;6210;4;4000;5;4990;0;0;0;0;57;79068;15;15110;86;1399111;210;2372884;71;2882117;79;2488158
29.09.2021 16:00;4;3990;4;4000;104;996979;507;1530428;278;2314627;10;3760;4;3990;3;2990;0;0;0;0;33;35150;16;16300;106;1678476;231;2612141;0;3600000;0;3600000
29.09.2021 17:00;4;3990;4;4000;114;875405;482;1671191;248;2103153;10;4010;4;4055;5;4990;0;0;0;0;46;55820;14;14162;105;1659099;239;2772687;119;2695734;94;2429719
29.09.2021 18:00;4;4000;4;4000;96;903575;481;1654741;271;2149005;8;156820;4;4000;4;4000;0;0;0;0;51;56940;12;12070;96;1537920;244;2343683;154;1974453;134;1635394
29.09.2021 19:00;5;5000;5;5000;83;647817;385;1196945;192;2217270;12;6570;5;4980;4;4000;0;0;0;0;52;63600;10;10110;82;1512309;209;1813464;123;1866325;98;1677970
29.09.2021 20:00;3;3000;4;4000;55;655472;267;1154682;154;1306372;3;16760;3;2990;4;4000;0;0;0;0;34;36372;6;6030;62;796915;159;1577251;97;2006776;83;1802525
29.09.2021 21:00;2;1990;2;2000;31;256599;216;841570;79;817710;2;700;2;2000;2;2000;0;0;0;0;25;29200;6;6080;44;431678;142;1263039;0;3600000;0;3600000
29.09.2021 22:00;2;2000;2;2000;26;205310;167;538567;70;747788;4;45740;2;1990;2;2000;0;0;0;0;17;23260;3;3000;32;535145;112;1073304;46;1815024;40;1791640
29.09.2021 23:00;2;2000;2;2000;15;148250;102;443883;51;700888;5;31266;2;2000;2;2000;0;0;0;0;12;15120;4;4000;22;229260;78;668555;51;797425;37;785075
30.09.2021 00:00;2;1990;2;2000;11;55410;37;220051;22;317304;1;17400;2;1990;2;2000;0;0;0;0;2;2020;1;1000;6;93358;30;178392;24;84680;24;79750
30.09.2021 01:00;0;0;1;1000;3;18430;19;37120;3;64680;0;0;0;0;1;1000;0;0;0;0;1;1010;0;0;2;17500;13;47926;14;665921;11;667871
30.09.2021 02:00;0;0;0;0;3;19940;16;44830;10;253446;1;1300;0;0;0;0;0;0;0;0;0;0;0;0;7;88090;13;41080;7;513590;7;514300
30.09.2021 03:00;0;0;0;0;2;800;18;24490;4;60080;0;0;0;0;0;0;0;0;0;0;0;0;0;0;1;5590;12;44140;10;637067;16;644757
30.09.2021 04:00;1;1000;0;0;7;8550;32;116950;8;99730;1;12110;1;1000;0;0;0;0;0;0;0;0;0;0;11;163785;31;131300;10;24340;14;45440
30.09.2021 05:00;3;2990;3;3000;15;53580;155;292480;30;516970;1;24210;3;2990;3;3000;0;0;0;0;1;1010;0;0;10;104900;105;649107;51;161284;26;73490
30.09.2021 06:00;4;4000;3;3000;20;177520;439;986557;91;1253190;6;73610;4;3990;4;4000;0;0;0;0;11;11520;5;5140;22;492006;141;1918681;115;627480;61;324800
30.09.2021 07:00;7;6990;6;5980;90;794490;629;1639967;242;2374021;8;52190;7;7000;5;5000;0;0;0;0;35;40750;8;8040;74;1194928;134;3227163;101;2110731;83;1512386
30.09.2021 08:00;8;7990;8;7960;86;759113;616;1704332;277;2304301;14;69150;8;8000;9;9000;0;0;0;0;34;39260;14;14290;69;1061916;187;3293446;0;3600000;0;3600000
30.09.2021 09:00;4;3980;5;4990;58;383662;470;1350502;265;2142580;14;74600;4;4000;4;4000;0;0;0;0;30;35000;11;12370;59;893118;173;2780022;30;2952545;28;2764358
30.09.2021 10:00;4;4000;4;4000;66;574431;418;1440396;245;2041968;11;48320;4;4000;4;4000;0;0;0;0;39;47870;13;13470;81;1050695;147;2441155;104;1694039;128;1237526
30.09.2021 11:00;4;4000;4;4000;85;791559;383;1585322;251;1923030;14;181125;4;3990;4;4000;0;0;0;0;44;49659;7;7030;103;1677751;155;2475925;133;1831799;133;1214895
30.09.2021 12:00;6;5980;5;5000;85;1248945;382;1574743;276;2001693;10;6860;6;5990;5;5041;0;0;0;0;35;40960;22;22190;104;2009007;155;2550451;71;2422035;94;2048784
30.09.2021 13:00;8;7990;8;8000;106;756194;441;1799447;326;2053388;18;12040;8;7980;9;8990;0;0;0;0;55;69305;23;23370;112;1422408;137;3026957;0;3600000;0;3600000
30.09.2021 14:00;4;4000;6;5990;96;726306;426;1584014;255;2208249;16;57320;4;3990;6;6000;0;0;0;0;48;53299;25;25350;87;1826491;148;2675268;58;2729873;89;2191944
30.09.2021 15:00;4;4000;4;4000;99;762301;515;1547564;304;2278992;13;13050;4;4000;3;3000;0;0;0;0;50;57570;16;16070;99;1508320;190;2872792;6;3353660;10;3468420
30.09.2021 16:00;4;4000;4;4000;110;828861;512;1833635;248;2550881;15;7700;4;3980;5;5000;0;0;0;0;51;54170;28;28270;112;1595864;201;2924794;0;3600000;0;3600000
30.09.2021 17:00;4;3990;4;4000;112;920823;526;1564432;278;2060027;10;4520;4;3990;2;1990;0;0;0;0;50;58420;12;12260;105;1544360;220;2731879;75;2671740;79;2113072
30.09.2021 18:00;4;4052;5;5000;103;679835;512;1579773;264;2488809;9;34800;4;4000;5;4990;0;0;0;0;44;54097;18;18260;94;1494946;233;2632151;100;2698667;106;2194201
30.09.2021 19:00;5;4990;3;3000;82;493390;390;1634638;221;1905150;17;7350;5;5000;3;3000;0;0;0;0;37;43390;15;15260;104;1483691;163;2392789;0;3600000;0;3600000
30.09.2021 20:00;3;3000;5;5000;36;336348;269;860198;133;1122322;3;4330;3;3000;5;5000;0;0;0;0;35;40870;5;5010;57;717680;164;1574822;29;2970904;31;2900604
30.09.2021 21:00;2;2000;2;2000;26;181080;223;1034230;117;1326885;2;2150;2;2000;2;1990;0;0;0;0;19;20720;1;1000;43;500028;143;1139932;0;3600000;0;3600000
30.09.2021 22:00;2;2000;2;2000;26;124033;164;617924;81;728593;3;2010;2;2000;2;2000;0;0;0;0;13;13680;5;5030;42;417336;128;805253;0;3600000;0;3600000
30.09.2021 23:00;2;2000;2;1990;17;103410;100;343379;61;714136;1;260;2;1990;2;2000;0;0;0;0;7;7330;2;2010;35;386130;90;537839;19;2859138;13;2828723
01.10.2021 00:00;2;2000;2;2000;11;52446;53;79170;19;228965;0;0;2;2000;2;2000;0;0;0;0;0;0;2;2010;17;184340;54;202020;33;580538;29;565978
01.10.2021 01:00;0;0;1;1000;7;73390;22;81875;8;72390;0;0;0;0;1;1000;0;0;0;0;1;1010;0;0;9;168717;21;74575;13;864914;18;879944
01.10.2021 02:00;0;0;0;0;0;0;16;8140;7;108765;0;0;0;0;0;0;0;0;0;0;1;1010;0;0;4;96850;11;42740;8;1462880;7;1461420
01.10.2021 03:00;0;0;0;0;4;79060;18;49650;4;88845;0;0;0;0;0;0;0;0;0;0;0;0;0;0;0;0;15;52540;6;901528;10;917478
01.10.2021 04:00;1;1000;0;0;6;21280;34;66630;11;161180;1;1680;1;1000;0;0;0;0;0;0;2;2330;0;0;10;131910;29;120332;13;42640;19;73930
01.10.2021 05:00;3;2990;2;2000;13;13320;158;365540;34;486412;2;580;3;3000;2;2000;0;0;0;0;0;0;2;2010;11;58970;107;681302;47;246050;27;209690
01.10.2021 06:00;4;4000;5;4990;31;313550;357;840747;93;972914;1;16750;4;4000;5;5000;0;0;0;0;8;8630;4;4040;32;689252;112;1903999;107;653297;45;313662
01.10.2021 07:00;7;6990;5;5000;98;980581;534;1683925;242;2192125;13;80400;7;6980;5;5000;0;0;0;0;28;34700;9;9040;74;1298640;151;3258724;77;2362861;102;1828124
01.10.2021 08:00;8;7990;8;8000;95;931171;543;1728522;239;2240416;11;6450;8;7990;10;9980;0;0;0;0;33;40430;9;9010;74;1124250;175;3126049;52;2760137;58;2478974
01.10.2021 09:00;3;3000;4;4000;64;531295;463;1312163;270;2275028;4;2000;4;4000;4;3380;0;0;0;0;30;33390;13;13410;73;868117;222;2443986;5;3545910;4;3532520
01.10.2021 10:00;5;4990;4;3990;74;679247;395;1722244;260;1925254;9;5230;4;4000;4;4620;0;0;0;0;45;48840;16;16340;81;1275309;133;2702279;106;2159186;125;1450737
01.10.2021 11:00;5;5000;6;5990;98;690755;368;1771459;322;2331504;12;5380;5;4990;5;4990;0;0;0;0;37;46480;13;13110;96;1630017;159;2496869;113;2205129;108;1672933
01.10.2021 12:00;6;5990;6;5990;103;781120;481;1776178;292;2459026;20;79130;6;6000;6;5990;0;0;0;0;48;51845;15;15400;102;1689260;180;2843199;83;2535087;76;2302384
01.10.2021 13:00;8;7980;7;7000;110;748189;492;1819541;310;2502545;17;62690;8;7990;8;7990;0;0;0;0;48;50950;27;28230;108;1758844;186;2980954;0;3600000;0;3600000
01.10.2021 14:00;5;4990;7;7000;122;758914;460;1760403;261;1974145;10;7820;5;5000;6;6000;0;0;0;0;29;31100;16;16450;110;1664285;189;2936390;0;3600000;0;3600000
01.10.2021 15:00;4;4000;3;2990;74;690819;550;1834784;302;2362574;11;11795;4;3980;4;4000;0;0;0;0;47;54430;15;15701;94;1331767;188;2969450;35;3319553;39;3293085
01.10.2021 16:00;4;3990;4;3990;94;815885;472;1849244;286;2309758;8;59828;4;4000;4;3990;0;0;0;0;40;52116;20;20380;88;1234603;244;2741942;135;2528778;169;1995014
01.10.2021 17:00;4;4000;5;4980;95;592575;487;1759519;253;2247236;8;2980;4;3990;4;4000;0;0;0;0;42;56670;14;14330;94;1546107;222;2756609;138;2167235;160;1975019
01.10.2021 18:00;4;4000;3;3000;116;857189;514;1595339;269;2284953;6;2280;4;4000;4;3980;0;0;0;0;47;53706;16;16130;94;1349425;191;2924439;129;2109033;138;1667711
01.10.2021 19:00;4;3990;4;4000;86;934818;427;1163750;217;1968132;6;45170;5;5000;4;4000;0;0;0;0;36;38470;9;9190;73;1229247;165;2257965;62;2654451;70;2607186
01.10.2021 20:00;4;4000;4;4000;40;335537;293;1128831;148;1084152;2;970;3;2980;4;4000;0;0;0;0;30;33080;11;11030;65;832534;156;1816788;0;3600000;0;3600000
01.10.2021 21:00;2;2000;3;3000;46;283620;245;896578;117;1121873;9;5830;2;1990;2;2000;0;0;0;0;19;21540;5;5080;48;387732;139;1225838;64;1902265;46;1760924
01.10.2021 22:00;2;2000;2;2000;38;201124;230;904293;88;585834;3;1950;2;2000;2;2000;0;0;0;0;14;16720;3;3970;50;907251;136;1175055;116;677406;83;434130
01.10.2021 23:00;2;2000;2;1990;34;139754;165;654752;85;644960;5;28440;2;2000;2;1990;0;0;0;0;12;12300;6;6050;30;234532;122;903719;95;401762;65;333818
02.10.2021 00:00;2;1990;2;2000;9;89710;103;385711;42;408393;2;530;2;2000;2;1990;0;0;0;0;6;6250;6;6010;8;124520;87;384422;55;199360;56;189423
02.10.2021 01:00;0;0;1;1000;17;160687;63;148800;28;332396;4;32680;0;0;1;1000;0;0;0;0;4;4940;0;0;7;88848;49;189940;30;63600;34;103050
02.10.2021 02:00;0;0;0;0;5;21675;37;157355;21;310180;1;200;0;0;0;0;0;0;0;0;5;5040;3;3000;7;146250;31;124969;24;90350;24;104045
02.10.2021 03:00;0;0;0;0;6;74820;26;79230;19;200810;2;21990;0;0;0;0;0;0;0;0;2;3050;2;2000;1;2220;23;122240;13;39700;16;77840
02.10.2021 04:00;1;1000;0;0;4;19980;34;76350;12;276220;0;0;1;1000;0;0;0;0;0;0;3;3390;0;0;4;96710;26;122521;9;2744300;6;2742530
02.10.2021 05:00;3;3000;3;3000;8;45450;58;128260;19;238490;0;0;3;2990;3;2990;0;0;0;0;2;2020;0;0;9;115930;49;238460;4;3183815;6;3202475
02.10.2021 06:00;4;4000;4;4000;9;97960;83;218638;24;411490;3;16890;4;3990;4;4000;0;0;0;0;3;3200;0;0;7;74090;64;407811;5;3386940;4;3391980
02.10.2021 07:00;4;4000;4;3990;15;135240;139;364140;54;578264;2;650;4;3990;4;3990;0;0;0;0;4;4910;3;3020;23;407340;98;652640;0;3600000;0;3600000
02.10.2021 08:00;5;4990;4;4000;23;198873;227;630881;100;962612;1;23810;5;4970;4;3990;0;0;0;0;12;12800;6;6930;33;399750;156;1130943;29;2886489;33;2474257
02.10.2021 09:00;4;3990;4;4056;41;315987;352;1170180;205;1747056;10;48291;4;3990;4;3990;0;0;0;0;23;27530;7;7050;50;874496;169;1915983;99;2217092;57;2074109
02.10.2021 10:00;4;4000;4;4000;55;509476;376;1271734;231;1907422;7;36080;4;4000;4;3980;0;0;0;0;53;58530;7;7050;64;948970;150;2462099;0;3600000;0;3600000
02.10.2021 11:00;5;4980;5;5000;77;662541;400;1486921;220;1866537;14;36940;5;5000;5;4990;0;0;0;0;38;43520;11;11070;85;1143164;157;2264773;94;2709137;73;2289697
02.10.2021 12:00;4;3990;4;3990;79;689250;415;1523542;241;1871503;8;47860;4;4000;4;4000;0;0;0;0;55;67330;12;12100;80;1224279;135;2569542;0;3600000;0;3600000
02.10.2021 13:00;5;5000;5;5000;72;664714;406;1697841;275;2020349;10;6560;5;5000;5;5000;0;0;0;0;34;36620;8;8050;97;1620587;157;2627674;47;3011493;51;2745381
02.10.2021 14:00;4;3990;4;3990;96;809041;474;1561940;230;1798998;6;3850;4;3990;4;3990;0;0;0;0;48;56560;12;12090;88;1417029;158;2784369;0;3600000;0;3600000
02.10.2021 15:00;4;3990;4;4000;85;578953;402;1356003;220;1696419;9;5120;4;4000;4;4000;0;0;0;0;45;49840;12;12070;80;1300059;174;2289661;112;2223188;114;2104062
02.10.2021 16:00;4;3990;4;4000;57;443135;397;1471645;194;1742686;8;2740;4;4000;4;4000;0;0;0;0;38;42780;16;16130;70;1185150;199;2230300;21;3300355;23;3303323
02.10.2021 17:00;4;4000;5;5000;79;662024;400;1442954;219;1803494;6;10280;4;3990;5;5000;0;0;0;0;52;59250;17;17410;85;1212168;196;2250723;56;2743217;59;2554648
02.10.2021 18:00;4;3990;4;4000;81;703416;404;1700045;215;1741833;9;5000;4;4000;4;4000;0;0;0;0;47;50310;6;6050;88;1481505;182;2494283;108;2200647;116;2018591
02.10.2021 19:00;4;4000;4;3990;62;636800;337;1338150;166;1390088;7;15500;4;4000;4;4000;0;0;0;0;51;62058;10;10700;80;1070869;136;2301465;20;3306503;25;3162617
02.10.2021 20:00;2;1980;2;2000;43;367330;298;1006991;127;1244862;4;2530;2;1990;2;2000;0;0;0;0;38;68510;11;11290;76;868352;139;1678439;10;3435822;11;3420099
02.10.2021 21:00;2;1990;2;2000;36;238797;263;1060218;100;857368;5;43630;2;1990;2;2000;0;0;0;0;20;21890;10;10050;55;645900;149;1321363;0;3600000;0;3600000
02.10.2021 22:00;2;2000;2;1990;38;288327;272;973418;96;949273;3;1430;2;2000;2;2000;0;0;0;0;14;16190;7;7210;60;536519;151;1655545;0;3600000;0;3600000
02.10.2021 23:00;2;2000;2;2000;25;193210;204;691295;85;567369;2;460;2;1990;2;2000;0;0;0;0;22;29634;6;6030;25;333061;144;1054141;0;3600000;0;3600000
03.10.2021 00:00;2;1990;2;1990;18;67500;105;342862;37;455535;3;2400;2;1990;2;1990;0;0;0;0;7;7380;3;3010;20;231645;86;489422;0;3600000;0;3600000
03.10.2021 01:00;0;0;1;1000;15;115440;95;307116;41;491170;1;260;0;0;1;1000;0;0;0;0;4;5560;5;5020;13;115960;75;370090;0;3600000;0;3600000
03.10.2021 02:00;0;0;0;0;10;71410;51;184540;21;320091;1;14500;0;0;0;0;0;0;0;0;4;5310;4;4020;7;51720;48;181685;13;2569828;9;2558908
03.10.2021 03:00;0;0;0;0;8;106960;30;101180;27;270352;1;330;0;0;0;0;0;0;0;0;0;0;2;2010;6;129030;22;101060;0;3600000;0;3600000
03.10.2021 04:00;0;0;0;0;4;4080;23;36630;8;115340;1;1230;0;0;0;0;0;0;0;0;2;2010;3;3020;4;61917;16;56050;19;979559;21;998669
03.10.2021 05:00;1;990;1;1000;3;5680;34;35830;8;189890;0;0;2;2000;1;1000;0;0;0;0;1;1010;0;0;3;28450;28;92140;12;643795;16;650695
03.10.2021 06:00;3;3000;2;2000;5;61780;43;74920;11;310641;0;0;2;2000;2;2000;0;0;0;0;1;1010;0;0;12;149989;35;122150;18;1779307;18;1771827
03.10.2021 07:00;2;1980;2;1990;6;107954;52;147350;10;134660;0;0;2;2000;2;2000;0;0;0;0;1;1910;0;0;13;157680;41;150306;21;1015467;22;1004687
03.10.2021 08:00;2;2000;2;2000;13;147235;100;352296;50;627797;2;37220;2;2000;2;1990;0;0;0;0;9;10330;3;3010;15;337029;77;460988;29;1360867;30;1368011
03.10.2021 09:00;2;2000;2;2000;22;108560;198;709225;109;916392;3;1300;2;2000;2;2000;0;0;0;0;14;16740;4;4030;33;395303;131;1014351;13;3069163;14;3032913
03.10.2021 10:00;2;1990;2;2000;26;177503;252;813276;170;1420090;4;17060;2;2000;2;2000;0;0;0;0;19;20930;7;7030;29;386549;165;1182446;103;1140739;86;778885
03.10.2021 11:00;2;2000;2;2000;46;252035;303;1024428;149;1158611;2;23000;2;1990;2;2000;0;0;0;0;13;15580;4;4030;58;609776;158;1678261;22;3187920;14;3192370
03.10.2021 12:00;3;3000;3;3000;34;262946;332;1284079;181;1274059;2;1230;3;2990;3;3000;0;0;0;0;16;20180;0;0;54;672293;167;1802667;0;3600000;0;3600000
03.10.2021 13:00;4;4000;4;4000;45;375487;310;1203202;200;1473596;4;40840;4;3990;4;3990;0;0;0;0;30;32420;5;5030;44;561459;171;1963685;0;3600000;0;3600000
03.10.2021 14:00;4;3990;4;3990;45;427336;362;1154651;168;1413782;6;85410;4;4000;4;3990;0;0;0;0;18;20190;9;9580;46;741180;182;1879054;47;2926183;42;2793298
03.10.2021 15:00;4;3990;4;4000;41;295831;345;1044861;216;1423262;10;2770;4;4000;4;3990;0;0;0;0;18;20020;5;5040;68;872905;169;1970909;113;1658645;103;1302934
03.10.2021 16:00;4;3990;4;4000;48;447441;378;1440172;194;1478990;2;640;4;4000;4;3990;0;0;0;0;19;20160;10;10070;42;592538;178;2103749;77;2406198;71;2119558
03.10.2021 17:00;4;4000;4;4000;53;367952;424;1254176;191;1652493;7;22430;4;4000;4;4000;0;0;0;0;18;20520;5;5020;68;993025;186;2233908;102;2129193;99;1573514
03.10.2021 18:00;4;3990;4;4000;40;374468;376;1124513;133;1344905;3;5770;4;4000;4;3970;0;0;0;0;19;20640;1;1000;71;1197775;183;2023119;134;1285821;123;822914
03.10.2021 19:00;2;1990;2;1990;39;312608;295;1208949;133;1194539;3;22740;2;2000;2;2000;0;0;0;0;13;15140;6;6040;43;446292;160;1753696;134;706170;118;773929
03.10.2021 20:00;2;1980;2;2000;28;176040;276;842563;87;984798;5;21210;2;2000;2;1990;0;0;0;0;18;19170;5;5030;45;623200;162;1555673;105;1205936;80;900753
03.10.2021 21:00;2;2000;2;1990;24;196580;185;735675;80;849016;4;20250;2;2000;2;2000;0;0;0;0;5;6060;5;5020;53;494050;127;970110;74;2105412;96;2035152
03.10.2021 22:00;2;2000;2;1990;13;50410;121;399852;53;624980;2;8240;2;2000;2;2000;0;0;0;0;2;2000;3;3000;25;468544;85;605444;53;1189744;53;1278916
03.10.2021 23:00;2;2000;2;2000;12;101490;66;163020;21;411560;2;31690;2;2000;2;2000;0;0;0;0;2;2990;2;2000;18;127850;56;233617;0;3600000;0;3600000
04.10.2021 00:00;2;2000;2;2000;5;55474;37;67882;16;298605;1;1620;2;2000;2;2000;0;0;0;0;2;2930;1;1000;8;145145;33;144275;0;3600000;0;3600000
04.10.2021 01:00;0;0;1;1000;2;18220;16;7310;7;49887;0;0;0;0;1;1000;0;0;0;0;0;0;0;0;3;49970;15;63130;0;3600000;0;3600000
04.10.2021 02:00;0;0;0;0;1;38430;14;7760;6;108950;0;0;0;0;0;0;0;0;0;0;0;0;0;0;2;59990;16;57670;0;3600000;0;3600000
04.10.2021 03:00;0;0;0;0;0;0;15;9110;7;148164;0;0;0;0;0;0;0;0;0;0;0;0;0;0;1;16300;15;76320;0;3600000;0;3600000
04.10.2021 04:00;1;1000;0;0;5;62250;34;108709;10;182650;2;53660;1;1000;0;0;0;0;0;0;0;0;0;0;3;50651;33;189718;8;1402608;9;1412561
04.10.2021 05:00;3;2990;3;3000;14;35700;197;343915;39;595164;0;0;3;3000;3;3000;0;0;0;0;1;1010;0;0;16;132340;103;931254;18;2071970;21;2102390
04.10.2021 06:00;4;4000;4;4000;16;146280;445;903504;96;1025943;4;1810;4;4000;4;4000;0;0;0;0;6;6930;1;1000;33;655235;112;2226384;19;3328130;24;3264380
04.10.2021 07:00;7;6990;5;5000;82;744473;574;1719582;258;2366551;15;75730;7;7000;5;4990;0;0;0;0;26;30960;13;13125;85;1492793;54;3431860;44;2741765;47;2594609
04.10.2021 08:00;8;7990;9;8970;90;534696;589;1732003;296;2285164;6;2210;8;8000;9;9000;0;0;0;0;25;27920;11;11622;80;1384540;73;3501173;57;2647208;61;2309526
04.10.2021 09:00;4;3990;3;3000;67;763429;568;1533074;239;2326930;6;5110;4;4000;4;4000;0;0;0;0;39;42150;5;5040;84;1591771;205;2868292;67;2688555;63;2446035
04.10.2021 10:00;4;4000;4;4000;58;487006;406;1436075;257;2014561;15;55820;4;4000;4;4000;0;0;0;0;27;31290;11;11060;75;1341374;149;2416092;38;2936778;34;2693572
04.10.2021 11:00;4;4000;5;5000;91;836582;356;1569827;258;1891852;13;9050;4;4000;4;3970;0;0;0;0;34;36440;7;7390;89;1499011;144;2443722;119;1696018;117;1262259
04.10.2021 12:00;5;4980;5;4660;84;682065;407;1383110;248;2053736;7;25870;5;5000;5;4990;0;0;0;0;43;50180;8;8020;96;1477950;186;2367772;88;1987962;124;1326176
04.10.2021 13:00;8;8000;8;8330;103;917561;410;1725232;243;2047911;14;55720;8;8000;8;8000;0;0;0;0;39;49150;13;13090;95;1667996;160;2838797;31;3116720;38;3019984
04.10.2021 14:00;5;4990;6;6000;75;761039;411;1603765;242;1946957;15;53550;5;5000;6;5990;0;0;0;0;47;59740;11;11320;96;1459011;162;2626066;4;3579163;4;3571163
04.10.2021 15:00;4;4000;3;3000;95;667677;463;1557415;289;2363944;8;3110;4;4000;4;3990;0;0;0;0;40;43090;20;22040;110;1767892;197;2620569;108;2458559;134;1916565
04.10.2021 16:00;4;3980;4;4000;114;1040757;507;1499604;272;2543947;11;57370;4;4061;4;4000;0;0;0;0;48;58080;13;13100;96;1576145;230;2633224;27;3478973;33;3234663
04.10.2021 17:00;4;4000;4;4000;119;1194833;493;1467382;262;2672330;15;134060;4;4000;4;4000;0;0;0;0;53;61270;21;21780;111;2017643;249;2431805;68;2947240;104;2550434
04.10.2021 18:00;4;4000;5;5000;95;646021;453;1374272;243;2115650;8;4200;4;3990;4;4000;0;0;0;0;55;111909;11;11050;89;1431131;220;2335822;47;2973866;47;2883167
04.10.2021 19:00;5;5000;4;4000;57;571822;381;1103184;171;1767383;7;4260;5;4980;4;4000;0;0;0;0;55;65740;14;14816;88;1087474;185;1767112;90;2486690;77;2349025
04.10.2021 20:00;3;2990;4;4000;35;273896;256;1077940;136;1236655;3;1040;3;3000;4;3990;0;0;0;0;23;26802;2;2010;60;815995;138;1456482;125;541066;113;498622
04.10.2021 21:00;2;2000;2;2000;34;254470;200;680331;88;800587;1;330;2;2000;2;2000;0;0;0;0;19;20180;4;4030;39;410096;133;893648;99;369258;81;397346
04.10.2021 22:00;2;2000;2;2000;36;169385;141;636862;84;690575;2;19130;2;2000;2;1990;0;0;0;0;10;10160;4;4020;38;400795;103;818948;70;969582;58;931192
04.10.2021 23:00;2;2000;2;2000;13;73770;74;254735;41;492427;1;14240;2;2000;2;2000;0;0;0;0;5;6860;1;1010;17;232753;53;302610;25;1749880;30;1761050
05.10.2021 00:00;2;2000;2;2000;8;57283;36;94250;14;187320;0;0;2;2000;2;2000;0;0;0;0;5;6220;0;0;11;211308;34;187057;22;1229338;26;1264948
05.10.2021 01:00;0;0;1;1000;7;91460;21;129502;8;176287;1;15590;0;0;1;1000;0;0;0;0;0;0;0;0;4;82070;12;53210;20;305822;22;342762
05.10.2021 02:00;0;0;0;0;2;18180;24;28600;3;60200;0;0;0;0;0;0;0;0;0;0;1;1010;0;0;1;18060;22;82960;4;13510;5;21877
05.10.2021 03:00;0;0;0;0;0;0;12;34740;6;105040;1;1100;0;0;0;0;0;0;0;0;0;0;0;0;2;37380;21;68819;3;1580270;7;1605706
05.10.2021 04:00;1;1000;0;0;3;8060;30;32480;11;141861;2;1670;1;1000;0;0;0;0;0;0;0;0;0;0;9;140748;20;114395;6;2562991;10;2554311
05.10.2021 05:00;3;3000;2;2000;9;101700;174;291020;42;779566;1;320;3;3000;2;2000;0;0;0;0;1;1000;1;1010;13;98560;109;864726;0;3600000;0;3600000
05.10.2021 06:00;4;4000;5;4990;18;317190;420;1069375;109;1386461;7;8094;4;3980;5;5000;0;0;0;0;10;11230;5;5050;35;691514;104;2208212;0;3600000;0;3600000
05.10.2021 07:00;7;6990;5;4970;90;808467;546;1797171;282;2220292;16;12130;7;6990;5;5000;0;0;0;0;25;29160;7;7240;80;1429526;42;3415060;17;3378303;26;3273983
05.10.2021 08:00;8;8000;9;8990;91;950706;615;1892960;287;2542385;11;4210;8;7990;9;8990;0;0;0;0;30;34265;7;7300;77;1474357;126;3414686;66;2771651;77;2050968
05.10.2021 09:00;4;3990;4;4000;58;419980;507;1508081;271;2131247;7;2860;4;4000;4;4000;0;0;0;0;35;45370;11;11330;74;1011424;183;2877587;0;3600000;0;3600000
05.10.2021 10:00;6;6000;5;5000;73;506865;389;1290761;260;2093481;14;10650;6;6000;6;5990;0;0;0;0;50;56265;3;3030;81;1137699;167;2331768;10;3435813;2;3592563
05.10.2021 11:00;4;4000;5;4990;79;691644;371;1545399;256;1766042;12;79886;4;4000;4;3990;0;0;0;0;38;41036;14;14410;76;1181956;153;2441868;0;3600000;0;3600000
05.10.2021 12:00;5;5000;5;4990;71;570287;379;1820987;253;1969285;11;72330;5;5000;5;4990;0;0;0;0;37;39563;6;6940;98;1378409;153;2642860;0;3600000;0;3600000
05.10.2021 13:00;8;8000;8;8000;80;539466;380;1769547;283;1935845;7;4010;8;7990;8;8000;0;0;0;0;42;50500;13;13100;92;1307047;131;2851590;37;3106069;39;2865725
05.10.2021 14:00;5;5000;5;4990;79;765251;411;1467808;254;1975067;7;42420;5;4990;5;5000;0;0;0;0;45;59719;10;10070;126;1562994;175;2427288;56;3014795;67;2602419
05.10.2021 15:00;3;3000;4;3990;96;849068;445;1704100;309;2222730;7;51660;4;3990;4;3980;0;0;0;0;41;57710;15;15410;93;1174652;181;2758064;0;3600000;0;3600000
05.10.2021 16:00;4;4000;4;4000;123;823741;492;1725969;265;2509063;8;76395;3;3000;4;3990;0;0;0;0;50;67834;27;27270;105;1568301;216;2743447;0;3600000;0;3600000
05.10.2021 17:00;5;4990;4;4000;106;885599;517;1838111;290;2530781;16;30480;5;4990;5;5000;0;0;0;0;55;62620;18;18392;106;1598299;208;2977093;0;3600000;0;3600000
05.10.2021 18:00;4;4000;5;4990;92;775147;428;1906773;275;2225662;4;2460;4;4000;4;3980;0;0;0;0;46;51310;15;15290;107;1656514;152;2730657;41;3176555;32;2998479
05.10.2021 19:00;5;5000;3;3000;65;573986;383;1326982;203;1816686;3;1030;5;5054;4;4000;0;0;0;0;29;31410;3;3030;85;1193444;156;2266956;119;1953421;133;1815752
05.10.2021 20:00;3;2990;5;5000;33;187150;239;1069316;121;1010799;5;3050;3;2990;4;3990;0;0;0;0;25;31990;5;5010;65;861101;121;1596854;107;1082072;109;1040070
05.10.2021 21:00;2;2000;2;2000;31;267796;218;743365;99;943830;2;43900;2;1990;2;2000;0;0;0;0;12;12640;4;4030;41;440593;146;1129603;90;529396;83;680186
05.10.2021 22:00;2;2000;2;2000;26;205025;189;673030;65;550832;0;0;2;1990;2;2000;0;0;0;0;8;8060;7;7030;32;303450;135;1034357;78;937458;58;990954
05.10.2021 23:00;2;2000;2;2000;13;74340;97;429998;44;439425;3;970;2;2000;2;2000;0;0;0;0;4;4300;0;0;27;290984;83;536101;20;2076463;19;2101783
06.10.2021 00:00;2;2000;2;2000;6;26090;35;100390;15;247520;0;0;2;1990;2;2000;0;0;0;0;3;3290;1;1000;7;118249;31;147608;24;1194962;22;1187522
06.10.2021 01:00;0;0;1;1000;1;44020;23;41182;7;102000;1;2200;0;0;1;1000;0;0;0;0;0;0;1;1000;3;74370;21;81999;20;888480;21;888390
06.10.2021 02:00;0;0;0;0;1;160;17;10210;5;143210;1;850;0;0;0;0;0;0;0;0;0;0;0;0;0;0;14;57630;16;638604;15;631864
06.10.2021 03:00;0;0;0;0;3;17150;23;64375;6;135204;1;840;0;0;0;0;0;0;0;0;1;2010;0;0;5;59585;22;99460;0;3600000;0;3600000
06.10.2021 04:00;1;1000;0;0;3;27810;33;17740;14;251750;1;1420;1;1000;0;0;0;0;0;0;0;0;0;0;4;56400;30;89210;0;3600000;0;3600000
06.10.2021 05:00;3;2990;2;2000;11;66660;167;332666;45;593157;3;25300;3;2990;3;2990;0;0;0;0;2;2920;1;1000;13;113220;105;769216;4;3457182;4;3391352
06.10.2021 06:00;4;4000;4;3990;16;252308;430;902353;88;1236486;3;5230;4;3990;4;3990;0;0;0;0;11;11490;1;1010;19;303640;136;1991326;106;809113;77;585544
06.10.2021 07:00;6;5990;6;5990;69;610743;575;1795023;265;2281614;17;81040;6;6000;6;6000;0;0;0;0;36;40070;12;12060;71;1368353;119;3224653;91;1975253;87;1525347
06.10.2021 08:00;8;7990;7;7000;97;984439;588;1725541;274;2362809;15;56960;8;7980;6;5990;0;0;0;0;27;63100;11;11050;87;1561924;173;3396205;71;2353351;95;1681136
06.10.2021 09:00;4;4000;4;3990;56;388405;514;1591305;243;2315661;11;7880;4;4000;4;3990;0;0;0;0;44;49750;10;10080;70;1195723;198;2739836;55;2726795;65;2500377
06.10.2021 10:00;6;5990;5;5000;79;603996;377;1448072;228;1709136;15;69470;6;6000;5;5000;0;0;0;0;29;33080;12;12440;85;1438968;153;2410919;0;3600000;0;3600000
06.10.2021 11:00;3;3000;5;5000;66;352561;379;1683706;277;1866599;13;129440;3;3000;4;3980;0;0;0;0;36;39920;13;13130;89;1437949;160;2534305;50;2643487;59;2683457
06.10.2021 12:00;6;5990;5;4990;80;628128;428;1750136;245;1990798;11;52990;6;6000;6;6000;0;0;0;0;39;44158;9;9050;84;1583674;156;2841165;102;1033222;130;1758796
06.10.2021 13:00;8;8000;8;7980;93;799649;468;1667992;287;2293344;13;8160;8;8000;7;6990;0;0;0;0;38;48200;12;12030;107;1661754;155;2998991;61;2659402;83;2330634
06.10.2021 14:00;5;5000;7;7000;87;613700;405;1763929;263;1914234;13;6990;5;5000;7;7000;0;0;0;0;28;30220;11;11160;113;1536295;136;2548322;0;3600000;0;3600000
06.10.2021 15:00;4;4000;3;2990;82;764494;436;1743169;269;1934636;10;6080;4;4000;4;4000;0;0;0;0;31;34830;14;14100;89;1321508;160;2789673;3;3588977;2;3595267
06.10.2021 16:00;4;4000;4;3990;99;893977;487;1542563;267;2702390;10;5380;4;3990;4;4000;0;0;0;0;43;46340;15;15230;108;1461214;255;2469639;88;2822269;106;2269900
06.10.2021 17:00;4;4000;5;4990;103;705840;476;1772714;271;2576667;11;75614;4;3990;4;4000;0;0;0;0;59;67078;13;13070;116;1531469;210;2575266;101;2596947;130;2070875
06.10.2021 18:00;4;4000;3;2990;100;788551;433;1844929;242;2453804;7;45150;4;4000;4;4000;0;0;0;0;43;52980;11;11120;105;1615439;177;2714933;166;2139152;143;1691026
06.10.2021 19:00;5;5000;5;4980;66;673502;367;1031183;187;1600153;5;3880;5;5000;4;4000;0;0;0;0;42;44680;10;10250;81;848026;164;1949422;159;1336812;160;978784
06.10.2021 20:00;3;3000;4;4000;38;357457;248;1075130;123;1158294;4;34460;3;3000;4;4000;0;0;0;0;28;31770;5;5240;59;801666;149;1527576;123;532971;94;350912
06.10.2021 21:00;2;2000;2;2000;34;312350;244;795064;93;752590;2;590;2;1980;2;2000;0;0;0;0;16;18870;3;3020;32;542508;138;1160230;83;1638863;55;1483598
06.10.2021 22:00;2;2000;2;2000;27;122370;185;660835;80;676606;3;1310;2;2000;2;2000;0;0;0;0;12;16110;2;2010;42;425381;135;786077;0;3600000;0;3600000
06.10.2021 23:00;2;1990;2;2000;14;42400;99;468471;31;297430;2;2140;2;2000;2;2000;0;0;0;0;6;7000;1;1000;26;267161;76;424905;0;3600000;0;3600000
07.10.2021 00:00;2;2000;2;2000;8;8950;34;125520;19;319694;2;640;2;2000;2;2000;0;0;0;0;0;0;1;1000;8;101600;28;176920;0;3600000;0;3600000
07.10.2021 01:00;0;0;1;1000;2;18520;19;10410;9;150877;2;25660;0;0;1;1000;0;0;0;0;1;1010;0;0;3;50606;16;72140;15;1341903;15;1349213
07.10.2021 02:00;0;0;0;0;0;0;21;24990;6;89450;0;0;0;0;0;0;0;0;0;0;0;0;0;0;1;16140;19;74560;9;476016;11;501256
07.10.2021 03:00;0;0;0;0;1;2710;12;34770;8;120530;0;0;0;0;0;0;0;0;0;0;1;1000;0;0;6;144780;8;38640;16;1194022;18;1207692
07.10.2021 04:00;1;1000;0;0;5;43330;36;75630;15;232819;1;14390;1;1000;0;0;0;0;0;0;2;2900;3;3020;9;106540;31;145894;4;3503209;4;3503339
07.10.2021 05:00;3;2990;3;2990;7;53150;159;446741;34;483304;1;18020;3;3000;3;3000;0;0;0;0;1;1010;0;0;8;51830;112;862926;0;3600000;0;3600000
07.10.2021 06:00;4;4000;3;3000;17;326355;430;974790;86;1380522;3;57970;4;3980;4;4000;0;0;0;0;7;8210;2;2010;27;439027;126;1984144;54;1724303;46;1583141
07.10.2021 07:00;7;7000;6;6000;73;698314;577;1710834;274;2245448;19;16350;7;7000;6;6000;0;0;0;0;44;58940;10;10115;78;1338531;85;3458840;92;1953871;103;1361612
07.10.2021 08:00;8;7980;8;7980;90;1051998;620;1532267;272;2437537;11;63760;8;8000;8;7990;0;0;0;0;30;32099;11;11480;73;1212147;200;3236675;68;2369538;97;1853773
07.10.2021 09:00;4;4000;5;5000;75;652762;471;1418102;246;2135707;7;7702;4;3990;4;4000;0;0;0;0;25;25212;14;14130;68;1200615;198;2455283;67;2349829;68;2228356
07.10.2021 10:00;3;3000;3;2990;58;417625;386;1563474;260;1951562;7;51420;3;2990;4;4000;0;0;0;0;42;47330;13;13370;74;1011762;144;2493279;0;3600000;0;3600000
07.10.2021 11:00;6;5980;6;5980;75;637243;379;1453257;251;1835063;13;7140;6;5990;5;5000;0;0;0;0;47;60300;12;12050;84;1667578;141;2478546;1;3599776;5;3368006
07.10.2021 12:00;5;5000;5;5000;87;684973;392;1467065;253;1831000;16;61950;5;4990;5;4990;0;0;0;0;42;49010;14;14090;104;1685230;153;2422081;124;2182828;136;1478421
07.10.2021 13:00;8;7990;7;7000;97;859889;445;1603794;295;2250260;15;22380;8;7980;7;6980;0;0;0;0;49;59920;32;32960;97;1649722;175;2780579;68;2789889;104;2118512
07.10.2021 14:00;5;5000;6;6000;94;894207;440;1558851;259;2229435;7;42350;5;5000;7;7000;0;0;0;0;36;43357;15;15910;94;1610205;142;2570147;61;2790677;73;2460615
07.10.2021 15:00;4;4000;5;5000;90;637580;467;1615434;292;2057109;9;57340;4;4000;4;3990;0;0;0;0;34;39000;14;14110;111;1248949;158;2881190;0;3600000;0;3600000
07.10.2021 16:00;4;3990;4;3990;98;730116;494;1746831;289;2614365;15;7910;4;4048;4;3980;0;0;0;0;51;57160;12;12070;101;1236808;233;2708225;0;3600000;0;3600000
07.10.2021 17:00;4;4000;3;3000;116;877154;507;1986963;280;2485624;11;4880;4;3980;3;3000;0;0;0;0;53;62880;21;21390;115;1675236;229;3045176;51;3076312;87;2393682
07.10.2021 18:00;4;4000;5;4990;106;828874;486;1666961;261;2499720;7;4080;4;4000;5;5000;0;0;0;0;57;63873;15;15710;114;1724253;237;2669178;194;2212017;124;1801160
07.10.2021 19:00;5;4990;3;2990;82;710313;368;1167263;184;2259900;8;3620;5;5000;4;4000;0;0;0;0;49;61020;12;12080;111;1592947;153;2077226;75;2560167;81;2399135
07.10.2021 20:00;3;3000;5;4990;43;236343;263;949663;153;1016973;6;35106;3;2990;4;4000;0;0;0;0;17;19650;7;7040;68;780115;130;1654209;105;1362939;89;1142300
07.10.2021 21:00;2;2000;2;2000;30;105322;215;672433;103;871673;8;28630;2;2000;2;2000;0;0;0;0;8;8600;5;5040;44;500018;135;1142563;109;809135;77;553915
07.10.2021 22:00;2;2000;2;2000;33;219665;191;650029;117;937419;4;2980;2;2000;2;2000;0;0;0;0;15;20590;3;3020;42;349840;135;1000457;109;603230;76;360474
07.10.2021 23:00;2;2000;2;2000;16;19760;107;434643;51;512045;0;0;2;2000;2;2000;0;0;0;0;8;8050;4;4020;30;380940;80;530950;52;415049;46;396853
08.10.2021 00:00;2;2000;2;2000;8;49910;42;176490;33;271770;2;790;2;1990;2;2000;0;0;0;0;3;4130;2;2010;11;206380;36;150682;22;1088310;17;1084730
08.10.2021 01:00;0;0;1;1000;4;2480;36;77850;14;181520;1;2260;0;0;1;1000;0;0;0;0;1;1120;0;0;5;69760;29;128225;0;3600000;0;3600000
08.10.2021 02:00;0;0;0;0;4;2080;24;20880;7;158220;0;0;0;0;0;0;0;0;0;0;0;0;0;0;3;52350;19;58930;0;3600000;0;3600000
08.10.2021 03:00;0;0;0;0;2;1440;19;30770;4;21820;1;520;0;0;0;0;0;0;0;0;3;4130;1;990;5;140090;20;85600;3;2923823;4;2931263
08.10.2021 04:00;1;1000;0;0;7;59702;29;135180;11;205794;0;0;1;990;0;0;0;0;0;0;0;0;0;0;9;153420;30;144087;0;3600000;0;3600000
08.10.2021 05:00;3;3000;3;3000;14;76000;145;227037;36;519530;0;0;3;3000;3;3000;0;0;0;0;1;1000;0;0;6;46980;87;715642;0;3600000;0;3600000
08.10.2021 06:00;4;3980;4;4000;25;97714;397;857352;87;1143392;6;65960;4;3990;4;4000;0;0;0;0;8;8440;3;3030;28;432074;120;1909889;0;3600000;0;3600000
08.10.2021 07:00;7;7000;5;5000;65;718222;506;1669341;273;1938153;16;8380;7;7000;5;5000;0;0;0;0;33;43920;16;16170;72;1295442;100;3263912;0;3600000;0;3600000
08.10.2021 08:00;7;6990;8;7990;85;965905;482;1372057;265;2003691;8;51880;8;7990;8;8000;0;0;0;0;31;33780;8;8040;72;1339913;209;2679016;31;2831650;39;2816366
08.10.2021 09:00;5;5056;4;4000;64;775720;463;1493951;225;1957653;9;119400;4;3990;3;2990;0;0;0;0;19;22230;19;19130;64;985909;216;2338850;60;2561168;74;2166899
08.10.2021 10:00;3;3000;4;3990;70;439919;433;1447332;290;2237778;12;19330;4;4000;4;4000;0;0;0;0;45;62859;18;18770;74;1386362;182;2517602;90;2388898;93;2054875
08.10.2021 11:00;5;5000;4;4000;89;931925;463;1731400;255;2280631;9;3880;4;4000;4;4000;0;0;0;0;37;41820;16;16460;101;1672520;175;2737153;88;2337542;102;1914055
08.10.2021 12:00;5;5000;5;5000;94;903784;455;1707765;277;2440967;11;55600;5;5000;5;5000;0;0;0;0;42;44188;13;13130;97;1445966;197;2687598;111;2459045;109;2040350
08.10.2021 13:00;8;8034;9;9000;101;744850;499;1494036;316;2464151;13;8654;8;7990;9;9000;0;0;0;0;37;42130;16;16420;114;1850315;237;2738879;125;2147587;119;1855996
08.10.2021 14:00;5;5000;5;5000;108;993826;527;1759471;274;2508309;11;4990;5;5000;5;5000;0;0;0;0;42;52680;15;15070;111;1780462;209;2833520;31;3297310;40;3122140
08.10.2021 15:00;4;3990;4;4000;95;929067;499;1606733;261;2394887;16;7960;4;4000;4;3990;0;0;0;0;55;65120;14;14080;100;1681080;201;2624475;21;3351241;21;3313865
08.10.2021 16:00;4;3990;4;4000;88;756019;486;1253855;246;2499732;11;7800;4;3990;4;4000;0;0;0;0;61;80692;16;16230;90;1470664;244;2395150;70;2954548;80;2724778
08.10.2021 17:00;4;3980;5;5000;96;606831;507;1541762;281;2243906;7;3870;4;3990;5;5000;0;0;0;0;48;51690;21;21240;89;1382593;205;2995277;0;3600000;0;3600000
08.10.2021 18:00;4;4000;3;3000;85;920153;496;1566912;246;1907450;9;4390;4;4000;4;4000;0;0;0;0;49;59110;9;9080;92;1253802;218;2592030;12;3475468;15;3430368
08.10.2021 19:00;5;5000;4;4000;67;679690;438;1252690;195;1939190;7;3560;5;5000;4;3990;0;0;0;0;29;31829;19;20770;80;1256762;145;2179888;21;3386950;22;3330090
08.10.2021 20:00;3;3000;4;4000;40;332410;292;972959;135;1105842;7;70824;3;3000;4;4000;0;0;0;0;28;31860;7;7150;56;723120;182;1580841;21;3355214;20;3297314
08.10.2021 21:00;2;2000;3;2990;29;288549;221;657185;111;757260;4;1900;2;1990;2;2000;0;0;0;0;18;19030;7;7030;60;629935;124;1123027;0;3600000;0;3600000
08.10.2021 22:00;2;2000;2;1990;29;229500;211;774312;91;797430;3;2720;2;2000;2;2000;0;0;0;0;23;27825;3;3020;40;406229;141;1069310;0;3600000;0;3600000
08.10.2021 23:00;2;1990;2;2000;25;70690;173;720210;77;600556;5;16340;2;2000;2;2000;0;0;0;0;15;20570;2;2020;44;470390;114;885327;0;3600000;0;3600000
09.10.2021 00:00;2;2000;1;1000;18;134420;97;367645;47;511360;3;14580;2;2000;2;2000;0;0;0;0;6;7010;2;2000;25;369585;70;353775;0;3600000;0;3600000
09.10.2021 01:00;0;0;1;1000;9;40370;69;262460;28;370908;2;41970;0;0;1;990;0;0;0;0;0;0;4;4010;9;114410;53;226352;0;3600000;0;3600000
09.10.2021 02:00;0;0;0;0;6;64260;55;140740;21;291023;2;15840;0;0;0;0;0;0;0;0;0;0;2;2020;2;21130;38;136640;21;1026105;19;1036099
09.10.2021 03:00;0;0;0;0;3;43120;34;37610;8;205190;0;0;0;0;0;0;0;0;0;0;0;0;1;1000;4;119630;27;100180;10;1725670;17;1740790
09.10.2021 04:00;1;1000;0;0;8;55120;29;77760;14;268230;0;0;1;990;0;0;0;0;0;0;0;0;0;0;4;52350;26;108640;0;3600000;0;3600000
09.10.2021 05:00;3;3000;3;3000;16;13230;57;123060;22;372321;0;0;3;3000;3;3000;0;0;0;0;3;3020;0;0;11;98030;41;176350;0;3600000;0;3600000
09.10.2021 06:00;4;4000;4;4000;19;52540;92;303580;21;431402;2;26670;4;3970;4;4000;0;0;0;0;0;0;0;0;17;252063;74;458917;0;3600000;0;3600000
09.10.2021 07:00;4;4000;4;3990;19;116318;135;517212;45;601592;4;34920;4;4000;4;4000;0;0;0;0;5;6610;0;0;17;320280;102;677026;0;3600000;0;3600000
09.10.2021 08:00;5;4980;4;4000;28;91247;208;624460;96;864522;3;1160;5;5000;4;4000;0;0;0;0;17;17900;2;2430;36;488815;139;1043486;0;3600000;0;3600000
09.10.2021 09:00;4;3990;4;3980;47;418051;326;1052439;189;1505063;5;59140;4;4000;4;4000;0;0;0;0;24;26870;6;6040;45;593224;166;1789527;0;3600000;0;3600000
09.10.2021 10:00;4;4000;4;4000;50;405900;395;1411996;240;1879121;4;1490;4;4000;4;3990;0;0;0;0;31;35760;15;15870;50;717503;152;2344835;0;3600000;0;3600000
09.10.2021 11:00;4;3990;4;4000;62;356660;391;1580232;251;1789217;7;3041;4;4000;4;3990;0;0;0;0;35;36600;14;15160;77;1186036;142;2327490;16;3321204;17;3257947
09.10.2021 12:00;4;3990;4;3990;72;379700;428;1525004;244;2061802;8;33340;4;4000;4;4000;0;0;0;0;32;34150;8;8100;84;1388590;166;2509901;110;1813076;114;1369960
09.10.2021 13:00;4;3990;4;3990;94;630975;403;1415632;249;1974192;8;4210;4;4000;4;4000;0;0;0;0;39;46680;10;10050;90;1381309;173;2412837;96;2099873;118;1566635
09.10.2021 14:00;4;3990;4;4000;59;584225;449;1583907;239;1824849;3;1110;4;3990;4;4000;0;0;0;0;40;44570;9;9090;76;1107085;140;2711412;17;3378870;18;3341779
09.10.2021 15:00;4;4000;4;4000;68;456760;442;1432461;193;1500819;4;1310;4;3990;4;4000;0;0;0;0;47;63240;11;11450;81;1541446;163;2488761;0;3600000;0;3600000
09.10.2021 16:00;4;4000;4;4000;64;487692;397;1471296;196;1570872;4;1830;4;4000;4;4000;0;0;0;0;46;55690;10;10060;76;1402953;194;2225229;42;2995306;50;2812853
09.10.2021 17:00;4;4000;5;4990;67;501114;413;1440893;194;1591836;6;3600;4;4000;5;4990;0;0;0;0;32;37149;8;8070;80;1324536;174;2508817;11;3321905;14;3346845
09.10.2021 18:00;4;4000;4;4052;73;672063;418;1503222;185;1600847;3;1430;4;4000;4;4000;0;0;0;0;48;60590;11;11510;85;1377459;164;2540462;0;3600000;0;3600000
09.10.2021 19:00;4;4000;4;3990;63;698666;315;1542586;174;1478813;6;34115;4;3990;4;3990;0;0;0;0;45;54660;9;9060;75;1072395;147;2159142;0;3600000;0;3600000
09.10.2021 20:00;4;4000;4;4000;49;241700;268;1167383;148;943689;4;970;4;4000;4;3980;0;0;0;0;36;43860;9;9030;76;761888;143;1547694;0;3600000;0;3600000
09.10.2021 21:00;4;4000;4;3990;38;311374;251;985934;101;854093;7;32180;4;4000;4;3990;0;0;0;0;34;39150;4;4030;48;734480;128;1578310;0;3600000;0;3600000
09.10.2021 22:00;2;1990;2;2000;24;158260;254;808183;85;680020;2;900;2;2000;2;2000;0;0;0;0;18;23490;6;6190;33;457260;139;1209865;6;3366117;7;3354407
09.10.2021 23:00;2;1990;2;2000;18;119754;186;714250;56;583139;3;1360;2;2000;2;2000;0;0;0;0;19;22820;17;17060;31;320899;126;1075184;73;572734;60;511910
10.10.2021 00:00;2;2000;2;1990;14;99000;106;332280;45;544956;1;15580;2;2000;2;2000;0;0;0;0;7;10510;2;2000;18;282030;86;470368;36;1737182;30;1708857
10.10.2021 01:00;0;0;1;1000;15;22880;76;141520;26;366430;2;44210;0;0;1;1000;0;0;0;0;0;0;1;1010;12;208840;54;244215;25;1013899;32;1025085
10.10.2021 02:00;0;0;0;0;11;113310;51;97630;13;248254;0;0;0;0;0;0;0;0;0;0;2;2150;1;1000;4;27310;41;202285;11;2756900;7;2753490
10.10.2021 03:00;0;0;0;0;4;27920;35;99000;13;232742;0;0;0;0;0;0;0;0;0;0;0;0;2;2000;4;98141;26;122340;0;3600000;0;3600000
10.10.2021 04:00;0;0;0;0;5;63960;28;18867;6;105640;1;1300;0;0;0;0;0;0;0;0;1;1360;0;0;6;111606;17;58130;0;3600000;0;3600000
10.10.2021 05:00;2;2000;1;1000;6;654601;37;91694;12;193646;1;190;2;2000;1;1000;0;0;0;0;2;2010;0;0;7;60480;30;135580;0;3600000;0;3600000
10.10.2021 06:00;2;2000;2;2000;6;51420;39;76140;11;240958;2;29784;2;2000;2;2000;0;0;0;0;1;1010;0;0;9;161956;32;128930;0;3600000;0;3600000
10.10.2021 07:00;2;2000;2;2000;9;79270;41;78730;23;280000;0;0;2;2000;2;2000;0;0;0;0;2;2240;0;0;16;184272;32;126960;7;2764317;10;2770857
10.10.2021 08:00;2;1990;2;2000;10;65650;89;348100;49;637344;2;1090;2;2000;2;2000;0;0;0;0;6;6650;1;1010;20;304750;78;365842;0;3600000;0;3600000
10.10.2021 09:00;2;2000;2;2000;16;60210;182;787650;98;889651;2;460;2;1990;2;2000;0;0;0;0;21;22100;4;4030;22;311750;121;835478;0;3600000;0;3600000
10.10.2021 10:00;2;1980;2;2000;36;298027;253;714960;110;1090199;2;15490;2;2000;2;1990;0;0;0;0;14;14910;5;5050;31;481142;161;1356666;0;3600000;0;3600000
10.10.2021 11:00;2;2000;2;2000;34;208150;308;985387;166;1199324;4;2250;2;1990;2;2000;0;0;0;0;19;21160;7;7170;45;599567;174;1655095;8;3457516;10;3472056
10.10.2021 12:00;3;2990;3;2990;39;125350;331;1193895;161;1536174;4;1430;3;3000;3;3000;0;0;0;0;20;21320;10;10400;72;688345;185;1741361;111;1385586;131;1076527
10.10.2021 13:00;4;4000;4;4000;50;425712;391;1034090;177;1307490;3;960;4;3990;4;3990;0;0;0;0;16;19700;10;10070;64;897099;211;1961612;50;2795989;50;2565125
10.10.2021 14:00;4;3990;4;3990;61;455058;395;1222252;196;1438694;5;4410;4;3990;4;4000;0;0;0;0;40;45430;7;7060;60;783474;173;2198648;0;3600000;0;3600000
10.10.2021 15:00;4;3990;4;3990;56;392180;357;1289019;194;1491208;3;19120;4;3990;4;3990;0;0;0;0;34;36260;5;5040;59;843010;173;2065926;67;2254982;61;2014065
10.10.2021 16:00;4;3990;4;3970;49;432823;384;1218507;180;1349632;2;42590;4;3990;4;4000;0;0;0;0;36;38820;6;6150;57;801201;197;1951811;96;1682874;109;1434132
10.10.2021 17:00;4;4000;4;3990;49;439329;435;1361117;202;1828786;2;460;4;4000;4;4000;0;0;0;0;42;49360;9;9970;58;934181;215;2296356;75;2457159;68;2172855
10.10.2021 18:00;4;4000;4;3990;62;453949;380;1300013;165;1392035;7;29960;4;4000;4;3980;0;0;0;0;18;22050;8;8050;66;1137002;198;2027052;88;1997744;78;1840318
10.10.2021 19:00;4;3990;4;4000;56;331518;331;1041685;139;1064861;5;18480;4;4000;4;4000;0;0;0;0;18;19180;6;6040;56;876478;133;1943916;0;3600000;0;3600000
10.10.2021 20:00;4;3990;4;4000;23;147560;232;909328;97;904631;2;570;4;4034;4;3990;0;0;0;0;18;19040;6;6010;44;693720;138;1404244;20;3062065;20;2962648
10.10.2021 21:00;4;4000;4;3990;23;162890;198;760229;60;675426;2;710;4;4000;4;4000;0;0;0;0;9;9510;1;1010;31;723931;130;1127061;87;392182;83;341130
10.10.2021 22:00;2;2000;2;2000;20;119930;119;487996;57;545151;1;260;2;1990;2;1990;0;0;0;0;7;7450;4;4020;28;296380;91;653187;66;376944;52;171764
10.10.2021 23:00;2;2000;2;2000;8;53364;73;126520;27;318757;0;0;2;2000;2;2000;0;0;0;0;5;5030;3;3010;13;227350;56;235225;32;1141918;33;1138768
11.10.2021 00:00;2;2000;2;2000;15;46780;33;85250;12;203941;0;0;2;1990;2;2000;0;0;0;0;0;0;0;0;8;146774;35;146538;18;308054;26;335904
11.10.2021 01:00;0;0;1;1000;1;2640;27;62500;4;67370;1;27110;0;0;1;1000;0;0;0;0;1;1010;0;0;6;61390;25;89080;4;1133667;6;1138487
11.10.2021 02:00;0;0;0;0;2;31140;18;7420;7;161990;1;19660;0;0;0;0;0;0;0;0;0;0;0;0;0;0;14;51450;7;362889;10;286424
11.10.2021 03:00;0;0;0;0;0;0;9;36180;5;87570;0;0;0;0;0;0;0;0;0;0;0;0;0;0;0;0;9;35450;2;1036490;7;1053800
11.10.2021 04:00;1;1000;0;0;6;50490;32;45290;12;117050;1;330;1;1000;0;0;0;0;0;0;0;0;1;1200;6;46120;30;116960;0;3600000;0;3600000
11.10.2021 05:00;3;3000;3;2990;11;173190;156;289950;34;422533;0;0;3;3000;3;3000;0;0;0;0;0;0;1;1000;16;273453;116;777445;20;2870357;8;2846110
11.10.2021 06:00;4;3990;4;3990;30;266825;372;946853;78;1109700;7;3150;4;4000;4;4000;0;0;0;0;6;7200;4;4020;36;909731;117;1946678;10;3181770;5;3173100
11.10.2021 07:00;5;4990;4;4000;53;444093;544;1344663;168;1698740;6;3570;5;5000;4;3990;0;0;0;0;14;14950;3;3020;48;965839;119;3075005;0;3600000;0;3600000
11.10.2021 08:00;4;3990;4;4000;84;801376;508;1402671;221;1943007;11;65281;4;4000;4;3990;0;0;0;0;20;23320;12;12263;68;1170930;223;2889883;0;3600000;0;3600000
11.10.2021 09:00;4;4000;4;4000;65;412540;535;1482690;238;2123580;12;180361;4;4000;4;3990;0;0;0;0;39;68570;9;10133;66;1098538;198;2800408;0;3600000;0;3600000
11.10.2021 10:00;5;5000;4;4000;56;411376;398;1356034;225;1858957;14;33710;5;5000;4;3990;0;0;0;0;32;38620;11;11050;65;976199;160;2608522;55;2484943;69;2413896
11.10.2021 11:00;4;4000;5;5000;70;679329;368;1355345;236;2006966;18;62497;4;4000;5;5000;0;0;0;0;39;46360;14;15140;65;1218430;168;2204591;75;2365723;81;2218230
11.10.2021 12:00;4;3990;4;4000;80;617683;376;1162244;214;1499404;9;9340;4;3980;4;4000;0;0;0;0;39;45040;18;18110;83;1415821;170;2288523;84;2059123;93;1868772
11.10.2021 13:00;4;4000;4;4000;73;628079;315;1271921;225;1663602;7;51474;4;3990;4;4000;0;0;0;0;36;40960;10;10070;76;1038883;143;2124868;36;3010238;34;2798645
11.10.2021 14:00;4;3980;4;4000;74;592726;371;1357316;192;1661748;11;6780;4;4000;4;3990;0;0;0;0;39;42350;8;8150;85;1144105;143;2466721;0;3600000;0;3600000
11.10.2021 15:00;4;3980;4;3990;98;708369;402;1533778;244;1949203;9;116320;4;4000;4;4000;0;0;0;0;33;37570;10;10080;106;1357750;169;2571066;8;3538777;9;3466297
11.10.2021 16:00;4;3990;4;4000;94;811535;456;1622643;233;2294513;3;2970;4;4000;4;4000;0;0;0;0;47;54241;9;9070;93;1376183;206;2674173;128;2439192;128;1764639
11.10.2021 17:00;4;3990;4;3990;92;970632;510;1448772;226;2684042;11;10360;4;4000;4;4000;0;0;0;0;47;51930;11;11050;87;1533476;253;2390503;3;3594020;1;3597410
11.10.2021 18:00;4;4000;4;3990;91;645996;442;1210171;209;2002503;6;3170;4;3970;4;3990;0;0;0;0;39;43800;10;10050;77;1195337;220;2230917;0;3600000;0;3600000
11.10.2021 19:00;4;4000;4;3990;68;385426;319;996473;150;1502685;3;980;4;4000;4;4000;0;0;0;0;30;32620;13;13930;77;905495;168;1618289;0;3600000;0;3600000
11.10.2021 20:00;4;3990;5;5000;30;272900;206;731008;102;865810;4;46260;4;3990;5;4990;0;0;0;0;16;16930;6;6020;44;576834;111;1200542;21;2523353;28;2530953
11.10.2021 21:00;4;4000;4;3990;33;293291;176;632546;63;765575;2;97840;4;4000;4;3990;0;0;0;0;7;8220;2;2000;36;278247;128;880921;78;271310;62;236570
11.10.2021 22:00;3;2990;3;3000;17;204292;129;495172;51;637175;2;1820;3;2990;3;2990;0;0;0;0;9;14290;1;1000;28;429530;109;601878;50;1901090;39;1886935
11.10.2021 23:00;2;2000;2;2000;7;24250;90;350375;35;494065;1;29200;2;2000;2;2000;0;0;0;0;6;7020;0;0;18;189660;68;363524;0;3600000;0;3600000
12.10.2021 00:00;2;2000;2;1990;5;4700;35;50820;12;248760;0;0;2;2000;2;2000;0;0;0;0;2;3010;1;1010;9;98300;32;126364;0;3600000;0;3600000
12.10.2021 01:00;0;0;1;1000;3;22970;20;11430;6;126820;0;0;0;0;1;1000;0;0;0;0;0;0;1;1010;5;96293;17;68250;9;1794010;11;1813980
12.10.2021 02:00;0;0;0;0;1;36760;14;7750;5;134160;0;0;0;0;0;0;0;0;0;0;0;0;1;1010;1;38030;11;38900;14;1389313;16;1395483
12.10.2021 03:00;0;0;0;0;1;640;18;10950;4;91520;0;0;0;0;0;0;0;0;0;0;0;0;0;0;1;17500;16;62270;0;3600000;0;3600000
12.10.2021 04:00;1;1000;0;0;6;23100;25;102012;14;243713;1;38190;1;1000;0;0;0;0;0;0;1;1120;0;0;7;122102;22;87080;4;2207390;5;2209220
12.10.2021 05:00;3;2990;3;2990;15;56650;156;344540;38;484760;3;1750;3;3000;3;3054;0;0;0;0;3;3030;2;2010;15;235335;95;822501;48;227853;20;111653
12.10.2021 06:00;4;3990;4;4000;22;164590;382;888645;77;1083105;2;37220;4;3990;4;4000;0;0;0;0;6;7670;3;3020;29;516973;106;2013949;85;964681;76;551717
12.10.2021 07:00;5;5000;4;3990;50;760112;574;1508040;183;1777738;6;85372;5;5000;4;4000;0;0;0;0;22;25020;1;1010;55;1154283;83;3232508;86;1521454;103;1010493
12.10.2021 08:00;4;4000;4;4000;72;575934;561;1530513;235;2029684;5;1940;4;3990;4;4000;0;0;0;0;15;16810;5;5120;79;1354916;126;3161926;90;1877595;111;1392771
12.10.2021 09:00;4;3990;4;4000;73;657009;489;1414493;246;2005489;16;48650;4;4000;4;4000;0;0;0;0;14;14390;11;11910;71;1256491;171;2599513;96;1722163;110;895908
12.10.2021 10:00;4;4000;4;3990;66;630021;401;1480903;266;1982240;9;4460;4;3980;4;4000;0;0;0;0;18;18510;10;10070;94;1470860;149;2419054;106;1517881;119;1013529
12.10.2021 11:00;5;5000;5;5000;87;774384;370;1754660;239;1873838;10;4030;5;5000;5;4990;0;0;0;0;36;39690;11;11090;93;1440139;137;2605973;108;1315352;111;1027044
12.10.2021 12:00;4;4000;4;4000;75;688544;367;1557795;230;1928324;9;74730;4;4000;4;4000;0;0;0;0;40;41410;10;10250;98;1578564;156;2360287;89;2336782;89;1958639
12.10.2021 13:00;4;3990;4;4000;72;531531;388;1297205;218;1767830;11;20260;4;4000;4;4000;0;0;0;0;27;31060;5;5100;87;1365841;156;2364622;124;1850134;135;1289326
12.10.2021 14:00;4;4000;4;3990;61;565367;363;1566333;220;1632991;5;13770;4;4000;4;4000;0;0;0;0;33;37200;8;8070;84;1377373;165;2323732;128;1967089;133;1423591
12.10.2021 15:00;4;4000;4;4000;72;580614;470;1417475;223;2211956;8;3090;4;4000;4;4000;0;0;0;0;30;35390;13;13830;93;1638775;211;2506290;110;2570543;103;1634857
12.10.2021 16:00;4;4000;4;4000;94;753719;474;1647836;233;2335060;13;107020;4;3990;4;4000;0;0;0;0;38;45360;8;8140;108;1635375;157;2831294;100;2465699;125;1889727
12.10.2021 17:00;4;4000;4;4000;114;826960;479;1618135;262;2358537;7;3310;4;3990;4;3990;0;0;0;0;34;39300;11;11120;106;1702557;153;2711621;103;2434424;143;1862336
12.10.2021 18:00;4;4000;4;4000;115;652258;448;1364869;210;2287868;3;1480;4;4000;4;3990;0;0;0;0;36;38610;11;11120;90;1383647;151;2623847;108;2524111;129;1910472
12.10.2021 19:00;4;4000;4;4000;72;689459;351;1039965;166;1708821;1;200;4;4000;4;3990;0;0;0;0;28;29480;5;5070;78;1049286;136;1708482;0;3600000;0;3600000
12.10.2021 20:00;4;3990;5;5000;50;169600;230;1189866;87;823004;4;1280;4;3990;5;4990;0;0;0;0;21;22270;8;8110;68;650449;123;1607996;0;3600000;0;3600000
12.10.2021 21:00;3;2990;3;3000;29;203260;186;669168;93;946010;1;510;3;2990;3;3000;0;0;0;0;13;13130;7;7040;46;454806;125;1188960;0;3600000;0;3600000
12.10.2021 22:00;3;3000;3;3000;25;143330;179;664948;73;581197;2;16160;3;3000;3;3000;0;0;0;0;9;9910;1;1010;41;447044;138;988561;42;2416190;39;2383584
12.10.2021 23:00;2;1990;2;2000;22;153700;85;268770;28;379850;1;16090;2;2000;2;1990;0;0;0;0;11;20760;1;1010;21;249300;71;552089;16;3107844;11;3105594
13.10.2021 00:00;2;1990;2;2000;13;74970;39;83910;10;141390;1;2520;2;1990;2;2000;0;0;0;0;1;1020;0;0;15;213704;30;131000;7;2114450;9;2124150
13.10.2021 01:00;0;0;1;1000;5;20315;24;58940;8;159270;2;25090;0;0;1;990;0;0;0;0;0;0;0;0;2;45009;21;93320;12;33880;10;34980
13.10.2021 02:00;0;0;0;0;2;36550;23;46210;5;107269;2;44700;0;0;0;0;0;0;0;0;2;2190;0;0;1;32920;16;57898;1;960;9;39380
13.10.2021 03:00;0;0;0;0;1;64070;21;55780;6;88840;0;0;0;0;0;0;0;0;0;0;0;0;0;0;6;57032;18;94480;7;2840995;6;2838795
13.10.2021 04:00;1;1000;0;0;7;67470;25;45020;9;149890;2;70920;1;1000;0;0;0;0;0;0;0;0;0;0;7;86770;26;112710;0;3600000;0;3600000
13.10.2021 05:00;3;3000;3;2990;16;94220;145;430444;37;535485;0;0;3;3000;3;3000;0;0;0;0;0;0;0;0;9;99890;90;849864;0;3600000;0;3600000
13.10.2021 06:00;4;3980;4;4000;28;162153;386;1034465;76;999926;4;36100;4;4000;4;4000;0;0;0;0;6;6620;3;3020;31;432035;110;2140722;0;3600000;0;3600000
13.10.2021 07:00;5;5000;4;4000;61;416662;543;1131537;186;1984387;10;4030;5;4990;4;4000;0;0;0;0;12;13070;1;1020;41;610575;89;3114433;0;3600000;0;3600000
13.10.2021 08:00;4;4000;4;4000;64;537315;541;1461526;186;1830667;3;29310;4;4000;4;4000;0;0;0;0;25;28710;3;3050;58;1083411;176;2898884;0;3600000;0;3600000
13.10.2021 09:00;4;3990;4;4000;70;860027;448;1587856;242;2110256;11;47640;4;3990;4;4000;0;0;0;0;28;31070;17;18150;76;1305966;169;2533240;0;3600000;0;3600000
13.10.2021 10:00;5;4970;4;4000;61;514980;417;1479911;216;1838806;9;6770;5;5000;4;3990;0;0;0;0;31;37270;10;10440;74;1368146;146;2510255;0;3600000;0;3600000
13.10.2021 11:00;4;4000;5;5000;75;698325;384;1371764;218;1616356;8;20660;4;3990;5;4990;0;0;0;0;33;35020;8;8100;83;1197672;156;2482348;0;3600000;0;3600000
13.10.2021 12:00;4;4000;4;4000;78;567532;379;1647050;220;1894350;8;99380;4;4000;4;4000;0;0;0;0;45;49660;15;15210;85;1112421;158;2518752;0;3600000;0;3600000
13.10.2021 13:00;4;3990;4;4000;70;605238;400;1753771;263;1699905;11;5880;4;4000;4;3990;0;0;0;0;39;45610;8;8130;94;1303742;141;2479531;0;3600000;0;3600000
13.10.2021 14:00;4;4000;4;4000;72;787146;369;1434198;194;1547122;7;43986;4;4000;4;3970;0;0;0;0;31;34430;5;5060;98;1567556;144;2438265;0;3600000;0;3600000
13.10.2021 15:00;4;3990;4;4000;83;616851;453;1579777;225;1839305;11;34900;4;3990;4;4000;0;0;0;0;38;48800;11;11140;89;1609379;188;2539648;0;3600000;0;3600000
13.10.2021 16:00;4;3990;4;4000;104;903480;486;1776657;249;2182538;12;158096;4;4000;4;4000;0;0;0;0;43;51806;21;21640;93;1609726;217;2536969;68;2763856;74;2512611
13.10.2021 17:00;4;4000;4;4000;123;780055;476;1340657;234;2352353;9;99330;4;3990;4;4000;0;0;0;0;44;48480;15;15940;121;1704078;199;2641233;53;3107911;73;2488045
13.10.2021 18:00;4;4000;4;4000;85;545320;447;1391771;203;1943585;5;3560;4;4000;4;3990;0;0;0;0;39;41370;14;14170;106;1414884;208;2242235;54;2899305;67;2637158
13.10.2021 19:00;4;4000;4;4000;69;638177;353;916060;177;1570930;7;55240;4;4000;4;3990;0;0;0;0;31;34185;15;15250;90;1281175;165;1641500;80;2606212;66;2292434
13.10.2021 20:00;4;3990;5;5000;49;397227;240;967954;133;1267175;6;30194;4;4000;5;4980;0;0;0;0;23;37390;2;2120;76;524985;131;1466439;35;2730283;29;2694483
13.10.2021 21:00;4;3990;4;4000;31;205220;213;952211;86;830892;0;0;4;4000;4;3990;0;0;0;0;14;16030;8;8110;45;414605;130;1188331;13;3303519;10;3292679
13.10.2021 22:00;3;2990;3;3000;34;266141;193;892396;65;509370;2;840;3;3000;3;3000;0;0;0;0;15;19590;4;4050;34;387277;128;1044210;14;2971940;8;2962840
13.10.2021 23:00;2;2000;2;2000;18;67970;89;333970;32;342613;2;15358;2;2000;2;2000;0;0;0;0;11;11250;3;3030;27;321348;82;402653;0;3600000;0;3600000
14.10.2021 00:00;2;2000;2;2000;10;29130;37;140150;17;220104;0;0;2;2000;2;2000;0;0;0;0;1;1240;2;2030;7;49380;36;200810;0;3600000;0;3600000
14.10.2021 01:00;0;0;1;1000;2;33690;27;15090;14;120790;1;710;0;0;1;1000;0;0;0;0;1;1180;0;0;1;23330;23;80870;0;3600000;0;3600000
14.10.2021 02:00;0;0;0;0;0;0;18;42150;8;113480;0;0;0;0;0;0;0;0;0;0;0;0;0;0;0;0;12;41480;5;3312068;6;3315188
14.10.2021 03:00;0;0;0;0;2;1750;19;29100;5;106850;0;0;0;0;0;0;0;0;0;0;2;2020;0;0;0;0;15;48175;0;3600000;0;3600000
14.10.2021 04:00;1;1000;0;0;7;39230;35;64020;11;208550;2;17490;1;1000;0;0;0;0;0;0;0;0;0;0;5;60560;29;120670;0;3600000;0;3600000
14.10.2021 05:00;3;2980;3;3000;12;65384;157;374770;37;427616;1;1100;3;3000;3;3000;0;0;0;0;1;480;1;1010;9;107750;107;750834;0;3600000;0;3600000
14.10.2021 06:00;4;4000;4;4000;27;323630;362;827131;80;972068;2;570;4;4000;4;3990;0;0;0;0;6;7340;1;1020;34;598580;135;1909199;0;3600000;0;3600000
14.10.2021 07:00;5;5000;4;4000;52;556227;577;1307879;179;1904682;8;47990;5;5000;4;3990;0;0;0;0;17;18900;5;5050;40;772661;128;2980966;94;1962847;78;1542312
14.10.2021 08:00;4;4000;4;4000;72;803340;512;1428922;240;2196534;7;108455;4;4000;4;3990;0;0;0;0;17;18044;9;9080;59;1053267;215;2780813;9;3424003;9;3352730
14.10.2021 09:00;4;3990;4;3990;59;426922;425;1289041;233;1929570;12;51760;4;4000;4;3990;0;0;0;0;29;34220;6;6050;66;859282;181;2541980;0;3600000;0;3600000
14.10.2021 10:00;5;4990;5;5000;75;668630;394;1565254;227;1773637;12;40140;5;4990;5;5000;0;0;0;0;20;21050;19;19980;82;1330525;156;2679738;0;3600000;0;3600000
14.10.2021 11:00;4;3990;4;4000;76;625010;383;1468467;230;1793317;16;44540;4;3990;4;4000;0;0;0;0;30;32010;12;12140;74;1161555;149;2459141;2;3597609;1;3599499
14.10.2021 12:00;4;3990;4;4000;73;544810;369;1549767;246;1965272;6;2470;4;3990;4;3980;0;0;0;0;31;31870;9;9070;83;1364631;152;2266467;124;1555482;130;1448994
14.10.2021 13:00;4;4000;4;4000;78;537953;372;1484700;238;1874254;11;86828;4;3990;4;4000;0;0;0;0;40;60808;13;13640;96;1433543;158;2320575;119;1816781;115;1198367
14.10.2021 14:00;4;3990;4;4000;77;706180;378;1330414;229;1962567;6;7100;4;3990;4;4000;0;0;0;0;32;34420;16;16200;88;1351805;169;2532948;45;3045111;38;2865237
14.10.2021 15:00;4;4000;4;4000;92;610192;435;1445234;267;2160188;16;32000;4;4000;4;4000;0;0;0;0;39;45030;16;16190;109;1627816;194;2482589;96;2446880;101;1972552
14.10.2021 16:00;4;4000;4;4000;105;860822;495;1417010;236;2120428;11;141225;4;4000;4;4000;0;0;0;0;38;42397;23;23290;102;1640081;241;2690586;135;2317204;138;1808109
14.10.2021 17:00;4;4000;4;4000;102;715972;542;1727089;271;2484510;10;7060;4;4000;4;4000;0;0;0;0;54;62828;17;18370;94;1632371;226;2577787;40;3238378;50;3010100
14.10.2021 18:00;4;3990;4;4000;102;959440;493;1494553;243;2258242;9;59910;4;3990;4;3990;0;0;0;0;41;48420;16;16690;110;1584789;187;2473728;0;3600000;0;3600000
14.10.2021 19:00;4;4000;4;4000;63;570809;360;1129747;173;1775038;12;24550;4;4000;4;3980;0;0;0;0;37;43040;5;5060;88;1090857;165;1693511;0;3600000;0;3600000
14.10.2021 20:00;4;4057;5;5000;46;326100;240;933289;104;807946;2;2520;4;4000;5;5000;0;0;0;0;17;19330;2;2030;54;954277;141;1519722;0;3600000;0;3600000
14.10.2021 21:00;4;4000;4;3990;26;127085;185;802387;93;925182;10;19770;4;3980;4;4000;0;0;0;0;13;14800;2;2030;43;557955;132;935578;0;3600000;0;3600000
14.10.2021 22:00;3;3000;3;3000;18;148290;185;705114;77;840625;5;2590;3;3000;3;2990;0;0;0;0;14;17745;1;1010;39;388351;124;956465;95;486753;75;452323
14.10.2021 23:00;2;2000;2;2000;20;139000;115;384128;44;479090;1;26600;2;2000;2;2000;0;0;0;0;6;6850;5;5060;22;247600;90;389460;43;120660;37;107730
15.10.2021 00:00;2;2000;2;2000;8;36700;54;130556;16;339330;1;25410;2;2000;2;2000;0;0;0;0;2;2010;0;0;13;251995;43;189095;12;2751380;10;2749220
15.10.2021 01:00;0;0;1;1000;9;96170;29;86000;12;162830;1;33300;0;0;1;1000;0;0;0;0;1;1010;0;0;3;91380;27;102802;0;3600000;0;3600000
15.10.2021 02:00;0;0;0;0;3;3040;29;90870;8;159631;0;0;0;0;0;0;0;0;0;0;2;2000;0;0;4;93940;25;89010;0;3600000;0;3600000
15.10.2021 03:00;0;0;0;0;5;65680;18;11730;7;187220;2;50310;0;0;0;0;0;0;0;0;0;0;1;1010;4;138703;18;75660;7;3184368;7;3185418
15.10.2021 04:00;1;1000;0;0;10;27900;38;30950;9;120385;1;15650;1;1000;0;0;0;0;0;0;0;0;0;0;6;81560;28;91900;5;2811981;4;2807621
15.10.2021 05:00;3;2990;3;3000;18;71860;142;348617;26;427390;1;22060;3;3000;3;2990;0;0;0;0;1;1010;0;0;13;233760;103;687410;0;3600000;0;3600000
15.10.2021 06:00;4;4000;4;3990;29;328839;366;987575;81;1018839;2;39110;4;3980;4;4000;0;0;0;0;5;5550;1;1010;31;457935;141;1778520;0;3600000;0;3600000
15.10.2021 07:00;5;4980;4;4000;47;545786;457;1326913;161;1758306;4;1610;5;5000;4;4000;0;0;0;0;16;18070;3;3093;39;512059;132;2627991;0;3600000;0;3600000
15.10.2021 08:00;4;4000;4;4000;72;764958;500;1220318;218;2194698;5;2010;4;4000;4;4000;0;0;0;0;22;29059;12;12100;61;1251161;208;2525418;40;2882386;40;2642257
15.10.2021 09:00;4;3990;4;4000;53;521460;417;1254258;259;2163273;12;42610;4;4000;4;4000;0;0;0;0;29;30810;4;4060;65;1072531;178;2304547;43;2693407;45;2420890
15.10.2021 10:00;4;4058;4;4000;71;588180;437;1496593;235;1785582;6;3230;4;3990;4;3980;0;0;0;0;40;42950;8;8080;76;1290252;162;2556921;35;2988492;32;2999742
15.10.2021 11:00;4;4000;4;4000;76;686211;369;1628968;241;1856911;7;37590;4;4000;4;4000;0;0;0;0;36;41610;14;16080;104;1424389;144;2527257;0;3600000;0;3600000
15.10.2021 12:00;4;4000;4;4000;81;599952;418;1688265;242;2119882;7;4500;4;4000;4;3990;0;0;0;0;37;41448;12;12110;80;1476180;153;2619756;0;3600000;0;3600000
15.10.2021 13:00;4;4000;4;3990;67;593157;464;1463800;243;2378617;10;4790;4;4000;4;4000;0;0;0;0;33;36235;11;11290;84;1569967;247;2359393;0;3600000;0;3600000
15.10.2021 14:00;4;4000;4;4000;93;910055;480;1173832;238;2121833;8;2270;4;3990;4;3990;0;0;0;0;39;41050;10;10120;108;1850180;246;2358816;59;2891153;65;2514756
15.10.2021 15:00;4;3990;4;3990;86;709010;485;1399288;230;2333138;7;75016;4;4000;4;4000;0;0;0;0;51;53270;8;8100;96;1380519;234;2378727;8;3554695;7;3460500
15.10.2021 16:00;4;4000;4;4000;110;1054492;490;1411441;231;2228429;9;4010;4;3990;4;3990;0;0;0;0;40;50951;13;13330;83;1451673;237;2247040;125;2326428;144;1913169
15.10.2021 17:00;4;4000;4;4000;93;663849;454;1562809;257;2476789;8;90975;4;4000;4;4000;0;0;0;0;64;75334;16;16770;97;1486424;235;2592465;15;3454118;21;3361838
15.10.2021 18:00;4;3990;4;4000;68;613643;471;1317313;213;2022223;5;2670;4;4000;4;4000;0;0;0;0;34;37170;16;16230;68;1153853;176;2549536;0;3600000;0;3600000
15.10.2021 19:00;4;3980;4;3990;74;683632;394;961452;163;1987436;8;5400;4;4000;4;3990;0;0;0;0;44;58830;8;8100;70;1223182;161;2173875;9;3496438;7;3510148
15.10.2021 20:00;4;3980;5;4990;47;570946;274;1138976;118;1153997;5;11870;4;4000;5;4990;0;0;0;0;32;36851;8;8410;56;765142;125;1746110;0;3600000;0;3600000
15.10.2021 21:00;4;3990;4;4000;28;256027;207;825470;91;776575;3;50820;4;3990;4;3990;0;0;0;0;39;59553;6;6070;46;566502;142;1409117;56;1862076;56;1994809
15.10.2021 22:00;3;2990;3;3000;26;237080;209;609991;66;743081;3;1230;3;2990;3;3000;0;0;0;0;21;23030;7;7070;50;716941;128;1202101;21;2728497;23;2709127
15.10.2021 23:00;2;2000;2;1990;10;83623;156;581282;66;598961;3;920;2;2000;2;2000;0;0;0;0;16;16970;2;2010;23;297100;119;802114;13;2843676;13;2828764
16.10.2021 00:00;2;2000;2;1990;11;74410;84;288381;41;416439;1;19904;2;1990;2;2000;0;0;0;0;5;5200;3;3030;17;180840;66;363652;50;206500;37;146240
16.10.2021 01:00;0;0;1;1000;4;1600;72;254780;26;347457;0;0;0;0;1;1000;0;0;0;0;1;1000;4;4040;10;159350;45;254975;28;587523;40;624793
16.10.2021 02:00;0;0;0;0;6;23870;35;106290;14;170200;1;450;0;0;0;0;0;0;0;0;2;2020;2;2020;6;54691;25;93680;17;36710;14;32750
16.10.2021 03:00;0;0;0;0;6;67210;28;24990;16;286814;1;17360;0;0;0;0;0;0;0;0;0;0;5;5030;5;146680;27;84650;9;2357723;7;2352493
16.10.2021 04:00;1;1000;0;0;7;58170;38;149022;17;239140;2;28990;1;1000;0;0;0;0;0;0;0;0;1;1000;10;226741;27;137495;3;3487161;4;3491051
16.10.2021 05:00;3;3033;3;2990;9;18790;71;164050;17;195470;0;0;3;2990;3;3000;0;0;0;0;2;2100;0;0;9;72812;63;280637;0;3600000;0;3600000
16.10.2021 06:00;4;3980;4;4000;15;18200;79;191315;19;347124;1;15080;4;4000;4;4000;0;0;0;0;2;2890;1;1000;14;172650;67;287762;0;3600000;0;3600000
16.10.2021 07:00;4;4000;4;3990;16;140020;120;473063;47;595147;3;39830;4;4000;4;3990;0;0;0;0;7;7620;1;1020;14;163813;95;610303;0;3600000;0;3600000
16.10.2021 08:00;5;5000;4;3990;32;144614;221;716989;82;739182;3;82700;5;4980;4;3990;0;0;0;0;16;17080;6;6060;27;392631;131;988911;0;3600000;0;3600000
16.10.2021 09:00;4;4000;4;3990;52;407306;301;943377;156;1574172;4;1490;4;3990;4;4000;0;0;0;0;17;17470;1;1000;41;854253;148;1681217;0;3600000;0;3600000
16.10.2021 10:00;4;4000;4;4000;62;252799;362;1385703;229;1675837;6;2790;4;4000;4;4000;0;0;0;0;27;30420;8;8680;55;693409;163;2104001;0;3600000;0;3600000
16.10.2021 11:00;4;4000;4;4000;61;532000;378;1415506;215;1653720;7;29974;4;4000;4;4000;0;0;0;0;27;33150;4;4590;78;1098495;149;2355535;0;3600000;0;3600000
16.10.2021 12:00;4;4000;4;4000;65;719180;409;1424614;203;1732157;9;13260;4;4000;4;4000;0;0;0;0;44;50210;26;27410;83;1321880;151;2345121;18;3328782;18;3262930
16.10.2021 13:00;4;3990;4;4000;69;628394;443;1337533;214;1708087;10;87030;4;4000;4;3990;0;0;0;0;53;62043;9;9110;81;1214744;177;2557186;0;3600000;0;3600000
16.10.2021 14:00;4;3990;4;4000;61;662835;425;1257025;202;1727129;5;1680;4;4000;4;4000;0;0;0;0;37;39750;11;11620;77;1115573;174;2244544;0;3600000;0;3600000
16.10.2021 15:00;4;3990;4;3990;65;367210;416;1290628;187;1680759;7;3750;4;3980;4;3990;0;0;0;0;48;51980;14;14740;63;1246600;178;2288186;0;3600000;0;3600000
16.10.2021 16:00;4;3990;4;3990;64;614318;375;1393691;186;1636531;6;2210;4;3990;4;4000;0;0;0;0;56;60453;11;11360;70;995159;177;2306072;0;3600000;0;3600000
16.10.2021 17:00;4;3970;5;4980;59;576166;396;1523949;171;1488920;5;45290;4;4000;5;4990;0;0;0;0;48;53120;13;13188;69;1303315;147;2562671;72;2290009;73;2144762
16.10.2021 18:00;4;4000;4;3980;61;700821;409;1499399;177;1417187;9;19740;4;3990;4;3990;0;0;0;0;45;52070;16;16715;71;1003207;161;2510273;98;2300677;110;1838142
16.10.2021 19:00;4;3980;4;3980;55;708361;350;1314542;145;1227637;7;2910;4;4000;4;4000;0;0;0;0;33;38460;24;24350;66;1199673;141;2122468;13;3485178;17;3427950
16.10.2021 20:00;4;3980;4;4000;27;198730;257;952704;107;768162;7;21580;4;4000;4;3980;0;0;0;0;29;34020;4;4190;63;594213;165;1452461;95;865379;104;741955
16.10.2021 21:00;4;3980;4;3990;31;211130;238;906650;73;650836;2;1300;4;4000;4;4000;0;0;0;0;18;23203;5;5070;47;651495;168;1299604;72;1032575;72;1046509
16.10.2021 22:00;2;2000;2;2000;15;93780;221;884300;85;884740;4;1540;2;2000;2;2000;0;0;0;0;23;33296;4;4040;40;505104;150;1122416;0;3600000;0;3600000
16.10.2021 23:00;2;1990;2;2000;27;163870;156;596037;66;766536;6;20340;2;2000;2;1990;0;0;0;0;9;11840;3;3030;29;402058;116;992816;0;3600000;0;3600000
17.10.2021 00:00;2;2000;2;2000;19;146010;91;317584;39;534452;0;0;2;2000;2;2000;0;0;0;0;6;7120;3;3040;15;163640;78;463614;0;3600000;0;3600000
17.10.2021 01:00;0;0;1;1000;8;62500;67;159240;29;282976;2;42714;0;0;1;1000;0;0;0;0;5;5510;9;9060;10;140594;60;302580;0;3600000;0;3600000
17.10.2021 02:00;0;0;0;0;6;6470;54;88572;13;159940;2;520;0;0;0;0;0;0;0;0;2;2300;0;0;8;167297;40;155125;0;3600000;0;3600000
17.10.2021 03:00;0;0;0;0;7;80830;34;88820;14;228046;0;0;0;0;0;0;0;0;0;0;6;6250;2;2020;9;131439;26;108800;0;3600000;0;3600000
17.10.2021 04:00;0;0;0;0;8;39660;26;30520;21;248680;0;0;0;0;0;0;0;0;0;0;0;0;0;0;10;193825;23;76264;0;3600000;0;3600000
17.10.2021 05:00;2;2000;1;1000;11;40230;33;84120;11;167851;1;320;2;2000;1;1000;0;0;0;0;0;0;0;0;6;72670;27;141430;0;3600000;0;3600000
17.10.2021 06:00;2;2000;2;2000;9;59460;27;66780;9;210400;0;0;2;1990;2;2000;0;0;0;0;1;1010;0;0;6;87290;28;93730;0;3600000;0;3600000
17.10.2021 07:00;2;2000;2;2000;8;3910;44;86884;24;417769;2;21430;2;2000;2;2000;0;0;0;0;1;1064;0;0;14;203380;33;105650;0;3600000;0;3600000
17.10.2021 08:00;2;2000;2;2000;15;74552;77;205293;37;517964;0;0;2;2000;2;2000;0;0;0;0;3;3490;2;2020;17;302265;74;257758;1;3595903;1;3595893
17.10.2021 09:00;2;2000;2;2000;21;125080;147;525324;94;849057;2;580;2;2000;2;2000;0;0;0;0;14;15280;6;6780;30;328483;106;744926;9;3231484;7;3189114
17.10.2021 10:00;2;2000;2;2000;20;239854;247;776198;103;999902;3;1160;2;2000;2;2000;0;0;0;0;15;16200;8;8240;26;286150;153;1323449;0;3600000;0;3600000
17.10.2021 11:00;2;2000;2;1990;44;342812;320;990064;136;1212167;3;1930;2;2000;2;2000;0;0;0;0;20;21980;7;7110;56;815706;165;1637412;0;3600000;0;3600000
17.10.2021 12:00;3;3000;3;3000;54;313433;306;1263024;181;1305732;10;37320;3;2990;3;3000;0;0;0;0;22;23360;8;8070;98;974224;159;1770841;0;3600000;0;3600000
17.10.2021 13:00;4;3990;4;4000;34;258018;308;1006973;165;1309917;4;1890;4;4000;4;3990;0;0;0;0;24;29800;7;7070;51;541102;166;1825305;0;3600000;0;3600000
17.10.2021 14:00;4;3990;4;4000;58;391318;353;1229765;167;1156179;2;390;4;3990;4;4000;0;0;0;0;31;33470;8;8080;72;945704;169;2063327;0;3600000;0;3600000
17.10.2021 15:00;4;4000;4;4000;31;273224;396;1321798;261;1638803;6;2080;4;3990;4;4000;0;0;0;0;27;32220;8;8200;45;680279;180;2327080;0;3600000;0;3600000
17.10.2021 16:00;4;3980;4;4000;52;411290;450;1424167;279;1960646;2;650;4;4000;4;4000;0;0;0;0;27;32250;16;16599;57;879709;174;2667662;0;3600000;0;3600000
17.10.2021 17:00;4;4000;4;4000;50;461466;429;1068775;167;1409825;6;2640;4;3990;4;3990;0;0;0;0;22;24970;11;11140;50;864013;204;2371304;0;3600000;0;3600000
17.10.2021 18:00;4;4000;4;4000;51;384520;354;1290802;187;1560833;4;1420;4;3990;4;4000;0;0;0;0;25;29630;9;9090;59;870464;180;2160294;0;3600000;0;3600000
17.10.2021 19:00;4;4000;4;4000;42;324775;319;1063756;139;1177346;2;770;4;3980;4;4000;0;0;0;0;19;22490;5;5060;46;475538;143;1880465;0;3600000;0;3600000
17.10.2021 20:00;4;4000;4;3980;39;281440;211;795721;107;911520;3;1680;4;4052;4;4000;0;0;0;0;11;11680;6;6050;57;633954;144;1264425;0;3600000;0;3600000
17.10.2021 21:00;4;3990;4;4000;22;117330;185;712730;63;715139;2;460;4;4000;4;4000;0;0;0;0;10;11080;4;4050;39;471468;139;1146911;0;3600000;0;3600000
17.10.2021 22:00;2;2000;2;1990;23;210554;111;364295;38;410230;0;0;2;2000;2;1990;0;0;0;0;11;12230;1;1010;17;210101;92;482484;0;3600000;0;3600000
17.10.2021 23:00;2;2000;2;2000;14;64816;58;201193;23;241440;1;450;2;2000;2;1990;0;0;0;0;6;6410;0;0;20;249796;46;318135;0;3600000;0;3600000
18.10.2021 00:00;2;1990;2;2000;4;33501;51;126540;9;224818;0;0;2;1990;2;2000;0;0;0;0;2;2210;3;3040;12;206641;42;211040;4;3467307;3;3467327
18.10.2021 01:00;0;0;1;1000;4;19790;16;12930;11;198781;2;18640;0;0;1;1000;0;0;0;0;0;0;0;0;5;68070;13;33280;0;3600000;0;3600000
18.10.2021 02:00;0;0;0;0;1;1200;18;9280;7;105040;1;900;0;0;0;0;0;0;0;0;0;0;0;0;2;35803;18;64450;0;3600000;0;3600000
18.10.2021 03:00;0;0;0;0;1;240;11;5660;3;47778;0;0;0;0;0;0;0;0;0;0;0;0;0;0;4;27600;9;38080;0;3600000;0;3600000
18.10.2021 04:00;1;1000;0;0;6;52810;30;83580;10;169330;2;1230;1;1000;0;0;0;0;0;0;1;1010;0;0;8;114320;25;122573;0;3600000;0;3600000
18.10.2021 05:00;3;2990;3;3000;17;54640;153;336419;38;619676;2;970;3;2990;3;2990;0;0;0;0;0;0;1;1010;7;34170;99;697115;0;3600000;0;3600000
18.10.2021 06:00;4;3990;4;4000;24;82770;224;727836;84;825477;4;15720;4;4054;4;4000;0;0;0;0;6;6180;1;1010;32;661970;124;1180518;0;3600000;0;3600000
18.10.2021 07:00;5;4990;4;3990;51;326520;281;870508;167;1921310;10;5230;5;4990;4;3990;0;0;0;0;16;17970;9;9080;55;946733;163;1376360;0;3600000;0;3600000
18.10.2021 08:00;4;4055;4;3990;56;524353;322;756069;235;2207028;7;51410;4;3990;4;3990;0;0;0;0;20;20640;13;13090;62;1082056;177;1591209;0;3600000;0;3600000
18.10.2021 09:00;4;4000;4;4000;57;718500;323;932963;224;1923126;12;51372;4;4000;4;4000;0;0;0;0;34;38870;17;17333;61;1084604;192;1734367;25;3133140;31;3237603
18.10.2021 10:00;4;4000;4;3990;56;442410;255;900892;223;1708610;9;3890;4;4000;4;3990;0;0;0;0;32;32830;15;15140;64;1040948;134;1709204;14;3460645;16;3367015
18.10.2021 11:00;4;4000;4;4000;59;626551;269;1426038;235;1581593;8;3370;4;4000;4;4048;0;0;0;0;31;33270;11;11330;78;1220767;126;2002209;0;3600000;0;3600000
18.10.2021 12:00;4;3990;4;3990;59;511694;290;1332396;222;1680895;8;6270;4;4000;4;4000;0;0;0;0;49;56200;8;8090;74;1121092;176;1868765;40;2668793;42;2661024
18.10.2021 13:00;3;2990;4;3990;65;504463;289;1139639;211;1515499;10;4270;3;3000;4;3980;0;0;0;0;30;32250;13;13180;88;1217200;144;1953839;0;3600000;0;3600000
18.10.2021 14:00;5;4990;4;4000;73;481430;264;1292725;216;1332819;6;1940;5;5000;4;3990;0;0;0;0;38;51940;8;8134;80;1364532;145;1788442;0;3600000;0;3600000
18.10.2021 15:00;4;4000;4;3990;77;558402;330;1219713;253;1635676;8;3050;4;4000;4;4000;0;0;0;0;38;47688;7;7430;87;1388053;189;1984791;0;3600000;0;3600000
18.10.2021 16:00;4;4000;4;4000;104;926791;352;1326472;223;2059302;4;2704;4;3980;4;4000;0;0;0;0;48;58715;19;19220;100;1398112;196;1969569;10;3443495;12;3441315
18.10.2021 17:00;4;4065;4;4000;92;860927;361;1261296;224;2443173;9;32610;4;4000;4;4000;0;0;0;0;47;58560;16;16270;94;1603328;193;2079679;48;2884373;66;2578959
18.10.2021 18:00;4;4000;4;4000;97;895883;329;1193484;179;1827251;4;1170;4;4000;4;3990;0;0;0;0;95;120125;13;13190;96;1823168;172;1726225;102;2304623;99;2042256
18.10.2021 19:00;4;4000;4;4000;63;389397;247;1000729;162;1857055;7;11510;4;4000;4;3990;0;0;0;0;42;45550;11;11130;87;1317344;157;1101507;0;3600000;0;3600000
18.10.2021 20:00;4;4000;5;4990;33;166320;184;785436;92;692759;4;1350;4;4000;5;5000;0;0;0;0;25;27929;4;4620;49;513939;119;1111964;0;3600000;0;3600000
18.10.2021 21:00;4;3990;4;3980;30;227110;161;628693;54;559415;1;190;4;4000;4;4000;0;0;0;0;11;12330;3;3020;49;638091;115;680104;0;3600000;0;3600000
18.10.2021 22:00;3;3000;3;2990;24;175512;124;461185;89;646787;2;37040;3;3000;3;2980;0;0;0;0;14;15210;6;6070;36;409077;99;626475;0;3600000;0;3600000
18.10.2021 23:00;2;2000;2;2000;14;148630;70;208574;41;567097;1;24530;2;2000;2;2000;0;0;0;0;5;5450;4;4020;20;250320;51;290776;0;3600000;0;3600000
19.10.2021 00:00;2;1990;2;1990;12;7644;37;112100;15;205860;1;200;2;2000;2;2000;0;0;0;0;2;2550;3;3030;6;105550;28;121868;0;3600000;0;3600000
19.10.2021 01:00;0;0;1;990;4;49910;11;47980;3;63240;0;0;0;0;1;1000;0;0;0;0;0;0;0;0;2;49940;7;28980;0;3600000;0;3600000
19.10.2021 02:00;0;0;0;0;2;480;16;74090;7;99785;0;0;0;0;0;0;0;0;0;0;0;0;0;0;2;16605;9;29480;0;3600000;0;3600000
19.10.2021 03:00;0;0;0;0;1;400;8;37850;4;71290;1;380;0;0;0;0;0;0;0;0;0;0;0;0;3;64580;6;26580;9;3244308;9;3244218
19.10.2021 04:00;1;1000;0;0;7;43510;23;79556;11;195870;1;16020;1;1000;0;0;0;0;0;0;0;0;0;0;9;170338;19;121720;8;2381365;10;2389135
19.10.2021 05:00;3;3000;3;3000;14;25280;85;254764;40;596213;1;1420;3;2990;3;2980;0;0;0;0;1;1010;1;1000;11;150370;75;449114;41;360000;33;385720
19.10.2021 06:00;4;4000;4;4000;28;207774;192;605046;84;1006574;3;28300;4;3990;4;4000;0;0;0;0;4;5110;0;0;28;300990;107;1131584;5;3486840;5;3486710
19.10.2021 07:00;5;4990;4;4000;56;496139;310;873862;168;1975067;6;43680;5;4990;4;4000;0;0;0;0;14;16920;4;4030;50;840578;148;1537783;14;3343056;12;3344876
19.10.2021 08:00;4;3990;4;4000;72;589120;367;1057321;240;2061089;11;124005;4;4000;4;4000;0;0;0;0;17;17380;9;9100;62;1254436;156;2134567;0;3600000;0;3600000
19.10.2021 09:00;4;4000;4;4000;57;526010;316;1368065;227;1844908;11;63640;4;4000;4;3990;0;0;0;0;18;18570;8;8190;63;900292;164;1744218;0;3600000;0;3600000
19.10.2021 10:00;4;4000;4;4000;65;502807;269;1373698;226;1728256;11;5510;4;4000;4;4000;0;0;0;0;18;20780;9;9170;78;1224852;127;1836863;0;3600000;0;3600000
19.10.2021 11:00;4;4000;4;3990;70;619940;302;1303188;241;1836114;9;36350;4;3990;4;4000;0;0;0;0;43;47740;10;10150;76;1117670;143;1870800;0;3600000;0;3600000
19.10.2021 12:00;4;4000;4;4000;79;580020;291;1577298;218;1692866;5;2590;4;4000;4;4000;0;0;0;0;41;46310;7;7080;77;1422638;146;1931104;0;3600000;0;3600000
19.10.2021 13:00;4;4000;4;3990;80;704565;281;1411760;223;1722185;8;39100;4;3990;4;3990;0;0;0;0;24;31880;8;8070;88;1148136;142;1888098;0;3600000;0;3600000
19.10.2021 14:00;4;4000;4;4000;63;662570;328;1396471;217;1811620;7;3480;4;4000;4;3980;0;0;0;0;42;44750;8;8100;77;1213004;153;2097639;0;3600000;0;3600000
19.10.2021 15:00;4;4056;4;4000;92;559858;346;1129955;242;1710748;7;37050;4;3990;4;4000;0;0;0;0;40;42120;11;11170;92;1207838;213;1901854;0;3600000;0;3600000
19.10.2021 16:00;4;4000;4;4000;94;506619;355;1068397;268;2307107;8;60680;4;4000;4;3980;0;0;0;0;59;68127;7;7090;97;1286433;182;1985669;0;3600000;0;3600000
19.10.2021 17:00;4;4000;4;4000;99;676623;374;1304537;236;2060848;12;59870;4;3990;4;4000;0;0;0;0;33;35400;12;12240;102;1417992;169;2181664;0;3600000;0;3600000
19.10.2021 18:00;4;3990;4;4000;106;894908;334;1200325;218;2168015;6;2460;4;4000;4;4000;0;0;0;0;47;51760;7;7180;102;1403660;184;1831749;36;3208722;46;2936332
19.10.2021 19:00;4;4000;4;3990;59;572811;305;1140144;140;1688795;4;54140;4;4000;4;3990;0;0;0;0;42;44542;8;8090;73;961598;173;1552986;0;3600000;0;3600000
19.10.2021 20:00;4;4056;5;5000;37;237857;171;869557;97;891482;4;1750;4;4000;5;5000;0;0;0;0;20;22740;15;16310;60;770613;127;874008;0;3600000;0;3600000
19.10.2021 21:00;4;4000;4;3990;31;188046;166;741938;94;849575;4;27345;4;4000;4;3990;0;0;0;0;10;10440;4;4030;49;458499;140;867841;0;3600000;0;3600000
19.10.2021 22:00;3;3000;3;3000;24;116220;147;421120;64;639838;2;710;3;3000;3;2980;0;0;0;0;23;29138;3;3030;24;294890;115;569985;0;3600000;0;3600000
19.10.2021 23:00;2;1990;2;1990;15;220580;70;406417;41;518643;2;40400;2;2000;2;2000;0;0;0;0;8;8390;4;4070;19;269814;63;370370;0;3600000;0;3600000
20.10.2021 00:00;2;2000;2;2000;6;51470;37;76770;16;266740;0;0;2;2000;2;1990;0;0;0;0;3;3410;0;0;4;103880;31;96530;0;3600000;0;3600000
20.10.2021 01:00;0;0;1;1000;4;46040;14;13770;14;205904;1;17710;0;0;1;1000;0;0;0;0;0;0;0;0;3;101630;11;36820;0;3600000;0;3600000
20.10.2021 02:00;0;0;0;0;2;2960;14;7990;6;66330;0;0;0;0;0;0;0;0;0;0;0;0;0;0;1;1520;8;19500;4;3440654;5;3440604
20.10.2021 03:00;0;0;0;0;1;720;14;29730;4;54810;0;0;0;0;0;0;0;0;0;0;0;0;0;0;1;42350;10;39840;9;1901987;7;1895597
20.10.2021 04:00;1;1000;0;0;4;68540;19;56734;9;185518;0;0;1;1000;0;0;0;0;0;0;0;0;0;0;11;220223;19;63954;14;599225;15;604895
20.10.2021 05:00;3;2980;3;3000;8;71450;102;241447;36;561230;1;23240;3;3000;3;2990;0;0;0;0;0;0;0;0;11;131430;80;477330;47;134450;28;124210
20.10.2021 06:00;4;4000;4;4000;20;165432;206;688672;81;900190;8;3550;4;4000;4;4000;0;0;0;0;5;6980;2;2030;43;491985;130;890098;102;656865;53;233530
20.10.2021 07:00;5;4990;4;4000;38;579434;319;952073;157;1575569;11;5750;5;5000;4;4000;0;0;0;0;18;24910;7;7090;40;745494;173;1406540;115;1602884;73;1233085
20.10.2021 08:00;4;3980;4;4000;65;432652;354;894643;229;2020879;18;92746;4;3990;4;3990;0;0;0;0;19;25730;11;11140;63;994052;221;1678631;22;3117545;25;3066215
20.10.2021 09:00;4;3970;4;3990;56;642953;294;991450;229;2065834;6;2660;4;4000;4;3990;0;0;0;0;30;31570;9;9120;71;1286543;180;1656302;64;2329770;59;2120912
20.10.2021 10:00;4;4000;4;4000;72;571348;272;1203865;221;1822205;4;34180;4;4000;4;3990;0;0;0;0;24;26260;11;11590;83;1377589;157;1758141;71;1946386;80;1465210
20.10.2021 11:00;4;4000;4;4000;71;503950;301;1256702;216;1768276;8;13470;4;4000;4;4000;0;0;0;0;47;58150;11;11150;97;1658701;137;1795517;22;2974705;28;2933264
20.10.2021 12:00;4;4000;4;4000;55;293749;274;1255532;266;1560264;11;31170;4;4000;4;4000;0;0;0;0;33;35300;9;9090;65;1056791;153;1836486;0;3600000;0;3600000
20.10.2021 13:00;4;4000;4;4000;99;708465;260;1418811;246;1639564;8;4100;4;3980;4;4000;0;0;0;0;35;37500;14;14710;105;1529530;127;2069819;0;3600000;0;3600000
20.10.2021 14:00;4;4000;4;4000;73;646187;295;1435598;246;1691526;12;4800;4;4000;4;4000;0;0;0;0;39;42989;10;10130;86;1228214;152;2117280;1;3599744;1;3599784
20.10.2021 15:00;4;4000;4;4000;86;856073;328;1171357;226;1939696;5;3970;4;4000;4;4000;0;0;0;0;44;51190;7;7080;71;1139127;207;1673582;79;2598900;91;2220080
20.10.2021 16:00;4;4000;4;4000;104;623400;339;1258514;210;2093507;6;4480;4;4000;4;3980;0;0;0;0;46;51594;8;8100;109;1486517;156;2026298;0;3600000;0;3600000
20.10.2021 17:00;4;3990;4;3990;114;772801;348;1296570;243;2043564;4;1670;4;4000;4;3990;0;0;0;0;32;41100;11;11240;106;1459712;180;2029032;0;3600000;0;3600000
20.10.2021 18:00;4;4000;4;3990;89;647890;335;1108717;196;1925590;8;3120;4;3990;4;4000;0;0;0;0;50;54750;12;12480;107;1349566;168;2102847;0;3600000;0;3600000
20.10.2021 19:00;3;2990;4;4000;56;584887;292;917675;156;1736131;9;48950;4;4000;4;4000;0;0;0;0;25;26270;8;8060;68;782230;142;1465207;0;3600000;0;3600000
20.10.2021 20:00;5;4990;5;4990;56;314010;197;1107149;99;835784;0;0;4;4000;5;5000;0;0;0;0;17;18320;5;5060;81;942754;134;1499505;0;3600000;0;3600000
20.10.2021 21:00;4;4000;4;4000;29;139646;179;861860;104;764062;7;22154;4;3980;4;4000;0;0;0;0;9;9840;6;6080;49;528169;114;1121289;0;3600000;0;3600000
20.10.2021 22:00;3;3000;3;3000;22;177010;157;801054;81;737366;3;1360;3;3000;3;3000;0;0;0;0;13;15400;2;2030;32;354538;100;869549;0;3600000;0;3600000
20.10.2021 23:00;2;1990;2;1990;14;61620;98;401653;37;358816;1;260;2;2000;2;2000;0;0;0;0;5;5040;4;4070;21;235230;81;517344;4;3244353;2;3228813
21.10.2021 00:00;2;2000;2;2000;8;42650;31;121870;19;389926;0;0;2;1990;2;2000;0;0;0;0;3;5090;0;0;13;196596;34;165590;22;1045812;25;1058962
21.10.2021 01:00;0;0;1;1000;3;3270;13;8150;15;206600;1;520;0;0;1;1000;0;0;0;0;0;0;2;2010;2;60530;8;66950;6;2257490;7;2269070
21.10.2021 02:00;0;0;0;0;5;67947;15;8320;15;248984;0;0;0;0;0;0;0;0;0;0;0;0;0;0;7;108690;11;42450;0;3600000;0;3600000
21.10.2021 03:00;0;0;0;0;1;730;8;4320;6;48000;0;0;0;0;0;0;0;0;0;0;0;0;0;0;1;43630;5;23470;0;3600000;0;3600000
21.10.2021 04:00;1;1000;0;0;5;36960;21;39855;10;152320;0;0;1;1000;0;0;0;0;0;0;0;0;0;0;8;116590;20;100875;0;3600000;0;3600000
21.10.2021 05:00;3;3000;2;2000;3;4940;96;321060;47;596592;2;460;3;3000;2;1980;0;0;0;0;0;0;0;0;9;113440;80;520090;0;3600000;0;3600000
21.10.2021 06:00;4;3990;5;4990;26;326959;201;496396;93;971112;1;1110;4;4000;5;5000;0;0;0;0;3;3390;1;1000;25;462626;120;879705;0;3600000;0;3600000
21.10.2021 07:00;5;5000;4;3970;44;520656;308;705460;159;1609857;5;2270;5;5000;4;4000;0;0;0;0;10;10880;4;4040;52;704629;164;1488158;0;3600000;0;3600000
21.10.2021 08:00;4;4000;4;4000;73;589602;393;1095071;222;1994981;8;40720;4;4000;4;4000;0;0;0;0;22;25550;6;6070;71;1129444;172;2037478;0;3600000;0;3600000
21.10.2021 09:00;4;4000;4;4000;62;370326;278;941090;205;1766404;6;50111;4;4000;4;3990;0;0;0;0;21;22660;7;7080;60;859261;166;1644869;0;3600000;0;3600000
21.10.2021 10:00;4;3980;4;3990;67;717429;258;1121293;193;1380966;3;1040;4;4000;4;4000;0;0;0;0;23;25404;5;5120;67;1159043;159;1659456;0;3600000;0;3600000
21.10.2021 11:00;4;4000;4;4000;64;687232;264;1266576;236;1843186;5;66310;4;4000;4;3990;0;0;0;0;35;39080;14;14200;83;1312745;149;1655394;6;3504896;17;3110884
21.10.2021 12:00;4;3990;4;4000;60;604891;279;1193431;234;1881961;11;19560;4;4000;4;4000;0;0;0;0;39;44220;6;6080;79;1118000;153;1716954;31;3062542;35;2882611
21.10.2021 13:00;4;4000;4;3990;66;585622;262;1221938;227;1532492;10;27370;4;4000;4;4000;0;0;0;0;31;35910;14;14260;91;1371923;136;1890300;0;3600000;0;3600000
21.10.2021 14:00;4;4000;4;3990;69;613078;314;1215155;238;1729555;10;35642;4;4000;4;4000;0;0;0;0;38;42470;9;9090;90;1340761;167;2034179;0;3600000;0;3600000
21.10.2021 15:00;4;3990;4;3990;96;688642;318;1140512;250;1893656;7;3310;4;4000;4;4000;0;0;0;0;47;53017;20;20240;99;1062488;172;2066197;0;3600000;0;3600000
21.10.2021 16:00;4;3990;4;4000;124;1041919;343;1314149;245;2058141;7;5510;4;4000;4;3990;0;0;0;0;39;45310;13;13160;116;1391321;182;2160316;0;3600000;0;3600000
21.10.2021 17:00;4;4000;4;3980;140;971801;338;1633231;226;1913281;2;1600;4;3990;4;3990;0;0;0;0;33;37260;15;15740;125;1493906;171;2192121;0;3600000;0;3600000
21.10.2021 18:00;4;4000;4;4000;97;576551;355;1292918;221;2021686;5;3090;4;4000;4;3990;0;0;0;0;36;52780;14;14740;112;1337686;177;2210218;0;3600000;0;3600000
21.10.2021 19:00;4;3990;4;4000;70;741423;268;1192207;161;1813337;2;1030;4;4000;4;4000;0;0;0;0;36;43910;7;7180;91;1108319;136;1777344;0;3600000;0;3600000
21.10.2021 20:00;4;3990;5;4990;35;275237;191;1120677;106;1144092;4;35530;4;4054;5;4990;0;0;0;0;24;26920;7;7985;56;565390;137;1308937;0;3600000;0;3600000
21.10.2021 21:00;4;4000;4;3990;41;348796;174;858370;90;567267;3;9750;4;4000;4;4000;0;0;0;0;25;26580;2;2020;52;651897;122;1114280;0;3600000;0;3600000
21.10.2021 22:00;3;2990;3;2990;37;248915;144;638111;73;645219;5;25755;3;3000;3;3000;0;0;0;0;17;20000;1;1010;36;353450;116;858442;0;3600000;0;3600000
21.10.2021 23:00;2;2000;2;1990;18;166920;88;510490;58;601799;4;28460;2;1990;2;2000;0;0;0;0;5;5330;1;1000;26;292433;75;455520;0;3600000;0;3600000
22.10.2021 00:00;2;2000;2;2000;13;48167;34;63640;14;276280;0;0;2;2000;2;2000;0;0;0;0;7;7830;1;1010;13;168564;32;132518;0;3600000;0;3600000
22.10.2021 01:00;0;0;1;1000;3;20170;20;70410;17;227268;1;17320;0;0;1;1000;0;0;0;0;3;3490;0;0;3;49800;12;76840;0;3600000;0;3600000
22.10.2021 02:00;0;0;0;0;5;1440;15;32150;5;104840;0;0;0;0;0;0;0;0;0;0;0;0;0;0;4;59182;12;44520;0;3600000;0;3600000
22.10.2021 03:00;0;0;0;0;3;18020;14;8220;3;28650;0;0;0;0;0;0;0;0;0;0;0;0;0;0;0;0;11;42860;0;3600000;0;3600000
22.10.2021 04:00;1;1000;0;0;9;43390;20;78340;10;280174;0;0;1;1000;0;0;0;0;0;0;0;0;0;0;8;70954;20;58690;0;3600000;0;3600000
22.10.2021 05:00;3;2990;3;3000;10;3340;89;226736;30;460507;0;0;3;3000;3;2990;0;0;0;0;2;3010;1;1010;9;152915;71;407446;0;3600000;0;3600000
22.10.2021 06:00;4;4000;4;4000;41;307897;184;435691;64;1060987;1;15910;4;4000;4;3990;0;0;0;0;3;3010;3;3030;29;387142;129;983823;0;3600000;0;3600000
22.10.2021 07:00;5;5000;4;3980;51;609592;303;824083;159;1914901;7;62670;5;5000;4;3990;0;0;0;0;14;15730;6;6070;50;1035631;167;1417347;0;3600000;0;3600000
22.10.2021 08:00;4;4000;4;3990;90;648903;353;1123767;242;2026203;1;970;4;4000;4;3990;0;0;0;0;24;24970;11;11100;54;1144499;214;1598227;0;3600000;0;3600000
22.10.2021 09:00;4;4000;4;4000;66;535924;315;1208446;258;1514467;10;3990;4;4000;4;4000;0;0;0;0;27;28830;3;3120;71;1108929;179;1884898;0;3600000;0;3600000
22.10.2021 10:00;4;3990;4;4000;77;461817;262;1080417;249;1897057;10;36380;4;4000;4;3990;0;0;0;0;36;38880;11;11090;90;1242888;149;1972702;101;2090689;97;1716026
22.10.2021 11:00;4;3990;4;4000;66;642759;299;1408804;241;1702878;14;69500;4;4000;4;3990;0;0;0;0;29;32820;11;11060;87;1344818;171;1984169;9;3408059;7;3458449
22.10.2021 12:00;4;4000;4;4000;90;528299;327;1292707;261;2111929;5;2270;4;4000;4;4000;0;0;0;0;49;52800;10;10660;95;1832332;175;2095380;0;3600000;0;3600000
22.10.2021 13:00;4;4000;4;4000;90;780506;344;1174776;259;2084367;7;5260;4;3990;4;4000;0;0;0;0;43;64660;10;10090;143;1926369;162;2122218;0;3600000;0;3600000
22.10.2021 14:00;4;4000;4;4000;106;932622;382;1412689;251;2033800;8;3820;4;4000;4;3990;0;0;0;0;43;46708;13;13630;119;1815659;193;2373128;0;3600000;0;3600000
22.10.2021 15:00;4;4000;4;4000;85;613825;395;1581326;265;1980186;5;35710;4;4000;4;3990;0;0;0;0;55;63987;9;9080;95;1318259;189;2584959;0;3600000;0;3600000
22.10.2021 16:00;4;4000;4;4000;95;844803;492;1300991;239;2167109;10;3610;4;4000;4;4000;0;0;0;0;35;39860;23;24879;89;1467982;241;2337588;0;3600000;0;3600000
22.10.2021 17:00;4;3990;4;3990;80;573946;472;1427493;244;2271023;8;103930;4;4000;4;3990;0;0;0;0;37;39333;12;12090;87;1632043;216;2572148;20;3291460;16;3201280
22.10.2021 18:00;4;4000;4;4000;79;753869;455;1374697;223;2296012;4;27750;4;4000;4;4000;0;0;0;0;48;50910;18;18220;107;1606118;166;2630035;64;2713741;47;2655605
22.10.2021 19:00;3;3000;4;4000;63;596150;400;1229773;150;1571263;6;1430;3;3000;4;4000;0;0;0;0;34;38050;12;12560;77;1120286;170;1889761;154;1409849;118;731846
22.10.2021 20:00;5;5000;5;5000;41;434839;234;940099;131;1181587;2;14850;5;5000;5;5000;0;0;0;0;27;31870;5;5040;43;491985;164;1492786;89;1236797;85;1265603
22.10.2021 21:00;4;3990;4;4000;37;278260;246;1087000;107;991986;3;31760;4;4000;4;3990;0;0;0;0;23;26030;3;3020;60;860476;147;1281666;102;568360;96;442738
22.10.2021 22:00;3;2990;3;3000;29;377740;219;845351;99;960946;3;1030;3;3000;3;3000;0;0;0;0;23;26240;10;10100;40;427675;151;1139120;22;2897481;23;2883175
22.10.2021 23:00;2;1990;2;2000;26;70860;136;534907;51;489766;3;5940;2;1980;2;2054;0;0;0;0;16;26920;5;5060;25;283630;110;722265;0;3600000;0;3600000
23.10.2021 00:00;2;2000;2;2057;19;126970;76;411223;50;532668;6;38220;2;2000;2;2000;0;0;0;0;9;9650;3;3000;17;180120;63;373922;0;3600000;0;3600000
23.10.2021 01:00;0;0;1;990;13;68680;55;215480;24;245299;3;18900;0;0;1;1000;0;0;0;0;5;5100;2;2020;9;128661;41;191284;22;1181954;22;1173414
23.10.2021 02:00;0;0;0;0;8;13730;40;85470;13;151058;2;1160;0;0;0;0;0;0;0;0;0;0;4;4030;6;74810;32;145768;15;47210;11;42890
23.10.2021 03:00;0;0;0;0;6;26160;39;56350;15;269607;0;0;0;0;0;0;0;0;0;0;1;1050;0;0;9;143970;33;150950;10;669620;6;666620
23.10.2021 04:00;1;1000;0;0;4;20760;38;113790;15;273505;1;450;1;1000;0;0;0;0;0;0;1;1130;1;1010;11;124558;30;116740;0;3600000;0;3600000
23.10.2021 05:00;3;2990;3;3000;5;9020;48;117630;22;286580;1;1420;3;2990;3;3000;0;0;0;0;2;3840;0;0;7;65770;38;148420;0;3600000;0;3600000
23.10.2021 06:00;4;4000;4;3990;16;50100;80;166470;23;373763;1;970;4;4000;4;4000;0;0;0;0;0;0;0;0;12;147760;58;318589;0;3600000;0;3600000
23.10.2021 07:00;4;4000;4;4000;10;49620;124;393274;42;514202;2;1760;4;3990;4;3990;0;0;0;0;7;7150;0;0;16;152707;90;583170;13;2926952;13;2874352
23.10.2021 08:00;4;4000;4;4000;37;83330;187;560109;101;1045811;1;650;5;4990;4;3990;0;0;0;0;13;15100;1;1000;36;513385;116;926830;44;2098433;33;1833526
23.10.2021 09:00;4;4000;4;4000;45;409775;295;986926;182;1628908;7;37123;4;4000;4;3990;0;0;0;0;18;19190;5;5260;52;777467;169;1769694;6;3364497;12;3413372
23.10.2021 10:00;4;4000;4;4058;47;419102;334;1208324;218;1673642;8;5570;4;4000;4;4000;0;0;0;0;28;32165;6;6060;50;903195;156;2117059;0;3600000;0;3600000
23.10.2021 11:00;4;4000;4;3990;67;510320;335;1307745;243;1872040;3;1040;4;4000;4;4000;0;0;0;0;35;44045;6;6060;70;1077975;167;2241037;0;3600000;0;3600000
23.10.2021 12:00;4;4000;4;4000;66;614419;378;1332808;229;1932305;7;2780;4;3990;4;3980;0;0;0;0;38;40610;19;19250;90;1420540;181;2158672;64;2677351;76;2384367
23.10.2021 13:00;4;3980;4;3990;72;429360;395;1448960;236;1802970;5;4800;4;4000;4;4000;0;0;0;0;37;42950;10;10270;71;1140296;166;2391168;124;2056285;144;1588533
23.10.2021 14:00;4;4000;4;3990;62;724520;428;1334924;204;1727257;2;1160;4;4000;4;3990;0;0;0;0;32;33740;7;7470;82;1366792;176;2409092;0;3600000;0;3600000
23.10.2021 15:00;4;3990;4;3990;80;585888;348;1412151;182;1539705;3;39230;4;4000;4;4000;0;0;0;0;44;55030;13;13150;75;1280427;165;2070394;0;3600000;0;3600000
23.10.2021 16:00;4;4000;4;4000;69;547584;374;1366872;196;1708674;8;56360;4;4000;4;4000;0;0;0;0;37;46530;13;13130;83;1366911;171;2167895;115;1744657;106;1148371
23.10.2021 17:00;4;3990;5;4980;71;392798;382;1559372;212;1669151;2;580;4;3990;5;4990;0;0;0;0;37;39180;10;10080;82;1291442;156;2590915;55;2836460;63;2502784
23.10.2021 18:00;4;3980;4;4000;56;395902;393;1408047;203;1762985;4;1220;4;4000;4;4000;0;0;0;0;41;52060;9;9190;83;1066191;156;2556680;0;3600000;0;3600000
23.10.2021 19:00;4;3990;4;4000;52;531310;360;1141306;176;1403673;5;1930;4;4000;4;4000;0;0;0;0;41;46570;8;8130;75;1146296;143;2129262;0;3600000;0;3600000
23.10.2021 20:00;4;4000;4;4000;48;326613;291;979202;126;1051317;5;29510;4;3990;4;4000;0;0;0;0;31;37240;4;4050;52;715435;154;1624162;70;1889270;74;1861439
23.10.2021 21:00;3;3000;3;3000;35;150740;245;779842;86;743674;5;15670;3;2990;3;3000;0;0;0;0;25;26930;9;9100;42;512287;149;1322790;40;2637390;35;2637640
23.10.2021 22:00;2;2000;2;2000;31;182235;232;901257;90;860454;2;27750;2;2000;2;2000;0;0;0;0;20;24010;3;3030;44;415830;156;1244246;0;3600000;0;3600000
23.10.2021 23:00;2;2000;2;2000;26;88050;190;874573;74;706434;0;0;2;1990;2;2000;0;0;0;0;14;15330;6;6030;27;380611;133;989276;0;3600000;0;3600000
24.10.2021 00:00;2;2000;2;2000;22;147895;113;576280;43;489349;4;39970;2;1990;2;2000;0;0;0;0;8;9180;3;3030;13;150176;82;486180;0;3600000;0;3600000
24.10.2021 01:00;0;0;1;990;3;87604;72;130180;28;456482;1;22270;0;0;1;1000;0;0;0;0;4;4940;3;3930;8;162070;56;221250;7;2868638;10;2919828
24.10.2021 02:00;0;0;0;0;11;46820;51;105680;19;240134;0;0;0;0;0;0;0;0;0;0;5;5690;1;1000;9;215850;45;199403;24;1367192;24;1373832
24.10.2021 03:00;0;0;0;0;9;93110;45;145897;12;230570;0;0;0;0;0;0;0;0;0;0;2;2020;1;1000;6;83326;33;122403;9;2219700;7;2212790
24.10.2021 04:00;0;0;0;0;11;40990;32;35660;7;183190;0;0;0;0;0;0;0;0;0;0;0;0;0;0;7;141040;27;124820;0;3600000;0;3600000
24.10.2021 05:00;2;2000;1;1000;6;5270;23;25610;17;175596;0;0;2;2000;1;1000;0;0;0;0;0;0;1;1000;7;119230;22;78360;0;3600000;0;3600000
24.10.2021 06:00;2;2000;2;2000;7;24140;28;36020;19;253490;0;0;2;2000;2;1990;0;0;0;0;0;0;0;0;5;116870;25;92337;0;3600000;0;3600000
24.10.2021 07:00;2;1990;2;1990;7;6300;42;67930;22;308242;0;0;2;2000;2;2000;0;0;0;0;0;0;0;0;7;49930;33;101560;12;1877846;13;1849946
24.10.2021 08:00;2;2000;2;2000;11;151587;85;297295;52;542635;0;0;2;1990;2;2000;0;0;0;0;5;5040;1;1010;9;148310;75;241860;16;1861550;36;1852080
24.10.2021 09:00;2;2000;2;2000;12;59820;182;742652;83;782593;2;840;2;2000;2;2000;0;0;0;0;14;15670;3;3020;20;248280;130;949589;0;3600000;0;3600000
24.10.2021 10:00;2;1990;2;2000;26;204343;280;1049704;120;934998;1;260;2;2000;2;1990;0;0;0;0;13;13300;9;9380;22;253404;182;1457597;0;3600000;0;3600000
24.10.2021 11:00;2;2000;2;2000;37;284545;281;974528;125;1138914;4;29770;2;2000;2;2000;0;0;0;0;19;20770;10;10150;31;340454;181;1506045;40;2960788;39;2827919
24.10.2021 12:00;3;2990;3;3000;40;280705;325;1070882;166;1251526;3;6360;3;2990;3;2980;0;0;0;0;16;17700;5;5370;43;646268;206;1730347;0;3600000;0;3600000
24.10.2021 13:00;4;4000;4;4000;61;491904;354;1209135;207;1579345;5;1430;4;4000;4;3990;0;0;0;0;19;20900;7;7040;64;870776;183;2046340;0;3600000;0;3600000
24.10.2021 14:00;4;3990;4;4000;49;434360;403;1175200;205;1566529;2;1550;4;3990;4;3990;0;0;0;0;35;39350;12;12300;60;871764;199;2205483;0;3600000;0;3600000
24.10.2021 15:00;4;3980;4;3990;57;292620;404;1103424;175;1473635;6;42420;4;4000;4;4000;0;0;0;0;29;33590;7;7340;68;684390;166;2059312;0;3600000;0;3600000
24.10.2021 16:00;4;4000;4;3990;31;224854;370;1261447;199;1720970;3;30130;4;4000;4;3990;0;0;0;0;30;35230;12;12100;55;683570;159;2118998;0;3600000;0;3600000
24.10.2021 17:00;4;4000;4;4000;56;429626;446;1381896;205;1621576;1;260;4;3990;4;3990;0;0;0;0;50;60402;11;11060;65;775953;172;2430538;0;3600000;0;3600000
24.10.2021 18:00;4;4000;4;4000;46;367516;397;1276372;192;1458661;4;2730;4;3990;4;3990;0;0;0;0;22;27430;11;11384;71;808130;148;2337635;98;2488138;90;2377412
24.10.2021 19:00;4;4000;4;3990;32;292828;339;1056756;162;1557411;3;960;4;4000;4;4043;0;0;0;0;14;19050;5;5140;50;583238;144;1830847;102;1529584;96;1475177
24.10.2021 20:00;4;4000;4;3990;34;317010;264;805913;94;976640;1;35750;4;4000;4;3990;0;0;0;0;11;11510;4;4020;43;540230;144;1177660;68;2276280;56;2226453
24.10.2021 21:00;4;4000;4;3990;17;88183;165;465625;57;636606;1;260;4;3990;4;3980;0;0;0;0;8;8960;3;3030;37;339493;125;819117;0;3600000;0;3600000
24.10.2021 22:00;2;2000;2;2000;21;121420;112;389826;49;469560;2;19850;2;2000;2;2000;0;0;0;0;4;5030;2;2076;20;159220;83;485116;0;3600000;0;3600000
24.10.2021 23:00;2;2000;2;2000;13;87950;55;82480;26;477467;0;0;2;2000;2;2000;0;0;0;0;1;1270;0;0;9;183080;47;171730;20;2592907;16;2590177
25.10.2021 00:00;2;2000;2;1990;4;1750;37;37990;14;331414;1;390;2;2000;2;2000;0;0;0;0;0;0;0;0;2;10710;33;124780;0;3600000;0;3600000
25.10.2021 01:00;0;0;1;1000;2;32560;16;24080;3;55757;1;19920;0;0;1;990;0;0;0;0;0;0;1;1010;4;23570;13;53500;0;3600000;0;3600000
25.10.2021 02:00;0;0;0;0;4;38230;10;8940;3;34170;1;580;0;0;0;0;0;0;0;0;0;0;0;0;2;21200;10;33810;0;3600000;0;3600000
25.10.2021 03:00;0;0;0;0;0;0;11;6370;7;181550;1;1550;0;0;0;0;0;0;0;0;0;0;0;0;0;0;9;29780;0;3600000;0;3600000
25.10.2021 04:00;1;1000;0;0;6;47700;36;42860;10;183440;2;18130;1;1000;0;0;0;0;0;0;0;0;0;0;6;55970;32;108680;0;3600000;0;3600000
25.10.2021 05:00;3;3000;3;2990;12;87662;162;263390;33;565746;0;0;3;3000;3;2990;0;0;0;0;0;0;2;2010;14;102996;119;869463;0;3600000;0;3600000
25.10.2021 06:00;4;3990;4;4000;24;194880;414;994495;97;1133662;2;34021;4;4000;4;3990;0;0;0;0;6;8190;4;4030;27;578314;121;2065652;0;3600000;0;3600000
25.10.2021 07:00;7;6990;5;4990;66;660124;520;1870753;259;2201553;9;56647;7;7000;5;4990;0;0;0;0;28;34660;11;11080;79;928686;47;3233939;0;3600000;0;3600000
25.10.2021 08:00;8;7960;8;7990;86;630624;598;1521552;287;2116166;11;4770;8;7980;9;8990;0;0;0;0;27;31280;9;9080;78;1010006;177;3226733;9;3463791;7;3489911
25.10.2021 09:00;4;4000;4;3990;77;677998;527;1573413;281;2145775;7;2580;4;4000;4;4000;0;0;0;0;32;35570;15;15590;64;1263350;185;2709022;29;3157678;37;3085832
25.10.2021 10:00;5;5000;4;3990;65;503845;363;1445474;238;1896384;6;2770;5;4980;3;3000;0;0;0;0;36;42040;11;11070;75;1035302;138;2414893;0;3600000;0;3600000
25.10.2021 11:00;4;4000;5;4990;67;410462;376;1616161;267;1755189;7;3540;4;3990;5;5000;0;0;0;0;50;58585;15;15120;89;1194428;181;2550841;0;3600000;0;3600000
25.10.2021 12:00;5;4990;5;4980;80;412082;389;1589463;237;1613266;7;52570;5;4990;6;6000;0;0;0;0;37;40430;9;9830;91;1136426;159;2598355;0;3600000;0;3600000
25.10.2021 13:00;7;7000;9;9000;80;560858;395;1521393;276;1784075;10;56800;8;8000;8;8000;0;0;0;0;45;61410;14;14538;101;1338333;148;2699150;58;2701434;70;2366569
25.10.2021 14:00;5;5000;6;6000;82;603880;423;1601322;268;2122779;4;3420;5;4990;6;6000;0;0;0;0;55;65116;14;14100;100;1555558;174;2581714;84;2478529;99;2154144
25.10.2021 15:00;4;4000;3;3000;101;906393;487;1479306;291;2063862;7;4580;3;3000;4;4000;0;0;0;0;38;42990;22;23160;110;1645302;162;2975928;0;3600000;0;3600000
25.10.2021 16:00;5;4990;4;3990;103;794359;503;1255574;307;2527619;12;5630;5;5000;4;3990;0;0;0;0;53;57633;27;27267;86;1385134;230;2765850;0;3600000;0;3600000
25.10.2021 17:00;4;4000;4;4000;100;806540;479;1672259;266;2463377;6;3000;4;4000;4;4000;0;0;0;0;46;55360;14;14120;97;1494619;203;2856113;30;3362505;35;3118530
25.10.2021 18:00;3;2980;3;3000;113;700496;484;1393199;224;2203509;6;65650;3;3000;4;4000;0;0;0;0;39;44330;9;9030;107;1824798;178;2520487;141;2088472;150;1639383
25.10.2021 19:00;5;4990;4;3990;68;550598;396;1252166;178;1709664;12;128174;6;6000;4;4000;0;0;0;0;46;54456;10;10060;75;938832;177;2120091;35;3087856;29;2971830
25.10.2021 20:00;4;4000;4;4000;39;146060;213;1012289;108;972669;1;460;3;2990;4;4000;0;0;0;0;28;32000;2;2000;45;804868;123;1376867;0;3600000;0;3600000
25.10.2021 21:00;2;2000;2;1990;20;147882;181;576119;88;737019;2;710;2;2000;2;2000;0;0;0;0;16;18470;1;1010;41;461198;125;984952;0;3600000;0;3600000
25.10.2021 22:00;2;1990;2;2000;23;205946;129;545236;85;814822;3;69390;2;2000;2;2000;0;0;0;0;6;7120;2;2010;44;392742;113;761074;0;3600000;0;3600000
25.10.2021 23:00;2;1980;2;1990;10;67111;82;337276;39;601008;1;840;2;2000;2;2000;0;0;0;0;3;3240;2;2020;21;343530;65;385896;5;3486665;6;3479095
26.10.2021 00:00;2;2000;2;2000;7;26590;46;44610;8;123736;1;580;2;2000;2;2000;0;0;0;0;2;2020;1;1010;7;121470;37;156540;0;3600000;0;3600000
26.10.2021 01:00;0;0;1;1000;2;34487;17;43250;6;101380;0;0;0;0;1;1000;0;0;0;0;0;0;1;1010;3;58007;14;56880;0;3600000;0;3600000
26.10.2021 02:00;0;0;0;0;1;16024;11;24150;6;147630;1;29570;0;0;0;0;0;0;0;0;0;0;0;0;5;124810;7;36410;1;3559084;1;3559074
26.10.2021 03:00;0;0;0;0;3;15370;7;21210;4;75160;0;0;0;0;0;0;0;0;0;0;0;0;0;0;0;0;7;32170;8;385220;12;404079
26.10.2021 04:00;1;1000;0;0;3;9100;25;36540;15;242963;2;17640;1;1000;0;0;0;0;0;0;0;0;0;0;5;123011;21;89024;8;2502515;11;2518495
26.10.2021 05:00;3;3000;3;3000;6;63380;167;378503;34;688329;1;27430;3;3000;3;3000;0;0;0;0;0;0;2;2010;10;115770;110;840185;50;244651;31;152757
26.10.2021 06:00;4;3990;4;3990;28;197140;401;943995;101;1205968;7;16500;4;3990;4;3990;0;0;0;0;7;7050;4;4020;29;632890;109;2130256;89;821230;56;464642
26.10.2021 07:00;7;6990;5;5000;67;888991;526;1519151;286;2070028;16;162460;6;6000;5;4990;0;0;0;0;30;31990;12;12070;73;1448354;43;3162581;115;1878489;104;1512764
26.10.2021 08:00;7;6990;9;8990;82;938715;595;1649437;315;2454089;4;1750;7;6990;9;8990;0;0;0;0;40;46465;10;10090;77;1437918;56;3523602;92;2117174;107;1648959
26.10.2021 09:00;5;5000;3;2990;64;806105;531;1669205;274;2255391;10;5240;5;5000;3;3000;0;0;0;0;38;49334;8;8070;68;1478757;158;3066896;90;1846859;105;1226138
26.10.2021 10:00;4;3990;4;4000;83;514580;412;1550282;249;1824730;7;5540;4;4000;5;5000;0;0;0;0;27;28660;14;14140;78;1171758;151;2614455;114;1884183;117;1105927
26.10.2021 11:00;3;3000;4;4000;67;767372;364;1503407;259;2033543;5;48750;4;4000;4;3990;0;0;0;0;34;39180;10;10090;77;1387607;153;2558712;122;1760180;158;1437142
26.10.2021 12:00;6;6000;6;5980;78;729412;408;1527864;245;2181450;10;103530;5;5000;5;5000;0;0;0;0;48;53320;12;12930;97;1489657;174;2471644;59;2977954;57;2806060
26.10.2021 13:00;7;7000;7;7000;92;574484;388;1881277;290;1853392;9;122928;8;7990;7;7000;0;0;0;0;50;59110;15;16010;102;1598678;149;2925317;0;3600000;0;3600000
26.10.2021 14:00;6;5980;6;5990;63;358380;397;1926216;290;1968057;6;2980;5;5000;7;7000;0;0;0;0;35;40720;16;16110;98;1320370;148;2825937;27;3340760;30;3277821
26.10.2021 15:00;4;3980;5;5000;108;726409;485;1630571;301;2391849;5;33360;4;3990;4;4000;0;0;0;0;58;63372;22;22130;109;1369300;179;2901652;20;3370581;11;3415987
26.10.2021 16:00;3;2990;3;2980;120;851892;495;1863321;264;2357692;4;33620;3;3000;4;4055;0;0;0;0;39;44810;16;17890;97;1392102;196;3000265;0;3600000;0;3600000
26.10.2021 17:00;5;5000;5;5000;129;1121577;460;1830368;289;2346501;10;8620;5;4990;4;3990;0;0;0;0;50;63209;15;15630;117;1824146;185;3000592;22;3351268;30;3378973
26.10.2021 18:00;4;4000;4;4000;100;590744;516;1496233;280;2489819;7;26220;4;3990;4;4000;0;0;0;0;58;69305;23;23200;108;1681852;159;3083908;3;3586755;3;3555465
26.10.2021 19:00;5;4990;4;3990;89;804483;366;1269764;202;1955916;12;55363;5;5000;4;4000;0;0;0;0;31;36280;15;15110;89;1282349;165;1924796;0;3600000;0;3600000
26.10.2021 20:00;3;2990;4;3990;31;219550;231;1182599;112;1032303;3;2840;3;2990;4;4000;0;0;0;0;26;32530;4;4030;49;848318;140;1350082;0;3600000;0;3600000
26.10.2021 21:00;2;1990;2;2000;31;219115;199;835266;83;622771;3;1550;2;2000;2;2000;0;0;0;0;20;22260;6;6010;49;536545;133;1031934;0;3600000;0;3600000
26.10.2021 22:00;2;2000;2;2000;22;221591;163;663048;70;607452;4;45420;2;2047;2;2000;0;0;0;0;17;19510;7;7010;37;450876;119;871174;0;3600000;0;3600000
26.10.2021 23:00;2;2000;2;2000;20;141770;78;261970;45;443029;1;640;2;1990;2;2000;0;0;0;0;10;12820;1;1000;20;264211;59;333069;0;3600000;0;3600000
27.10.2021 00:00;2;2000;2;2000;6;42770;32;135732;23;304026;1;650;2;1990;2;2000;0;0;0;0;4;6200;0;0;9;90676;33;167920;9;2959384;11;2968244
27.10.2021 01:00;0;0;1;1000;3;14770;15;21210;5;144430;1;14630;0;0;1;1000;0;0;0;0;0;0;0;0;3;56630;16;59500;1;3046265;4;3054015
27.10.2021 02:00;0;0;0;0;0;0;19;12530;3;172180;0;0;0;0;0;0;0;0;0;0;0;0;0;0;0;0;12;39080;9;1640561;12;1648691
27.10.2021 03:00;0;0;0;0;2;36990;14;7900;5;120160;2;36060;0;0;0;0;0;0;0;0;0;0;0;0;0;0;10;39340;0;3600000;0;3600000
27.10.2021 04:00;1;1000;0;0;4;21270;29;97060;11;233079;2;18745;1;1000;0;0;0;0;0;0;0;0;0;0;5;51490;26;99760;0;3600000;0;3600000
27.10.2021 05:00;3;2990;3;3000;11;58970;166;349330;31;476780;0;0;3;3000;3;2990;0;0;0;0;0;0;0;0;10;97020;120;868824;0;3600000;0;3600000
27.10.2021 06:00;4;4000;3;3000;19;189215;424;1018425;80;1075717;2;450;4;4000;4;3990;0;0;0;0;10;12540;3;3020;36;831153;170;2113347;0;3600000;0;3600000
27.10.2021 07:00;7;7000;6;5990;72;749897;534;1785961;283;1873301;13;7510;7;6990;5;5000;0;0;0;0;35;42362;10;10240;74;1547150;57;3297783;0;3600000;0;3600000
27.10.2021 08:00;8;7990;8;7990;89;743030;601;1752655;298;2266723;6;3110;8;7990;9;9000;0;0;0;0;33;37910;16;17110;82;1500767;151;3396051;0;3600000;0;3600000
27.10.2021 09:00;3;3000;5;4990;67;552309;416;1357884;268;2180755;6;62050;3;3000;4;4000;0;0;0;0;22;24190;5;5030;67;1018336;189;2537693;0;3600000;0;3600000
27.10.2021 10:00;5;5000;4;4000;71;536660;390;1519926;240;1881586;11;154880;5;4990;4;3990;0;0;0;0;35;39153;12;12050;78;1091932;152;2546862;0;3600000;0;3600000
27.10.2021 11:00;3;3000;4;3990;75;660196;363;1457807;265;1793870;6;4860;3;2990;4;4000;0;0;0;0;42;53350;25;25210;85;907167;167;2299619;0;3600000;0;3600000
27.10.2021 12:00;-1;-1;-1;-1;-1;-1;-1;-1;-1;-1;-1;-1;-1;-1;-1;-1;-1;-1;-1;-1;-1;-1;-1;-1;-1;-1;-1;-1;-1;-1;-1;-1
27.10.2021 13:00;-1;-1;-1;-1;-1;-1;-1;-1;-1;-1;-1;-1;-1;-1;-1;-1;-1;-1;-1;-1;-1;-1;-1;-1;-1;-1;-1;-1;-1;-1;-1;-1
27.10.2021 14:00;4;4000;6;6000;101;654264;398;1725118;261;1561159;7;105234;5;4990;7;6980;0;0;0;0;34;36910;16;16280;108;1151052;140;2789105;0;3600000;0;3600000
27.10.2021 15:00;5;4990;5;5000;100;592497;440;1790737;316;2356371;4;40640;4;4000;4;4000;0;0;0;0;39;43520;41;42960;107;1204917;178;2843888;17;3390712;16;3361982
27.10.2021 16:00;3;2990;3;3000;97;869216;438;1706020;281;2347712;12;97700;3;3000;4;3980;0;0;0;0;54;67440;14;14290;102;1285809;172;2649357;75;2684065;69;2466551
27.10.2021 17:00;5;5000;4;4000;119;669677;489;1940912;307;2583680;13;7010;5;5000;4;3990;0;0;0;0;45;52420;5;5140;106;1447638;215;2859629;0;3600000;0;3600000
27.10.2021 18:00;4;4000;4;4000;96;844315;480;1517402;247;2144369;8;7340;4;4000;3;3000;0;0;0;0;59;64934;21;21360;116;1460494;173;2836759;0;3600000;0;3600000
27.10.2021 19:00;5;5000;5;4990;76;417935;370;1107601;194;1819417;10;95320;5;4990;5;5000;0;0;0;0;38;39530;13;13110;106;781315;168;1964654;0;3600000;0;3600000
27.10.2021 20:00;3;3000;4;4000;36;257414;256;1215170;150;1269873;5;2080;3;3043;4;3990;0;0;0;0;27;30220;8;8050;54;796024;133;1611064;0;3600000;0;3600000
27.10.2021 21:00;2;2000;2;1990;27;188230;224;915594;107;1127804;2;1230;2;2000;2;2000;0;0;0;0;19;20000;2;2010;40;765673;139;1204963;18;3249927;15;3330209
27.10.2021 22:00;2;2000;2;2000;26;165234;190;747464;94;800445;7;28194;2;2000;2;2000;0;0;0;0;23;27770;4;4020;47;512646;133;970246;0;3600000;0;3600000
27.10.2021 23:00;2;2000;2;1990;12;101830;95;360018;38;329180;0;0;2;2000;2;2000;0;0;0;0;7;8610;3;3020;14;171590;65;389484;13;3184564;8;3155234
28.10.2021 00:00;2;2000;2;2000;12;79950;42;149790;25;380765;2;26820;2;2000;2;1990;0;0;0;0;4;5020;0;0;12;100350;33;163010;0;3600000;0;3600000
28.10.2021 01:00;0;0;1;1000;0;0;22;13030;4;37260;0;0;0;0;1;990;0;0;0;0;0;0;0;0;0;0;15;50350;0;3600000;0;3600000
28.10.2021 02:00;0;0;0;0;2;50010;12;32150;1;6410;0;0;0;0;0;0;0;0;0;0;0;0;1;1000;2;3200;7;31100;0;3600000;0;3600000
28.10.2021 03:00;0;0;0;0;0;0;15;38810;9;123242;0;0;0;0;0;0;0;0;0;0;0;0;0;0;1;480;15;53945;0;3600000;0;3600000
28.10.2021 04:00;1;1000;0;0;6;27400;30;67038;10;196350;0;0;1;1000;0;0;0;0;0;0;0;0;0;0;4;31560;25;356205;0;3600000;0;3600000
28.10.2021 05:00;3;3000;3;3000;12;80530;164;399374;32;532930;4;30520;3;3000;3;3000;0;0;0;0;0;0;1;1000;14;146113;99;865814;25;2379380;22;2328210
28.10.2021 06:00;4;3980;4;3990;24;218661;417;888794;84;1080461;4;1480;4;3990;4;4000;0;0;0;0;8;8230;1;1000;21;680585;134;1919124;63;1796804;38;1511944
28.10.2021 07:00;7;6980;5;4990;80;770943;538;1995185;295;2225757;18;140360;7;6990;5;5000;0;0;0;0;25;26360;8;8140;70;1182956;46;3317954;0;3600000;0;3600000
28.10.2021 08:00;7;6990;8;7990;82;820088;593;1700231;285;2284856;17;53610;8;7980;8;7990;0;0;0;0;37;41343;7;7070;69;1419008;152;3364336;0;3600000;0;3600000
28.10.2021 09:00;4;4000;4;4000;61;742934;448;1476605;272;2258144;11;6390;3;3000;5;5000;0;0;0;0;31;31804;15;15600;67;1230455;178;2682701;0;3600000;0;3600000
28.10.2021 10:00;4;3990;4;4000;76;500701;385;1388107;259;1960569;8;101720;5;5000;3;3000;0;0;0;0;24;26570;3;3730;81;1053314;153;2555863;0;3600000;0;3600000
28.10.2021 11:00;4;4000;4;4000;88;612334;360;1408414;239;1613924;9;35900;3;2990;5;4980;0;0;0;0;34;39600;7;7040;100;1340265;140;2491967;0;3600000;0;3600000
28.10.2021 12:00;6;5990;6;5990;81;705231;361;1348113;270;1901197;5;2200;6;6000;4;4000;0;0;0;0;45;48588;16;16029;85;1385744;161;2390418;20;3171872;23;3276292
28.10.2021 13:00;8;8000;7;6990;93;597813;420;1982208;331;2127313;12;9680;8;8000;7;6980;0;0;0;0;53;60540;23;25890;100;1204979;135;2994403;0;3600000;0;3600000
28.10.2021 14:00;5;5000;6;6000;91;642178;377;1956684;272;2020830;10;7030;5;5045;6;6000;0;0;0;0;42;49650;11;11110;78;1501388;132;2792250;0;3600000;0;3600000
28.10.2021 15:00;3;3000;4;4000;126;760614;481;1603931;310;2305338;12;6920;4;4000;5;5000;0;0;0;0;35;35527;20;20780;113;1306079;178;2901001;89;2703310;95;2213593
28.10.2021 16:00;5;4990;4;4000;93;845369;498;1657316;270;2662225;6;2850;4;4048;4;3990;0;0;0;0;44;51583;15;15580;90;1385509;230;2665693;33;3320178;49;3021880
28.10.2021 17:00;4;4000;4;3980;116;965804;459;1992108;307;2525764;12;124792;4;4000;4;4000;0;0;0;0;51;67334;14;14360;98;1449854;200;2904044;0;3600000;0;3600000
28.10.2021 18:00;4;4045;5;4990;114;1034723;503;1738535;267;2238935;11;62750;4;4000;4;4000;0;0;0;0;53;63030;15;15520;115;1805835;143;2993538;0;3600000;0;3600000
28.10.2021 19:00;4;4000;4;3990;80;748472;382;1162910;186;1627495;8;7790;4;3990;4;3990;0;0;0;0;32;34270;14;14920;83;1174615;164;1874314;0;3600000;0;3600000
28.10.2021 20:00;4;4000;4;4054;52;502508;234;930426;144;1060268;4;36050;4;3990;4;3990;0;0;0;0;26;32387;10;10110;66;689125;142;1401282;0;3600000;0;3600000
28.10.2021 21:00;2;2000;2;2000;38;128880;212;925329;89;905832;2;390;2;2000;2;2000;0;0;0;0;17;18270;7;7040;48;472930;134;1249805;0;3600000;0;3600000
28.10.2021 22:00;2;2000;2;2000;21;96830;205;790414;91;653289;5;2570;2;2000;2;2000;0;0;0;0;17;17690;5;5030;32;409414;155;994118;0;3600000;0;3600000
28.10.2021 23:00;2;2000;2;1990;22;112242;100;407437;38;479820;0;0;2;1990;2;1990;0;0;0;0;6;6370;5;5020;19;182980;78;479933;0;3600000;0;3600000
29.10.2021 00:00;2;2000;2;2000;13;45930;54;133641;24;423265;0;0;2;2000;2;2000;0;0;0;0;4;5340;0;0;14;142850;54;203255;10;2697600;12;2705350
29.10.2021 01:00;0;0;1;1000;3;39490;17;39750;12;220330;0;0;0;0;1;1000;0;0;0;0;0;0;1;1000;6;65190;16;63980;0;3600000;0;3600000
29.10.2021 02:00;0;0;0;0;1;160;23;18030;10;224080;0;0;0;0;0;0;0;0;0;0;0;0;0;0;5;136877;21;67390;0;3600000;0;3600000
29.10.2021 03:00;0;0;0;0;4;58840;12;18890;5;147030;0;0;0;0;0;0;0;0;0;0;0;0;0;0;0;7670;14;40600;0;3600000;0;3600000
29.10.2021 04:00;1;1000;0;0;8;90365;42;81990;13;232042;0;0;1;1000;0;0;0;0;0;0;0;0;1;1010;6;97540;35;130710;0;3600000;0;3600000
29.10.2021 05:00;3;3000;3;3000;7;46230;150;212937;34;567739;3;1290;3;3000;3;3000;0;0;0;0;0;0;0;0;13;150970;93;829467;0;3600000;0;3600000
29.10.2021 06:00;4;4000;3;3000;28;403289;329;848049;90;1132011;6;117080;4;3990;4;4000;0;0;0;0;7;7400;4;4020;25;415369;117;1947812;0;3600000;0;3600000
29.10.2021 07:00;6;6000;6;6000;77;629040;530;1479257;256;2410297;11;44653;6;5990;6;5990;0;0;0;0;24;33420;9;9210;74;1428430;89;3239747;52;2679146;74;2348629
29.10.2021 08:00;7;7000;7;7000;77;759962;489;1605636;275;2333264;8;5740;8;8000;6;5980;0;0;1;1450;31;39620;9;9190;71;1344471;187;2887718;74;2345545;70;1861156
29.10.2021 09:00;5;5000;5;5000;81;603675;440;1341035;272;2363743;4;67800;5;4990;5;4980;0;0;0;0;32;36190;29;29330;83;1579316;196;2530352;20;3134832;26;3032232
29.10.2021 10:00;4;4000;4;3990;73;479418;393;1764084;243;1848738;7;15650;4;3980;4;3990;0;0;0;0;28;29910;13;13240;89;1152599;148;2692638;0;3600000;0;3600000
29.10.2021 11:00;4;4000;4;3990;95;757100;414;1725034;308;1905012;11;4980;4;3990;4;4000;0;0;0;0;33;37020;14;14300;101;1457582;156;2880518;0;3600000;0;3600000
29.10.2021 12:00;5;5000;4;4000;96;562290;454;1837597;313;2483968;6;6630;5;4990;5;5000;0;0;0;0;45;52153;13;13100;101;1614022;183;2733187;0;3600000;0;3600000
29.10.2021 13:00;8;7990;8;8000;102;788554;477;1789609;324;2449808;13;82580;7;6990;7;7054;0;0;0;0;49;61048;21;22440;105;1812658;162;3225476;0;3600000;0;3600000
29.10.2021 14:00;5;4990;7;7000;128;801325;471;1812130;320;2466967;4;3040;5;5000;7;6990;0;0;0;0;57;63480;13;13220;119;1307950;215;2748484;0;3600000;0;3600000
29.10.2021 15:00;4;3990;4;4000;101;761834;498;1732853;313;2532337;12;8780;4;3970;4;3990;0;0;0;0;36;38920;24;24170;97;1513057;228;2596068;131;2583493;124;2207206
29.10.2021 16:00;4;4000;3;3000;139;1027616;489;1754537;258;2448289;10;135660;4;4000;4;3990;0;0;0;0;44;51670;16;16200;118;1847299;227;2801368;146;2498716;155;2026871
29.10.2021 17:00;3;3000;4;3990;138;1000721;463;1863052;291;2739393;7;80880;3;2990;4;3990;0;0;0;0;51;58660;13;13860;111;1888757;238;2770579;132;2511839;136;1918906
29.10.2021 18:00;5;5000;4;4000;84;682048;532;1685394;255;2544229;11;4390;5;4990;3;3000;0;0;0;0;46;65810;16;16750;99;1372768;113;3146460;115;2514494;120;2380561
29.10.2021 19:00;5;4990;5;5000;77;900274;424;1147079;167;1940699;6;2140;5;4990;5;5000;0;0;0;0;32;36230;13;13080;73;921890;171;2106829;97;2063224;86;1834197
29.10.2021 20:00;3;3000;3;3000;64;382907;350;1344698;220;1795150;9;45873;3;3000;4;4000;0;0;0;0;31;32750;5;5020;71;794567;135;2000409;0;3600000;0;3600000
29.10.2021 21:00;2;2000;3;2990;51;456734;308;1137627;217;1454961;9;4720;2;2000;2;1990;0;0;0;0;31;34490;8;8150;60;727677;154;1940695;0;3600000;0;3600000
29.10.2021 22:00;2;2000;2;2000;38;140840;245;1069718;128;996045;6;4200;2;2000;2;2000;0;0;0;0;31;31980;9;9650;54;658497;159;1432007;0;3600000;0;3600000
29.10.2021 23:00;2;2000;2;2000;36;368555;178;771955;76;751015;2;34250;2;2000;2;2000;0;0;0;0;9;11450;3;3020;38;420705;113;1329078;0;3600000;0;3600000
30.10.2021 00:00;2;2000;2;2000;13;27640;91;309617;46;606173;2;16480;2;1990;2;2000;0;0;0;0;6;7960;2;2010;12;146190;70;404751;19;2823667;6;2806257
30.10.2021 01:00;0;0;1;1000;12;80430;65;138560;35;253568;3;1300;0;0;1;1000;0;0;0;0;6;6500;3;3020;11;120350;44;216295;4;3485710;3;3484590
30.10.2021 02:00;0;0;0;0;11;79350;53;112586;23;379050;0;0;0;0;0;0;0;0;0;0;1;1000;6;6010;8;76080;52;234168;0;3600000;0;3600000
30.10.2021 03:00;0;0;0;0;9;60680;27;15110;9;136730;0;0;0;0;0;0;0;0;0;0;2;2310;0;0;5;80192;23;87740;0;3600000;0;3600000
30.10.2021 04:00;1;1000;0;0;4;31940;35;56690;11;233526;1;970;1;1000;0;0;0;0;0;0;0;0;3;3000;6;58983;26;91060;0;3600000;0;3600000
30.10.2021 05:00;3;3000;3;3000;7;5650;55;129530;19;267990;0;0;3;2990;3;3000;0;0;0;0;2;2630;0;0;12;187070;50;214318;0;3600000;0;3600000
30.10.2021 06:00;4;4000;4;3990;6;4790;95;240670;16;297099;1;450;4;4000;4;3990;0;0;0;0;1;1000;0;0;11;218250;74;331354;0;3600000;0;3600000
30.10.2021 07:00;4;3990;4;3980;12;61370;117;398562;48;678487;1;450;4;4000;4;4000;0;0;0;0;5;5090;0;0;14;121690;81;612654;0;3600000;0;3600000
30.10.2021 08:00;5;4990;4;4000;25;238320;203;680216;104;880339;2;590;5;5000;4;4000;0;0;0;0;13;15920;5;5040;29;336847;130;1042898;0;3600000;0;3600000
30.10.2021 09:00;4;3990;4;3990;25;268260;303;1129915;181;1536190;6;1880;4;4000;4;3990;0;0;0;0;25;27020;7;7030;55;873043;155;1770506;0;3600000;0;3600000
30.10.2021 10:00;4;3990;4;3990;61;547783;388;1515216;241;1959224;6;2860;4;4000;4;3990;0;0;0;0;27;28710;8;8240;63;934191;149;2415693;0;3600000;0;3600000
30.10.2021 11:00;4;4000;4;4000;66;473622;363;1631815;261;1954120;7;44930;4;4000;4;3990;0;0;0;0;43;45980;12;12330;76;1097299;147;2453944;0;3600000;0;3600000
30.10.2021 12:00;4;3990;4;4000;73;476990;416;1476339;278;1974682;9;3940;4;3990;4;4000;0;0;0;0;47;51779;9;9860;99;1420686;131;2765160;0;3600000;0;3600000
30.10.2021 13:00;4;4000;4;3990;86;716795;470;1673599;247;1839026;11;127773;4;3980;4;4000;0;0;0;0;33;37180;15;15070;107;1772349;154;2942464;0;3600000;0;3600000
30.10.2021 14:00;4;4000;4;4000;75;602430;453;1782279;233;1720443;5;3810;4;4000;4;4000;0;0;0;0;34;37930;12;12080;87;1415754;136;2856837;0;3600000;0;3600000
30.10.2021 15:00;4;4000;4;3990;91;585260;432;1504530;228;1795905;6;2020;4;3990;4;4000;0;0;0;0;36;40925;3;3020;98;1343374;151;2568835;0;3600000;0;3600000
30.10.2021 16:00;4;4000;4;3980;56;437238;399;1623558;210;1654540;3;1360;4;3990;4;4000;0;0;0;0;45;47340;9;9080;90;1558616;146;2571629;0;3600000;0;3600000
30.10.2021 17:00;4;4000;5;5000;58;715333;422;1578769;194;1808196;4;1560;4;3990;5;5000;0;0;0;0;44;46529;13;13450;93;1497104;135;2553925;0;3600000;0;3600000
30.10.2021 18:00;4;4000;4;3990;67;479000;429;1434182;176;1667023;7;41550;4;4000;4;4000;0;0;0;0;53;61660;12;12950;95;1388467;102;2967380;0;3600000;0;3600000
30.10.2021 19:00;4;4000;4;4000;58;491669;367;1336038;136;1267432;3;2130;4;4000;4;3990;0;0;0;0;43;49650;9;9200;81;1320435;117;2597806;0;3600000;0;3600000
30.10.2021 20:00;2;2000;2;2000;43;313636;290;1022390;111;991193;3;1360;2;2000;2;2000;0;0;0;0;30;32800;3;3056;47;549406;142;1616979;0;3600000;0;3600000
30.10.2021 21:00;2;2000;2;2000;30;131590;266;831583;77;760035;2;590;2;2000;2;1990;0;0;0;0;25;32280;10;10140;33;307690;152;1568891;0;3600000;0;3600000
30.10.2021 22:00;2;2000;2;1990;22;209281;219;931506;103;915670;0;0;2;2000;2;2000;0;0;0;0;18;18461;2;2320;41;508991;134;1429315;0;3600000;0;3600000
30.10.2021 23:00;2;2000;2;2000;24;152081;198;762279;71;766942;2;1100;2;1990;2;2000;0;0;0;0;11;15830;5;5040;36;412394;137;1162565;0;3600000;0;3600000
31.10.2021 00:00;2;2000;2;2000;15;77620;129;472678;34;537987;0;0;2;2000;2;2000;0;0;0;0;7;8340;4;4020;16;282785;112;693019;0;3600000;0;3600000
31.10.2021 01:00;0;0;1;1000;8;35250;100;313770;47;431368;2;17650;0;0;1;1000;0;0;0;0;5;5590;7;7010;12;214625;79;509346;0;3600000;0;3600000
31.10.2021 02:00;0;0;0;0;7;73030;63;132270;32;256030;1;1220;0;0;0;0;0;0;0;0;5;5400;3;3010;11;228689;51;244955;9;2955046;11;2967106
31.10.2021 02:00;-1;-1;-1;-1;-1;-1;-1;-1;-1;-1;-1;-1;-1;-1;-1;-1;-1;-1;-1;-1;-1;-1;-1;-1;-1;-1;-1;-1;-1;-1;-1;-1
31.10.2021 03:00;0;0;0;0;10;97510;29;119600;16;186648;0;0;0;0;0;0;0;0;0;0;4;4010;1;1000;4;77990;21;97230;0;3600000;0;3600000
31.10.2021 04:00;0;0;0;0;7;48637;22;691330;10;136977;0;0;0;0;0;0;0;0;0;0;3;3390;0;0;10;222243;24;104210;0;3600000;0;3600000
31.10.2021 05:00;1;1000;1;1000;4;2170;37;129984;14;264289;1;28030;2;2000;1;990;0;0;0;0;0;0;0;0;5;48370;77;196624;0;3600000;0;3600000
31.10.2021 06:00;3;3000;2;1990;6;72376;40;76160;11;148670;2;780;2;2000;2;2000;0;0;0;0;2;2000;1;1000;6;73820;32;147294;8;1868957;12;1882247
31.10.2021 07:00;2;1990;2;2000;10;60130;51;139840;28;440218;0;0;2;2000;2;1990;0;0;0;0;3;6640;0;0;10;137993;40;185630;28;766463;17;708913
31.10.2021 08:00;2;2000;2;2000;11;39630;121;389746;57;593975;0;0;2;2000;2;2000;0;0;0;0;11;11670;2;2010;17;251939;88;476726;65;1179761;33;1051531
31.10.2021 09:00;2;2000;2;2000;23;241730;227;976794;107;1010912;1;450;2;2000;2;2000;0;0;0;0;28;29340;6;6050;37;457332;133;1215258;9;3244300;4;3183830
31.10.2021 10:00;2;2000;2;2000;30;201814;273;975326;125;945583;1;13480;2;2000;2;1990;0;0;0;0;14;15560;8;8030;37;551024;158;1477668;0;3600000;0;3600000
31.10.2021 11:00;2;2000;2;1990;52;343700;352;1052627;165;1472644;5;2770;2;2000;2;2000;0;0;0;0;24;25890;10;10070;44;542985;186;1619154;79;2030486;77;1704486
31.10.2021 12:00;3;2990;3;2990;41;230776;385;1246023;191;1551292;1;650;3;2990;3;3000;0;0;0;0;16;18660;12;12170;67;1016115;194;1959886;3;3572740;3;3577780
31.10.2021 13:00;4;4000;4;4000;57;349129;386;1234534;210;1526573;3;1690;4;4000;4;4000;0;0;0;0;20;20620;9;9050;61;762237;200;2261701;0;3600000;0;3600000
31.10.2021 14:00;4;3980;4;4000;64;515373;428;1314658;251;1896104;7;15570;4;4000;4;4000;0;0;0;0;24;28050;3;3020;58;842396;187;2067957;11;3507308;12;3478527
31.10.2021 15:00;4;3980;4;3990;49;522790;361;1082179;202;1534942;3;1350;4;3990;4;3990;0;0;0;0;36;39050;6;6050;53;960264;176;1892471;62;2356027;70;2194622
31.10.2021 16:00;4;4000;4;4055;48;349236;473;1315711;245;1971661;5;28560;4;4000;4;4000;0;0;0;0;29;30180;12;12080;65;1033817;183;2579695;49;2766854;46;2825506
31.10.2021 17:00;4;4000;4;4000;65;458540;476;1542964;216;1755300;8;2710;4;4000;4;3990;0;0;0;0;26;29430;6;6050;78;942831;104;2860835;0;3600000;0;3600000
31.10.2021 18:00;4;4000;4;4000;36;323857;378;1160741;172;1570897;2;710;4;3990;4;4000;0;0;0;0;31;38799;3;3020;58;768786;143;2104942;0;3600000;0;3600000
31.10.2021 19:00;2;2000;2;2000;31;89140;283;1107592;148;1168727;3;1360;2;2000;2;2000;0;0;0;0;23;25195;3;3020;47;526880;161;1567659;0;3600000;0;3600000
31.10.2021 20:00;2;2000;2;1990;29;247320;234;874190;106;908772;3;1230;2;1990;2;2000;0;0;0;0;16;17340;7;7140;42;454331;132;1318967;0;3600000;0;3600000
31.10.2021 21:00;2;2000;2;2000;22;109954;167;721910;82;822530;6;2640;2;1990;2;2000;0;0;0;0;12;12840;4;4076;33;297420;131;1022993;0;3600000;0;3600000
31.10.2021 22:00;2;2000;2;2000;16;207859;104;397330;52;718114;4;1490;2;2000;2;1980;0;0;0;0;9;9350;6;6020;23;306838;75;537170;0;3600000;0;3600000
01.11.2021 00:00;2;2000;2;2000;5;60470;44;83660;9;172630;0;0;2;2000;2;2000;0;0;0;0;2;2460;0;0;8;131020;37;158210;0;3600000;0;3600000
01.11.2021 01:00;0;0;1;1000;2;3290;28;16980;4;86580;1;15240;0;0;1;990;0;0;0;0;1;1010;0;0;1;16440;26;176100;0;3600000;0;3600000
01.11.2021 02:00;0;0;0;0;2;2400;9;37070;7;149164;0;0;0;0;0;0;0;0;0;0;1;1260;0;0;2;23960;10;42140;5;3469850;5;3471020
01.11.2021 03:00;0;0;0;0;2;1290;6;14310;6;119086;0;0;0;0;0;0;0;0;0;0;1;1710;0;0;0;0;4;21020;0;3600000;0;3600000
01.11.2021 04:00;1;1055;0;0;5;50630;24;44960;11;198510;1;7890;1;1000;0;0;0;0;0;0;0;0;0;0;3;46885;19;127415;0;3600000;0;3600000
01.11.2021 05:00;3;3000;3;3000;9;117998;164;271737;38;416198;2;9640;3;3000;3;3000;0;0;0;0;2;3418;0;0;17;224298;86;786415;0;3600000;0;3600000
01.11.2021 06:00;4;4000;3;3000;23;178790;413;1123608;98;1117791;2;330;4;4000;4;3990;0;0;0;0;6;6180;2;2000;40;682353;119;2190409;0;3600000;0;3600000
01.11.2021 07:00;7;6990;6;6000;71;655575;541;1491651;284;2210544;9;3950;7;6990;6;6000;0;0;0;0;26;33654;19;19140;76;1237482;92;3347713;0;3600000;0;3600000
01.11.2021 08:00;7;6990;8;7980;74;865670;559;1860169;302;2473966;11;4740;7;7000;7;7000;0;0;0;0;32;34182;15;15130;78;1345176;211;3198674;19;3387715;18;3279825
01.11.2021 09:00;5;4980;4;3990;78;761445;422;1857531;297;2053686;9;51570;5;5000;5;5000;0;0;0;0;30;32100;9;9270;68;1245092;144;2852888;0;3600000;0;3600000
01.11.2021 10:00;4;3990;4;3990;64;540919;385;1640712;259;1873490;9;45570;4;4000;4;4000;0;0;0;0;30;32450;9;9560;78;1152155;143;2610546;0;3600000;0;3600000
01.11.2021 11:00;3;3000;4;4000;79;570203;383;1866459;312;1988446;11;59160;4;3990;3;3000;0;0;0;0;40;44050;15;15160;92;1510118;156;2857308;0;3600000;0;3600000
01.11.2021 12:00;6;5990;6;6054;81;579314;435;1850429;251;1725282;9;108294;5;5000;6;6000;0;0;0;0;55;64520;12;12070;119;1640291;129;3072094;0;3600000;0;3600000
01.11.2021 13:00;8;7980;8;7980;106;783721;441;1576773;295;1956883;16;49020;8;7980;8;7990;0;0;0;0;37;40540;14;14660;98;1356065;128;3065049;0;3600000;0;3600000
01.11.2021 14:00;4;3990;6;5990;103;683598;437;1774391;282;2084375;9;7380;4;3990;6;6000;0;0;0;0;49;55145;17;17910;85;1337901;137;3071032;0;3600000;0;3600000
01.11.2021 15:00;5;4990;3;2990;109;1001361;463;2163024;325;2636846;9;45770;5;4980;4;4000;0;0;0;0;37;42100;10;10080;95;1701350;101;3326485;0;3600000;0;3600000
01.11.2021 16:00;3;3000;3;3000;122;996042;498;2209704;299;2577583;13;74750;3;3000;2;2000;0;0;0;0;56;64140;18;18910;98;1665015;111;3394244;0;3600000;0;3600000
01.11.2021 17:00;4;3990;6;6000;127;1141632;501;2118846;291;2475253;16;7530;4;3990;6;6000;0;0;0;0;61;69080;13;14040;104;1600377;43;3519218;0;3600000;0;3600000
01.11.2021 18:00;5;5000;3;3000;131;1221874;528;1795615;245;2222350;6;34515;5;4990;3;3000;0;0;0;0;48;52912;24;24590;119;1513431;58;3363290;0;3600000;0;3600000
01.11.2021 19:00;4;3990;5;5000;73;663793;385;1130014;158;1872723;7;4140;4;3990;5;5000;0;0;0;0;39;41540;9;9050;94;1363517;147;2315074;0;3600000;0;3600000
01.11.2021 20:00;4;4000;4;4000;48;382125;251;1126180;121;1249993;1;510;4;4000;4;3990;0;0;0;0;23;25500;9;10070;54;612600;136;1590620;0;3600000;0;3600000
01.11.2021 21:00;2;1990;2;2000;32;185762;180;573730;81;688821;4;36490;2;2000;2;2000;0;0;0;0;17;17500;15;15800;45;525852;107;981320;0;3600000;0;3600000
01.11.2021 22:00;2;2000;2;2000;25;212006;147;542920;80;620995;0;0;2;2000;2;2000;0;0;0;0;7;7270;2;2010;29;365056;101;768875;0;3600000;0;3600000
01.11.2021 23:00;2;2000;2;1990;8;60230;71;334718;29;377150;0;0;2;2000;2;2000;0;0;0;0;8;8050;0;0;16;275674;66;385270;0;3600000;0;3600000
02.11.2021 00:00;2;2000;2;1990;11;29140;28;39640;8;182140;0;0;2;2000;2;2000;0;0;0;0;2;2010;2;2020;4;35250;20;82620;0;3600000;0;3600000
02.11.2021 01:00;0;0;1;1000;3;8780;18;9990;8;181493;0;0;0;0;1;1000;0;0;0;0;1;2020;1;1000;2;19500;17;52270;0;3600000;0;3600000
02.11.2021 02:00;0;0;0;0;3;84104;14;40750;2;90890;0;0;0;0;0;0;0;0;0;0;0;0;0;0;4;78924;10;38390;0;3600000;0;3600000
02.11.2021 03:00;0;0;0;0;1;640;14;23550;7;110564;2;47264;0;0;0;0;0;0;0;0;0;0;0;0;1;40430;13;43130;0;3600000;0;3600000
02.11.2021 04:00;1;1000;0;0;4;55449;28;49850;11;213865;0;0;1;1000;0;0;0;0;0;0;0;0;0;0;10;62530;26;120110;0;3600000;0;3600000
02.11.2021 05:00;3;3000;2;1990;8;49500;172;436600;39;580565;3;93840;3;2990;3;3000;0;0;0;0;0;0;0;0;11;153886;88;971254;0;3600000;0;3600000
02.11.2021 06:00;4;4000;5;4990;21;208275;435;915050;96;1248596;4;1120;4;4000;4;4000;0;0;0;0;7;7040;6;6060;27;500426;113;2168424;0;3600000;0;3600000
02.11.2021 07:00;5;4980;3;3000;106;1099581;595;1719801;283;2360335;15;74990;5;5000;3;3000;0;0;0;0;41;63809;22;22490;78;1100110;111;3347516;0;3600000;0;3600000
02.11.2021 08:00;6;5990;6;5980;100;725222;634;1767056;314;2362069;16;128500;6;6000;7;7000;0;0;0;0;32;35220;8;8080;83;1303745;175;3444120;0;3600000;0;3600000
02.11.2021 09:00;3;2990;4;3990;60;863861;592;1598728;268;2338662;16;54201;4;3990;4;4000;0;0;0;0;35;40810;7;7280;83;1672226;174;2998215;29;3188749;30;3088462
02.11.2021 10:00;5;5000;4;4000;83;834466;438;1773240;258;2043216;9;39770;5;5000;4;4000;0;0;0;0;32;34540;24;24240;81;1322345;157;2698984;43;3193843;35;2895801
02.11.2021 11:00;5;4970;6;6054;78;420708;339;1661859;273;1751356;11;5690;4;4000;5;5000;0;0;0;0;29;31590;17;17120;95;1329883;162;2279419;0;3600000;0;3600000
02.11.2021 12:00;5;5000;4;3990;75;573770;388;1777471;238;1781076;6;52190;5;5000;4;4000;0;0;0;0;39;42200;10;10100;98;1449812;148;2761639;29;3058154;39;2876551
02.11.2021 13:00;8;7980;8;8000;90;637478;473;1808396;290;2310184;5;4010;8;7990;9;8980;0;0;0;0;38;40260;24;24490;88;1498414;134;3114114;61;2672951;85;2337349
02.11.2021 14:00;5;5000;7;7000;85;489597;446;1833018;274;1922661;6;42950;5;4990;6;6000;0;0;0;0;30;34040;16;16150;97;1653834;131;2959891;0;3600000;0;3600000
02.11.2021 15:00;3;3000;3;2990;89;696197;471;1783753;295;2094393;5;18640;3;2990;4;4000;0;0;0;0;31;36999;17;17210;110;1447370;124;2913171;0;3600000;0;3600000
02.11.2021 16:00;5;5000;4;4000;132;1080305;518;1933651;306;2692157;9;42110;5;5000;3;3000;0;0;0;0;48;51960;15;15170;127;1996361;170;3126287;84;2715425;100;2441676
02.11.2021 17:00;3;2990;4;3970;116;996420;536;1770216;255;2995396;4;2010;3;2990;4;4000;0;0;0;0;46;49400;23;23240;119;2203070;91;3314047;149;2251216;152;2042284
02.11.2021 18:00;5;5000;5;4990;89;710719;478;1624154;250;2275472;7;2520;5;4990;5;4980;0;0;0;0;42;46900;33;34770;117;1701903;135;2930987;150;1826212;133;1363575
02.11.2021 19:00;5;4980;3;2990;71;609405;391;1154870;160;1717307;4;2720;5;5000;3;2990;0;0;0;0;37;41545;11;11110;78;1265025;139;2252637;109;2107401;95;1998287
02.11.2021 20:00;3;3000;5;5000;47;402444;213;947703;127;1003601;8;3630;3;3000;5;5000;0;0;0;0;33;41024;4;4040;57;618920;127;1497217;15;3243770;19;3282040
02.11.2021 21:00;2;2000;2;2000;35;332584;194;701157;105;997493;1;640;2;2000;2;2000;0;0;0;0;18;20792;7;7050;35;304415;139;1151248;0;3600000;0;3600000
02.11.2021 22:00;2;1990;2;2000;27;192330;187;716703;74;697562;5;1750;2;2000;2;2000;0;0;0;0;17;18400;1;1010;29;293610;119;1013819;22;2986337;21;3018461
02.11.2021 23:00;2;2000;2;2000;16;64065;85;327299;44;375045;2;320;2;1990;2;2000;0;0;0;0;6;6310;2;2020;35;471974;77;519092;14;1267984;21;1311176
03.11.2021 00:00;2;1990;2;2000;11;50020;33;91820;18;268906;1;510;2;2000;2;1990;0;0;0;0;4;4440;0;0;11;120470;20;104780;13;43213;11;41290
03.11.2021 01:00;0;0;1;1000;0;0;16;8950;9;152460;0;0;0;0;1;1000;0;0;0;0;0;0;0;0;3;62730;11;46190;2;6780;4;11170
03.11.2021 02:00;0;0;0;0;2;1040;11;6480;2;52660;0;0;0;0;0;0;0;0;0;0;0;0;0;0;0;0;11;33593;3;10290;5;14270
03.11.2021 03:00;0;0;0;0;0;0;18;9670;5;99802;0;0;0;0;0;0;0;0;0;0;0;0;0;0;0;0;15;52135;5;18760;6;20200
03.11.2021 04:00;1;1000;0;0;6;48675;25;76110;7;76820;0;0;1;1000;0;0;0;0;0;0;0;0;0;0;8;123630;27;125134;14;67600;28;113480
03.11.2021 05:00;3;2990;3;3057;15;39070;163;363123;34;551950;1;780;3;3000;3;2980;0;0;0;0;2;2020;0;0;13;173920;97;923358;41;204620;50;244260
03.11.2021 06:00;4;4000;3;3000;34;269565;430;998720;102;1453642;0;0;4;3990;4;3990;0;0;0;0;6;6040;4;4020;31;541925;98;2309877;86;1215278;92;736532
03.11.2021 07:00;6;5990;6;5990;90;604828;556;1673595;299;2349611;8;132780;7;6990;5;5000;0;0;0;0;14;16470;11;11110;77;1301985;49;3506715;76;2288625;99;1661400
03.11.2021 08:00;8;8000;9;8990;98;882713;567;1981322;306;2285559;8;58390;7;7000;9;8980;0;0;0;0;23;26620;10;10190;81;1643278;81;3513873;91;2096211;111;1791369
03.11.2021 09:00;5;4980;3;3000;84;800022;618;1601193;263;2365037;6;6520;5;5000;4;4000;0;0;0;0;36;38590;12;12133;70;1235393;143;3198940;27;3250807;25;3192294
03.11.2021 10:00;3;3000;4;4000;74;636159;453;1681143;234;1849478;5;416860;4;4000;4;3990;0;0;0;0;31;34610;7;7320;76;1104625;121;2962063;0;3600000;0;3600000
03.11.2021 11:00;5;5000;4;4000;71;642350;386;1722998;272;1876390;1;840;4;3990;4;4000;0;0;0;0;40;45209;17;17190;106;1369331;135;2663575;0;3600000;0;3600000
03.11.2021 12:00;5;4980;6;6061;80;741711;429;1733640;233;1956508;4;2530;5;5000;5;5000;0;0;0;0;35;39480;10;10770;105;1585778;160;2802425;6;3492747;20;3336407
03.11.2021 13:00;8;7990;8;7990;84;860063;457;1785395;269;2188532;7;5040;8;7990;8;7990;0;0;0;0;38;42450;7;7630;105;1517953;135;2883515;117;2319588;158;1716330
03.11.2021 14:00;4;3990;6;5990;91;430651;468;1746063;257;2091341;6;30690;5;5000;6;6000;0;0;0;0;37;43470;7;7060;98;1498949;115;3027707;133;2296671;134;1392971
03.11.2021 15:00;5;4990;4;4000;117;890175;529;1742967;323;2474610;4;2850;4;4000;4;3990;0;0;0;0;49;73090;22;23150;106;1551660;166;2943898;123;2412838;156;1542325
03.11.2021 16:00;4;3990;4;3990;121;875382;531;1704850;286;2661918;10;139636;4;4000;4;3990;0;0;0;0;49;66240;13;13120;107;1602125;159;2958242;34;3251403;45;3014637
03.11.2021 17:00;3;3000;4;3990;134;948045;440;1795072;268;2431941;7;4840;3;2990;4;4000;0;0;0;0;72;84610;19;19210;121;1832859;119;3035886;0;3600000;0;3600000
03.11.2021 18:00;5;4970;3;3000;91;693579;462;1374665;261;2068863;7;3690;5;5000;3;3000;0;0;0;0;47;57240;13;13178;106;1239765;129;2841753;0;3600000;0;3600000
03.11.2021 19:00;5;5000;4;4045;73;606729;356;1060490;181;1575510;3;1100;5;4990;5;4990;0;0;0;0;31;35150;9;9070;78;1182881;160;1924890;0;3600000;0;3600000
03.11.2021 20:00;3;3000;5;4980;44;195100;205;1037059;136;1188941;1;200;3;3000;4;4000;0;0;0;0;15;16000;5;5070;60;690001;127;1431751;0;3600000;0;3600000
03.11.2021 21:00;2;1990;2;2000;32;264917;197;827798;78;753828;0;0;2;2000;2;1990;0;0;0;0;14;14700;6;6070;40;527237;126;1223581;0;3600000;0;3600000
03.11.2021 22:00;2;1990;2;2000;23;126910;163;590215;82;729537;0;0;2;2000;2;1990;0;0;0;0;13;14310;3;3040;37;529833;113;929389;0;3600000;0;3600000
03.11.2021 23:00;2;2000;2;2000;20;101600;88;366638;32;417005;0;0;2;2000;2;1990;0;0;0;0;4;4270;4;4050;25;207040;70;522261;26;920062;34;978302
04.11.2021 00:00;2;1990;2;1990;16;151820;37;122450;13;155166;0;0;2;2000;2;2000;0;0;0;0;1;1010;1;1020;7;87280;33;136650;22;625450;26;678970
04.11.2021 01:00;0;0;1;1000;2;5670;21;94370;10;175950;0;0;0;0;1;1000;0;0;0;0;0;0;2;2030;3;63140;16;73016;8;935078;11;976318
04.11.2021 02:00;0;0;0;0;1;19810;13;9500;8;88520;0;0;0;0;0;0;0;0;0;0;1;1010;0;0;3;60820;12;54140;0;3600000;0;3600000
04.11.2021 03:00;0;0;0;0;0;0;15;9200;4;105960;0;0;0;0;0;0;0;0;0;0;0;0;0;0;0;0;12;48280;0;3600000;0;3600000
04.11.2021 04:00;1;990;0;0;4;11420;25;64582;11;227542;1;390;1;1000;0;0;0;0;0;0;0;0;0;0;5;58350;26;102160;0;3600000;0;3600000
04.11.2021 05:00;3;2990;3;3000;13;34730;168;412182;34;710420;0;0;3;3000;3;3000;0;0;0;0;1;1010;1;1010;12;131124;98;923876;29;2447465;34;2543514
04.11.2021 06:00;4;3980;4;4000;26;298400;441;1033885;101;1373708;1;82608;4;3990;4;4000;0;0;0;0;12;13200;1;1010;27;518130;102;2449872;12;3114679;10;3137753
04.11.2021 07:00;7;6990;5;5000;79;818529;552;1647941;302;2110877;7;6320;7;7000;6;5990;0;0;0;0;22;24040;9;9090;72;1219577;49;3478855;0;3600000;0;3600000
04.11.2021 08:00;7;6990;8;7990;107;943316;585;1716643;298;2325017;7;54650;7;7000;8;7980;0;0;0;0;27;30510;15;15130;84;1570846;91;3420658;0;3600000;0;3600000
04.11.2021 09:00;4;3990;4;4000;75;745540;450;1639626;267;2107054;7;1930;4;4000;4;4000;0;0;0;0;29;31580;11;11090;84;1412132;128;3035843;61;3135483;26;2993802
04.11.2021 10:00;4;4000;5;5000;93;636737;443;1408397;251;1962679;9;75500;5;5000;4;4000;0;0;0;0;28;30270;3;3040;86;1456014;148;2504571;206;881623;118;1768741
04.11.2021 11:00;4;4000;3;3000;96;688790;398;1416008;260;1970660;6;45080;4;3990;4;3990;0;0;0;0;36;38700;17;17190;97;1426560;158;2453166;210;1091685;126;1279486
04.11.2021 12:00;6;5990;5;5000;97;779083;395;1922796;275;2072025;8;4520;5;4980;4;4000;0;0;0;0;39;42210;17;18050;89;1731714;142;2683084;108;2404022;73;2528521
04.11.2021 13:00;8;7980;9;8980;82;651128;406;1784846;289;1982371;5;4910;8;8000;8;7990;0;0;0;0;52;61760;24;24330;92;1258269;120;3027354;0;3600000;0;3600000
04.11.2021 14:00;5;4990;5;4990;98;900502;416;1597460;255;1840227;4;1300;5;5000;5;5000;0;0;0;0;35;42360;23;23850;105;1540645;147;2539794;50;3042971;72;2808834
04.11.2021 15:00;4;4000;4;4000;103;736876;465;1930707;294;2347986;6;3180;4;4000;4;3980;0;0;0;0;44;48834;17;17560;129;1715373;165;2959301;121;2395148;177;1975736
04.11.2021 16:00;3;3000;5;5000;141;1153222;518;1871285;267;2932093;3;54990;3;3000;5;5000;0;0;0;0;55;90820;18;18380;102;2026400;115;3061630;34;3325341;40;3226725
04.11.2021 17:00;5;4990;3;3000;125;936945;488;2023732;312;2468392;13;8560;5;4990;3;3000;0;0;0;0;51;55650;20;20540;143;1984371;57;3385310;0;3600000;0;3600000
04.11.2021 18:00;4;4000;4;4000;112;1007175;490;1639603;240;2248817;5;2010;4;4000;5;4990;0;0;0;0;52;62910;24;24810;117;1469420;106;3058060;0;3600000;0;3600000
04.11.2021 19:00;4;4000;5;5000;70;344130;356;1118689;188;1562365;3;55840;4;4000;4;4000;0;0;0;0;28;31120;7;7060;72;974955;143;1840748;0;3600000;0;3600000
04.11.2021 20:00;4;4000;4;3980;41;322923;242;1107218;117;932075;0;0;4;4000;4;3990;0;0;0;0;28;31200;5;5450;62;607440;123;1619361;0;3600000;0;3600000
04.11.2021 21:00;2;1990;2;2000;27;164605;207;618877;84;578790;0;0;2;2000;2;1990;0;0;0;0;14;15490;1;1010;56;606060;127;1161769;0;3600000;0;3600000
04.11.2021 22:00;2;2000;2;2000;35;190440;184;821038;91;712267;2;17930;2;2000;2;2000;0;0;0;0;13;16530;1;1020;33;395173;121;1304601;0;3600000;0;3600000
04.11.2021 23:00;2;2000;2;1990;27;176187;94;357304;47;599585;1;200;2;2000;2;2000;0;0;0;0;9;9740;0;0;22;304350;85;562565;0;3600000;0;3600000
05.11.2021 00:00;2;2000;2;2000;12;24310;37;101260;19;346197;0;0;2;2000;2;2000;0;0;0;0;1;1230;0;0;13;118080;26;148290;0;3600000;0;3600000
05.11.2021 01:00;0;0;1;990;9;137400;28;23870;12;267760;0;0;0;0;1;1000;0;0;0;0;0;0;1;1020;5;99300;24;98710;5;3188683;6;3191593
05.11.2021 02:00;0;0;0;0;4;16020;19;29350;5;149705;1;1230;0;0;0;0;0;0;0;0;0;0;0;0;8;96480;17;74459;9;334145;9;335805
05.11.2021 03:00;0;0;0;0;1;15851;19;34560;4;70100;0;0;0;0;0;0;0;0;0;0;0;0;0;0;0;0;15;66538;6;16150;7;24790
05.11.2021 04:00;1;1000;0;0;9;71080;20;35950;7;116650;0;0;1;1000;0;0;0;0;0;0;0;0;0;0;8;157550;17;77563;16;543099;14;391544
05.11.2021 05:00;3;3000;3;3000;15;139615;171;274624;31;511945;0;0;3;3000;3;3000;0;0;0;0;1;1010;2;2010;9;195615;107;804844;49;238314;33;177910
05.11.2021 06:00;4;3990;4;4000;35;505795;383;897744;92;1162327;1;17400;4;3990;4;4000;0;0;0;0;3;3030;0;0;27;611252;134;1957845;93;659300;64;440806
05.11.2021 07:00;7;7000;5;5000;77;656714;542;1615198;301;2420548;8;6440;7;6970;5;4990;0;0;0;0;36;46540;12;13080;72;1412996;98;3225938;87;2152235;96;1559025
05.11.2021 08:00;7;6980;9;9000;78;719854;482;1593233;306;2260622;5;95715;8;8000;9;8990;0;0;0;0;26;29370;7;7100;63;1414541;168;3089948;87;2024872;97;1489550
05.11.2021 09:00;5;5000;3;2990;67;459013;418;1372713;279;2104298;3;970;4;4000;3;3000;0;0;0;0;32;34320;14;14110;69;940195;189;2401391;85;1651568;112;1193128
05.11.2021 10:00;4;3990;5;4990;61;534513;377;1288994;258;1956249;2;840;4;3990;5;5000;0;0;0;0;31;32630;9;9175;69;1061698;164;2436799;87;2362141;87;2034249
05.11.2021 11:00;4;4000;4;3990;80;496145;434;1679534;269;2091461;2;1940;4;3990;4;4000;0;0;0;0;54;62610;19;19310;86;1393108;165;2704321;97;2144815;95;2003619
05.11.2021 12:00;5;4980;5;5000;111;679198;445;1497771;299;2264648;5;3300;5;4990;5;5000;0;0;0;0;42;44270;13;13140;106;1483250;166;2634756;111;2272573;119;1918210
05.11.2021 13:00;8;8000;8;7980;97;866811;482;1664618;294;2519374;10;36660;8;7970;8;8000;0;0;0;0;47;52790;39;41840;109;1599961;222;2792869;101;2250111;103;1946363
05.11.2021 14:00;5;5000;5;5000;96;919485;486;1535061;319;2652730;8;74506;5;4990;5;4990;0;0;0;0;41;46040;16;16200;104;1521631;224;2590871;130;2305945;131;1853155
05.11.2021 15:00;4;4000;5;4990;107;769994;468;1473750;288;2399992;5;67680;4;4000;5;5000;0;0;0;0;46;51950;19;20060;104;1623860;213;2603813;145;2202880;246;1845419
05.11.2021 16:00;3;2990;4;3990;113;912875;488;1790721;278;2387647;5;2440;3;3000;4;4000;0;0;0;0;54;62790;15;15810;107;1712477;210;2741812;192;2266224;163;1808784
05.11.2021 17:00;5;4990;3;3000;107;1033843;496;1889566;284;2573066;6;3500;5;5000;3;3000;0;0;0;0;49;60910;21;21630;101;1555611;126;3135499;159;1857870;184;1529346
05.11.2021 18:00;4;3990;5;5000;82;655345;471;1589051;250;2104103;3;7740;4;3990;5;4990;0;0;0;0;72;98917;21;22185;93;959426;151;2668756;201;1932234;154;1687026
05.11.2021 19:00;5;4990;3;3000;79;587120;388;1327095;179;1858838;2;1100;5;5000;4;4000;0;0;0;0;41;52641;8;8220;85;1179587;144;2148249;177;767456;154;908255
05.11.2021 20:00;3;3000;5;4980;43;348586;243;1038569;136;975107;3;960;3;3000;4;3990;0;0;0;0;28;30850;7;7070;53;559120;130;1563725;130;737322;134;474628
05.11.2021 21:00;2;2000;2;2000;40;250550;217;816620;116;916440;2;2590;2;1990;2;2000;0;0;0;0;17;18650;5;5650;54;501707;135;1086690;86;1475520;60;1331870
05.11.2021 22:00;2;2000;2;2000;30;146265;207;688458;89;791110;0;0;2;2000;2;2000;0;0;0;0;22;26320;6;6960;52;519315;132;1118192;67;1666968;59;1643685
05.11.2021 23:00;2;2000;2;2000;29;279046;159;763465;73;734597;1;130;2;2000;2;2000;0;0;0;0;15;16000;6;6020;37;424490;118;818666;79;268840;74;341403
06.11.2021 00:00;2;1990;2;2000;23;115760;97;243970;34;505826;0;0;2;2000;2;1990;0;0;0;0;7;7940;4;4040;15;168770;73;513258;43;105200;43;162510
06.11.2021 01:00;0;0;1;1000;11;112120;60;177014;27;373706;0;0;0;0;1;1000;0;0;0;0;2;2340;5;5650;10;214356;47;216830;25;1428752;27;1446522
06.11.2021 02:00;0;0;0;0;3;2780;42;93480;29;429744;1;190;0;0;0;0;0;0;0;0;2;2080;4;4480;3;44270;38;141240;13;2454996;14;2458816
06.11.2021 03:00;0;0;0;0;6;60410;29;14290;9;154520;0;0;0;0;0;0;0;0;0;0;0;0;0;0;4;49790;21;78620;0;3600000;0;3600000
06.11.2021 04:00;1;1000;0;0;6;51770;18;29180;13;325887;2;46510;1;1000;0;0;0;0;0;0;1;2010;1;1010;8;185960;17;68860;0;3600000;0;3600000
06.11.2021 05:00;3;3000;3;3000;11;95915;68;103556;14;283291;0;0;3;2990;3;3000;0;0;0;0;0;0;2;2320;7;97040;51;235120;0;3600000;0;3600000
06.11.2021 06:00;4;4000;4;4054;19;46730;92;237121;25;366691;0;0;4;4000;4;3990;0;0;0;0;4;4610;1;1010;10;129034;84;359550;0;3600000;0;3600000
06.11.2021 07:00;4;4000;4;3990;19;102993;156;479150;54;617303;0;0;4;3990;4;4000;0;0;0;0;5;9980;1;1010;18;333756;113;646123;0;3600000;0;3600000
06.11.2021 08:00;5;4990;4;3990;30;116900;203;608572;114;1171210;3;1600;5;4980;4;3990;0;0;0;0;9;10390;5;5040;28;336190;136;928894;16;3034771;18;3023361
06.11.2021 09:00;4;3990;4;3990;57;598391;339;997910;217;1644272;3;780;4;4000;4;4000;0;0;0;0;22;22760;3;3030;67;832776;176;1942324;40;2405908;42;2338368
06.11.2021 10:00;5;5000;5;4990;79;451146;375;1574620;275;1861204;3;1940;5;5000;5;5000;0;0;0;0;28;30310;5;5060;55;609223;132;2449642;0;3600000;0;3600000
06.11.2021 11:00;4;3990;4;4000;65;307252;369;1462666;238;1646209;1;390;4;4000;4;4000;0;0;0;0;42;48880;16;16135;88;1215085;166;2311084;0;3600000;0;3600000
06.11.2021 12:00;4;4000;4;4000;81;594754;440;1650452;259;1850950;3;910;4;3990;4;4000;0;0;0;0;48;52400;20;20170;103;1482597;168;2528246;0;3600000;0;3600000
06.11.2021 13:00;4;3990;4;4000;76;515934;412;1564516;234;1759456;2;32240;4;4000;4;4000;0;0;0;0;49;76730;14;14770;85;1210903;193;2278351;116;1846047;114;1811994
06.11.2021 14:00;4;3990;4;3990;70;435510;408;1380513;210;1814672;3;33960;4;3990;4;4000;0;0;0;0;43;48100;9;9380;86;1130022;175;2508442;0;3600000;0;3600000
06.11.2021 15:00;4;4000;4;3990;82;458327;419;1397045;235;1894651;4;3670;4;4000;4;4000;0;0;0;0;45;48370;14;14090;81;1078016;175;2711371;86;2490926;102;2236932
06.11.2021 16:00;4;4000;4;3990;72;750510;428;1494165;204;1598733;5;2590;4;4000;4;4000;0;0;0;0;39;45120;10;10090;73;1213669;179;2536518;117;1501408;143;1090549
06.11.2021 17:00;4;3990;5;4990;69;448490;445;1449425;188;1635821;5;7323;4;3990;5;5000;0;0;0;0;52;86739;9;9080;78;1043556;127;2856974;134;1741883;144;1532585
06.11.2021 18:00;4;3990;4;4000;77;609155;431;1380288;172;1453521;4;29090;4;4000;4;4000;0;0;0;0;56;61790;11;11580;88;1394660;132;2531176;168;1597526;155;1364060
06.11.2021 19:00;4;3990;4;3990;79;491935;348;1431183;166;1417661;7;9840;4;4000;4;3990;0;0;0;0;36;41440;22;23710;99;1294414;123;2135604;164;908067;131;804716
06.11.2021 20:00;2;2000;2;2000;39;270710;289;1019360;121;1084361;7;60030;2;2000;2;2000;0;0;0;0;28;30550;3;3020;68;1058679;158;1506113;104;524861;125;531396
06.11.2021 21:00;2;2000;2;2000;34;229920;214;848804;87;820700;3;21420;2;2000;2;1990;0;0;0;0;24;27100;7;7060;42;375096;158;1164988;87;279188;82;347770
06.11.2021 22:00;2;2000;2;2000;26;121460;204;714934;91;686163;4;11560;2;2000;2;2000;0;0;0;0;28;30010;6;6040;41;543034;132;1066404;86;362284;85;451719
06.11.2021 23:00;2;2000;2;2000;26;143410;194;618675;83;898899;2;1480;2;1990;2;2000;0;0;0;0;10;10470;5;5030;41;516119;131;814276;38;2067023;34;2159464
07.11.2021 00:00;2;1990;2;2000;24;218690;87;324900;60;562630;3;19690;2;2000;2;1990;0;0;0;0;2;3040;1;1000;17;192000;79;440980;0;3600000;0;3600000
07.11.2021 01:00;0;0;1;1000;10;44030;64;166130;31;457558;0;0;0;0;1;1000;0;0;0;0;3;4250;1;1010;14;331556;58;238873;0;3600000;0;3600000
07.11.2021 02:00;0;0;0;0;7;54580;42;122050;24;361670;0;0;0;0;0;0;0;0;0;0;4;4070;4;4210;6;105330;36;167809;1;3519123;1;3519053
07.11.2021 03:00;0;0;0;0;5;150940;31;69140;16;264869;0;0;0;0;0;0;0;0;0;0;2;3910;0;0;4;38580;22;88550;15;1898675;13;1887225
07.11.2021 04:00;0;0;0;0;6;77390;38;32280;8;197600;1;25130;0;0;0;0;0;0;0;0;0;0;0;0;4;53420;35;194728;9;2444912;12;2453182
07.11.2021 05:00;1;1000;1;1000;6;33920;34;56632;11;138864;0;0;2;2000;1;1000;0;0;0;0;0;0;1;1100;5;88360;29;113640;0;3600000;0;3600000
07.11.2021 06:00;3;3000;2;2000;12;77730;29;114905;20;260124;2;24500;2;2000;2;2000;0;0;0;0;0;0;0;0;15;137775;22;81050;0;3600000;0;3600000
07.11.2021 07:00;2;2000;2;1990;6;1520;64;180377;22;317974;0;0;2;2000;2;2000;0;0;0;0;2;2340;0;0;15;163064;52;457039;0;3600000;0;3600000
07.11.2021 08:00;2;2000;2;2000;11;109598;97;455477;47;549692;0;0;2;1990;2;2000;0;0;0;0;12;14700;0;0;13;185930;83;599725;0;3600000;0;3600000
07.11.2021 09:00;2;2000;2;2000;18;82680;199;650695;86;993910;2;30310;2;2000;2;2000;0;0;0;0;10;10070;2;2010;28;383436;126;923918;0;3600000;0;3600000
07.11.2021 10:00;2;2000;2;1990;23;155360;229;795954;118;1158605;1;30720;2;2000;2;2000;0;0;0;0;7;7420;4;4040;28;297824;142;1110444;0;3600000;0;3600000
07.11.2021 11:00;2;2000;2;2000;28;131450;268;1016843;140;1023512;1;460;2;1990;2;2000;0;0;0;0;15;16630;2;2010;42;515420;155;1474788;12;3407658;11;3418908
07.11.2021 12:00;3;2990;3;3000;54;336515;323;1019077;168;1370932;1;190;3;3000;3;2990;0;0;0;0;21;22060;10;10220;40;423580;149;1859069;0;3600000;0;3600000
07.11.2021 13:00;4;3990;4;4000;55;286011;318;1014944;188;1437909;1;190;4;4000;4;4000;0;0;0;0;18;24070;4;4180;54;769543;171;1713081;43;2571833;46;2602141
07.11.2021 14:00;4;3990;4;4000;61;543537;336;1219842;160;1334621;1;35350;4;4000;4;4000;0;0;0;0;19;22130;12;12110;57;736816;173;1890255;133;964593;124;802011
07.11.2021 15:00;4;3990;4;3990;60;461000;322;1157480;176;1265385;1;260;4;4000;4;4000;0;0;0;0;18;21720;8;8050;55;801107;168;1885583;116;1105331;129;853717
07.11.2021 16:00;4;4000;4;4000;56;230725;346;1286103;198;1463083;2;450;4;3980;4;3990;0;0;0;0;18;20120;8;8150;66;938996;173;1838786;120;1314110;120;972422
07.11.2021 17:00;4;4000;4;4000;50;330467;401;1392194;159;1394363;3;23460;4;4000;4;4000;0;0;0;0;26;27380;8;9450;74;799639;133;2283508;150;1028015;122;847079
07.11.2021 18:00;4;4000;4;4000;66;458055;360;1038809;131;1360237;1;320;4;3990;4;4000;0;0;0;0;11;11310;8;8230;65;703634;145;1859676;142;1297776;105;1138839
07.11.2021 19:00;2;2000;2;1990;46;463045;310;844541;121;1166662;3;1610;2;2000;2;2000;0;0;0;0;25;27420;5;5030;46;649747;151;1495840;84;1867716;61;1738731
07.11.2021 20:00;2;2000;2;1990;27;214165;263;1071641;103;1057700;5;1360;2;2000;2;2000;0;0;0;0;12;12370;5;5030;33;245317;146;1574057;0;3600000;0;3600000
07.11.2021 21:00;2;2000;2;1990;26;197970;182;613286;72;599729;1;260;2;2000;2;2000;0;0;0;0;5;5510;2;2020;31;307710;124;885968;0;3600000;0;3600000
07.11.2021 22:00;2;1990;2;2000;21;168640;119;342341;38;409062;1;14010;2;2000;2;2000;0;0;0;0;7;7230;3;3030;21;211460;97;497857;0;3600000;0;3600000
07.11.2021 23:00;2;2000;2;2000;11;21960;36;463804;21;281634;1;25560;2;1990;2;1990;0;0;0;0;1;1070;1;1010;13;150851;45;181270;0;3600000;0;3600000
08.11.2021 00:00;2;2000;2;1990;8;22448;32;44000;7;80180;0;0;2;1990;2;2000;0;0;0;0;0;0;0;0;4;43630;23;101690;17;785344;26;820774
08.11.2021 01:00;0;0;1;1000;5;129900;14;31760;5;155180;1;31700;0;0;1;1000;0;0;0;0;0;0;0;0;3;49950;9;36260;7;1350290;9;1362070
08.11.2021 02:00;0;0;0;0;1;16780;14;6710;5;35070;0;0;0;0;0;0;0;0;0;0;0;0;0;0;2;34580;11;36934;0;3600000;0;3600000
08.11.2021 03:00;0;0;0;0;1;150;26;44450;2;17540;0;0;0;0;0;0;0;0;0;0;0;0;0;0;1;45800;16;56390;3;1872063;15;1902483
08.11.2021 04:00;1;1000;0;0;4;23790;30;22690;7;135120;1;580;1;1000;0;0;0;0;0;0;0;0;1;1000;4;40350;22;81990;4;3137920;4;3136490
08.11.2021 05:00;3;2990;3;2990;7;56230;188;447408;36;502407;1;650;3;3000;3;3000;0;0;0;0;4;4030;1;1010;15;219810;126;881141;0;3600000;0;3600000
08.11.2021 06:00;4;3990;4;4000;27;358530;412;1045778;118;1173037;4;1630;4;3990;4;3990;0;0;0;0;7;8340;3;3010;32;569738;130;2029341;0;3600000;0;3600000
08.11.2021 07:00;7;7000;5;5000;73;721662;574;1467882;271;2320863;11;80050;7;7000;5;5000;0;0;0;0;33;37880;13;13520;82;1010704;116;3295835;79;2105996;97;1729808
08.11.2021 08:00;8;7990;8;7990;88;870794;574;1563313;279;2325688;7;1930;8;7970;8;7990;0;0;0;0;32;33540;9;9220;77;1046232;146;3417856;83;2489770;92;1925273
08.11.2021 09:00;4;4000;4;4000;79;762330;471;1269101;258;2389323;5;4900;4;4000;5;4990;0;0;0;0;32;38850;13;13250;78;1236176;194;2652268;22;3128573;26;3010273
08.11.2021 10:00;4;3990;5;5000;69;362570;386;1509768;248;2012968;9;4350;5;5038;4;3990;0;0;0;0;32;37320;9;9070;81;1324506;175;2420777;35;3126878;38;2743981
08.11.2021 11:00;4;4000;5;5000;88;784871;413;1635307;264;2075881;10;157030;3;3041;5;5000;0;0;0;0;35;38993;13;14910;97;1260305;179;2397141;107;1676773;92;1416682
08.11.2021 12:00;6;5990;4;3990;68;519186;442;1735892;234;1800965;5;24430;6;6000;5;4990;0;0;0;0;43;45790;19;19400;82;1308927;196;2492609;135;1781617;149;1390066
08.11.2021 13:00;8;7990;8;8000;80;640501;411;1798274;276;2002197;5;30580;8;8000;7;6990;0;0;0;0;64;74000;11;12980;96;1292182;155;2817761;115;2038891;135;1589094
08.11.2021 14:00;5;4990;6;6000;86;724411;414;1400707;241;1797256;4;1750;5;4990;6;5980;0;0;0;0;34;38546;18;18650;103;1447028;144;2720605;110;2072861;129;1599095
08.11.2021 15:00;4;4000;4;3990;89;854108;508;1795583;275;2528377;1;8830;4;3990;4;4000;0;0;0;0;51;54814;21;22090;99;1612021;179;2968138;122;2433405;103;2120255
08.11.2021 16:00;4;3990;3;3000;131;1028739;491;1589790;303;2805422;6;2150;4;4000;4;4000;0;0;1;310;52;58440;19;19120;105;1902279;215;2822107;74;3127260;84;2689432
08.11.2021 17:00;3;3000;3;2990;108;946044;486;1683549;284;2754651;7;2730;3;3000;3;3000;0;0;0;0;55;62570;18;18270;102;1584771;109;3042525;95;2716174;115;2423562
08.11.2021 18:00;4;4044;4;3990;92;903873;465;1121449;218;2269953;3;1230;4;3990;4;3460;0;0;0;0;42;45050;9;9330;108;1407019;175;2186139;88;2819705;89;2483839
08.11.2021 19:00;5;4990;3;2990;76;591235;343;1077613;154;1682212;3;1470;5;5000;4;4530;0;0;0;0;20;21360;9;9764;77;1143678;155;1878923;0;3600000;0;3600000
08.11.2021 20:00;3;3000;4;3990;39;240410;205;903750;125;1110074;0;0;3;3000;4;4000;0;0;0;0;18;19340;3;3010;48;708104;142;1173185;0;3600000;0;3600000
08.11.2021 21:00;2;1990;3;2990;26;156149;183;708931;75;576923;4;1170;2;2000;2;2000;0;0;0;0;14;15650;5;5040;40;532115;114;933236;0;3600000;0;3600000
08.11.2021 22:00;2;2000;2;2000;20;180707;150;572326;70;696216;1;200;2;1990;2;2000;0;0;0;0;8;9010;4;5010;31;293782;109;697201;37;1696670;26;1586652
08.11.2021 23:00;2;2000;2;1990;21;160450;77;242792;32;322923;0;0;2;2000;2;2000;0;0;0;0;4;4040;2;2010;26;239460;63;370370;39;115410;32;86810
09.11.2021 00:00;2;2000;2;2000;12;5900;28;41210;9;186280;0;0;2;2000;2;1990;0;0;0;0;1;1110;0;0;6;52650;22;98800;10;2492600;13;2508530
09.11.2021 01:00;0;0;1;1000;1;1120;16;10130;8;131779;0;0;0;0;1;1000;0;0;0;0;0;0;0;0;1;1430;8;59374;0;3600000;0;3600000
09.11.2021 02:00;0;0;0;0;0;0;13;6880;4;78260;1;24820;0;0;0;0;0;0;0;0;0;0;0;0;0;0;10;34690;0;3600000;0;3600000
09.11.2021 03:00;0;0;0;0;2;1760;10;17610;4;103196;0;0;0;0;0;0;0;0;0;0;0;0;0;0;0;0;11;38050;0;3600000;0;3600000
09.11.2021 04:00;1;990;0;0;6;19090;32;52940;8;106097;2;9975;1;1000;0;0;0;0;0;0;0;0;0;0;5;100445;27;102620;0;3600000;0;3600000
09.11.2021 05:00;3;3000;3;2990;11;50410;177;462232;47;680790;0;0;3;2990;3;3000;0;0;0;0;1;1010;2;2020;12;151970;105;948804;7;3142479;6;3134249
09.11.2021 06:00;4;3990;3;2990;33;483011;422;1080086;115;1297288;3;1410;4;3990;3;3000;0;0;0;0;12;14680;3;3000;28;478619;113;2072695;103;1094354;77;774849
09.11.2021 07:00;6;6000;6;6000;81;699877;567;1941133;279;2223672;8;5550;7;6980;6;5990;0;0;0;0;21;27090;9;9380;77;1246293;153;3250258;3;3571472;5;3522772
09.11.2021 08:00;9;8990;9;9046;99;754633;605;1826576;306;2188785;8;3950;8;7990;9;8990;0;0;0;0;31;36000;14;14630;83;1092756;169;3392644;19;3299039;24;3252924
09.11.2021 09:00;4;4000;3;3000;76;563220;526;1480739;273;2097755;10;6590;4;4000;3;3000;0;0;0;0;40;47470;13;15080;83;1084679;185;2853376;0;3600000;0;3600000
09.11.2021 10:00;5;4980;4;4000;91;576156;419;1505199;256;1980737;4;28700;5;5000;5;5000;0;0;0;0;34;37100;17;17240;98;1191874;143;2657662;0;3600000;0;3600000
09.11.2021 11:00;4;4000;5;4990;86;654697;369;1554294;261;2026748;5;3120;4;3990;5;5000;0;0;0;0;42;46800;16;16090;93;1150272;157;2685401;93;2237803;94;1917398
09.11.2021 12:00;5;4990;5;4990;84;669170;391;1432060;261;1948313;11;6400;5;4990;5;4990;0;0;0;0;41;44590;13;13080;101;1371012;179;2557523;121;1774266;122;1459446
09.11.2021 13:00;8;7990;8;8000;99;840085;437;1627680;286;2401042;4;4470;8;7990;7;6980;0;0;0;0;40;50090;14;14600;111;1651715;159;2772819;110;2256699;118;1681890
09.11.2021 14:00;5;5000;6;6000;92;687392;402;1441167;302;2167152;5;3100;5;5000;7;7000;0;0;0;0;48;54100;13;13590;110;1442389;189;2470399;87;2541029;72;2709139
09.11.2021 15:00;4;4000;4;3990;107;679289;424;1815301;314;2098487;6;1950;4;3990;3;2990;0;0;0;0;48;51980;29;30460;110;1601777;169;2932782;0;3600000;0;3600000
09.11.2021 16:00;3;3000;4;4000;120;1068886;473;1810464;315;2695559;4;2260;3;3000;5;5000;0;0;0;0;50;58170;21;21470;115;1829491;194;3032407;28;3316642;55;3118595
09.11.2021 17:00;5;5000;4;4000;110;785593;491;1964623;275;2514947;7;3440;5;5000;3;3000;0;0;0;0;61;64450;29;29159;115;1811524;115;3298148;176;2285929;177;1831832
09.11.2021 18:00;3;3000;4;4000;91;715774;432;1510239;230;2120096;6;3170;3;2990;5;5000;0;0;0;0;52;63410;9;9050;105;1909530;128;2731323;133;2167972;147;2077903
09.11.2021 19:00;6;6000;5;5000;86;700063;367;1077063;153;1704440;1;320;6;6000;4;4000;0;0;0;0;42;47940;7;7080;91;1377505;155;1745695;106;1874547;106;1740460
09.11.2021 20:00;3;3000;3;3000;46;239150;235;962524;109;1090417;1;390;3;3000;4;3990;0;0;0;0;24;24900;6;6040;64;771660;137;1312113;90;1531834;67;1264570
09.11.2021 21:00;2;1990;3;2990;37;277450;228;932549;105;796270;5;2720;2;2000;2;2000;0;0;0;0;21;22580;2;2020;45;444140;159;1196621;85;295985;73;364251
09.11.2021 22:00;2;2000;2;2000;21;63760;180;474073;73;623180;0;0;2;2000;2;2000;0;0;0;0;19;20620;8;8030;33;376683;133;834967;89;495447;71;521412
09.11.2021 23:00;2;2000;2;2000;15;87950;112;425700;43;544849;0;0;2;2000;2;1990;0;0;0;0;5;5380;1;1010;22;248480;88;506560;47;164916;43;131101
10.11.2021 00:00;2;2000;2;2000;7;30330;26;44670;17;313773;0;0;2;2000;2;2000;0;0;0;0;2;2100;0;0;6;31310;20;105190;16;236643;19;254923
10.11.2021 01:00;0;0;1;1000;6;21250;20;32080;9;166120;0;0;0;0;1;1000;0;0;0;0;0;0;0;0;5;101803;14;47540;10;503764;9;506334
10.11.2021 02:00;0;0;0;0;2;2950;16;46580;6;127580;0;0;0;0;0;0;0;0;0;0;0;0;0;0;2;35540;13;49610;5;731540;8;743880
10.11.2021 03:00;0;0;0;0;1;560;10;5040;1;25290;0;0;0;0;0;0;0;0;0;0;0;0;0;0;0;0;9;35020;1;3600;7;21930
10.11.2021 04:00;1;1000;0;0;6;44040;33;23580;6;76784;2;15440;1;1000;0;0;0;0;0;0;0;0;0;0;3;46000;32;118730;14;45360;17;46320
10.11.2021 05:00;3;2980;2;2000;11;43100;159;411330;42;646836;1;15450;3;3000;3;3000;0;0;0;0;1;1010;1;1000;12;115884;93;733719;42;442612;31;390412
10.11.2021 06:00;4;3990;5;4990;21;234770;429;915197;98;1279174;1;260;4;4000;4;4042;0;0;0;0;8;8250;1;1000;29;463512;129;2185457;31;2737523;13;2620927
10.11.2021 07:00;7;7000;6;5980;70;597296;533;1633652;279;2201330;5;3610;7;7000;6;6000;0;0;0;0;32;39710;15;15140;84;915083;83;3402599;0;3600000;0;3600000
10.11.2021 08:00;8;7990;8;8000;95;867055;526;1709592;286;2235640;7;2860;8;8000;8;7990;0;0;0;0;31;33390;4;4020;85;1042047;170;3425490;0;3600000;0;3600000
10.11.2021 09:00;3;2980;3;2990;67;484135;562;1571425;252;2176031;10;62240;3;2990;4;4000;0;0;0;0;35;35750;9;9410;76;972683;203;3044710;0;3600000;0;3600000
10.11.2021 10:00;5;4990;5;4990;75;649750;385;1636876;232;2082358;13;29580;5;5000;4;4000;0;0;0;0;24;26040;13;13070;75;1165072;176;2521252;25;3092550;23;3035245
10.11.2021 11:00;5;5000;5;4990;81;576299;367;1562319;250;2080301;6;4310;5;4980;5;4990;0;0;0;0;36;38255;19;19090;93;1335743;156;2385206;120;1772738;106;1341601
10.11.2021 12:00;5;4990;4;4000;93;632730;441;1480396;236;1791979;5;2310;5;5000;4;4000;0;0;0;0;40;43570;9;9700;108;1492850;187;2550423;131;1844147;119;1415113
10.11.2021 13:00;5;4990;6;5990;94;761074;437;1617777;290;2229430;6;4580;6;6000;6;5990;0;0;0;0;46;64030;27;28060;114;1405933;164;2595602;96;2166742;104;1619003
10.11.2021 14:00;6;6000;6;5990;103;635640;393;1646000;286;1709275;2;1030;5;4990;6;5990;0;0;0;0;36;38490;11;11060;98;1540301;154;2676463;138;2009518;148;1492573
10.11.2021 15:00;4;4000;4;4000;96;754145;471;1569150;285;2278381;2;710;4;4000;5;4980;0;0;0;0;41;45280;28;28170;89;1401682;180;2626737;124;2541097;141;1751897
10.11.2021 16:00;4;3990;4;3980;113;827281;503;1864074;277;2619718;6;99878;4;3990;4;3990;0;0;0;0;46;64150;21;21910;106;1950397;219;3029555;101;2663042;126;2277512
10.11.2021 17:00;4;4000;5;5000;111;998594;476;1840306;257;2494356;7;2120;4;4000;4;3990;0;0;0;0;50;54050;11;11050;104;1818926;91;3242747;148;2242202;205;1847915
10.11.2021 18:00;4;3990;4;4000;139;849735;466;1586467;219;2033685;11;4980;4;3980;4;4000;0;0;0;0;42;48446;12;12080;92;1674317;130;2491436;145;2256830;135;1940178
10.11.2021 19:00;4;4000;4;3990;55;531485;401;983047;163;1802051;2;840;4;4000;4;4000;0;0;0;0;40;43400;14;14230;61;1329350;166;1596778;71;2726287;72;2499303
10.11.2021 20:00;4;4000;4;3990;36;334031;279;836010;114;1258483;2;650;4;3990;4;4000;0;0;0;0;24;28490;3;3020;53;584810;143;1474672;71;1986583;52;1897555
10.11.2021 21:00;2;2000;2;2000;25;216743;203;668151;90;1003561;0;0;2;2000;2;2000;0;0;0;0;19;19100;8;8030;42;633021;133;1161655;74;1510572;60;1514923
10.11.2021 22:00;2;2000;2;2000;24;168180;157;600919;65;709780;0;0;2;2000;2;2000;0;0;0;0;15;15820;1;1010;37;523973;131;843936;69;1237993;56;1160751
10.11.2021 23:00;2;2000;2;1990;17;109520;101;405660;40;461700;2;320;2;2000;2;2000;0;0;0;0;13;15264;3;3020;23;299048;75;394700;47;389243;32;328148
11.11.2021 00:00;2;2000;2;2000;12;115160;39;70650;8;123913;0;0;2;2000;2;2000;0;0;0;0;3;3610;2;2000;7;30570;33;132360;28;54436;29;104540
11.11.2021 01:00;0;0;1;1000;2;38560;24;41080;7;115320;0;0;0;0;1;1000;0;0;0;0;1;1080;0;0;2;27854;16;63010;8;25188;7;20850
11.11.2021 02:00;0;0;0;0;2;18610;17;27080;6;92530;0;0;0;0;0;0;0;0;0;0;0;0;0;0;2;42307;12;43695;5;10390;5;12380
11.11.2021 03:00;0;0;0;0;0;0;16;13960;5;79110;0;0;0;0;0;0;0;0;0;0;0;0;0;0;7;43980;15;50150;5;8030;5;11100
11.11.2021 04:00;1;990;0;0;7;76350;38;44790;10;211830;0;0;1;1000;0;0;0;0;0;0;1;1010;0;0;4;55860;30;115490;11;28870;13;43250
11.11.2021 05:00;3;2990;3;3000;18;119830;161;388096;40;521037;1;510;3;3000;3;2990;0;0;0;0;1;1030;1;1000;14;202105;119;749106;37;119065;35;88930
11.11.2021 06:00;4;4000;4;3990;23;352995;432;993990;103;1220958;3;1080;4;4000;4;4000;0;0;0;0;10;11170;3;3020;27;266230;129;1999784;120;760772;65;408374
11.11.2021 07:00;7;6980;5;5000;81;877566;524;1692989;282;2300288;8;6240;7;7000;6;5130;0;0;0;0;27;29630;15;16280;79;1195806;120;3294602;94;2017332;107;1639796
11.11.2021 08:00;8;7990;8;7990;85;535640;639;1598238;264;2289337;5;1930;8;8000;7;7820;0;0;0;0;35;39504;9;9040;74;1026717;177;3368407;64;2569669;79;2208762
11.11.2021 09:00;3;3000;4;4000;64;541405;473;1469214;272;1963243;4;1860;3;3000;5;5000;0;0;0;0;27;28315;7;7050;79;1197274;180;2477433;0;3600000;0;3600000
11.11.2021 10:00;5;4990;6;6000;63;475464;412;1559307;245;1970811;7;38930;5;5000;5;5000;0;0;0;0;32;34240;10;10450;71;974558;137;2786098;0;3600000;0;3600000
11.11.2021 11:00;5;4990;3;3000;89;647318;401;1621524;268;1883828;1;2450;5;5000;4;3980;0;0;0;0;38;48620;15;15540;105;1365121;143;2691305;0;3600000;0;3600000
11.11.2021 12:00;5;4990;5;5000;73;571395;408;1619909;256;2019798;11;47230;5;5000;4;4000;0;0;0;0;42;44850;23;23580;101;1227870;160;2400954;50;3021224;56;2764685
11.11.2021 13:00;7;7000;8;7970;115;905290;474;1602901;308;2296119;6;3340;6;5990;8;8000;0;0;0;0;49;63160;17;19300;106;1472930;188;2869561;10;3451213;20;3336040
11.11.2021 14:00;4;4000;5;5000;90;886791;443;1827953;263;2198537;7;3920;4;4000;5;4990;0;0;0;0;49;52240;22;22120;102;1329974;153;2777599;0;3600000;0;3600000
11.11.2021 15:00;5;4990;4;4000;87;821137;488;1826189;300;2285900;3;7840;5;5000;4;4000;0;0;0;0;47;52940;23;23170;91;1337536;155;3020154;13;3545673;12;3517810
11.11.2021 16:00;3;2990;4;3990;125;1029282;449;2137701;295;2805983;4;64675;4;4000;4;3990;0;0;0;0;50;53300;19;19730;111;1737263;166;3055754;108;2818634;142;1996869
11.11.2021 17:00;5;4980;5;5000;120;1059600;473;1776582;280;2711903;5;74760;4;4000;5;4990;0;0;0;0;51;59140;22;22160;106;1730627;88;3347777;163;2445747;169;1972245
11.11.2021 18:00;4;4000;4;3420;115;784046;492;1514030;260;2360715;5;3100;4;3990;4;4000;0;0;0;0;47;61860;8;8940;86;1609732;129;2987593;167;1889134;149;1542342
11.11.2021 19:00;5;4990;4;4580;69;706653;375;884745;157;1761414;4;21750;5;4980;4;3980;0;0;0;0;29;29870;12;12040;70;1272690;158;1746725;144;1224157;109;767964
11.11.2021 20:00;3;3000;3;3000;35;240786;232;923371;114;973055;0;0;3;3000;3;2990;0;0;0;0;18;20060;6;6040;64;929064;130;1382838;110;662760;77;573758
11.11.2021 21:00;2;1990;3;3000;28;212740;187;681717;88;997958;0;0;2;2000;3;3000;0;0;0;0;11;12030;4;4530;37;774894;143;1094047;107;511756;82;296060
11.11.2021 22:00;2;2000;2;2000;38;204259;142;891327;108;880624;1;910;2;2000;2;2000;0;0;0;0;7;7210;3;3010;46;461592;115;841351;91;417900;77;285726
11.11.2021 23:00;2;2000;2;2000;14;83250;107;321370;39;524600;1;510;2;2000;2;2000;0;0;0;0;7;7290;4;4030;14;280351;81;425210;37;1319045;41;1346725
12.11.2021 00:00;2;2000;2;2000;8;65480;37;143640;16;375180;0;0;2;2000;2;1990;0;0;0;0;2;2080;0;0;7;138870;37;145040;24;248155;23;255820
12.11.2021 01:00;0;0;1;1000;1;470;20;49620;14;186450;0;0;0;0;1;1000;0;0;0;0;0;0;0;0;3;58920;18;63390;11;331348;8;332098
12.11.2021 02:00;0;0;0;0;2;16120;19;9490;7;164949;0;0;0;0;0;0;0;0;0;0;0;0;0;0;2;28586;15;50340;8;780885;11;783695
12.11.2021 03:00;0;0;0;0;2;79920;15;24840;4;90910;0;0;0;0;0;0;0;0;0;0;0;0;0;0;3;19500;12;42530;7;626718;8;628938
12.11.2021 04:00;1;1000;0;0;6;161213;27;24150;9;182110;1;42060;1;1000;0;0;0;0;0;0;0;0;0;0;4;22720;22;89330;7;2113880;13;2127410
12.11.2021 05:00;3;3000;3;2990;10;121395;152;293804;45;485623;2;3550;3;2980;3;2990;0;0;0;0;1;1010;1;1010;10;127950;104;703318;0;3600000;0;3600000
12.11.2021 06:00;4;3990;4;3990;22;186765;371;960228;86;1207252;2;1680;4;4000;4;4000;0;0;0;0;4;4040;2;2010;41;861455;124;1853526;0;3600000;0;3600000
12.11.2021 07:00;7;7000;5;4990;67;497787;496;1720581;274;2061427;4;2450;7;7000;5;5034;0;0;0;0;34;48020;10;10620;79;661717;105;3192347;0;3600000;0;3600000
12.11.2021 08:00;8;8036;9;9000;92;853776;520;1674836;274;2155994;6;5790;8;7990;9;8980;0;0;0;0;28;32410;10;10020;78;1271068;174;2899698;26;3155389;28;3055859
12.11.2021 09:00;4;3990;4;4000;58;388063;437;1436705;273;2220941;2;960;4;3990;4;3990;0;0;0;0;25;28720;8;8040;81;1020071;189;2594371;77;1728097;86;1438424
12.11.2021 10:00;4;4000;4;4000;94;906024;392;1574583;291;2290881;8;108350;4;4000;4;4000;0;0;0;0;41;47560;10;10050;88;1216586;157;2643591;79;2312719;100;1815792
12.11.2021 11:00;4;4000;4;3980;111;889006;378;1650782;270;2034836;5;2700;4;4000;4;4000;0;0;0;0;30;32440;6;6440;113;1193031;137;2732709;0;3600000;0;3600000
12.11.2021 12:00;5;5000;5;5000;138;1059189;423;1952033;301;2305131;6;4440;5;5000;5;4990;0;0;0;0;37;47130;15;15080;107;1803300;123;2956746;0;3600000;0;3600000
12.11.2021 13:00;8;7970;7;7000;147;1234399;468;1857333;309;2463546;9;40600;8;7990;8;8000;0;0;0;0;35;39440;16;16480;110;2072330;174;3209057;0;3600000;0;3600000
12.11.2021 14:00;5;5000;6;6000;125;1092470;434;1559981;312;2381485;6;3350;5;5000;6;5990;0;0;0;0;46;52975;13;13230;123;1703603;204;2476324;0;3600000;0;3600000
12.11.2021 15:00;4;4000;5;5000;163;1404738;486;1710546;290;2765903;6;2510;4;4000;4;4000;0;0;0;0;46;54080;22;22210;119;1970513;192;3061621;52;3139275;78;2886862
12.11.2021 16:00;4;3980;3;3000;151;1074083;494;1577905;271;2180467;2;1930;4;4000;3;2990;0;0;0;0;44;49280;17;17133;109;1665417;166;2912996;0;3600000;0;3600000
12.11.2021 17:00;4;3980;4;4000;155;1394624;485;1657481;262;2358462;8;3230;4;4000;5;5000;0;0;0;0;40;43950;17;17070;120;1953517;74;3234710;0;3600000;0;3600000
12.11.2021 18:00;4;3990;4;4000;113;963055;439;1328398;252;2367771;9;5680;4;4000;4;3990;0;0;0;0;46;50450;11;11670;94;1573963;159;2670356;100;2282274;98;2244154
12.11.2021 19:00;5;4990;4;4000;86;802554;364;1152591;189;2263286;3;1550;5;4990;4;4000;0;0;0;0;32;41430;13;13620;98;1614796;145;2144042;135;1584214;131;1021095
12.11.2021 20:00;3;3000;4;4000;60;367823;251;1118628;116;1034670;3;3230;3;3000;4;4000;0;0;0;0;23;24130;3;3020;74;897820;142;1619970;89;1677158;82;1620918
12.11.2021 21:00;2;2000;2;2000;43;408753;243;832719;66;657733;1;1540;2;2000;2;1990;0;0;0;0;14;16380;6;6020;55;671200;148;1302456;0;3600000;0;3600000
12.11.2021 22:00;2;2000;2;2000;46;476487;166;872392;74;764065;2;590;2;2000;2;2000;0;0;0;0;28;32570;4;4030;42;396466;143;1158673;0;3600000;0;3600000
12.11.2021 23:00;2;2000;2;2000;24;253207;163;630192;80;668543;3;2070;2;2000;2;1990;0;0;0;0;10;10755;2;2020;43;484145;115;973342;0;3600000;0;3600000
13.11.2021 00:00;2;2000;2;1990;15;53200;95;240008;26;341160;0;0;2;2000;2;1990;0;0;0;0;4;5030;5;5150;9;152704;88;474150;0;3600000;0;3600000
13.11.2021 01:00;0;0;1;1000;12;72538;56;243385;34;418793;1;25710;0;0;1;1000;0;0;0;0;5;5040;2;2010;10;141275;44;184300;0;3600000;0;3600000
13.11.2021 02:00;0;0;0;0;5;37100;31;75700;19;311324;1;43450;0;0;0;0;0;0;0;0;0;0;0;0;9;145200;29;115870;0;3600000;0;3600000
13.11.2021 03:00;0;0;0;0;7;56653;28;16340;10;197740;0;0;0;0;0;0;0;0;0;0;0;0;1;1300;6;117490;21;69439;0;3600000;0;3600000
13.11.2021 04:00;1;1000;0;0;3;50500;26;14030;8;129110;0;0;1;1000;0;0;0;0;0;0;0;0;1;1010;2;33960;20;70680;0;3600000;0;3600000
13.11.2021 05:00;3;3000;3;3000;10;70260;48;85250;20;274544;1;1290;3;3000;3;2990;0;0;0;0;0;0;0;0;10;100221;34;153280;0;3600000;0;3600000
13.11.2021 06:00;4;4000;4;3990;7;6840;88;152251;18;299383;1;37860;4;4000;4;4000;0;0;0;0;0;0;0;0;15;143110;74;328522;29;1232489;26;1200399
13.11.2021 07:00;4;4000;4;3990;12;93630;120;563613;56;666484;3;1730;4;4000;4;4000;0;0;0;0;5;5240;0;0;15;204680;81;626559;71;335881;52;264609
13.11.2021 08:00;5;4990;4;4000;33;153050;200;876515;124;1108975;1;200;5;5000;4;4000;0;0;0;0;19;20420;0;0;33;377305;125;1100159;10;3141600;13;3150600
13.11.2021 09:00;4;3990;4;4000;44;462579;307;1270073;175;1642533;2;41580;4;4000;4;3980;0;0;0;0;23;24493;9;9050;64;872667;155;1903219;0;3600000;0;3600000
13.11.2021 10:00;5;5000;5;5000;64;505874;379;1326393;257;1898073;5;1160;5;4990;5;5000;0;0;0;0;23;24790;18;18568;76;1156530;157;2234921;1;3599663;1;3599083
13.11.2021 11:00;4;4000;4;4000;85;862330;383;1381633;252;1668435;7;3750;4;3990;4;3990;0;0;0;0;40;43480;11;11070;91;1323122;164;2351293;66;2452445;72;2122479
13.11.2021 12:00;4;4000;4;4000;105;903382;428;1549459;244;1841650;6;48910;4;4000;4;4000;0;0;0;0;42;50048;22;22140;103;1472686;149;2660536;93;2202045;89;1540561
13.11.2021 13:00;4;4000;4;3990;134;1350964;417;1613454;250;2176962;4;1730;4;3990;4;4000;0;0;0;0;38;43240;16;16360;101;1621234;169;2612821;51;2777525;52;2742935
13.11.2021 14:00;4;4000;4;3990;144;1110557;448;1706652;249;1953993;6;2600;4;4000;4;4000;0;0;0;0;27;29860;5;5282;106;1448878;120;2751149;2;3584070;2;3573190
13.11.2021 15:00;4;4000;4;4000;114;861122;371;1452527;188;1545579;1;250;4;4000;4;3980;0;0;0;0;33;36870;14;14120;91;1268504;133;2381905;0;3600000;0;3600000
13.11.2021 16:00;4;3990;4;4000;107;963974;407;1377767;185;1479298;1;320;4;3990;4;3990;0;0;0;0;41;45500;7;7040;104;1434666;152;2585415;0;3600000;0;3600000
13.11.2021 17:00;4;4000;5;5000;118;1020000;384;1426123;184;1357538;7;2130;4;4000;5;5000;0;0;0;0;40;46584;14;14320;108;1551121;107;2692684;79;2286065;73;2139551
13.11.2021 18:00;4;3980;4;3990;100;1063705;381;1472165;143;1407352;4;1930;4;3980;4;4000;0;0;0;0;31;33525;7;7040;98;1323565;140;2448702;117;1443581;118;1297752
13.11.2021 19:00;4;3990;4;4000;80;650230;345;1239816;166;1541101;0;0;4;4000;4;3990;0;0;0;0;23;25550;3;3020;86;1110323;139;2375738;54;2576286;60;2361681
13.11.2021 20:00;2;1990;2;1990;56;376920;277;1030009;110;926645;1;580;2;2000;2;2000;0;0;0;0;25;29230;9;9090;73;815961;132;2036194;109;1183185;96;1035594
13.11.2021 21:00;2;2000;2;2000;36;304432;223;680418;76;670950;1;200;2;2000;2;1990;0;0;0;0;25;27250;5;5030;43;620202;143;1300669;58;2028775;53;2206524
13.11.2021 22:00;2;2000;2;2000;49;325394;229;735980;87;575873;2;840;2;1990;2;2000;0;0;0;0;15;18300;4;4020;57;531180;129;1509339;0;3600000;0;3600000
13.11.2021 23:00;2;2000;2;2000;25;205474;205;567803;53;505206;2;2520;2;2000;2;1990;0;0;0;0;13;15940;5;5030;27;304740;125;1308907;0;3600000;0;3600000
14.11.2021 00:00;2;1990;2;2000;24;218279;108;294129;55;599850;1;450;2;2000;2;2000;0;0;0;0;5;5440;2;2000;16;206624;68;525918;11;3058509;11;3045009
14.11.2021 01:00;0;0;1;1000;11;139130;76;210459;29;504820;1;1360;0;0;1;1000;0;0;0;0;5;5050;1;1260;14;154120;70;385488;26;2309890;19;2327665
14.11.2021 02:00;0;0;0;0;4;20220;48;199044;19;288710;0;0;0;0;0;0;0;0;0;0;5;5070;2;2010;11;143100;44;223560;0;3600000;0;3600000
14.11.2021 03:00;0;0;0;0;12;152204;34;100420;13;121720;0;0;0;0;0;0;0;0;0;0;5;7420;2;2065;4;55050;30;138156;0;3600000;0;3600000
14.11.2021 04:00;0;0;0;0;4;55170;29;49850;10;129650;0;0;0;0;0;0;0;0;0;0;1;1170;2;2660;4;63710;29;141200;0;3600000;0;3600000
14.11.2021 05:00;1;1000;1;990;9;4640;26;55052;11;216460;1;33190;2;2000;1;1000;0;0;0;0;0;0;0;0;4;75910;24;150790;10;1957265;11;1960985
14.11.2021 06:00;3;2980;2;2000;6;890;32;40340;13;196460;0;0;2;2000;2;2000;0;0;0;0;0;0;0;0;5;48090;30;129030;21;69520;20;70700
14.11.2021 07:00;2;2000;2;2000;10;66888;37;80300;17;262150;0;0;2;2000;2;2000;0;0;0;0;1;1000;1;1010;13;268380;31;118715;11;1464311;11;1479101
14.11.2021 08:00;2;2000;2;2000;11;81130;83;177010;51;605292;0;0;2;1990;2;2000;0;0;0;0;2;2020;1;1650;18;318320;67;229995;32;607230;23;496750
14.11.2021 09:00;2;2000;2;2000;29;237067;168;516507;87;1058110;2;24470;2;2000;2;2000;0;0;0;0;17;17800;2;2010;24;424143;148;854143;47;1998882;49;1984076
14.11.2021 10:00;2;2000;2;2000;31;332754;244;696368;113;1066840;1;12820;2;2000;2;1990;0;0;0;0;17;19180;4;4040;31;532800;140;1224560;71;1368846;79;1331585
14.11.2021 11:00;2;2000;2;2000;35;267120;276;965133;139;1234257;1;32650;2;1990;2;2000;0;0;0;0;16;17690;10;10230;47;550923;170;1428493;100;1296251;101;1132146
14.11.2021 12:00;3;2990;4;3990;45;358342;287;1040110;176;1487281;2;580;3;2990;3;2990;0;0;1;1260;26;27250;10;10050;50;796863;163;1711975;116;1303499;116;1100839
14.11.2021 13:00;4;3990;4;3990;59;550084;336;1163281;177;1412647;2;330;4;3980;4;4000;0;0;0;0;22;25600;5;5030;56;770715;176;1839317;107;1511261;103;1209525
14.11.2021 14:00;4;4000;4;3990;65;506402;320;1347504;190;1565618;0;0;4;4000;4;3990;0;0;0;0;24;29440;9;9050;60;781745;178;1746224;105;1886049;101;1533630
14.11.2021 15:00;4;4000;4;4000;56;403473;351;1105946;196;1504409;1;450;4;3980;4;3990;0;0;0;0;19;21530;10;10260;68;874644;172;1885992;0;3600000;0;3600000
14.11.2021 16:00;4;4000;4;3990;64;516668;369;1288696;184;1451713;0;0;4;4000;4;4000;0;0;0;0;28;29950;7;7200;68;621216;162;2103000;0;3600000;0;3600000
14.11.2021 17:00;4;4000;4;3990;60;577423;454;1287708;184;1424163;3;1360;4;4000;4;4000;0;0;0;0;21;25690;5;5420;72;853673;105;2499896;0;3600000;0;3600000
14.11.2021 18:00;4;3990;4;4000;67;496078;357;1210259;138;1189943;0;0;4;4000;4;3990;0;0;0;0;17;20240;8;8040;67;692393;166;1901997;0;3600000;0;3600000
14.11.2021 19:00;2;1990;2;1990;45;353899;254;692540;99;874923;1;120;2;2000;2;2000;0;0;0;0;20;24793;9;9240;64;746781;145;1366840;0;3600000;0;3600000
14.11.2021 20:00;2;2000;2;2000;39;287660;194;771603;82;816143;4;23510;2;2000;2;2000;0;0;0;0;12;14210;1;1000;55;653556;131;1134397;8;3334409;5;3334720
14.11.2021 21:00;2;2000;2;2000;26;222470;163;463460;67;691992;1;390;2;2000;2;2000;0;0;0;0;12;12080;1;1550;43;486883;110;714879;67;686605;62;629365
14.11.2021 22:00;2;2000;2;2000;21;126220;104;361958;46;601176;0;0;2;2000;2;1990;0;0;0;0;8;9960;7;8700;30;293675;80;502218;66;717378;49;713036
14.11.2021 23:00;2;2000;2;2000;14;151035;59;161538;24;329568;0;0;2;2000;2;1990;0;0;0;0;2;2030;1;1000;11;166857;45;201220;37;581479;27;571228
15.11.2021 00:00;2;2000;2;2000;9;17710;34;48404;9;207010;0;0;2;1990;2;2069;0;0;0;0;1;1010;0;0;5;30040;32;127338;25;661195;26;664105
15.11.2021 01:00;0;0;1;1000;2;61870;26;40414;3;131250;0;0;0;0;1;1000;0;0;0;0;1;1350;1;1010;4;57640;16;60930;6;3095167;4;3088427
15.11.2021 02:00;0;0;0;0;0;0;4;28670;5;77310;0;0;0;0;0;0;0;0;0;0;0;0;0;0;1;17820;3;13913;0;3600000;0;3600000
15.11.2021 03:00;0;0;0;0;0;0;15;8160;5;94610;0;0;0;0;0;0;0;0;0;0;0;0;0;0;0;0;13;46490;8;1991182;8;1994162
15.11.2021 04:00;1;990;0;0;7;90930;29;135900;10;172311;0;0;1;1000;0;0;0;0;0;0;0;0;1;1010;4;10290;23;77050;0;3600000;0;3600000
15.11.2021 05:00;3;3000;2;1990;19;60460;180;399942;47;542137;1;770;3;3000;2;2000;0;0;0;0;0;0;0;0;18;194310;100;809552;0;3600000;0;3600000
15.11.2021 06:00;4;4000;5;5000;33;331225;435;1059148;99;1303042;2;47080;4;4000;5;5000;0;0;1;340;5;5040;3;3010;36;488495;110;2214475;96;1565234;71;1301271
15.11.2021 07:00;7;6990;7;6980;91;784554;586;1681807;281;2132372;7;84830;7;7000;6;6000;0;0;0;0;33;36700;16;16110;83;1144787;80;3365842;24;3288800;30;3218600
15.11.2021 08:00;8;8000;8;8000;113;1028676;557;1494853;261;2260097;6;33270;8;7990;8;7980;0;0;0;0;26;30640;10;10770;73;1302911;169;3356993;0;3600000;0;3600000
15.11.2021 09:00;4;4000;3;3000;88;778271;502;1577628;257;2107202;6;2140;4;4000;4;4000;0;0;0;0;31;35250;10;10080;91;1204305;175;2962737;0;3600000;0;3600000
15.11.2021 10:00;5;5000;4;3990;72;716010;369;1245529;241;2017237;10;6920;5;4990;4;4000;0;0;0;0;31;39050;8;8810;77;1181964;144;2608824;45;2437644;54;2450190
15.11.2021 11:00;4;4000;5;4990;114;907752;376;1592715;269;1990393;10;41260;4;4000;4;4045;0;0;0;0;41;42630;12;12050;91;1243099;169;2619500;20;3239050;30;3059754
15.11.2021 12:00;5;4990;6;5970;104;1013269;372;1525066;244;1951677;9;6200;5;5000;6;6000;0;0;0;0;43;49657;14;14670;118;1357702;143;2478003;0;3600000;0;3600000
15.11.2021 13:00;8;7990;7;7000;133;971668;404;1595870;272;1791451;14;88730;8;7980;7;7000;0;0;0;0;35;39550;17;17410;101;1554548;121;2971813;27;3233605;28;3246102
15.11.2021 14:00;5;5000;6;6000;128;1028127;369;1738382;256;1855179;10;30720;5;5000;6;6000;0;0;0;0;42;52940;13;13136;119;1680754;136;2600483;126;2198291;138;1359823
15.11.2021 15:00;3;3000;4;3990;146;1124939;471;1611141;260;2244138;12;5470;4;4000;4;4000;0;0;0;0;48;54250;32;32360;111;1768943;193;2753397;51;2943149;64;2560264
15.11.2021 16:00;5;4990;5;5000;184;1380713;441;1745378;302;2349670;10;38010;4;3990;5;5000;0;0;0;0;63;83554;13;13140;116;1854018;109;3048132;0;3600000;0;3600000
15.11.2021 17:00;4;4000;3;3000;159;1261343;506;1628417;267;2490523;13;6450;4;4000;3;3000;0;0;0;0;52;58372;18;18130;126;1844118;86;3048311;0;3600000;0;3600000
15.11.2021 18:00;4;3990;4;4000;126;1242003;428;1138934;188;1927624;7;3860;4;4000;5;5000;0;0;0;0;45;50230;12;12560;111;1477785;133;2426592;0;3600000;0;3600000
15.11.2021 19:00;5;5000;5;5000;85;810160;320;974794;147;1739429;5;2140;5;4990;4;3990;0;0;0;0;28;31800;13;13290;96;907716;159;1477155;106;1525561;89;1036880
15.11.2021 20:00;3;3000;4;3990;38;358760;202;744000;123;1111597;1;640;3;2990;4;4000;0;0;0;0;26;30530;5;5040;55;808918;131;1258198;48;2064032;49;1930830
15.11.2021 21:00;2;2000;2;2000;27;190778;159;426255;70;505763;2;2320;2;1990;2;2000;0;0;0;0;11;12490;4;4020;49;550618;107;711550;0;3600000;0;3600000
15.11.2021 22:00;2;2000;2;1990;22;113405;126;564381;74;803937;1;70;2;2000;2;2000;0;0;0;0;20;25040;2;2020;38;553526;98;654162;0;3600000;0;3600000
15.11.2021 23:00;2;2000;2;2000;14;159330;72;221601;31;410850;1;190;2;2000;2;2000;0;0;0;0;5;5040;3;3020;20;333346;64;345927;21;1778891;16;1758521
16.11.2021 00:00;2;2000;2;2000;13;76940;29;54240;15;199937;0;0;2;2000;2;2000;0;0;0;0;1;1000;1;1000;8;119780;27;90297;9;2950915;9;2949545
16.11.2021 01:00;0;0;1;1000;0;0;19;9810;4;103140;1;16140;0;0;1;1000;0;0;0;0;0;0;0;0;1;26530;17;48990;0;3600000;0;3600000
16.11.2021 02:00;0;0;0;0;1;720;18;34584;5;81096;0;0;0;0;0;0;0;0;0;0;0;0;0;0;5;99432;16;57650;0;3600000;0;3600000
16.11.2021 03:00;0;0;0;0;1;2790;13;9920;3;78600;0;0;0;0;0;0;0;0;0;0;0;0;0;0;1;22750;14;44359;1;1946396;1;1946466
16.11.2021 04:00;1;1000;0;0;5;78150;34;18770;11;231620;1;330;1;1000;0;0;0;0;0;0;0;0;1;1000;8;59113;28;116216;11;1228108;9;1230348
16.11.2021 05:00;3;3000;3;3000;17;104180;166;444887;44;566227;2;14650;3;3000;3;3000;0;0;0;0;1;1010;0;0;11;181042;104;897941;0;3600000;0;3600000
16.11.2021 06:00;4;4000;4;4000;41;382042;417;1040117;87;1080016;2;520;4;4000;4;4000;0;0;0;0;5;5260;5;5600;25;393108;131;2125165;0;3600000;0;3600000
16.11.2021 07:00;6;5990;5;4990;92;874195;535;1739148;262;2119386;9;66220;6;6000;6;6000;0;0;0;0;29;37070;18;18400;82;1567845;56;3415100;0;3600000;0;3600000
16.11.2021 08:00;9;8990;8;8000;127;946169;534;1672950;293;2089569;4;1750;9;8990;7;6990;0;0;0;0;32;36000;13;13270;100;1476625;136;3415285;61;2620369;59;2423828
16.11.2021 09:00;3;3000;4;3990;79;904530;479;1708734;248;2024027;9;33774;3;3000;4;4000;0;0;0;0;30;32061;16;16360;75;1232617;166;2838271;97;1929742;106;1435689
16.11.2021 10:00;5;4990;5;4990;97;854287;350;1196288;277;2082003;11;36430;5;4990;5;5000;0;0;0;0;26;27590;7;7040;90;1376613;164;2312995;44;3009132;36;2951406
16.11.2021 11:00;4;3990;4;4000;121;740942;379;1425026;266;1749788;9;4380;4;4000;4;4000;0;0;0;0;38;43910;15;15640;93;1372835;139;2575863;31;3007830;29;2767469
16.11.2021 12:00;5;5000;4;4000;132;872217;371;1512301;286;1990831;9;78114;5;4990;4;4000;0;0;0;0;41;48389;13;13070;107;1727916;171;2709581;47;2803693;58;2442520
16.11.2021 13:00;8;7990;8;8000;160;1236182;411;1717404;306;2379616;8;31900;8;7980;8;7990;0;0;0;0;37;52870;15;15080;112;1532262;137;3001598;90;2238711;115;1753869
16.11.2021 14:00;5;4990;6;5990;112;816060;387;1500434;252;2028568;6;4780;5;5000;7;6980;0;0;0;0;37;41530;11;12010;100;1542870;152;2448051;68;2692095;78;2423112
16.11.2021 15:00;4;4000;4;3990;173;1255061;453;1791855;307;2328501;5;29682;4;4000;4;4000;0;0;0;0;63;90436;15;15610;118;1901671;98;3171698;0;3600000;0;3600000
16.11.2021 16:00;4;4000;5;5000;162;1074002;469;1839762;307;2476410;5;4790;4;4000;4;4000;0;0;0;0;46;58906;14;14300;131;1724267;105;3149359;0;3600000;0;3600000
16.11.2021 17:00;4;4000;3;2990;223;1226864;481;1984317;287;2361423;6;3110;4;4000;3;3000;0;0;0;0;52;57723;13;13090;138;2124635;62;3401163;0;3600000;0;3600000
16.11.2021 18:00;4;4000;4;3990;139;1198895;469;1402101;205;2038216;5;11320;4;3980;5;5000;0;0;0;0;55;64580;13;13050;130;1887549;114;3021188;0;3600000;0;3600000
16.11.2021 19:00;4;4000;5;5000;106;855968;350;1090770;165;1697991;5;88660;4;4000;4;4000;0;0;0;0;39;41990;12;12200;69;1062508;139;1740616;0;3600000;0;3600000
16.11.2021 20:00;4;4000;4;4000;65;482630;206;1051576;121;910816;0;0;4;4000;4;4000;0;0;0;0;20;23210;8;8030;65;757204;121;1385740;0;3600000;0;3600000
16.11.2021 21:00;2;2000;2;2000;39;224706;170;701294;85;767321;1;580;2;2000;2;2000;0;0;0;0;12;12960;2;2010;53;661947;118;1020793;0;3600000;0;3600000
16.11.2021 22:00;2;2000;2;2000;27;201440;154;635689;70;577917;0;0;2;2000;2;1990;0;0;0;0;6;6230;3;3010;36;526290;107;847633;0;3600000;0;3600000
16.11.2021 23:00;2;2000;2;2000;13;25040;96;422210;37;359475;1;380;2;2000;2;1990;0;0;0;0;10;12690;3;3020;24;228092;78;445175;0;3600000;0;3600000
17.11.2021 00:00;2;2000;2;2000;11;130420;39;116270;10;155400;0;0;2;2000;2;2000;0;0;0;0;1;1980;1;1000;12;200234;33;164110;13;2304244;17;2319714
17.11.2021 01:00;0;0;1;1000;1;570;22;48434;10;57900;0;0;0;0;1;1000;0;0;0;0;0;0;0;0;1;17645;17;73460;0;3600000;0;3600000
17.11.2021 02:00;0;0;0;0;2;18340;16;31090;4;62130;0;0;0;0;0;0;0;0;0;0;0;0;0;0;1;21660;14;72330;0;3600000;0;3600000
17.11.2021 03:00;0;0;0;0;2;560;10;7510;5;50740;0;0;0;0;0;0;0;0;0;0;0;0;0;0;3;4720;10;47920;0;3600000;0;3600000
17.11.2021 04:00;2;1990;0;0;8;70950;43;94480;10;146356;0;0;2;2000;0;0;0;0;0;0;2;2610;1;1010;7;67140;37;211580;0;3600000;0;3600000
17.11.2021 05:00;3;3000;4;3990;12;135697;168;373906;47;640041;1;650;3;3000;4;3980;0;0;0;0;1;2000;0;0;18;127064;90;829615;0;3600000;0;3600000
17.11.2021 06:00;4;4000;4;3990;36;386785;410;1156465;84;888562;3;1290;4;4055;4;4000;0;0;0;0;12;13730;3;3030;23;257480;125;2140458;0;3600000;0;3600000
17.11.2021 07:00;5;5000;4;3990;98;901156;569;1638445;248;2162878;5;4180;5;5000;4;4000;0;0;0;0;29;35310;10;10490;78;1010466;28;3485048;48;3040756;58;2614037
17.11.2021 08:00;6;5990;7;7000;103;951574;599;1958177;255;2121597;4;4330;7;7000;7;6990;0;0;1;1170;32;41906;15;15090;92;1585910;88;3479001;79;2127205;99;1740719
17.11.2021 09:00;5;5000;4;4000;79;712515;508;1732990;254;1940214;8;55490;4;4000;4;4000;0;0;0;0;29;31640;9;9020;77;1287023;148;2984996;0;3600000;0;3600000
17.11.2021 10:00;4;3990;3;3000;97;746335;386;1692274;305;2020946;8;7080;4;3990;4;3990;0;0;0;0;33;39140;9;9390;86;1413258;149;2632197;0;3600000;0;3600000
17.11.2021 11:00;4;4000;5;5000;118;836657;427;1767296;243;1858885;5;36920;4;4000;4;4000;0;0;0;0;45;57550;9;9160;104;1467202;154;2692234;0;3600000;0;3600000
17.11.2021 12:00;5;5000;5;4990;122;935214;367;1811978;270;1506450;6;2910;5;5000;5;5000;0;0;0;0;40;44720;16;16240;112;1406064;136;2771492;0;3600000;0;3600000
17.11.2021 13:00;8;7990;7;6990;127;849547;410;1515823;236;1703973;5;4270;8;7990;7;6990;0;0;0;0;37;39950;17;17466;101;1298452;154;2748758;83;2398472;77;2217990
17.11.2021 14:00;4;3980;6;6000;135;979123;400;1399182;272;1927655;2;1040;5;5000;7;6980;0;0;0;0;37;41650;10;10080;111;1513083;164;2578862;56;2914382;69;2425740
17.11.2021 15:00;4;4000;5;5000;110;810528;434;1746364;256;1984563;2;590;4;4000;4;3990;0;0;0;0;69;110724;21;21270;102;1669729;206;2412831;0;3600000;0;3600000
17.11.2021 16:00;4;4000;3;3000;165;1252459;494;1783753;293;2341295;6;3320;3;3000;3;2990;0;0;0;0;50;66160;20;20160;110;1735634;174;3080041;0;3600000;0;3600000
17.11.2021 17:00;5;4990;4;4000;188;1395668;504;1788234;251;2348113;6;57380;5;4980;5;4990;0;0;0;0;62;75350;15;15400;110;2086852;80;3178101;0;3600000;0;3600000
17.11.2021 18:00;4;3990;4;3990;162;1301872;448;1434806;227;2011145;3;1170;4;3990;3;2990;0;0;0;0;47;54320;18;18170;122;1959365;132;2269431;85;2684837;78;2516186
17.11.2021 19:00;5;5000;5;5000;110;905402;307;1059334;194;2022294;5;59990;5;4990;5;5000;0;0;0;0;30;31410;2;2020;85;1344166;152;1624125;132;1364141;105;927288
17.11.2021 20:00;3;2990;3;2990;81;619436;220;897235;130;940415;4;1420;3;3000;4;3990;0;0;0;0;16;17290;10;10310;66;598221;134;1239113;102;668406;90;553310
17.11.2021 21:00;2;1990;3;3000;43;276218;200;787508;89;713577;0;0;2;2000;2;2000;0;0;0;0;11;12820;10;10060;57;568676;129;1104490;47;2733961;25;2640130
17.11.2021 22:00;2;2000;2;1980;34;278509;165;703315;70;658854;2;16860;2;2000;2;2000;0;0;0;0;7;9010;2;2000;35;292424;108;815818;0;3600000;0;3600000
17.11.2021 23:00;2;2000;2;2000;23;145560;85;305711;46;385836;0;0;2;2000;2;2000;0;0;0;0;5;5040;2;2010;28;396380;86;405580;36;1091670;35;1069090
18.11.2021 00:00;2;2000;2;2000;11;27110;50;158510;15;196950;0;0;2;2000;2;2000;0;0;0;0;3;3930;0;0;14;166070;31;175860;21;818888;19;830528
18.11.2021 01:00;0;0;1;1000;5;42635;22;38260;4;163428;0;0;0;0;1;1000;0;0;0;0;0;0;0;0;1;28640;21;74310;0;3600000;0;3600000
18.11.2021 02:00;0;0;0;0;4;28630;15;8960;6;107720;0;0;0;0;0;0;0;0;0;0;0;0;0;0;4;62864;14;43600;2;2812400;3;2813360
18.11.2021 03:00;0;0;0;0;3;33510;11;6960;4;121340;0;0;0;0;0;0;0;0;0;0;0;0;0;0;2;35400;10;41800;2;4290;3;5270
18.11.2021 04:00;1;1000;0;0;7;82830;34;31280;11;187130;2;28250;1;1000;0;0;0;0;0;0;0;0;0;0;4;56720;31;124960;12;53370;15;74240
18.11.2021 05:00;3;3000;3;2980;14;70940;172;354413;39;656105;3;51410;3;3000;3;3000;0;0;0;0;0;0;0;0;13;159495;107;886151;50;387595;36;338695
18.11.2021 06:00;4;4000;3;3000;28;450083;450;1107703;90;1404480;4;18800;4;4000;4;3990;0;0;0;0;10;10800;2;2010;23;566990;150;2075883;75;1929682;44;1758478
18.11.2021 07:00;6;5990;5;4980;102;812812;560;1510368;265;2490288;9;6040;6;6000;4;4000;0;0;0;0;25;28220;13;14330;83;1293415;154;3067817;56;2663263;67;2332893
18.11.2021 08:00;7;7000;8;8077;110;1146262;585;1480384;265;2388757;9;4980;7;7000;8;7990;0;0;0;0;32;36150;21;21160;89;1112910;196;3201178;80;2254348;76;1707936
18.11.2021 09:00;4;4000;5;4990;78;513033;396;1366152;265;1981035;1;330;4;4000;5;5000;0;0;0;0;28;32070;7;7060;87;1217548;156;2435000;102;1696746;101;934544
18.11.2021 10:00;4;4000;4;3990;91;816174;394;1614500;248;1859040;7;60490;4;4000;4;4000;0;0;0;0;39;41560;8;8020;92;1231748;140;2522639;96;1718394;84;1457562
18.11.2021 11:00;4;3990;5;5000;113;937473;401;1433276;267;2076384;6;46770;4;4000;5;5000;0;0;0;0;23;25647;16;16380;120;1740065;163;2496605;87;2256585;96;1853338
18.11.2021 12:00;6;5990;5;4990;122;901214;372;1615579;270;1974234;7;49404;6;5990;5;5000;0;0;0;0;41;49650;14;14100;114;1639542;154;2499637;85;2151810;105;1261756
18.11.2021 13:00;8;7990;7;7048;130;1037203;417;1731964;308;2257142;8;4970;8;7990;7;7000;0;0;0;0;58;63720;16;16220;121;1764877;143;2901487;9;3464100;9;3476320
18.11.2021 14:00;4;4055;7;6970;109;760407;397;1560438;249;1837285;6;99880;4;4000;7;6990;0;0;0;0;31;33780;11;11380;108;1350472;156;2442465;0;3600000;0;3600000
18.11.2021 15:00;5;4990;3;3000;153;1261648;432;1693206;303;2108671;5;2790;5;5000;4;4000;0;0;0;0;39;49530;15;15370;121;1767857;155;2871144;35;3305247;48;2993658
18.11.2021 16:00;4;3990;4;4000;158;1221747;524;1512649;302;2498643;6;28760;4;4000;3;2990;0;0;0;0;56;67420;14;14080;108;1667944;188;3017411;153;2377006;143;1701329
18.11.2021 17:00;4;3990;4;4000;156;1335321;509;1624871;289;2613720;7;10735;4;4000;4;4000;0;0;0;0;39;44000;25;25770;117;1607893;120;2997313;134;2326620;145;1766371
18.11.2021 18:00;3;3000;3;3000;157;1253428;456;1452556;225;2244844;6;41970;3;3000;3;3000;0;0;0;0;42;45423;18;18080;107;2064161;154;2354111;12;3556718;6;3547288
18.11.2021 19:00;5;5000;5;4990;89;1012326;358;1225896;173;2029911;5;39990;5;5000;5;5000;0;0;0;0;35;37990;10;10620;100;1757693;164;1724001;17;3379450;10;3384165
18.11.2021 20:00;3;3000;4;4000;62;329716;217;1277237;138;1248456;1;320;3;3000;4;3990;0;0;0;0;17;18550;13;13170;66;1141326;110;1513241;0;3600000;0;3600000
18.11.2021 21:00;2;2000;2;2000;56;391000;199;899883;87;559780;2;840;2;2000;2;2000;0;0;0;0;21;22380;1;1000;59;521068;146;1194106;0;3600000;0;3600000
18.11.2021 22:00;2;2000;2;2000;36;171283;186;770525;89;783898;2;460;2;1990;2;2000;0;0;0;0;10;10650;5;5020;53;580580;121;986195;33;2203317;26;2216957
18.11.2021 23:00;2;2000;2;2308;23;110740;101;366333;51;535995;3;17570;2;2000;2;2000;0;0;0;0;7;7520;2;2010;27;371393;81;431134;40;149310;42;179840
19.11.2021 00:00;2;2000;2;1990;13;20230;40;154750;18;288234;0;0;2;2000;2;2000;0;0;0;0;1;1590;2;2010;21;189393;40;150940;15;40000;20;56193
19.11.2021 01:00;0;0;1;1000;4;69720;21;69840;8;184060;0;0;0;0;1;990;0;0;0;0;1;1010;0;0;10;114100;20;71700;8;12960;12;34320
19.11.2021 02:00;0;0;0;0;1;14420;16;56810;4;135213;0;0;0;0;0;0;0;0;0;0;0;0;1;1000;5;84120;14;95880;5;8210;6;16970
19.11.2021 03:00;0;0;0;0;2;43750;13;44780;7;71880;0;0;0;0;0;0;0;0;0;0;1;1690;0;0;3;59013;14;45430;5;10470;2;7120
19.11.2021 04:00;1;1000;0;0;7;91310;36;93200;10;165550;1;36640;1;1000;0;0;0;0;0;0;1;1010;1;1000;4;53130;37;163553;22;57950;18;68160
19.11.2021 05:00;3;2980;3;2480;16;92965;148;457965;36;715911;2;51544;3;3000;3;2990;0;0;0;0;1;1010;2;2020;14;153570;112;1039097;43;149700;36;194917
19.11.2021 06:00;4;3990;4;4520;27;196160;362;877492;84;1279675;2;16100;4;4000;4;4000;0;0;0;0;10;11360;2;2000;20;300890;113;1729635;102;728957;63;429050
19.11.2021 07:00;7;7000;5;5000;104;827726;562;1663267;264;2344991;10;44120;7;6990;5;5000;0;0;0;0;43;51830;22;22240;81;1086496;57;3383981;78;1981770;102;1367240
19.11.2021 08:00;7;6990;9;8820;107;842254;513;1740846;273;2177734;4;1560;8;8000;9;8990;0;0;0;0;27;30440;16;16100;94;1462671;110;3213360;87;1911301;95;1274973
19.11.2021 09:00;4;4000;4;4140;88;653680;450;1505015;256;2097023;1;520;4;4000;4;4000;0;0;0;0;31;36520;12;12080;87;1306605;164;2593114;85;1813957;117;1538233
19.11.2021 10:00;6;6000;4;3980;99;764175;389;1667650;277;2146522;3;1940;5;5000;4;4000;0;0;0;0;33;34590;13;13070;96;1401576;144;2557636;34;2953927;45;2866810
19.11.2021 11:00;3;3000;4;3990;123;859314;402;1739722;295;2006564;4;2390;4;4000;4;4000;0;0;0;0;43;58710;16;17010;101;1411641;147;2766561;0;3600000;0;3600000
19.11.2021 12:00;6;5980;5;5000;138;939525;460;1795887;315;2268078;5;3550;5;4990;6;6000;0;0;0;0;48;57240;20;20300;114;1568352;171;2915643;48;3148873;51;2827353
19.11.2021 13:00;8;8000;9;8990;174;1217964;475;1908921;298;2514658;5;4070;8;7980;8;7980;0;0;0;0;59;63879;32;33140;125;1896043;174;3008847;109;2171687;111;1499123
19.11.2021 14:00;5;4990;6;5990;150;1203505;494;1481891;297;2343742;11;5220;5;5000;6;6000;0;0;0;0;28;30570;11;11250;104;1656938;207;2748315;126;2156255;134;1489137
19.11.2021 15:00;4;3980;3;3000;118;916924;470;1638727;295;2314877;4;2270;4;4000;3;3000;0;0;0;0;60;67880;12;12080;98;1493577;196;2833817;120;2310793;137;1586484
19.11.2021 16:00;4;4036;4;4000;141;1165176;498;1682185;246;2388121;4;1630;4;3990;5;5000;0;0;0;0;49;56090;7;7040;113;1707963;188;2916335;129;2139484;155;1569347
19.11.2021 17:00;4;4000;4;4000;142;1008989;488;1690027;272;2323547;9;5220;4;3990;4;4000;0;0;0;0;41;45380;18;18192;122;1608936;100;3141459;192;1802525;161;1379958
19.11.2021 18:00;4;4000;5;4990;156;1125170;465;1502946;245;2153187;8;3230;4;4000;4;3990;0;0;0;0;56;63360;18;18920;137;1646020;105;2907718;168;1301101;173;1152199
19.11.2021 19:00;4;4000;4;4000;116;1127736;403;1006796;188;2046635;4;2210;5;4990;4;4000;0;0;0;0;53;63436;17;17670;89;1415609;167;1903165;140;1295733;124;1130130
19.11.2021 20:00;4;3990;4;4000;67;412892;245;1058219;137;1076216;3;2390;3;3000;4;3970;0;0;0;0;31;31830;3;3010;70;650902;134;1488037;117;792562;124;808839
19.11.2021 21:00;2;2000;2;1990;35;213820;228;734128;103;801206;1;16440;2;2055;2;2000;0;0;0;0;14;17030;10;10060;51;485393;127;1067653;90;441839;98;502120
19.11.2021 22:00;2;2000;2;2000;50;425976;214;825063;84;715437;0;0;2;2000;2;1990;0;0;0;0;20;22050;11;11050;64;599714;141;1184456;102;411108;93;388051
19.11.2021 23:00;2;2000;2;2000;30;183050;148;410550;49;524479;2;1100;2;2000;2;1990;0;0;0;0;14;16010;3;3020;34;356875;103;945355;52;156950;57;232810
20.11.2021 00:00;2;2000;2;2000;16;174118;102;304463;35;539300;0;0;2;1980;2;1990;0;0;0;0;8;8410;6;6030;18;206400;81;367765;42;430031;46;520051
20.11.2021 01:00;0;0;1;1000;5;24310;56;197770;26;365815;0;0;0;0;1;1000;0;0;0;0;3;3060;4;4010;9;162765;47;204465;28;957850;24;948093
20.11.2021 02:00;0;0;0;0;5;47910;30;45610;10;150768;0;0;0;0;0;0;0;0;0;0;3;3030;2;2000;5;11870;29;97121;22;50090;25;89785
20.11.2021 03:00;0;0;0;0;10;62320;25;138770;11;196050;0;0;0;0;0;0;0;0;0;0;1;1000;3;3020;10;203200;26;122717;17;40130;22;59571
20.11.2021 04:00;1;1000;0;0;5;4400;31;73660;8;88200;0;0;1;1000;0;0;0;0;0;0;0;0;1;1000;4;36440;30;99550;6;16280;10;33320
20.11.2021 05:00;3;2990;3;3000;10;48160;65;105581;16;230225;0;0;3;2990;3;2990;0;0;0;0;2;2680;0;0;12;108890;58;216660;26;63350;28;77520
20.11.2021 06:00;4;4000;4;3990;16;165980;77;190010;25;394810;1;15200;4;3990;4;4000;0;0;0;0;1;1010;0;0;8;99750;65;349730;42;98010;20;65280
20.11.2021 07:00;4;4000;4;4000;19;14930;104;387315;51;677400;1;200;4;3990;4;3990;0;0;0;0;4;4480;1;1010;18;176030;82;599614;34;1309723;21;1236073
20.11.2021 08:00;5;4990;4;3990;32;178640;188;807058;100;923853;2;1040;5;5000;4;4000;0;0;0;0;17;18380;6;5390;38;448025;135;1125746;0;3600000;0;3600000
20.11.2021 09:00;4;4000;4;4000;50;535070;293;1067069;202;1581720;4;2200;4;3990;4;4000;0;0;0;0;21;24160;9;9900;50;763216;157;1712888;43;2801006;33;2818995
20.11.2021 10:00;4;4000;4;3990;68;514365;365;1314634;231;1792924;3;23740;4;4000;4;4000;0;0;0;0;26;29510;7;7040;73;1162607;158;2103859;101;1873384;100;1410325
20.11.2021 11:00;4;4000;4;4000;110;722757;357;1480318;262;1876890;8;37819;4;3990;4;3980;0;0;0;0;37;39920;11;11280;110;1246863;164;2196173;119;1986445;135;1319451
20.11.2021 12:00;4;4000;4;3990;142;1037237;359;1677323;305;2104373;9;8660;4;3990;4;4000;0;0;0;0;48;65740;24;24440;142;1837280;160;2501728;0;3600000;0;3600000
20.11.2021 13:00;4;4000;4;3990;120;1091533;395;1496860;239;1736840;4;1930;4;3990;4;4000;0;0;0;0;39;44290;7;7060;102;1417879;156;2484507;1;3599781;1;3599761
20.11.2021 14:00;4;4000;4;4000;100;602992;442;1424970;232;1720145;8;4790;4;3990;4;3990;0;0;0;0;43;44894;11;11070;99;1330827;171;2628833;121;1768208;133;1230638
20.11.2021 15:00;4;4000;4;3990;92;1007270;407;1426139;265;2193150;5;2320;4;4000;4;4000;0;0;0;0;31;31340;13;13430;98;1325529;169;2567670;113;1836783;118;1272098
20.11.2021 16:00;3;3000;4;3990;133;939230;533;1662212;343;2409027;3;2330;3;2990;4;4000;0;0;0;0;59;67369;13;13232;93;1393460;88;3432332;6;3532840;5;3475140
20.11.2021 17:00;5;5000;5;4990;128;1024537;505;1559358;185;1535601;4;2130;5;4990;5;4990;0;0;0;0;55;68540;7;7255;90;1736394;71;3272877;0;3600000;0;3600000
20.11.2021 18:00;4;4000;3;3000;129;1055209;409;1576636;184;1581448;7;58860;4;4000;3;2990;0;0;0;0;52;56670;5;5050;94;1588315;110;2588301;129;1408379;133;967724
20.11.2021 19:00;3;3000;5;4990;73;680903;343;1120629;129;1302404;3;3870;4;3980;5;5000;0;0;0;0;39;42029;16;17290;73;975981;144;2079520;103;1794069;77;1490772
20.11.2021 20:00;3;3000;2;2000;55;395560;257;918753;90;828969;0;0;2;2000;2;2000;0;0;0;0;30;32550;5;5020;64;630190;164;1410451;88;1464890;85;1422845
20.11.2021 21:00;2;2000;2;2000;30;309623;224;1001986;112;788115;2;1090;2;1990;2;2000;0;0;0;0;23;26700;5;5140;58;844973;135;1332582;86;826724;79;841882
20.11.2021 22:00;2;2000;2;2000;43;437384;237;897589;95;755415;1;910;2;2000;2;2000;0;0;0;0;12;16660;5;5030;63;734884;139;1342554;86;391356;89;483020
20.11.2021 23:00;2;2000;2;2000;28;143594;170;516371;61;647871;0;0;2;2000;2;2000;0;0;0;0;13;15070;4;4010;29;386986;121;823468;24;2750092;27;2719132
21.11.2021 00:00;2;2000;2;2000;21;97490;101;276647;31;352730;2;2260;2;1990;2;2000;0;0;0;0;3;3560;1;1000;20;264080;93;416463;0;3600000;0;3600000
21.11.2021 01:00;0;0;1;990;13;72030;76;216420;30;483923;1;830;0;0;1;990;0;0;0;0;4;4150;3;3010;9;129160;64;332630;5;3277402;6;3288122
21.11.2021 02:00;0;0;0;0;5;32430;40;69880;23;229060;0;0;0;0;0;0;0;0;0;0;5;7570;1;1010;11;133059;34;128570;17;1688645;13;1688505
21.11.2021 03:00;0;0;0;0;6;85700;25;68886;25;250680;0;0;0;0;0;0;0;0;0;0;3;3010;1;1010;5;105490;29;112650;0;3600000;0;3600000
21.11.2021 04:00;0;0;0;0;6;51910;26;35150;9;95850;0;0;0;0;0;0;0;0;0;0;1;1110;1;1010;7;138360;13;74810;2;3588059;1;3584209
21.11.2021 05:00;1;1000;1;1000;8;46020;33;92110;12;212187;0;0;1;1000;1;1000;0;0;0;0;0;0;0;0;6;85980;27;138510;22;304641;15;294727
21.11.2021 06:00;3;3000;2;2000;10;1520;30;78350;9;227152;0;0;3;2990;2;1990;0;0;0;0;1;1010;0;0;8;70452;25;124400;19;1200027;14;1180607
21.11.2021 07:00;2;2000;2;2000;8;50750;35;49218;11;242410;0;0;2;2000;2;1990;0;0;0;0;2;2020;0;0;12;148000;30;118630;6;2507030;2;2492550
21.11.2021 08:00;2;1990;2;2000;15;58330;83;298643;43;432789;0;0;2;2000;2;1990;0;0;0;0;10;12160;0;0;15;246956;71;380066;0;3600000;0;3600000
21.11.2021 09:00;2;1990;2;2000;25;175045;176;708936;88;768031;0;0;2;2000;2;2000;0;0;0;0;21;23810;7;7050;26;369090;116;934894;0;3600000;0;3600000
21.11.2021 10:00;2;2000;2;2000;36;326103;239;898520;115;959069;2;42110;2;1990;2;2000;0;0;0;0;16;16120;3;3230;37;516182;146;1290077;25;2959229;18;2846260
21.11.2021 11:00;2;2000;2;2000;50;427363;295;1201136;174;1292580;2;580;2;2000;2;2000;0;0;0;0;12;15680;8;8030;50;642234;174;1474462;106;1129093;95;761277
21.11.2021 12:00;3;3000;3;2990;70;548673;322;1082472;163;1283992;0;0;3;2990;3;2990;0;0;0;0;16;17600;7;7070;61;679063;159;1784899;113;1067310;111;702286
21.11.2021 13:00;4;3990;4;3990;73;592180;364;1194784;181;1381781;0;0;4;3990;4;4000;0;0;0;0;21;22130;7;7140;68;718610;177;1763427;116;1173439;104;715112
21.11.2021 14:00;5;5000;5;4990;83;520310;392;1331871;200;1366324;2;1090;5;4990;5;4990;0;0;0;0;26;30290;12;12090;82;1065258;171;2340513;131;1304959;118;821081
21.11.2021 15:00;4;4000;4;3990;81;467330;367;1190916;198;1618510;3;1170;4;3990;4;4000;0;0;0;0;21;27540;5;5090;79;941317;190;1919792;133;1200477;116;640898
21.11.2021 16:00;4;3990;4;3990;75;650290;365;1252130;185;1553174;0;0;4;4000;4;4000;0;0;0;0;22;24443;6;6360;77;924613;134;2406796;116;1460568;96;944843
21.11.2021 17:00;4;3990;4;3990;75;609158;427;1217776;207;1492201;2;2710;4;4000;4;3990;0;0;0;0;24;26370;12;12090;69;927946;127;2633387;122;1168762;115;955610
21.11.2021 18:00;4;3970;4;3990;72;470330;311;1291939;171;1491166;0;0;4;4000;4;4000;0;0;0;0;18;19670;9;9060;62;651282;139;2159485;129;902138;113;828988
21.11.2021 19:00;2;1990;2;2000;51;419238;297;1073074;126;1129339;1;13390;2;2000;2;1980;0;0;0;0;17;22270;8;8040;73;743499;141;1755170;95;756867;77;520592
21.11.2021 20:00;2;1990;2;2000;47;412830;201;902232;96;981696;1;1360;2;2000;2;2000;0;0;0;0;13;14560;3;3000;47;507620;119;1179255;94;588387;89;501050
21.11.2021 21:00;2;1990;2;2000;33;328417;163;639925;72;634870;1;380;2;2000;2;2000;0;0;0;0;7;9550;8;8160;29;426105;103;1003655;86;481790;70;395829
21.11.2021 22:00;2;2000;2;2000;22;159350;122;420637;46;633550;0;0;2;1990;2;2000;0;0;0;0;3;3030;3;3030;28;482286;87;724121;135;1504216;38;1526438
21.11.2021 23:00;2;2000;2;1990;15;78765;57;173880;27;338075;0;0;2;2000;2;1990;0;0;0;0;2;2010;0;0;8;55250;56;305950;31;742822;39;781763
22.11.2021 00:00;2;2000;2;2000;12;68290;40;38830;9;126220;0;0;2;2000;2;2000;0;0;0;0;3;4010;0;0;6;33522;37;153360;20;81736;21;96770
22.11.2021 01:00;0;0;1;1000;2;3190;14;31250;6;113390;0;0;0;0;1;1000;0;0;0;0;0;0;0;0;1;16780;14;65680;9;257155;10;255145
22.11.2021 02:00;0;0;0;0;1;41788;16;7740;4;126060;0;0;0;0;0;0;0;0;0;0;0;0;0;0;2;58500;14;53482;5;12610;8;39060
22.11.2021 03:00;0;0;0;0;2;33660;21;15754;8;135870;0;0;0;0;0;0;0;0;0;0;0;0;0;0;3;43790;18;75480;3;20400;5;23950
22.11.2021 04:00;1;1000;0;0;7;34090;36;19620;10;214562;0;0;1;1000;0;0;0;0;0;0;1;1010;0;0;4;73844;30;135015;4;2264320;5;2277070
22.11.2021 05:00;3;2990;3;2980;14;115290;161;372111;49;582327;2;18910;3;3000;3;2990;0;0;0;0;2;2880;2;2010;16;214848;80;951675;0;3600000;0;3600000
22.11.2021 06:00;4;3990;3;3000;33;316258;442;1035963;92;1162154;1;30910;4;4000;4;3990;0;0;0;0;5;5050;1;1010;31;807078;117;2136757;0;3600000;0;3600000
22.11.2021 07:00;6;6000;6;6000;104;1072065;567;1542094;247;2328634;10;6640;7;7000;5;5000;0;0;0;0;33;38330;34;34930;100;1194471;89;3289871;5;3556568;5;3573285
22.11.2021 08:00;8;7980;8;7980;98;1005298;605;1693062;255;2219650;6;2630;8;8000;8;8000;0;0;0;0;32;35550;12;12140;87;1211479;174;3338861;0;3600000;0;3600000
22.11.2021 09:00;4;4000;4;4000;75;612654;451;1553549;268;1971778;9;59660;4;4000;4;3990;0;0;0;0;26;27840;13;14270;67;883066;197;2670433;0;3600000;0;3600000
22.11.2021 10:00;6;5990;6;5990;86;701849;400;1686165;216;1833284;6;42843;5;5000;6;6000;0;0;0;0;39;41043;15;15470;92;1264027;137;2633926;58;2754090;65;2621206
22.11.2021 11:00;4;3990;3;3000;126;768317;369;1634638;253;1908895;11;10000;4;3990;4;4000;0;0;0;0;39;43490;19;20470;105;1458348;174;2389151;37;2943969;41;2801024
22.11.2021 12:00;6;5990;7;7000;138;1077985;406;1725387;260;2116689;7;73030;6;6000;6;6000;0;0;0;0;44;53280;10;10260;115;1398446;149;2607593;106;1796868;112;1433244
22.11.2021 13:00;8;7990;7;7035;154;1002198;446;1482485;281;2107561;8;64590;8;7980;7;6980;0;0;0;0;41;45680;16;16930;118;1611316;167;2824561;123;1740124;124;1337023
22.11.2021 14:00;5;5000;6;6000;123;1033414;414;1570377;262;1987629;5;3290;5;5000;7;6990;0;0;0;0;44;47980;19;18959;107;1608929;168;2613719;103;2191328;109;1767200
22.11.2021 15:00;3;3000;4;4000;142;1243890;486;1668225;308;2401461;6;3160;3;3000;4;4000;0;0;0;0;51;81170;17;17100;104;1743565;189;2747466;38;3293797;38;2959003
22.11.2021 16:00;5;5000;4;4000;173;1176240;452;1853870;281;2236395;6;110989;5;4990;4;4000;0;0;0;0;45;51310;16;16170;121;1862128;160;3024018;0;3600000;0;3600000
22.11.2021 17:00;4;4000;4;4000;166;1238735;466;1708203;270;2441291;5;7190;4;4000;3;3000;0;0;0;0;54;59543;16;16040;134;1860308;81;3061002;0;3600000;0;3600000
22.11.2021 18:00;3;3000;5;5000;150;1181503;474;1470913;185;2026078;6;27050;3;3000;5;5000;0;0;0;0;37;58450;13;13100;110;1176185;171;2599820;0;3600000;0;3600000
22.11.2021 19:00;6;6000;3;3000;87;717359;326;1017815;147;1718133;5;60510;6;6000;4;3980;0;0;0;0;25;27060;9;9030;76;938575;170;1565394;0;3600000;0;3600000
22.11.2021 20:00;3;3055;5;4990;53;370628;213;864404;111;1008001;3;1800;3;3000;4;4000;0;0;0;0;24;25790;5;5020;47;478030;124;1312945;0;3600000;0;3600000
22.11.2021 21:00;2;2000;2;2000;41;298590;160;749265;79;695403;1;830;2;2000;2;2000;0;0;0;0;16;17020;3;3170;41;428820;127;954592;0;3600000;0;3600000
22.11.2021 22:00;2;1990;2;2000;21;179210;134;442540;59;564210;1;570;2;2000;2;2000;0;0;0;0;12;15430;5;5040;32;327210;98;601441;0;3600000;0;3600000
22.11.2021 23:00;2;2000;2;2000;10;44470;71;168340;21;240790;0;0;2;2000;2;1990;0;0;0;0;4;4140;2;2010;14;161150;47;201560;18;2379162;15;2386732
23.11.2021 00:00;2;2000;2;2000;5;21773;34;44040;17;335590;0;0;2;1980;2;1990;0;0;0;0;0;0;2;2010;12;159023;19;74920;0;3600000;0;3600000
23.11.2021 01:00;0;0;1;990;4;60860;17;10300;8;66060;0;0;0;0;1;990;0;0;0;0;0;0;0;0;9;90260;16;51130;0;3600000;0;3600000
23.11.2021 02:00;0;0;0;0;0;0;15;36230;3;88497;0;0;0;0;0;0;0;0;0;0;0;0;0;0;3;46864;12;47560;0;3600000;0;3600000
23.11.2021 03:00;0;0;0;0;1;480;14;9180;3;62800;1;1290;0;0;0;0;0;0;0;0;0;0;0;0;3;2370;15;58870;3;2793562;1;2789223
23.11.2021 04:00;1;1000;0;0;4;28700;38;37830;7;91690;0;0;1;990;0;0;0;0;0;0;0;0;0;0;6;69140;36;124695;9;1216360;8;1218440
23.11.2021 05:00;3;3000;3;3000;9;72024;158;309505;34;661456;0;0;3;3000;3;3000;0;0;0;0;1;1010;3;3030;13;121940;97;788622;0;3600000;0;3600000
23.11.2021 06:00;4;4000;3;3000;25;153970;399;1119004;104;1361709;3;3930;4;4000;3;3000;0;0;0;0;5;5040;0;0;31;849617;144;2113714;0;3600000;0;3600000
23.11.2021 07:00;6;6000;6;6000;81;840482;587;1592247;274;2391247;3;7620;7;7000;6;6000;0;0;0;0;31;35580;6;6060;80;1452521;87;3442944;0;3600000;0;3600000
23.11.2021 08:00;8;7980;8;7990;108;1062755;567;1778112;294;2323456;5;2580;7;6990;9;8990;0;0;0;0;34;43020;13;13130;92;1560719;160;3439321;0;3600000;0;3600000
23.11.2021 09:00;4;4000;4;4000;70;733832;471;1412107;271;2014880;3;2200;4;4000;4;3990;0;0;0;0;33;35419;9;9050;80;1215687;200;2721269;0;3600000;0;3600000
23.11.2021 10:00;5;4990;4;3980;95;637281;399;1351297;228;1824265;10;257040;4;4000;3;2990;0;0;0;0;31;33663;16;16100;95;1271444;152;2597465;1;3422190;1;3422190
23.11.2021 11:00;3;2990;4;4000;112;883145;440;1652283;248;1943380;7;320673;3;3000;4;4000;0;0;1;690;38;39675;11;11310;87;1234764;153;2670358;9;3528574;12;3415754
23.11.2021 12:00;6;6000;6;6060;125;860140;393;1747605;267;1835927;6;4120;6;5990;6;5990;0;0;0;0;63;71310;9;9050;134;1570941;146;2634850;0;3600000;0;3600000
23.11.2021 13:00;7;6960;7;6990;125;1191791;393;1911320;285;2017374;4;2640;7;6990;8;8000;0;0;0;0;62;74175;30;31230;139;1439314;151;2805810;0;3600000;0;3600000
23.11.2021 14:00;6;5980;6;5990;149;1243939;418;1848449;299;2289312;1;320;6;6000;5;5000;0;0;0;0;35;39830;23;23930;101;1701018;153;2756295;71;2804145;71;2284420
23.11.2021 15:00;4;4000;5;5000;138;1145882;434;2132855;296;2014910;4;2060;4;4000;5;4990;0;0;0;0;48;61889;29;29260;117;1638669;163;2972684;0;3600000;0;3600000
23.11.2021 16:00;4;3990;3;3000;171;1290052;452;1727832;301;2412691;2;840;4;4000;3;3000;0;0;0;0;45;50290;15;15080;111;1697023;156;2981397;0;3600000;0;3600000
23.11.2021 17:00;4;4000;5;5000;149;1035657;500;1834524;305;2545724;10;4960;4;3990;5;4990;0;0;0;0;54;58120;20;20420;117;1897853;84;3225969;0;3600000;0;3600000
23.11.2021 18:00;4;3990;4;3990;150;1273166;454;1378167;226;1842471;4;1620;4;4000;4;4000;0;0;0;0;41;44110;22;22200;119;1885456;136;2611598;97;2683174;97;2044387
23.11.2021 19:00;5;5000;3;3000;96;883038;371;891658;156;1865229;2;1160;5;5000;4;4000;0;0;0;0;27;30978;11;11060;97;1171483;160;1716929;84;1974317;87;1680142
23.11.2021 20:00;3;3000;4;4000;57;457115;203;1123161;111;940694;0;0;3;3000;4;3990;0;0;0;0;28;32470;7;7050;57;754974;140;1311020;0;3600000;0;3600000
23.11.2021 21:00;2;2000;3;3000;30;160707;176;913401;106;718499;0;0;2;1990;2;2000;0;0;0;0;19;19590;8;10140;40;515679;124;1035649;17;2870539;19;2851399
23.11.2021 22:00;2;1990;2;2000;26;113933;133;440870;62;655107;0;0;2;2000;2;2000;0;0;0;0;9;9220;5;5220;35;345969;96;751807;81;305735;47;204834
23.11.2021 23:00;2;2000;2;1990;15;150516;92;374497;31;447148;0;0;2;2000;2;2000;0;0;0;0;4;4740;4;4010;20;302170;75;316992;41;168532;45;174224
24.11.2021 00:00;2;2000;2;2000;9;39570;38;156100;20;293780;1;30060;2;2000;2;2000;0;0;0;0;2;2000;4;4320;10;173130;34;196840;22;47891;14;50650
24.11.2021 01:00;0;0;1;1000;2;38482;20;31510;13;294049;1;27660;0;0;1;1000;0;0;0;0;1;1870;0;0;1;33000;16;61160;5;11180;10;34310
24.11.2021 02:00;0;0;0;0;2;38470;15;78860;3;78450;0;0;0;0;0;0;0;0;0;0;0;0;0;0;8;207270;14;49723;8;1470399;7;1464729
24.11.2021 03:00;0;0;0;0;1;560;14;10320;3;82640;0;0;0;0;0;0;0;0;0;0;0;0;0;0;0;0;12;42920;13;922617;10;915207
24.11.2021 04:00;1;1000;0;0;5;39960;42;85160;8;148505;0;0;1;1000;0;0;0;0;0;0;0;0;0;0;8;81223;41;193995;13;408383;9;398543
24.11.2021 05:00;3;3000;3;3000;11;87168;157;429810;42;519232;1;200;3;3000;3;3000;0;0;0;0;3;3030;1;1000;16;223120;96;789083;45;436569;23;458419
24.11.2021 06:00;4;4000;4;4000;30;434563;398;971064;101;1308113;3;17570;4;3990;4;3990;0;0;0;0;5;7400;0;0;38;565033;130;2036758;112;655394;62;270624
24.11.2021 07:00;6;5990;4;4000;96;1022901;595;1635208;245;2502381;9;144247;6;6000;4;3990;0;0;0;0;37;43809;15;16020;85;1413467;94;3282754;75;2424692;69;2165769
24.11.2021 08:00;9;8990;8;8000;114;892880;506;1719983;312;2302518;6;52510;9;8990;8;8000;0;0;0;0;25;26250;16;16070;103;1287779;151;3355757;0;3600000;0;3600000
24.11.2021 09:00;3;3000;5;4990;80;807949;426;1503497;300;2077214;9;6980;4;4000;5;4990;0;0;0;0;32;34990;9;9040;79;1242720;187;2693863;0;3600000;0;3600000
24.11.2021 10:00;5;5000;4;4000;112;999575;443;1631047;241;1815506;10;6130;4;3990;4;4000;0;0;0;0;33;36990;12;12690;94;1207657;173;2791821;0;3600000;0;3600000
24.11.2021 11:00;3;2990;3;2990;127;762838;373;1559943;298;1934805;3;1560;4;4000;3;3000;0;0;0;0;47;50378;10;10120;112;1403817;158;2529405;87;2195063;95;1608504
24.11.2021 12:00;5;4990;5;5000;127;857614;378;1589140;268;2244833;5;2710;4;3990;6;5990;0;0;0;0;37;40860;9;9040;116;1514849;179;2470762;120;1762156;110;1369949
24.11.2021 13:00;9;9000;9;8980;145;1039905;453;1809984;283;2134891;6;24040;9;9000;8;8000;0;0;0;0;41;44530;18;18400;116;1837273;117;3030224;112;2108222;114;1455500
24.11.2021 14:00;5;4990;5;4990;125;1118170;396;1717052;228;1762157;4;2010;5;5000;6;5980;0;0;0;0;38;42520;10;10970;114;1460662;149;2612683;138;2195037;129;1314017
24.11.2021 15:00;3;3000;4;4000;147;945329;478;1623879;304;2202645;9;13350;3;3000;4;4000;0;0;0;0;68;80030;19;19090;105;1799960;210;2717190;119;2266661;121;1548416
24.11.2021 16:00;5;5000;5;4990;166;1276971;542;1549455;276;2623614;2;580;5;4990;4;3990;0;0;0;0;64;82850;13;13050;112;1822978;213;2946886;29;3238191;40;2883334
24.11.2021 17:00;2;1990;2;1990;165;1308085;474;1780307;272;2231536;10;5760;2;1990;3;3000;0;0;0;0;59;81626;23;23190;127;1929145;99;2947153;0;3600000;0;3600000
24.11.2021 18:00;4;4000;4;4000;135;1095265;438;1603618;236;2152881;9;44190;4;4000;3;2990;0;0;0;0;41;43650;11;11070;94;1888943;168;2491406;0;3600000;0;3600000
24.11.2021 19:00;4;3980;3;3000;94;800206;328;1157741;162;1417675;3;1810;5;4990;3;3000;0;0;0;0;36;40470;12;12050;88;943503;153;1956154;0;3600000;0;3600000
24.11.2021 20:00;4;4000;5;5000;54;372040;224;952958;127;1107694;1;450;3;3000;5;5000;0;0;0;0;29;33110;7;7494;71;614594;122;1334742;0;3600000;0;3600000
24.11.2021 21:00;2;2000;2;2000;37;327259;190;613674;84;715479;1;1230;2;2000;2;2000;0;0;0;0;16;19090;6;6040;46;538977;147;1042247;82;1154692;50;1141774
24.11.2021 22:00;2;2000;2;2000;23;128260;177;773709;67;685223;3;2570;2;2000;2;2000;0;0;0;0;22;24270;4;4030;43;516407;125;923092;63;566114;66;550448
24.11.2021 23:00;2;1980;2;2000;17;87800;87;240040;27;391140;0;0;2;2000;2;2000;0;0;0;0;6;7290;1;1000;21;184590;73;345852;48;131682;35;137290
25.11.2021 00:00;2;2000;2;2000;9;85220;37;77180;10;152700;0;0;2;2000;2;2000;0;0;0;0;3;3010;1;1000;8;128599;31;116580;24;400562;24;413162
25.11.2021 01:00;0;0;1;1000;1;22230;14;41000;11;184310;1;13800;0;0;1;1000;0;0;0;0;0;0;0;0;5;69920;10;39960;13;26990;13;32380
25.11.2021 02:00;0;0;0;0;0;0;17;7830;1;58430;0;0;0;0;0;0;0;0;0;0;0;0;0;0;1;40430;16;54310;5;286761;9;298111
25.11.2021 03:00;0;0;0;0;2;15680;11;22210;2;24310;0;0;0;0;0;0;0;0;0;0;0;0;0;0;1;20744;9;30900;12;801932;9;800612
25.11.2021 04:00;1;1000;0;0;7;48920;32;64410;7;116780;0;0;1;1000;0;0;0;0;0;0;0;0;0;0;7;184073;27;125570;12;330684;15;339414
25.11.2021 05:00;3;2990;3;2990;12;122100;151;328050;35;516164;0;0;3;3000;3;3000;0;0;0;0;1;1010;2;2010;18;131870;92;698658;45;731444;24;686752
25.11.2021 06:00;4;3980;4;4000;20;140880;428;964366;88;1128232;2;1160;4;4000;4;4000;0;0;0;0;8;8600;3;3070;26;625333;162;1996098;106;828484;60;281372
25.11.2021 07:00;7;6990;5;5000;90;835074;533;1587933;253;2247642;9;120710;7;7000;6;5980;0;0;0;0;34;40300;19;19090;98;1217152;72;3329204;133;1661150;122;1038472
25.11.2021 08:00;8;8000;9;8980;102;1174283;516;1573286;280;2216760;4;10280;8;7980;8;7990;0;0;0;0;32;34440;17;17040;87;1389156;156;3069441;80;2173126;106;1155158
25.11.2021 09:00;4;4000;4;4000;85;674961;434;1464839;272;2012021;11;60720;4;4000;4;4000;0;0;0;0;39;43990;10;10060;83;1151045;183;2576004;95;1629704;105;1157124
25.11.2021 10:00;4;4000;4;4000;87;631700;415;1542838;243;2108912;5;3740;4;4000;4;4000;0;0;0;0;29;33120;10;10160;91;1197478;161;2667446;117;2042403;130;1222344
25.11.2021 11:00;3;3000;3;3000;105;863867;371;1621874;234;1813437;11;148560;4;3990;4;3990;0;0;0;0;39;43610;11;11110;97;1362042;150;2506735;109;1897784;114;1092897
25.11.2021 12:00;6;6000;6;6000;139;1276361;402;1551803;275;2133672;4;1290;5;4980;5;5000;0;0;0;0;39;44950;18;18460;107;1577303;159;2500960;80;2590959;99;2158598
25.11.2021 13:00;8;7980;8;8000;157;986728;419;1923118;279;2246550;7;4390;9;8980;8;7970;0;0;0;0;45;49620;32;33960;114;1999218;133;2997039;27;3298165;30;3080655
25.11.2021 14:00;4;4000;5;4990;116;929637;447;1568350;263;2108798;8;35670;2;2000;5;5000;0;0;0;0;57;68810;17;17080;104;1633560;190;2681867;113;2242299;108;1750655
25.11.2021 15:00;5;5000;4;4000;138;884775;444;1497242;308;2455763;8;4070;5;4990;4;4000;0;0;0;0;41;42400;11;11810;114;1541360;178;2746251;108;2415458;136;1474927
25.11.2021 16:00;1;1000;3;3000;161;1182086;481;1776894;316;2806928;7;2980;1;1000;3;3000;0;0;0;0;45;50919;17;17040;112;1802862;174;2903479;137;2412228;174;1699451
25.11.2021 17:00;2;2000;0;0;158;1416306;507;1815115;310;2805310;10;81790;2;2000;0;0;0;0;2;2690;62;67010;24;24470;126;2055786;88;3233051;160;2161414;164;1537244
25.11.2021 18:00;4;3990;4;3990;166;1438396;450;1560356;209;2176988;4;81400;4;4000;4;4000;0;0;1;1090;57;68620;14;14280;120;1822987;106;3042633;139;2395712;131;2025533
25.11.2021 19:00;6;6000;4;4000;105;1036852;349;1044406;158;1849368;3;580;6;6000;5;5000;0;0;0;0;45;51176;13;13694;92;1167122;186;1870345;111;1764771;85;1405369
25.11.2021 20:00;3;2990;5;5000;63;532952;222;960757;114;1126250;1;260;3;2990;4;3990;0;0;0;0;23;25920;6;6054;72;779048;118;1335550;111;1156872;78;1109659
25.11.2021 21:00;2;1990;2;2000;36;256500;200;682355;78;632729;1;14240;2;2000;2;2000;0;0;0;0;22;24370;4;4160;66;545825;129;1054189;0;3600000;0;3600000
25.11.2021 22:00;2;2000;2;2000;33;354747;177;709761;65;614723;1;260;2;1990;2;1990;0;0;0;0;13;13210;6;6350;41;534985;115;1005727;20;2859737;11;2834227
25.11.2021 23:00;2;2000;2;2000;17;107916;79;237600;47;552064;2;580;2;1990;2;1990;0;0;0;0;6;6990;3;3070;17;252570;76;341958;44;149244;39;179510
26.11.2021 00:00;2;2000;2;2000;17;117250;42;76740;18;198743;0;0;2;2000;2;2000;0;0;0;0;1;1000;1;1000;11;175806;41;156536;31;57340;19;58430
26.11.2021 01:00;0;0;1;1000;6;22840;23;25890;14;159320;1;23150;0;0;1;1000;0;0;0;0;0;0;0;0;4;86140;18;66299;11;24090;15;48560
26.11.2021 02:00;0;0;0;0;3;48440;19;16400;8;158415;1;710;0;0;0;0;0;0;0;0;0;0;0;0;5;38640;15;54420;4;11480;4;4230
26.11.2021 03:00;0;0;0;0;2;53060;17;35430;7;89127;0;0;0;0;0;0;0;0;0;0;1;1010;1;1000;5;47090;15;63400;1;2980;5;18470
26.11.2021 04:00;1;1000;0;0;7;32870;43;32460;6;115910;1;580;1;1000;0;0;0;0;0;0;0;0;0;0;5;105810;37;177690;12;305329;9;308190
26.11.2021 05:00;3;2990;3;3000;9;108920;147;492416;33;547305;1;520;3;3000;3;3000;0;0;0;0;3;3920;1;1000;13;137340;97;734125;39;218155;22;122525
26.11.2021 06:00;4;4000;3;3000;25;216640;361;851390;83;1147795;3;1100;4;4000;3;2980;0;0;0;0;9;10900;2;2010;37;519050;138;1765231;103;615565;67;312426
26.11.2021 07:00;7;6990;6;5980;88;1036038;505;1734905;279;2161887;14;29250;7;6990;6;6000;0;0;0;0;18;22643;11;11030;85;929886;107;3031884;97;1589226;87;1095148
26.11.2021 08:00;7;7000;8;7990;87;1146113;475;1542049;250;2020246;3;1870;8;7980;8;8000;0;0;0;0;27;31970;15;15070;82;1447186;182;2779352;95;1837209;99;1270395
26.11.2021 09:00;5;5000;5;5000;88;721924;459;1428092;322;2313621;11;77060;4;3980;5;5050;0;0;0;0;30;31990;13;13430;89;1380063;176;2745904;90;1636573;117;1206757
26.11.2021 10:00;4;3990;4;4000;115;1025062;456;1639323;281;2056890;5;46830;4;4000;5;5000;0;0;0;0;56;65398;14;14138;99;1725452;168;2770994;96;1625658;116;1254012
26.11.2021 11:00;5;5000;4;4000;149;1057046;446;1687409;303;2173582;8;3490;5;5000;3;2990;0;0;0;0;41;45110;10;10030;119;1850835;147;2763721;83;2424716;91;1820068
26.11.2021 12:00;5;4980;5;5000;141;1036926;463;1778563;268;2182465;3;5880;5;5000;6;6000;0;0;0;0;44;48430;8;8040;119;1884428;180;2746638;98;2222978;106;1900791
26.11.2021 13:00;8;7990;8;7980;163;1297997;434;2041728;307;2417870;5;32450;8;7990;7;7000;0;0;0;0;60;74630;31;33430;135;1819903;147;3202202;114;2680507;127;1994088
26.11.2021 14:00;5;4990;6;5990;150;1130136;496;1915343;304;2773382;9;4070;5;4990;6;6000;0;0;0;0;40;47260;12;12020;121;2095908;149;3090577;137;2138096;187;1856358
26.11.2021 15:00;4;3980;4;4000;163;1283379;539;1733133;276;2592481;8;187535;4;4000;4;4000;0;0;0;0;45;49570;20;20100;101;1795161;118;3170175;115;2527161;164;2641504
26.11.2021 16:00;4;4000;4;4000;143;1027166;480;1838289;255;2267303;3;1290;4;4000;5;4990;0;0;0;0;41;45346;16;16050;114;1652337;74;3182385;1;3505250;1;3505230
26.11.2021 17:00;4;4000;4;4000;169;1336409;512;1625338;284;2574901;13;53240;4;3980;3;3000;0;0;0;0;37;40420;9;9130;123;1500757;65;3353317;1;3599946;1;3599976
26.11.2021 18:00;3;2990;4;4000;139;1258928;479;1491655;243;2533865;4;70835;4;4000;5;5000;0;0;0;0;35;38560;28;28690;110;1635886;124;3040290;131;2085959;109;2022075
26.11.2021 19:00;6;5990;5;4990;123;767948;353;1377632;170;1937507;1;580;5;5000;4;4000;0;0;0;0;42;47019;8;8840;107;1418749;150;2141561;156;1627970;107;1150120
26.11.2021 20:00;3;3000;3;2990;71;670970;248;980555;118;1225292;1;450;3;3000;4;4000;0;0;0;0;26;29670;7;7020;69;988395;150;1541331;102;1442338;76;1351763
26.11.2021 21:00;2;2000;3;3000;52;424787;218;1054525;103;878906;1;260;2;2000;2;2000;0;0;0;0;21;24940;6;6030;64;718569;142;1308211;75;1450792;72;1403597
26.11.2021 22:00;2;1980;2;2000;40;384199;224;875804;89;903297;1;320;2;1990;2;1990;0;0;0;0;20;23680;3;3050;62;638957;132;1428608;73;1006694;81;1200953
26.11.2021 23:00;2;2000;2;2000;25;209630;151;683383;77;747536;2;2960;2;2000;2;2000;0;0;0;0;14;20940;5;5420;34;225165;103;889535;54;253524;62;394250
27.11.2021 00:00;2;1990;2;1990;28;219660;88;324584;37;393257;0;0;2;2000;2;2000;0;0;0;0;5;5310;2;2010;18;244150;69;552605;37;274110;50;313406
27.11.2021 01:00;0;0;1;1000;15;207030;42;54460;24;536629;0;0;0;0;1;1000;0;0;0;0;0;0;0;0;16;194920;28;120380;30;428833;32;161180
27.11.2021 02:00;0;0;0;0;2;1120;44;124790;16;235750;0;0;0;0;0;0;0;0;0;0;3;3020;7;8130;5;39150;46;191610;16;61420;24;122523
27.11.2021 03:00;0;0;0;0;3;31330;21;30090;8;141130;0;0;0;0;0;0;0;0;0;0;0;0;0;0;3;70110;18;68810;8;28370;10;48160
27.11.2021 04:00;1;1000;0;0;4;20540;35;26940;16;177140;0;0;1;1000;0;0;0;0;0;0;0;0;0;0;6;135420;30;144010;13;34740;19;85460
27.11.2021 05:00;3;3000;3;2990;9;24670;50;128178;20;254866;0;0;3;3000;3;3000;0;0;0;0;0;0;1;1000;8;94870;35;164538;13;49096;20;105040
27.11.2021 06:00;4;3990;4;4000;7;5660;87;263165;21;333941;1;1040;4;3990;4;3980;0;0;0;0;0;0;1;1010;16;228004;65;391201;30;155628;25;104000
27.11.2021 07:00;5;4990;5;5000;22;203194;120;479416;42;442494;2;650;5;5000;5;4990;0;0;0;0;2;2640;1;1010;23;295448;75;610546;54;237330;40;186453
27.11.2021 08:00;5;4990;4;4000;32;129403;226;769352;109;831753;4;34620;5;4990;4;4000;0;0;0;0;20;23190;1;1010;38;617674;135;1254865;115;724348;76;504024
27.11.2021 09:00;4;4000;4;4000;49;322526;333;1215978;192;1451457;1;260;4;3990;4;4000;0;0;0;0;40;46730;10;10040;64;1127202;143;1928257;96;1416907;100;956267
27.11.2021 10:00;5;4990;5;5000;64;524567;380;1263510;264;1651160;5;49270;5;5000;5;5000;0;0;0;0;38;42657;17;17170;64;823262;137;2543162;108;1541680;118;1330672
27.11.2021 11:00;4;4000;4;4000;114;921389;410;1526657;283;1877928;8;5100;4;3990;4;4000;0;0;0;0;35;38520;11;11450;110;1304778;157;2421873;97;1529616;117;1101619
27.11.2021 12:00;4;3990;4;4000;122;1012543;370;1517911;278;2185795;5;45440;4;3990;4;3990;0;0;0;0;42;48730;21;21230;94;1510882;178;2315632;93;2534230;110;1849694
27.11.2021 13:00;4;3990;4;4000;115;993715;430;1642861;261;2129929;3;890;4;3990;4;3990;0;0;0;0;45;46790;10;10080;105;1752182;179;2629395;95;2419932;119;2014171
27.11.2021 14:00;4;3990;4;3990;120;962069;420;1535764;236;1957906;2;24180;4;3990;4;4000;0;0;0;0;53;62238;14;14470;103;1745438;168;2459497;39;3040326;41;2901687
27.11.2021 15:00;4;4000;4;3990;106;1054298;388;1353078;215;1757895;0;0;4;3990;4;4000;0;0;0;0;37;57380;12;12070;99;1472482;146;2514598;0;3600000;0;3600000
27.11.2021 16:00;4;3990;4;3990;116;937521;395;1604518;189;1448513;4;1300;4;3990;4;3980;0;0;0;0;46;49760;11;11590;101;1263276;140;2501701;53;2950363;51;2834045
27.11.2021 17:00;4;4000;5;4980;123;1129746;445;1519202;214;1883614;3;1030;4;4000;5;4990;0;0;0;0;54;61930;14;14110;114;1484380;108;2813706;162;1263558;143;1124701
27.11.2021 18:00;4;4000;4;3990;119;868243;384;1274458;161;1595191;0;0;4;4000;4;3990;0;0;0;0;35;40470;8;8030;118;1540374;141;2285657;149;1084782;154;861515
27.11.2021 19:00;4;3990;4;4000;88;697757;309;1394307;140;1320430;2;710;4;3990;4;3990;0;0;0;0;24;26340;10;10910;95;1444123;148;1858447;164;951849;139;762040
27.11.2021 20:00;2;2000;2;2000;40;430115;241;861611;89;840748;0;0;2;2000;2;2000;0;0;0;0;28;31780;14;14940;77;837949;146;1202063;99;1206824;85;1136658
27.11.2021 21:00;2;2000;2;2000;48;369891;227;886244;91;684495;2;33440;2;2000;2;2000;0;0;0;0;23;30240;7;7050;60;697713;148;1140935;87;315040;86;447380
27.11.2021 22:00;2;1990;2;2000;35;340284;253;750176;81;862786;1;200;2;2000;2;2000;0;0;0;0;25;33840;2;2370;51;645756;145;1331820;91;278430;92;385910
27.11.2021 23:00;2;2000;2;2000;24;262960;160;689657;58;588907;3;1290;2;2000;2;1990;0;0;0;0;9;11690;8;8020;34;291770;124;941107;70;247969;74;290127
28.11.2021 00:00;2;1990;2;2000;30;209850;96;435620;29;379442;1;14000;2;2000;2;2000;0;0;0;0;4;4040;1;1000;28;362524;81;521957;44;249680;54;310181
28.11.2021 01:00;0;0;1;1000;10;101882;69;223955;26;370180;1;17390;0;0;1;1000;0;0;0;0;1;1250;0;0;10;118687;55;430554;22;692239;27;730647
28.11.2021 02:00;0;0;0;0;5;87045;53;105250;16;248640;2;390;0;0;0;0;0;0;0;0;4;4260;2;2020;11;150985;45;193260;27;218904;33;212548
28.11.2021 03:00;0;0;0;0;11;177660;37;60638;12;123390;0;0;0;0;0;0;0;0;0;0;0;0;1;1000;7;60160;35;139990;11;39720;16;48360
28.11.2021 04:00;0;0;0;0;4;18160;19;32350;11;175540;1;14690;0;0;0;0;0;0;0;0;3;3140;0;0;5;35660;18;66748;12;38850;12;25820
28.11.2021 05:00;1;1000;1;1000;9;26540;34;60750;16;203020;1;31920;2;1990;1;1000;0;0;0;0;2;2020;1;1000;8;148974;37;137200;17;56310;14;33040
28.11.2021 06:00;3;2990;2;2000;10;44020;42;128652;12;191090;0;0;2;2000;2;2000;0;0;0;0;0;0;1;1000;10;525912;40;193140;0;3600000;0;3600000
28.11.2021 07:00;2;2000;2;2000;10;134780;34;109777;18;294824;0;0;2;2000;2;2000;0;0;0;0;2;2020;2;2250;8;74060;34;194751;0;3600000;0;3600000
28.11.2021 08:00;2;2000;2;2000;8;114761;85;373620;50;607135;0;0;2;2000;2;2000;0;0;0;0;6;6640;1;1200;9;109450;63;354729;22;2009521;23;1972450
28.11.2021 09:00;2;2000;2;2000;22;80960;166;587352;92;824029;0;0;2;1990;2;2000;0;0;0;0;8;9340;5;5100;34;390477;125;726281;11;2593103;12;2545710
28.11.2021 10:00;2;2000;2;2000;42;214886;243;622666;110;1094450;0;0;2;1990;2;2000;0;0;0;0;8;8160;10;10253;41;387760;166;1237268;0;3600000;0;3600000
28.11.2021 11:00;2;2000;2;2000;36;322303;287;893016;136;1183168;2;29100;2;2000;2;2000;0;0;0;0;16;17408;10;10400;49;586020;161;1456038;58;2336711;71;1917995
28.11.2021 12:00;3;3000;3;2990;61;426570;314;1134483;152;1263671;3;8540;3;2990;3;2990;0;0;0;0;20;21470;7;7820;73;774836;165;1870762;127;1097798;100;711484
28.11.2021 13:00;4;4000;4;4000;70;508269;327;1330527;199;1426431;3;720;4;3990;4;4000;0;0;0;0;20;21720;11;11380;73;908159;155;2002200;102;976892;117;622603
28.11.2021 14:00;4;4000;4;3990;75;488367;326;1319158;190;1501616;0;0;4;3990;4;3980;0;0;0;0;22;24060;9;9090;74;1035375;167;1941202;119;1247881;113;1004123
28.11.2021 15:00;4;4000;4;3990;57;423158;361;1090661;180;1278590;2;92060;4;3990;4;3990;0;0;0;0;17;18560;7;7540;56;792382;187;1824789;110;1056985;121;744619
28.11.2021 16:00;4;4000;4;3990;43;264727;340;1243082;207;1624685;4;1504;4;3990;4;3990;0;0;0;0;31;34090;11;11080;62;728118;140;2156593;164;1007447;119;720212
28.11.2021 17:00;4;4000;4;4000;61;502224;380;1346007;157;1575360;4;15440;4;3990;4;4000;0;0;0;0;21;22020;5;5030;73;806578;148;2057711;116;713294;134;825003
28.11.2021 18:00;4;3990;4;4000;62;398407;345;1234906;146;1228162;2;17150;4;3980;4;4000;0;0;0;0;14;16080;8;8070;51;659783;132;2054442;119;1205535;93;898070
28.11.2021 19:00;2;2000;2;2000;60;568861;303;964290;98;1136771;0;0;2;2000;2;2000;0;0;0;0;10;11590;5;5050;55;736250;138;1834427;110;826047;78;594915
28.11.2021 20:00;2;2000;2;2000;42;324900;211;728136;68;765750;3;1150;2;2000;2;2000;0;0;0;0;14;14461;6;6760;43;516867;129;1272632;68;1534080;56;1472992
28.11.2021 21:00;2;2000;2;2000;31;195550;199;799665;55;599101;0;0;2;2000;2;2000;0;0;0;0;8;9640;0;0;46;518858;136;1054272;0;3600000;0;3600000
28.11.2021 22:00;2;2000;2;2000;21;149192;93;490632;50;687381;0;0;2;1990;2;2000;0;0;0;0;2;2020;2;2610;28;329834;74;557510;0;3600000;0;3600000
28.11.2021 23:00;2;2000;2;2000;10;56430;58;174110;20;350044;0;0;2;1990;2;2000;0;0;0;0;0;0;1;1000;19;201696;47;287037;6;3328628;7;3322988
29.11.2021 00:00;2;2000;2;2000;9;72240;34;72090;9;215530;0;0;2;2000;2;1990;0;0;0;0;1;1010;0;0;3;10280;29;137910;16;932088;15;930428
29.11.2021 01:00;0;0;1;990;0;0;13;8560;5;132960;1;49930;0;0;1;1000;0;0;0;0;0;0;0;0;3;67760;9;30070;6;654280;9;673890
29.11.2021 02:00;0;0;0;0;4;30200;15;32250;1;18700;0;0;0;0;0;0;0;0;0;0;1;1470;0;0;2;28830;12;54995;4;2740528;5;2744988
29.11.2021 03:00;0;0;0;0;2;16680;20;13310;4;116870;0;0;0;0;0;0;0;0;0;0;0;0;0;0;2;33650;19;87546;0;3600000;0;3600000
29.11.2021 04:00;1;1000;0;0;4;39100;26;13640;9;237168;0;0;1;1000;0;0;0;0;0;0;0;0;0;0;5;128740;23;113840;3;3547627;2;3537667
29.11.2021 05:00;3;3000;3;2990;11;156616;175;315713;37;520830;0;0;3;3000;3;3000;0;0;0;0;1;1010;1;1010;12;146680;90;968840;11;1973530;11;1975830
29.11.2021 06:00;4;4062;4;3990;32;577310;382;954313;88;1002238;0;0;4;3990;4;4000;0;0;0;0;6;6090;2;2010;34;354249;104;2038746;0;3600000;0;3600000
29.11.2021 07:00;5;4990;4;3990;99;893992;559;1691009;283;2165879;8;51690;5;4990;4;4000;0;0;0;0;33;37297;15;15750;86;1124425;47;3373220;0;3600000;0;3600000
29.11.2021 08:00;5;4990;6;6000;97;977782;548;1878005;295;2341098;6;1560;5;4980;6;6000;0;0;2;1070;23;26530;12;12430;86;1218610;151;3347151;27;2990339;33;2637316
29.11.2021 09:00;5;5000;3;3000;81;769319;475;1434377;280;2445546;12;25310;5;5000;4;4000;0;0;0;0;38;40400;11;11060;75;1427132;199;2460526;44;2890206;50;2790321
29.11.2021 10:00;4;4000;4;4000;100;724446;402;1638434;271;2228847;8;3680;4;3990;3;3000;0;0;0;0;47;55989;10;10842;99;1387614;161;2602035;100;2214922;105;1639108
29.11.2021 11:00;4;4000;4;4000;109;830049;329;1253954;251;1754635;10;98909;4;3990;6;5990;0;0;0;0;31;38140;15;15060;90;1392494;153;2224006;94;1847702;84;1640603
29.11.2021 12:00;5;5000;6;5990;147;1038445;339;1848588;237;1676626;10;6680;5;5000;5;5000;0;0;0;0;38;43670;8;8190;125;1609250;144;2578319;0;3600000;0;3600000
29.11.2021 13:00;8;8000;7;6990;146;1274597;415;1721946;299;2319758;11;9930;8;7990;7;6990;0;0;0;0;45;53220;22;23350;111;1550517;123;2876134;0;3600000;0;3600000
29.11.2021 14:00;4;4000;7;6990;106;999272;443;1732717;266;2084811;3;17810;4;3990;7;6990;0;0;0;0;28;29850;16;16570;110;1444354;146;2846795;0;3600000;0;3600000
29.11.2021 15:00;4;4000;3;2990;174;1238456;476;1914030;315;2533009;11;5700;4;4000;3;3000;0;0;0;0;45;47950;35;36170;112;1816847;96;3133186;5;3551252;19;3447790
29.11.2021 16:00;4;4000;4;4000;171;1558334;458;1940353;269;2797797;10;7470;4;3990;4;3990;0;0;0;0;39;49407;15;15070;126;1870010;99;3094036;78;2982930;98;2808960
29.11.2021 17:00;5;4990;4;3990;165;1386070;511;1779571;261;2253666;7;2130;5;4990;4;4000;0;0;0;0;47;50160;15;15070;112;1682010;69;3355521;98;2475225;137;1932398
29.11.2021 18:00;3;3000;4;4000;141;1095244;464;1090049;219;2628769;7;13030;3;3000;4;4000;0;0;0;0;44;48490;19;19730;108;1726723;159;2342074;107;2698279;105;2801701
29.11.2021 19:00;4;3990;3;3000;94;1018322;359;987746;164;1699280;0;0;5;4980;3;3000;0;0;0;0;33;48088;6;6010;85;1459790;162;1685860;110;1632710;113;1551712
29.11.2021 20:00;4;4000;5;5000;45;440682;200;915083;119;1117430;2;650;3;3000;5;4990;0;0;0;0;19;27510;13;13560;62;823857;123;1427381;24;3028902;19;3018790
29.11.2021 21:00;2;2000;2;1990;35;195090;155;711473;56;568401;1;1490;2;2000;2;2000;0;0;0;0;11;11320;4;4010;58;681700;106;875068;0;3600000;0;3600000
29.11.2021 22:00;2;1990;2;2000;39;320355;131;475600;61;534682;0;0;2;1990;2;2000;0;0;0;0;6;6120;1;1010;36;455742;96;638700;12;3259010;15;3281380
29.11.2021 23:00;2;2000;2;1990;11;104570;84;302850;34;697748;0;0;2;2000;2;2000;0;0;0;0;6;6470;1;1000;19;356691;69;454492;8;3200261;10;3229291
30.11.2021 00:00;2;1990;2;2000;10;65320;29;81020;13;127222;0;0;2;2000;2;1990;0;0;0;0;0;0;1;1000;6;127350;29;145679;0;3600000;0;3600000
30.11.2021 01:00;0;0;1;1000;5;35113;23;31600;8;141210;1;32090;0;0;1;1000;0;0;0;0;1;1010;0;0;2;37230;21;92000;0;3600000;0;3600000
30.11.2021 02:00;0;0;0;0;4;17940;12;25410;4;115370;2;42330;0;0;0;0;0;0;0;0;0;0;0;0;1;17020;10;42800;1;3185891;1;3185891
30.11.2021 03:00;0;0;0;0;0;0;16;25320;3;46200;0;0;0;0;0;0;0;0;0;0;0;0;0;0;2;53640;15;75740;6;1024778;8;1032748
30.11.2021 04:00;1;1000;0;0;8;118654;29;87556;10;208190;1;15660;1;1000;0;0;0;0;0;0;0;0;0;0;8;64966;26;140724;19;1235691;15;1216791
30.11.2021 05:00;3;3000;2;1990;8;94841;148;325070;35;496381;0;0;3;2990;3;3000;0;0;0;0;0;0;1;1000;12;130610;92;811930;30;1288623;25;1282543
30.11.2021 06:00;4;4000;5;5000;33;443929;389;1080470;97;1307799;1;1030;4;3990;4;4000;0;0;0;0;5;5030;2;2020;30;445400;86;2178785;0;3600000;0;3600000
30.11.2021 07:00;6;5990;5;4990;98;1034427;518;1721636;288;2289705;4;116950;7;7000;5;5000;0;0;0;0;23;42240;16;16830;78;1104557;43;3359368;61;3068091;75;3164236
30.11.2021 08:00;8;7980;8;8000;108;1110131;564;1900532;300;2844925;4;19960;7;6990;9;8990;0;0;0;0;25;26610;6;6040;94;1624359;38;3520181;59;2946805;96;2775341
30.11.2021 09:00;5;4990;5;5000;96;811685;473;1536316;257;2473631;10;82460;5;5000;4;4000;0;0;0;0;24;25845;10;10210;77;1363014;129;2853361;606;1691609;80;2751691
30.11.2021 10:00;6;6000;4;3990;93;775639;373;1423563;301;2411779;8;5210;6;5990;5;5000;0;0;0;0;32;32780;6;6030;79;1611573;154;2582210;54;2535392;84;3105887
30.11.2021 11:00;3;3000;5;4990;120;804875;353;1813332;265;1866506;5;2710;4;4000;5;5000;0;0;0;0;29;32050;6;6020;103;1602004;124;2606066;0;3600000;0;3600000
30.11.2021 12:00;6;5990;6;5980;134;1188522;386;1633991;240;1640819;9;30770;5;4990;5;5000;0;0;0;0;33;39844;11;11080;119;1633118;117;2688289;0;3600000;0;3600000
30.11.2021 13:00;8;8000;7;7000;134;918242;416;1691566;286;2045334;8;5220;8;8000;7;6990;0;0;0;0;37;44990;20;20550;115;1489241;85;3067302;0;3600000;0;3600000
30.11.2021 14:00;6;6000;7;6990;101;729135;374;1800626;289;1954404;11;71560;6;5990;7;7000;0;0;0;0;33;37500;13;13144;99;1253895;103;2784400;0;3600000;0;3600000
30.11.2021 15:00;3;3000;5;5000;139;1175868;491;1836973;297;2328083;7;4900;3;3000;5;5000;0;0;0;0;47;50260;42;46080;116;1723628;117;2982507;0;3600000;0;3600000
30.11.2021 16:00;5;4990;3;3000;158;1707436;517;1852192;281;2502022;4;90857;5;4980;3;3000;0;0;0;0;42;45590;12;12220;119;1712187;65;3392957;0;3600000;0;3600000
30.11.2021 17:00;4;3990;4;4000;157;1223710;503;1771358;270;2285198;11;6010;4;3990;4;3990;0;0;0;0;46;52640;15;15050;138;1837082;64;3333281;0;3600000;0;3600000
30.11.2021 18:00;4;3990;4;3990;168;1268987;394;1599367;248;2363453;8;3600;4;4000;4;3990;0;0;0;0;46;50450;15;15370;127;1734406;140;2916277;0;3600000;0;3600000
30.11.2021 19:00;4;3980;5;4990;99;881284;339;945506;160;1716237;3;1230;5;5000;5;4990;0;0;0;0;34;36840;7;7420;96;1443206;182;2049948;28;3243966;27;3211619
30.11.2021 20:00;4;4000;3;2970;57;525958;226;1008778;136;1329952;3;710;3;3000;4;4000;0;0;0;0;23;26234;7;7980;63;679732;129;1740417;0;3600000;0;3600000
30.11.2021 21:00;2;2000;3;3000;54;335185;183;824662;92;829387;1;190;2;1990;2;2000;0;0;0;0;17;20980;4;4010;59;714109;121;1158810;0;3600000;0;3600000
30.11.2021 22:00;2;2000;2;1990;37;266730;165;633059;58;655805;2;1360;2;2000;2;2000;0;0;0;0;10;10370;5;5030;35;421739;110;930094;0;3600000;0;3600000
30.11.2021 23:00;2;2000;2;2000;19;189100;75;290680;41;495082;1;330;2;2000;2;2000;0;0;0;0;4;4600;0;0;21;185830;70;415320;18;2608856;16;2653882
01.12.2021 00:00;2;1990;2;2000;7;103940;38;40490;15;206580;0;0;2;2000;2;2000;0;0;0;0;2;2010;0;0;9;121240;31;154730;4;2834110;4;2835470
01.12.2021 01:00;0;0;1;1000;7;21360;27;43850;9;222270;1;16880;0;0;1;1000;0;0;0;0;0;0;0;0;3;41560;24;102260;5;3086102;7;3089022
01.12.2021 02:00;0;0;0;0;4;20040;13;38351;9;149730;0;0;0;0;0;0;0;0;0;0;0;0;0;0;3;30450;10;44483;0;3600000;0;3600000
01.12.2021 03:00;0;0;0;0;2;6060;18;21300;4;57150;0;0;0;0;0;0;0;0;0;0;0;0;0;0;2;32840;19;82450;0;3600000;0;3600000
01.12.2021 04:00;1;990;0;0;4;46749;28;93970;8;158910;1;640;1;1000;0;0;0;0;0;0;0;0;0;0;4;53930;27;116350;10;1931896;9;1967136
01.12.2021 05:00;3;3000;3;3000;11;56150;152;393300;36;699875;0;0;3;2990;3;3000;0;0;0;0;3;3010;1;1000;14;151932;98;785760;22;1968249;24;2002289
01.12.2021 06:00;4;4000;3;3000;25;337840;424;719118;93;1262023;2;2330;4;3990;3;2990;0;0;0;0;5;5850;3;3010;29;388266;133;1943221;0;3600000;0;3600000
01.12.2021 07:00;7;7000;6;6000;90;757896;549;1688134;269;2289654;12;113292;7;7000;7;7000;0;0;0;0;33;38700;13;13240;72;971584;33;3476850;0;3600000;0;3600000
01.12.2021 08:00;8;7990;8;8000;97;919512;583;1900555;276;2047724;8;4200;8;7990;7;6990;0;0;0;0;26;26780;17;17080;90;1254593;82;3434457;0;3600000;0;3600000
01.12.2021 09:00;4;3990;4;4000;100;710899;459;1540744;259;2142859;8;56309;4;4000;5;4990;0;0;0;0;25;27970;12;12050;91;1415906;183;2750534;0;3600000;0;3600000
01.12.2021 10:00;4;4000;4;4000;103;759998;381;1483443;253;1937588;6;2590;4;3990;4;4000;0;0;0;0;37;39065;9;9060;101;1332768;131;2585722;0;3600000;0;3600000
01.12.2021 11:00;3;2990;5;5000;115;1022950;385;1711505;277;2107571;5;2200;4;3990;4;3990;0;0;0;0;39;45660;12;12070;111;1525679;150;2657900;79;2423641;92;1668516
01.12.2021 12:00;5;4990;4;4000;152;1130041;398;1707641;256;2153288;8;5690;4;4000;5;4990;0;0;0;0;46;50680;19;19230;110;1779306;147;2598432;101;2301605;111;1705598
01.12.2021 13:00;8;7990;7;6990;150;1246249;433;1794937;294;2290725;15;79524;8;7990;7;6980;0;0;0;0;64;75198;14;14220;113;1945829;120;3086401;21;3434414;30;3179990
01.12.2021 14:00;4;3990;6;5980;122;886888;389;1826702;241;1777599;5;1630;4;3970;5;4990;0;0;0;0;40;42290;12;12060;106;1730478;153;2652942;39;3121111;53;3207824
01.12.2021 15:00;4;4000;3;2990;135;1011928;416;1704545;294;2319352;4;1690;4;4000;3;3000;0;0;0;0;40;47190;42;43440;117;1744735;155;2829910;0;3600000;0;3600000
01.12.2021 16:00;4;3990;4;4000;179;1302600;517;1928354;282;2371123;8;62860;4;3990;4;4000;0;0;0;0;37;43920;19;20200;119;1567009;80;3292472;0;3600000;0;3600000
01.12.2021 17:00;4;3980;5;5000;149;1310658;512;1586547;231;2264401;8;122205;4;4000;5;5000;0;0;0;0;59;81400;18;18100;130;1809251;83;3205278;96;2603150;88;2178160
01.12.2021 18:00;4;4000;3;3000;143;885184;426;1163293;235;2131428;4;2000;4;4000;4;4000;0;0;0;0;57;97269;11;11080;121;1436128;132;2692210;108;2244280;107;1583058
01.12.2021 19:00;5;5000;4;3990;112;983309;354;974924;173;1995349;2;74100;5;5000;4;3990;0;0;0;0;22;25700;11;11060;90;1380962;194;2006502;83;2352129;84;2324977
01.12.2021 20:00;3;2990;5;5000;61;469679;254;856967;119;1215239;1;30390;3;3000;4;3990;0;0;0;0;14;15590;7;7090;64;586319;141;1566068;116;951107;85;784767
01.12.2021 21:00;2;2000;2;2000;44;390846;186;722575;81;750693;0;0;2;1990;2;2000;0;0;0;0;14;15010;3;3070;44;588405;140;994458;85;924327;71;882690
01.12.2021 22:00;2;2000;2;2000;27;141690;141;538871;48;413681;0;0;2;2000;2;2000;0;0;0;0;11;13250;5;5210;43;462750;94;783303;68;795854;56;737534
01.12.2021 23:00;2;2000;2;2000;20;124884;85;301850;37;504302;1;970;2;2000;2;2000;0;0;0;0;7;7880;5;5780;13;129232;77;419049;53;185286;35;141990
02.12.2021 00:00;2;2000;2;2000;19;59670;39;163650;16;332254;0;0;2;1990;2;1990;0;0;0;0;2;2020;0;0;14;181650;33;135752;24;726437;14;652807
02.12.2021 01:00;0;0;1;1000;5;64440;16;15310;13;241752;1;840;0;0;1;1000;0;0;0;0;0;0;2;2010;3;59860;15;51350;13;1163601;15;1161491
02.12.2021 02:00;0;0;0;0;3;55250;15;7580;7;95332;0;0;0;0;0;0;0;0;0;0;0;0;0;0;2;4320;11;52430;9;395949;9;406519
02.12.2021 03:00;0;0;0;0;4;17730;19;44080;6;115567;1;17080;0;0;0;0;0;0;0;0;0;0;0;0;1;20370;15;79360;0;0;0;0
02.12.2021 04:00;1;1000;0;0;3;44990;25;50190;8;162720;0;0;1;1000;0;0;0;0;0;0;1;1010;0;0;6;41880;23;92364;13;77410;21;110030
02.12.2021 05:00;3;3000;3;3000;12;150783;173;425457;38;596823;2;1100;3;3000;3;3000;0;0;0;0;0;0;1;990;9;215841;102;1013843;39;1271036;41;1224309
02.12.2021 06:00;4;3980;4;4000;30;367762;426;810473;84;1107516;2;35490;4;4000;4;3980;0;0;0;0;9;9667;4;4030;28;390760;108;2045198;59;1768981;58;1694096
02.12.2021 07:00;7;6990;4;3990;95;1022114;512;1931439;279;2142665;10;6110;7;6980;5;5000;0;0;0;0;23;24980;7;7040;74;1568687;46;3402087;15;3281009;13;3226814
02.12.2021 08:00;8;7990;9;8990;93;867106;560;1954554;302;2273362;5;1550;8;8000;9;8990;0;0;0;0;17;18560;4;4520;80;1242614;31;3526456;0;3600000;0;3600000
02.12.2021 09:00;4;4000;3;3000;81;782693;502;1505691;258;2017090;8;23890;4;4000;4;3990;0;0;0;0;25;27490;15;15430;97;1251049;131;2907678;0;3600000;0;3600000
02.12.2021 10:00;5;5000;4;3990;86;606910;438;1803001;241;1655176;6;5810;5;5000;4;4000;0;0;0;0;29;31310;16;16090;112;1497582;138;2716693;0;3600000;0;3600000
02.12.2021 11:00;4;3990;5;4990;105;563014;441;1613480;264;1703421;7;91120;4;4000;5;4990;0;0;0;0;33;36200;16;16070;104;1372421;139;2786267;79;2256292;86;1929349
02.12.2021 12:00;5;4990;6;6000;151;1079190;402;1678334;268;2052728;4;22470;5;4980;5;5000;0;0;0;0;53;64260;19;19230;131;1674563;157;2605058;108;2289379;115;1373455
02.12.2021 13:00;8;8000;7;6970;148;1243193;437;1908313;305;2171164;6;63090;8;7990;7;6990;0;0;0;0;42;48110;31;31220;123;1799591;132;2916428;105;2429837;117;1168200
02.12.2021 14:00;5;5000;6;5990;143;1166987;439;1719923;257;2353696;8;105297;5;4990;7;7000;0;0;0;0;42;51549;16;16230;107;1527689;157;2888772;115;2313599;155;1320769
02.12.2021 15:00;3;3000;4;4000;151;1074930;466;1505623;306;2312438;7;3940;3;3000;3;2990;0;0;0;0;43;49540;17;17120;117;1651609;183;2496874;112;2370016;133;1407694
02.12.2021 16:00;5;5000;4;3990;191;1282865;506;1855564;319;2798351;4;3500;5;4990;5;5000;0;0;0;0;41;43600;19;19240;106;2038379;124;3115910;106;2742532;138;1995553
02.12.2021 17:00;4;4000;4;4000;185;1812926;468;1824418;288;2617450;8;3610;4;4000;3;3000;0;0;0;0;44;47780;20;21210;136;2064765;103;3122377;116;2505631;119;1944582
02.12.2021 18:00;3;3000;4;4000;157;1309682;478;1624576;216;2093284;11;99060;4;4000;5;5000;0;0;0;0;42;48220;19;19480;126;1853540;111;2931603;139;1920964;123;1433230
02.12.2021 19:00;6;6000;4;4000;113;782735;348;808438;174;1777729;2;840;5;4990;4;4000;0;0;0;0;39;57260;17;19770;109;1037125;162;1787509;59;2627136;53;2366381
02.12.2021 20:00;3;3000;5;4990;57;510982;218;1055355;134;1350582;4;1870;3;3000;4;4000;0;0;0;0;19;20870;7;7040;73;957595;135;1336205;70;2348545;52;2060156
02.12.2021 21:00;2;2000;2;2000;25;227280;181;871466;99;754534;4;1930;2;1990;2;1990;0;0;0;0;12;12100;4;4020;59;607543;141;1090933;0;3600000;0;3600000
02.12.2021 22:00;2;2000;2;2000;31;208200;164;708638;85;735001;1;450;2;2000;2;2000;0;0;0;0;13;13510;3;3020;43;471541;121;951133;0;3600000;0;3600000
02.12.2021 23:00;2;2000;2;2000;19;138647;102;472295;51;609710;2;27600;2;1990;2;2000;0;0;0;0;10;10990;3;3170;25;270787;85;556016;0;3600000;0;3600000
03.12.2021 00:00;2;1990;2;2000;7;34050;44;103260;13;192860;1;1350;2;2000;2;2000;0;0;0;0;1;1070;1;1300;7;36130;35;135194;4;2884711;3;2879951
03.12.2021 01:00;0;0;1;1000;7;5920;28;36240;7;142234;2;29190;0;0;1;1000;0;0;0;0;0;0;0;0;4;98477;25;72922;17;539043;10;526313
03.12.2021 02:00;0;0;0;0;4;29933;19;13310;7;68642;0;0;0;0;0;0;0;0;0;0;1;1010;1;1210;2;45970;15;44990;1;86180;5;90800
03.12.2021 03:00;0;0;0;0;6;44960;19;21240;11;339365;0;0;0;0;0;0;0;0;0;0;0;0;0;0;2;31310;19;57180;13;1175619;13;1175939
03.12.2021 04:00;1;1000;0;0;7;85950;29;45440;6;158290;0;0;1;1000;0;0;0;0;0;0;1;1000;0;0;4;55610;29;96790;19;1551825;16;1543985
03.12.2021 05:00;3;3000;3;3000;7;82310;145;348030;28;479008;0;0;3;3000;3;3000;0;0;0;0;2;2210;1;1000;13;116220;107;523314;35;145355;34;87770
03.12.2021 06:00;4;4000;3;3000;30;384820;370;761598;77;1138529;3;18694;4;3990;3;3000;0;0;0;0;9;10720;4;4330;31;482612;148;1671730;92;583544;47;184310
03.12.2021 07:00;7;6990;6;6000;97;1008296;561;1651279;261;2343518;4;5520;7;7000;6;5990;0;0;0;0;33;41580;25;26200;90;1700003;106;3180938;107;1826221;123;1020857
03.12.2021 08:00;8;8000;9;8980;107;877027;497;1881584;288;2368687;6;3660;8;7990;9;8970;0;0;0;0;30;32620;10;10030;81;1265210;184;3058858;79;2087135;90;1400984
03.12.2021 09:00;4;4000;3;3000;76;555749;438;1524148;272;2168692;8;38620;4;3990;4;3970;0;0;0;0;33;36650;10;10030;78;1145120;171;2548875;100;1603040;94;1175122
03.12.2021 10:00;5;5000;5;4990;97;726437;416;1777061;273;2017631;8;39210;5;5000;5;4990;0;0;0;0;31;33590;11;12510;86;1152771;141;2772641;89;2156617;105;1567371
03.12.2021 11:00;4;4000;5;5000;108;601954;438;1832075;306;2185894;6;2950;4;3980;4;4000;0;0;0;0;46;49670;27;27800;102;1810006;148;2781165;106;1961272;115;1374071
03.12.2021 12:00;5;5000;5;5000;152;1004553;462;1435389;299;2382893;4;3270;5;5000;5;4990;0;0;0;0;32;34770;21;21630;112;1798810;196;2742790;15;3411330;17;3391260
03.12.2021 13:00;8;8000;7;6990;146;1265416;501;1966240;296;2382168;8;29970;8;8000;8;7990;0;0;0;0;55;78850;32;32530;132;1541472;178;3027687;0;3600000;0;3600000
03.12.2021 14:00;4;3980;6;5990;144;1163127;450;1616774;298;2655371;5;529850;4;4000;5;5000;0;0;0;0;39;43030;13;13520;126;1967460;193;2851099;50;3063744;60;2652051
03.12.2021 15:00;5;4980;5;4980;164;1424305;473;1790477;278;2233269;7;3290;5;5000;5;5000;0;0;0;0;49;60018;10;10050;116;1792599;211;2848081;112;2477769;148;1478884
03.12.2021 16:00;3;2990;3;3000;164;1311238;476;1674835;280;2588411;6;64940;4;3990;4;4000;0;0;0;0;43;49080;18;19910;120;1519987;153;2980994;158;2348481;168;1706060
03.12.2021 17:00;4;3980;4;3970;163;1458098;481;1630619;300;2832249;2;650;3;3000;3;2990;0;0;0;0;55;65130;27;29130;165;2114659;134;2896192;14;3533099;17;3389449
03.12.2021 18:00;5;5000;4;3990;135;1220843;506;1611062;229;2297520;3;2240;5;5000;5;4990;0;0;0;0;50;56149;22;22060;117;1648522;157;2823021;0;3600000;0;3600000
03.12.2021 19:00;4;4000;4;3990;98;882391;351;1424879;163;1662286;0;0;4;4000;4;3990;0;0;0;0;29;33180;9;9020;86;1349580;161;1741954;0;3600000;0;3600000
03.12.2021 20:00;4;4000;4;4000;62;319993;327;1257148;227;1849456;2;970;4;4000;4;4000;0;0;0;0;28;29740;11;12040;79;780754;120;2096317;0;3600000;0;3600000
03.12.2021 21:00;2;2000;3;3000;51;388600;333;1189924;136;1200298;1;24460;2;2000;2;2000;0;0;0;0;13;15190;13;13830;61;607969;159;1793178;0;3600000;0;3600000
03.12.2021 22:00;2;2000;2;1990;37;334431;227;745304;94;872635;1;190;2;2000;2;2000;0;0;0;0;19;29260;5;5010;59;694404;147;1232815;27;2892660;26;2872274
03.12.2021 23:00;2;2000;2;1990;26;91310;162;562886;66;833767;0;0;2;1990;2;2000;0;0;0;0;10;11610;2;2010;30;363324;123;861370;0;3600000;0;3600000
04.12.2021 00:00;2;1990;2;1980;18;79060;73;446890;38;549331;0;0;2;2000;2;2000;0;0;0;0;4;4020;2;2010;13;132400;57;362620;0;3600000;0;3600000
04.12.2021 01:00;0;0;1;1000;16;99067;67;274364;34;497223;1;780;0;0;1;1000;0;0;0;0;3;3220;1;1200;11;98830;55;247480;32;1064151;20;1018607
04.12.2021 02:00;0;0;0;0;8;105550;40;89050;15;357380;1;450;0;0;0;0;0;0;0;0;6;6200;2;2360;3;60700;36;148220;21;72770;21;74570
04.12.2021 03:00;0;0;0;0;6;63650;25;75170;12;154450;0;0;0;0;0;0;0;0;0;0;1;1000;0;0;3;22570;16;72190;21;84400;21;99340
04.12.2021 04:00;1;1000;0;0;4;77620;18;33180;12;209637;0;0;1;1000;0;0;0;0;0;0;1;1000;3;3160;5;114280;19;80625;17;103270;22;79132
04.12.2021 05:00;3;3000;3;3000;8;53116;53;137560;14;273680;1;320;3;3000;3;2990;0;0;0;0;0;0;0;0;14;234310;45;236050;32;130940;35;186260
04.12.2021 06:00;4;4000;4;4000;8;81570;83;266735;32;491683;1;260;4;4000;4;4000;0;0;0;0;2;2120;0;0;14;109420;71;478923;36;846938;34;847808
04.12.2021 07:00;4;3990;4;4000;17;80520;109;457300;47;640424;0;0;4;4051;4;4000;0;0;0;0;4;4460;2;2000;14;184089;75;746648;0;3600000;0;3600000
04.12.2021 08:00;5;4990;4;4000;24;108430;191;744939;82;739705;1;190;5;4990;4;4000;0;0;0;0;17;19160;7;7020;30;550795;94;1327421;32;2618951;26;2511755
04.12.2021 09:00;4;4000;4;4000;50;511259;320;1167443;185;1458713;3;49230;4;4000;4;3990;0;0;0;0;23;23520;6;6020;55;798479;138;1774343;24;2923784;20;2833875
04.12.2021 10:00;4;3990;4;3990;69;565194;376;1530623;259;1961528;4;51830;4;4000;4;4000;0;0;0;0;30;34600;8;8070;68;983678;148;2187260;0;3600000;0;3600000
04.12.2021 11:00;4;4000;4;4000;107;690088;405;1720259;271;1825135;2;640;4;4000;4;3990;0;0;0;0;46;51770;13;13060;88;1335121;141;2633603;17;3469556;16;3338020
04.12.2021 12:00;4;4000;4;4000;121;985714;371;1618801;282;2124276;8;53090;4;4000;4;3990;0;0;0;0;39;42816;13;13200;107;1507676;131;2522587;116;1848314;115;1270247
04.12.2021 13:00;4;4000;4;4000;114;1049721;450;1659693;240;1949229;5;3550;4;3980;4;4000;0;0;0;0;41;43800;14;14070;107;1642157;164;2621963;109;2126695;117;1645728
04.12.2021 14:00;4;4000;4;4000;113;966402;440;1641162;226;1885800;2;1610;4;4000;4;4000;0;0;0;0;39;42170;13;13050;98;1546297;140;2690984;120;1896786;127;1101549
04.12.2021 15:00;4;4000;4;3980;138;1091354;400;1750901;240;1882579;2;640;4;4000;4;4000;0;0;0;0;29;31890;8;8070;104;1473078;99;2701653;107;1831283;107;1364177
04.12.2021 16:00;4;3990;4;4000;90;643039;446;1626454;168;1657197;4;18970;4;3990;4;4000;0;0;0;0;41;43660;8;8040;81;1287220;111;2853816;123;1937646;150;1836732
04.12.2021 17:00;4;4000;5;5000;109;1145339;368;1463545;164;1564982;4;25610;4;3990;5;5000;0;0;0;0;40;45490;11;11600;110;1275466;123;2872246;137;1710209;143;1887672
04.12.2021 18:00;4;3990;4;3990;114;896284;362;1405986;170;1728414;3;1340;4;4000;4;4000;0;0;0;0;36;41060;9;9550;95;1291359;154;2557518;172;1639501;151;1517296
04.12.2021 19:00;4;4000;4;4000;76;642930;258;1188903;114;1012214;3;1160;4;4000;4;4046;0;0;0;0;31;34450;8;8250;81;1023936;134;1766342;131;1294505;152;1072803
04.12.2021 20:00;2;2000;2;2000;61;600250;263;1017827;94;907593;2;770;2;2000;2;2000;0;0;0;0;30;36173;6;6130;68;779324;125;1697037;110;609457;92;547952
04.12.2021 21:00;2;2000;2;2000;28;324212;253;931871;89;1146221;1;250;2;1980;2;2000;0;0;0;0;22;25900;8;8050;42;565481;151;1514974;77;1021281;73;858877
04.12.2021 22:00;2;2000;2;1990;36;254760;228;888934;97;934736;4;1480;2;2000;2;2000;0;0;0;0;13;15930;7;7040;50;566338;151;1340387;65;1536523;68;1566148
04.12.2021 23:00;2;2000;2;2000;23;168170;177;630676;52;506006;0;0;2;2000;2;2000;0;0;0;0;14;15790;2;2000;36;377340;121;1126084;62;263380;50;269414
05.12.2021 00:00;2;2000;2;2000;22;251310;106;432534;39;651983;0;0;2;2000;2;1990;0;0;0;0;4;4040;2;2020;31;371594;89;607917;39;1756566;26;1715442
05.12.2021 01:00;0;0;1;1000;11;135614;64;136535;19;308285;0;0;0;0;1;1000;0;0;0;0;4;4440;3;3000;13;128750;53;281430;41;329555;27;306065
05.12.2021 02:00;0;0;0;0;9;9100;50;94382;14;215164;0;0;0;0;0;0;0;0;0;0;3;4260;1;1220;4;65480;41;184517;26;182545;23;78650
05.12.2021 03:00;0;0;0;0;5;61750;35;86860;20;255530;0;0;0;0;0;0;0;0;0;0;3;3080;0;0;3;17960;27;110445;20;560646;19;554706
05.12.2021 04:00;0;0;0;0;4;3910;22;32570;8;133316;0;0;0;0;0;0;0;0;0;0;0;0;0;0;1;26290;16;59780;17;717650;16;707910
05.12.2021 05:00;1;1000;1;1000;2;17560;37;29540;9;112561;0;0;1;1000;1;1000;0;0;0;0;0;0;1;1010;8;221088;33;130743;21;1092953;20;1102063
05.12.2021 06:00;2;2000;1;1000;6;39034;28;88010;11;225530;0;0;2;2000;1;1000;0;0;0;0;0;0;2;2000;9;102602;27;117700;13;34223;14;59690
05.12.2021 07:00;2;2000;2;2000;5;3190;34;48570;13;231184;0;0;2;2000;2;2000;0;0;0;0;2;2010;0;0;9;199800;30;134029;13;931787;10;930157
05.12.2021 08:00;2;2000;2;2000;11;47198;98;411887;36;555504;0;0;2;2000;2;1990;0;0;0;0;9;10590;1;1000;20;385838;76;475668;0;3600000;0;3600000
05.12.2021 09:00;2;1980;2;2000;26;301049;166;646490;78;842975;1;390;2;2000;2;2000;0;0;0;0;19;21450;0;0;30;377490;122;755647;0;3600000;0;3600000
05.12.2021 10:00;2;2000;2;2000;32;234590;198;720592;105;811643;0;0;2;1980;2;2000;0;0;0;0;20;21060;6;6430;27;393873;136;996703;87;832839;66;598624
05.12.2021 11:00;2;2000;2;2000;52;449575;248;1111601;145;1207109;2;580;2;2000;2;1990;0;0;0;0;19;20150;11;11630;64;742063;157;1321319;105;1036183;85;557674
05.12.2021 12:00;3;3000;3;3055;61;461474;305;1062356;155;1374591;1;390;3;3000;3;3000;0;0;0;0;25;28960;5;5030;61;669657;166;1576830;120;1028777;111;693726
05.12.2021 13:00;4;3990;4;4000;63;352195;353;1139800;189;1547675;0;0;4;3990;4;4000;0;0;0;0;25;28180;9;9230;77;1071525;172;1856138;82;1817439;94;1584504
05.12.2021 14:00;4;4000;4;4000;69;640334;409;1331692;201;1454457;6;2730;4;3980;4;3990;0;0;0;0;30;36330;14;14060;66;983335;207;1918188;25;3006669;33;2961949
05.12.2021 15:00;4;4000;4;3990;81;568010;360;1086371;196;1394066;2;970;4;3990;4;3990;0;0;0;0;28;43599;11;11040;78;909873;172;1980948;0;3600000;0;3600000
05.12.2021 16:00;4;3990;4;4000;85;578373;422;1261402;189;1378960;1;38320;4;3990;4;4000;0;0;0;0;26;31300;17;17970;77;939640;148;2378945;0;3600000;0;3600000
05.12.2021 17:00;4;3980;4;3990;72;527860;387;1302525;160;1443124;1;380;4;3990;4;3990;0;0;0;0;15;15370;8;8050;86;1021600;145;2219657;67;2482400;48;2194495
05.12.2021 18:00;4;4000;4;4000;69;598977;351;1114507;150;1123701;1;1290;4;4000;4;4000;0;0;0;0;18;19660;6;6040;76;692805;179;1791255;0;3600000;0;3600000
05.12.2021 19:00;2;2000;2;2000;41;421008;301;1003607;121;1070248;2;1290;2;2000;2;1990;0;0;0;0;16;19780;9;9630;54;695750;170;1610570;3;3573246;4;3574066
05.12.2021 20:00;2;2000;2;1990;42;378830;230;744267;97;916548;2;14700;2;2000;2;2000;0;0;0;0;6;6960;1;1150;49;583710;172;1255293;106;671798;82;312104
05.12.2021 21:00;2;2000;2;1980;15;139976;200;592216;54;588625;1;770;2;2000;2;1990;0;0;0;0;7;8380;3;3020;27;420145;124;951288;79;337070;70;238650
05.12.2021 22:00;2;2000;2;2000;20;166510;119;328440;43;573667;0;0;2;2000;2;2000;0;0;0;0;5;5300;1;1000;29;353795;93;574870;43;1230832;44;1194683
05.12.2021 23:00;2;1990;2;2000;11;48260;71;321800;24;289446;0;0;2;2000;2;2000;0;0;0;0;3;3630;7;7360;11;197340;57;281610;34;623010;22;581614
06.12.2021 00:00;2;2000;2;2000;6;70330;41;21760;13;287880;0;0;2;2000;2;1990;0;0;0;0;1;1010;0;0;8;41115;40;138870;4;3245511;4;3245511
06.12.2021 01:00;0;0;1;1000;3;2780;15;99220;8;112684;2;23150;0;0;1;1000;0;0;0;0;0;0;0;0;21;38840;15;46290;7;19140;8;13220
06.12.2021 02:00;0;0;0;0;2;17950;20;9410;4;122864;0;0;0;0;0;0;0;0;0;0;0;0;0;0;2;77270;13;43560;7;2336974;8;2340734
06.12.2021 03:00;0;0;0;0;1;80;17;11240;4;137530;0;0;0;0;0;0;0;0;0;0;0;0;0;0;0;0;14;45650;0;3600000;0;3600000
06.12.2021 04:00;1;1000;0;0;8;81630;42;71260;12;164707;1;710;1;1000;0;0;0;0;0;0;0;0;0;0;6;78310;40;147980;0;3600000;0;3600000
06.12.2021 05:00;3;3000;3;2980;9;68970;203;385450;40;542918;0;0;3;2990;3;3000;0;0;0;0;1;1000;1;1010;15;154015;130;801206;1;3599463;1;3599403
06.12.2021 06:00;4;4000;3;3000;27;499140;383;928375;92;1208712;0;0;4;3990;4;4000;0;0;0;0;7;11670;5;5020;33;521688;162;1746550;13;3202348;5;3142848
06.12.2021 07:00;5;5000;5;4990;89;772451;566;1791688;302;2331720;11;134114;6;6000;4;4051;0;0;0;0;39;52090;20;21840;88;1090417;124;3209591;0;3600000;0;3600000
06.12.2021 08:00;8;7980;7;6990;106;1002315;567;1590422;252;2016077;11;39730;7;6990;7;7000;0;0;0;0;29;32430;14;14760;95;1245851;158;3249036;0;3600000;0;3600000
06.12.2021 09:00;4;4000;4;3990;77;762014;419;1617483;247;1868892;7;3866;5;4990;5;5000;0;0;0;0;38;43870;12;12130;89;1208453;161;2783896;0;3600000;0;3600000
06.12.2021 10:00;5;4990;6;5990;103;1011701;396;1474482;247;2141378;8;41750;4;4000;5;4990;0;0;0;0;37;38780;24;25140;82;1510049;202;2517400;58;2676577;80;2220745
06.12.2021 11:00;5;4980;4;4000;101;611100;410;1573421;270;2118865;6;100000;5;5000;4;3990;0;0;0;0;43;49528;19;20020;103;1283981;161;2553678;28;3223954;21;2917191
06.12.2021 12:00;5;5000;6;6000;113;926936;422;1540730;224;1838221;9;95250;5;5000;6;5980;0;0;0;0;42;49760;21;21590;122;1622663;134;2749789;12;3465848;7;3289488
06.12.2021 13:00;6;5990;7;7043;175;1034352;391;1873854;328;2252076;8;18824;7;6980;7;7000;0;0;0;0;43;50190;16;16680;124;1380443;172;2670295;106;2272591;125;1346296
06.12.2021 14:00;4;4000;4;3990;121;938650;422;1621545;262;1903742;5;1930;4;3990;5;5000;0;0;0;0;48;56860;15;15160;108;1622954;161;2583879;128;2395092;127;1321574
06.12.2021 15:00;4;4000;3;3000;140;1218057;470;1280099;275;2509600;7;2770;3;3000;3;3000;0;0;0;0;48;59740;30;30769;117;1905142;219;2414088;112;2734031;104;2063899
06.12.2021 16:00;3;3000;4;4000;165;1201642;498;1819991;306;2722995;5;2730;4;4000;4;4000;0;0;0;0;68;97507;36;37460;110;1985508;123;3267476;128;2444134;156;1704449
06.12.2021 17:00;5;4990;4;4000;157;1271128;520;1748323;273;2789907;7;65410;4;4000;4;3990;0;0;0;0;46;54351;21;21320;122;1608088;70;3239255;141;2411073;118;1719999
06.12.2021 18:00;4;3980;4;4000;109;764766;420;1371273;200;1900182;6;58520;4;4000;4;4000;0;0;0;0;41;49090;21;22130;113;1454558;144;2349858;164;1882492;145;1380415
06.12.2021 19:00;5;5000;5;5000;86;598763;350;979789;155;1682041;1;260;5;5000;4;3990;0;0;0;0;36;38410;10;10400;93;1358454;172;1898817;156;1232923;107;602863
06.12.2021 20:00;3;3000;4;4000;47;311707;221;1031356;126;1004215;1;1030;3;2990;4;4000;0;0;0;0;19;20950;6;6040;54;777960;135;1203948;96;1289202;50;1114521
06.12.2021 21:00;2;2000;2;2000;38;257100;169;646273;71;754487;1;1160;2;2000;2;2000;0;0;0;0;13;17800;2;2020;48;542375;134;920740;0;3600000;0;3600000
06.12.2021 22:00;2;2000;2;2000;19;162830;121;487440;70;748168;1;200;2;2000;2;2000;0;0;0;0;9;9985;2;2010;39;459499;106;563993;0;3600000;0;3600000
06.12.2021 23:00;2;1990;2;1990;10;59990;74;174125;30;412310;3;26840;2;2000;2;2000;0;0;0;0;5;5100;2;2210;15;288951;55;265717;0;3600000;0;3600000
07.12.2021 00:00;2;2000;2;1990;10;87410;45;130314;13;179717;0;0;2;2000;2;2000;0;0;0;0;1;1010;0;0;4;55130;34;182670;0;3600000;0;3600000
07.12.2021 01:00;0;0;1;1000;3;59970;16;25490;4;29210;0;0;0;0;1;1000;0;0;0;0;0;0;0;0;1;16780;13;57689;0;3600000;0;3600000
07.12.2021 02:00;0;0;0;0;1;550;19;11536;8;176360;1;41290;0;0;0;0;0;0;0;0;0;0;0;0;3;19900;11;44760;0;3600000;0;3600000
07.12.2021 03:00;0;0;0;0;0;0;16;10860;4;68700;0;0;0;0;0;0;0;0;0;0;0;0;0;0;3;62010;14;63750;0;3600000;0;3600000
07.12.2021 04:00;1;1000;0;0;5;30630;36;40540;11;163050;0;0;1;1000;0;0;0;0;0;0;1;1060;0;0;4;73980;29;127601;0;3600000;0;3600000
07.12.2021 05:00;3;3000;2;1990;10;75897;186;500144;29;581611;0;0;3;3000;2;2000;0;0;0;0;1;1010;1;1000;14;151710;118;874340;0;3600000;0;3600000
07.12.2021 06:00;4;4000;5;5000;24;270478;427;913979;75;1034679;2;52450;4;4000;5;5000;0;0;0;0;4;5690;3;3010;33;571799;126;2064659;0;3600000;0;3600000
07.12.2021 07:00;6;5990;5;4990;95;674186;527;1738464;247;2291287;9;5230;6;5990;5;5000;0;0;0;0;37;66350;21;21040;94;1420743;56;3340462;0;3600000;0;3600000
07.12.2021 08:00;8;7990;8;8000;84;1010958;569;1683192;277;2255772;8;45860;8;7980;9;8990;0;0;0;0;35;38440;9;9180;96;1200470;90;3432899;36;2961152;37;2811452
07.12.2021 09:00;4;4000;5;4980;105;838246;506;1587118;252;2321536;7;5290;4;4000;4;4000;0;0;0;0;32;37860;14;14620;85;1277757;184;2953476;57;2281840;72;1475681
07.12.2021 10:00;4;4000;4;3590;85;612027;379;1458738;269;2206955;9;7410;4;4000;4;3990;0;0;0;0;39;49909;17;17440;92;1313147;135;2569837;14;3379487;18;3271780
07.12.2021 11:00;5;5000;4;4400;102;772587;368;1529848;260;1751626;7;17230;5;4990;4;4000;0;0;0;0;29;35460;15;18910;106;1298569;131;2559120;0;3600000;0;3600000
07.12.2021 12:00;5;4990;4;3980;113;987970;395;1627649;277;1808145;10;30500;5;4990;5;5000;0;0;1;470;33;34579;16;16960;115;1665098;150;2616315;0;3600000;0;3600000
07.12.2021 13:00;8;7990;9;8980;134;1178022;437;1841826;278;1902142;11;87250;8;8000;8;7990;0;0;0;0;63;90356;14;14723;137;1648075;138;2899337;11;3466811;11;3491497
07.12.2021 14:00;5;5055;6;6000;132;873698;419;1866801;282;1995153;9;4110;5;4980;6;6000;0;0;0;0;47;53070;15;16020;105;1338526;152;2851255;0;3600000;0;3600000
07.12.2021 15:00;4;4000;4;4000;151;1011417;471;1962455;300;2388335;4;59030;4;4000;4;3990;0;0;0;0;69;106919;21;21240;117;1701566;143;3044123;0;3600000;0;3600000
07.12.2021 16:00;4;4000;4;4000;156;1133201;496;1956433;292;2437551;12;4450;4;3980;4;4000;0;0;0;0;41;44170;29;30160;137;1916007;152;3116546;0;3600000;0;3600000
07.12.2021 17:00;4;4000;3;3000;163;1143891;467;2094010;278;2389652;6;42510;4;4000;3;3000;0;0;0;0;58;71275;12;11762;142;1969240;105;3325192;0;3600000;0;3600000
07.12.2021 18:00;3;2990;5;5000;143;1177399;440;1567163;236;2090546;5;2450;3;3000;5;5000;0;0;0;0;51;56874;16;16800;110;1875634;150;2571220;111;2279468;97;1850107
07.12.2021 19:00;6;6000;4;4000;102;787383;355;953498;167;1850434;5;30250;6;6000;4;3980;0;0;0;0;28;31250;8;8650;104;1394309;161;1924601;148;1172036;121;795662
07.12.2021 20:00;3;3000;4;3980;54;529207;205;1085129;90;739580;0;0;3;3000;4;4000;0;0;0;0;23;26100;6;6210;53;714870;146;1060827;110;1198600;60;1113924
07.12.2021 21:00;2;2000;2;1990;36;196380;181;706632;95;824449;1;190;2;2000;2;2000;0;0;0;0;13;14650;3;3030;45;555650;127;1014212;51;1951030;31;1797232
07.12.2021 22:00;2;2000;2;2000;33;303112;132;571934;71;818848;1;190;2;2000;2;1990;0;0;0;0;9;10680;3;3010;29;294752;107;689703;65;799478;51;738566
07.12.2021 23:00;2;1990;2;2000;14;67870;96;249172;40;554130;0;0;2;2000;2;2000;0;0;0;0;3;3030;2;2052;18;216190;84;430731;49;134930;55;154838
08.12.2021 00:00;2;1990;2;1990;9;95200;35;46040;14;251713;0;0;2;1990;2;1990;0;0;0;0;0;0;4;4060;7;64350;29;109237;18;386362;8;343945
08.12.2021 01:00;0;0;1;1000;3;4780;19;19334;5;75820;0;0;0;0;1;990;0;0;0;0;1;1010;0;0;0;0;12;47910;17;564928;13;556158
08.12.2021 02:00;0;0;0;0;2;1600;10;6540;5;75490;0;0;0;0;0;0;0;0;0;0;1;1390;0;0;1;17020;7;33580;6;17940;5;15730
08.12.2021 03:00;0;0;0;0;1;480;20;15310;2;17220;0;0;0;0;0;0;0;0;0;0;0;0;0;0;0;0;17;79500;4;10460;7;38060
08.12.2021 04:00;1;1000;0;0;6;120760;29;105158;7;175140;0;0;1;1000;0;0;0;0;0;0;0;0;0;0;4;80550;25;138385;15;51340;16;65813
08.12.2021 05:00;3;2990;3;3000;11;85287;189;330020;35;354205;1;130;3;3000;3;3000;0;0;0;0;2;3620;1;1000;12;132900;102;868306;49;210530;34;174670
08.12.2021 06:00;4;4000;4;4000;28;234074;417;909351;78;1139816;2;30830;4;3990;4;3990;0;0;0;0;9;9080;2;2000;38;525307;133;2012602;73;1784603;56;1352815
08.12.2021 07:00;6;6000;4;4000;93;1090750;569;1489260;240;2403787;12;75540;6;5990;4;4000;0;0;1;1400;40;56480;14;14430;90;1289520;73;3348522;82;2094693;89;1583754
08.12.2021 08:00;6;6000;8;8000;109;1090332;566;1902731;285;2092767;4;3930;6;5990;8;7990;0;0;1;1480;32;36560;10;10040;93;1245473;62;3525181;86;2354058;109;1803368
08.12.2021 09:00;4;3990;3;3000;83;535907;484;1572104;250;1763677;6;28780;4;4000;4;3980;0;0;0;0;28;30900;17;17140;89;1145475;139;2895529;102;1483622;108;1129208
08.12.2021 10:00;4;4000;5;5000;104;834323;391;1627617;252;1640465;8;50220;4;4000;4;3990;0;0;0;0;40;44240;13;13760;98;1246629;138;2590250;128;1786993;93;1042664
08.12.2021 11:00;4;4000;3;3000;130;1122650;404;1501763;263;2018800;5;48800;5;5000;4;4000;0;0;0;0;37;46830;17;17110;94;1642148;161;2534846;93;1990356;104;1589089
08.12.2021 12:00;6;5990;5;4990;132;874240;374;1712004;253;1890124;5;2780;5;4980;4;4000;0;0;0;0;36;36680;19;19850;116;1680126;153;2792988;128;1774819;130;1260960
08.12.2021 13:00;8;7980;8;8000;142;1032228;434;1640598;272;1895143;8;6700;8;7980;9;8980;0;0;0;0;35;42610;14;15420;116;1792905;153;2975923;12;3397860;12;3324860
08.12.2021 14:00;5;5000;6;5990;116;762783;406;1754429;259;1756140;6;34874;5;4980;5;5000;0;0;0;0;32;34547;10;10060;118;1652783;131;2768201;0;3600000;0;3600000
08.12.2021 15:00;4;4000;4;4000;124;1063238;459;1665483;267;2147450;10;104650;4;4000;4;3990;0;0;0;0;40;51710;25;25030;121;1739951;151;2753170;64;2904193;69;2454935
08.12.2021 16:00;4;4000;5;5000;151;1231377;473;1713981;253;2394631;6;4580;4;4000;5;4990;0;0;0;0;47;49869;9;9030;114;1689146;167;2969930;106;2940690;130;2284737
08.12.2021 17:00;4;3990;3;3000;156;1392548;512;1516514;262;2334569;10;5500;4;3990;4;4000;0;0;0;0;57;68640;11;11930;120;1716909;126;2933010;157;2220773;183;1560858
08.12.2021 18:00;4;4000;5;4990;131;988543;461;1373332;226;2148599;8;3490;4;4000;4;4000;0;0;0;0;41;46840;16;16070;125;1554693;166;2508839;165;1620739;158;1157625
08.12.2021 19:00;5;4990;4;4000;96;1044937;328;1178490;161;1480686;2;1430;5;4990;4;4000;0;0;0;0;33;41640;8;8080;105;1195127;156;1605758;141;1319611;125;801388
08.12.2021 20:00;3;3000;4;4000;63;524816;212;953513;114;791902;0;0;3;3000;4;4000;0;0;0;0;21;24250;8;8390;75;726972;149;1312327;97;623973;85;425570
08.12.2021 21:00;2;2000;2;2000;36;235619;224;750281;94;753364;0;0;2;1990;2;2000;0;0;0;0;19;23620;5;5020;64;638766;137;1230642;100;483366;70;260075
08.12.2021 22:00;2;1990;2;2000;28;247774;156;643372;65;635740;0;0;2;2000;2;2000;0;0;0;0;13;15900;3;3010;37;360418;121;788867;81;358395;69;311372
08.12.2021 23:00;2;2000;2;2000;13;51370;88;428550;44;592723;0;0;2;1990;2;2000;0;0;0;0;4;4680;6;6010;13;157420;74;353020;0;3600000;0;3600000
09.12.2021 00:00;2;2000;2;2000;15;48100;44;75430;17;281482;0;0;2;2000;2;1990;0;0;0;0;0;0;0;0;12;93660;42;134260;0;3600000;0;3600000
09.12.2021 01:00;0;0;1;1000;5;61970;18;71100;13;66630;1;1940;0;0;1;1000;0;0;0;0;0;0;0;0;3;25220;10;32280;15;465291;18;475771
09.12.2021 02:00;0;0;0;0;1;35180;11;6310;7;179790;0;0;0;0;0;0;0;0;0;0;0;0;0;0;3;90640;10;31560;10;890874;15;902604
09.12.2021 03:00;0;0;0;0;1;560;13;19130;5;89340;0;0;0;0;0;0;0;0;0;0;0;0;0;0;0;0;15;39620;4;558958;4;554548
09.12.2021 04:00;1;1000;0;0;10;133290;36;76790;7;191943;0;0;1;1000;0;0;0;0;0;0;0;0;0;0;5;52490;31;121170;11;27090;9;30810
09.12.2021 05:00;3;2980;3;3071;15;210461;187;497317;35;629431;0;0;3;3000;3;3000;0;0;0;0;1;1010;2;2200;16;85620;117;868599;38;582822;26;537322
09.12.2021 06:00;4;4000;4;4000;29;241150;374;874434;91;1221110;4;1920;4;4000;4;3990;0;0;0;0;4;4040;3;2990;26;582367;139;1815194;96;1123540;60;739869
09.12.2021 07:00;6;6000;5;5000;102;1034296;583;1522236;266;2500713;6;5350;7;6970;5;5000;0;0;0;0;30;39830;17;17970;90;1415783;108;3091014;65;2400715;61;1979125
09.12.2021 08:00;9;9102;9;8670;111;886759;532;1676744;264;1930440;4;1620;8;7990;9;9000;0;0;0;0;29;32770;13;13060;99;1511415;149;2962330;0;3600000;0;3600000
09.12.2021 09:00;3;3000;4;4310;83;666233;508;1337813;248;2138414;8;4450;4;3990;4;4000;0;0;0;0;40;43770;13;14390;68;939067;195;2548382;37;2962911;35;2789307
09.12.2021 10:00;6;6000;4;4000;101;727628;382;1642167;271;1882822;3;33130;5;5000;5;4990;0;0;0;0;36;37880;23;24050;84;1237900;135;2653831;0;3600000;0;3600000
09.12.2021 11:00;4;4000;5;5000;109;951246;390;1541585;276;1927118;6;5940;4;3980;4;3990;0;0;0;0;23;23522;15;15060;102;1353386;162;2528636;0;3600000;0;3600000
09.12.2021 12:00;5;5000;5;5000;134;936188;384;1701641;240;1701474;4;18400;5;4990;5;5000;0;0;0;0;43;49730;11;11350;115;1381762;146;2614956;0;3600000;0;3600000
09.12.2021 13:00;8;7990;7;6990;116;946553;398;1711378;289;1773639;4;3590;8;8000;7;7000;0;0;0;0;51;54230;39;40660;122;1529542;142;2923285;55;3007038;75;2750145
09.12.2021 14:00;5;4990;7;7000;92;733909;384;1784372;270;2063173;6;81365;5;5000;7;7000;0;0;0;0;38;45990;15;15110;116;1344178;145;2746657;0;3600000;0;3600000
09.12.2021 15:00;4;4000;3;3000;131;1065641;429;1894359;299;2313228;5;46590;4;4000;3;2990;0;0;0;0;47;55010;22;22660;107;1517251;143;2929244;0;3600000;0;3600000
09.12.2021 16:00;4;4000;4;3990;137;1074088;468;1706334;294;2534729;8;61910;4;3990;5;5000;0;0;0;0;49;51830;33;33700;95;1563856;146;3081799;48;3141820;49;2972042
09.12.2021 17:00;4;3990;4;3980;120;1116553;507;1491067;292;2586834;9;3090;4;4000;3;3000;0;0;0;0;57;65805;14;14124;112;1493882;114;3194759;155;2360396;160;1414007
09.12.2021 18:00;4;4000;4;4000;125;1033664;463;1537659;219;2294302;3;1490;4;4000;4;3990;0;0;0;0;43;47480;13;13760;95;1718191;138;2987733;123;2377807;111;1832814
09.12.2021 19:00;4;4000;5;5000;83;835523;352;1107566;155;1768327;6;47540;4;3980;5;5000;0;0;0;0;32;34890;13;13240;83;1146196;158;1895963;39;3147362;28;3046396
09.12.2021 20:00;4;4000;4;4055;47;533412;248;975748;118;1063157;1;13630;4;4000;4;3980;0;0;0;0;19;26500;6;6330;64;650148;140;1887835;0;3600000;0;3600000
09.12.2021 21:00;1;1000;2;2000;33;215018;203;731637;89;880588;2;2120;1;1000;2;1990;0;0;0;0;16;17590;2;2000;35;419332;131;1317110;0;3600000;0;3600000
09.12.2021 22:00;1;1000;1;1000;29;216616;164;715195;76;771854;0;0;1;1000;1;1000;0;0;0;0;15;16120;9;9880;40;466243;110;1027708;0;3600000;0;3600000
09.12.2021 23:00;2;2000;2;2000;24;95260;90;495673;49;533755;1;27070;2;2000;2;1990;0;0;0;0;10;10200;0;0;23;315806;73;457540;0;3600000;0;3600000
10.12.2021 00:00;2;2000;2;2000;11;41022;48;175900;23;327026;1;190;2;2000;2;2000;0;0;0;0;1;1010;0;0;10;85730;44;220191;22;722509;16;727109
10.12.2021 01:00;0;0;1;1000;2;29390;22;103300;11;166740;1;19240;0;0;1;1000;0;0;0;0;0;0;0;0;5;165430;19;91640;9;543071;7;531751
10.12.2021 02:00;0;0;0;0;1;18620;13;15690;8;143120;0;0;0;0;0;0;0;0;0;0;0;0;0;0;3;103280;12;54060;11;380290;10;373280
10.12.2021 03:00;0;0;0;0;3;15900;10;7100;3;61320;0;0;0;0;0;0;0;0;0;0;0;0;0;0;0;0;9;41070;3;7360;3;13353
10.12.2021 04:00;1;1000;0;0;8;119560;33;109925;10;178410;2;2840;1;1000;0;0;0;0;0;0;1;1170;0;0;8;149910;36;193210;13;962410;12;951340
10.12.2021 05:00;3;3000;2;2000;13;130570;160;232301;30;520507;0;0;3;3000;3;3000;0;0;0;0;1;1910;1;1000;15;200824;97;710475;0;3600000;0;3600000
10.12.2021 06:00;4;3970;5;5000;25;264390;338;879983;79;992301;0;0;4;3990;4;4000;0;0;0;0;11;11440;2;2500;41;448364;130;1861502;0;3600000;0;3600000
10.12.2021 07:00;6;6000;5;4990;77;754443;503;1662256;253;2253712;8;4010;6;6000;5;4990;0;0;0;0;30;35990;18;18370;83;1069200;69;3240162;0;3600000;0;3600000
10.12.2021 08:00;8;7990;9;9000;85;809710;509;1678681;253;2092105;4;1560;8;7990;9;8970;0;0;0;0;19;21100;10;10050;71;1255143;206;2856795;58;2551939;78;2056167
10.12.2021 09:00;4;3990;3;2990;72;763997;463;1349959;278;2356972;4;2130;4;3990;3;3000;0;0;0;0;30;32700;8;8030;85;1275823;170;2584890;83;2172560;77;1677390
10.12.2021 10:00;5;4980;5;4990;99;778989;412;1747022;302;2188503;4;2460;5;5000;5;5000;0;0;0;0;25;28190;16;16230;99;1535492;152;2657928;106;2181821;97;1465199
10.12.2021 11:00;4;3990;4;4000;114;888542;428;1506293;296;2442670;3;770;4;3990;5;4990;0;0;0;0;46;51670;10;10510;100;1665813;172;2563150;98;2391131;99;1900781
10.12.2021 12:00;5;5000;5;5000;150;1274427;414;1642374;312;2579123;3;1240;5;5000;4;4000;0;0;0;0;44;48390;11;11200;120;1639538;188;2436742;91;2414395;111;1859593
10.12.2021 13:00;7;7000;9;8990;146;1046203;496;1886495;312;2583987;6;2760;8;7990;9;9000;0;0;0;0;38;41689;48;48619;126;1650132;195;2797919;134;2204607;147;1440784
10.12.2021 14:00;6;6000;5;5000;132;1084073;513;1548745;326;2450187;7;3750;5;5000;5;4980;0;0;0;0;41;43520;15;15100;107;1821096;204;2778971;124;2267890;150;1514244
10.12.2021 15:00;3;2990;4;4000;119;1176080;551;1680733;303;2858307;8;62790;3;3000;5;5000;0;0;0;0;44;65210;11;11010;95;1519054;136;3086707;118;2460548;126;1765280
10.12.2021 16:00;5;4990;4;4000;128;914169;537;1579196;246;2513324;4;1280;5;5000;3;3000;0;0;0;0;47;55240;6;6060;112;1786954;78;3252227;108;2570308;123;2270934
10.12.2021 17:00;4;3990;5;5000;93;848639;486;1624363;261;2755677;5;65740;4;3990;5;4980;0;0;0;0;36;38760;13;13140;107;1509141;49;3374303;114;2460989;152;1900815
10.12.2021 18:00;2;2000;2;2048;100;749932;486;1588278;214;2524157;9;4840;2;2000;2;2000;0;0;1;1030;38;42480;22;23310;120;1560130;54;3328769;139;2212088;114;1842414
10.12.2021 19:00;5;5000;4;3990;87;856534;374;1101249;195;1969941;3;96900;6;5980;4;4000;0;0;0;0;30;32370;9;9070;101;1281913;162;2205846;124;1533686;112;1213350
10.12.2021 20:00;4;3990;5;5000;54;530159;245;1007324;108;1019020;2;42370;3;3000;4;4000;0;0;0;0;25;29680;4;4020;62;912247;150;1659046;112;906470;105;616111
10.12.2021 21:00;2;2000;2;2000;27;211751;228;911301;95;846452;0;0;2;2000;2;2000;0;0;0;0;15;16260;4;4020;51;641711;141;1561926;96;562825;78;445481
10.12.2021 22:00;2;2000;2;1990;30;221121;186;618485;83;741117;0;0;2;2000;2;2000;0;0;0;0;19;21410;6;6040;48;549344;127;1052970;101;422430;65;449070
10.12.2021 23:00;2;2000;2;2000;16;173954;138;392953;67;723390;0;0;2;2000;2;2000;0;0;0;0;13;19800;6;6010;28;246770;109;785727;53;295993;46;305077
11.12.2021 00:00;2;2000;2;2000;11;78800;93;292345;42;549474;0;0;2;2000;2;2000;0;0;0;0;5;5740;1;1000;18;234014;82;484106;43;173913;37;190720
11.12.2021 01:00;0;0;1;990;12;94971;66;175107;27;352195;3;2700;0;0;1;1000;0;0;0;0;2;2660;1;1010;14;238860;58;299834;25;76640;22;125020
11.12.2021 02:00;0;0;0;0;6;19290;43;106940;22;301740;0;0;0;0;0;0;0;0;0;0;4;4920;0;0;10;151813;36;303842;19;356364;14;334244
11.12.2021 03:00;0;0;0;0;5;4390;28;56610;8;135720;0;0;0;0;0;0;0;0;0;0;0;0;0;0;1;20380;20;104340;12;28420;9;49850
11.12.2021 04:00;1;1000;0;0;6;55490;22;28830;9;151110;0;0;1;1000;0;0;0;0;0;0;0;0;0;0;7;157560;17;70870;19;915994;20;922014
11.12.2021 05:00;3;3000;3;2990;7;19750;63;167060;18;304680;1;1490;3;2990;3;3000;0;0;0;0;0;0;0;0;10;124789;46;283440;19;1944672;10;1915492
11.12.2021 06:00;4;4000;4;4000;12;86930;81;161420;27;364497;1;770;4;3990;4;3990;0;0;0;0;2;2230;0;0;13;158647;63;355372;0;3600000;0;3600000
11.12.2021 07:00;4;3990;4;4000;15;123280;126;389265;39;493020;0;0;4;4000;4;4000;0;0;0;0;6;6240;2;2010;14;108620;85;659209;0;3600000;0;3600000
11.12.2021 08:00;5;4990;4;4000;24;123264;209;785193;91;916651;0;0;5;5000;4;4000;0;0;0;0;17;17160;9;9860;32;369266;119;1189726;48;2233473;33;2044573
11.12.2021 09:00;4;3960;4;4000;48;497204;304;1193531;190;1550627;2;1170;4;4000;4;4000;0;0;0;0;20;21700;15;15130;47;656799;146;1961335;105;1166178;77;555914
11.12.2021 10:00;4;3990;4;3990;51;478954;400;1322858;235;1778862;3;1480;4;4000;4;4000;0;0;0;0;37;38660;13;13190;60;768946;162;2198848;113;1674423;109;929437
11.12.2021 11:00;4;3980;4;4000;70;499597;427;1360418;266;2018779;8;3680;4;3990;4;4000;0;0;0;0;38;40670;17;17620;81;1178216;184;2326875;115;1874808;106;1167584
11.12.2021 12:00;4;3990;4;3990;93;768375;361;1648699;280;2180184;2;390;4;4000;4;3990;0;0;0;0;47;50460;16;16220;107;1607554;170;2378016;128;1935414;151;1112411
11.12.2021 13:00;4;4000;4;4000;95;672086;406;1727077;244;1706492;4;38440;4;3990;4;4000;0;0;0;0;48;51695;13;13090;86;1402514;138;2670374;108;1914973;117;1233410
11.12.2021 14:00;4;4000;4;4000;93;738881;431;1616132;221;1851205;4;38130;4;4000;4;3990;0;0;0;0;42;46631;13;13710;79;1014845;147;2580654;131;1964095;139;1593257
11.12.2021 15:00;4;3990;4;4000;82;822128;432;1458966;221;1902500;1;26240;4;4000;4;3990;0;0;0;0;35;37520;12;12790;89;1427483;139;2569996;136;2071296;136;1388679
11.12.2021 16:00;4;3990;4;4000;76;543456;381;1489786;194;1813780;4;47624;4;3990;4;3990;0;0;0;0;51;60160;9;9050;103;1487499;139;2725662;129;2170467;148;1496416
11.12.2021 17:00;4;4000;5;5000;84;635924;453;1415202;195;1592519;4;2250;4;4000;5;5000;0;0;0;0;49;55897;6;6040;92;1144161;132;2934220;28;3206413;27;3043435
11.12.2021 18:00;4;3990;4;4000;93;709474;334;1535486;170;1411734;1;260;4;4000;4;3990;0;0;0;0;31;31750;10;10020;88;1114761;114;2728254;0;3600000;0;3600000
11.12.2021 19:00;4;4000;4;4000;69;466565;297;1040940;130;1268382;3;1100;4;3980;4;4000;0;0;0;0;24;26900;8;8290;82;1055125;140;1942587;0;3600000;0;3600000
11.12.2021 20:00;2;2000;2;2000;46;307049;280;946996;118;806225;2;1100;2;2000;2;1990;0;0;0;0;35;38620;7;7340;65;793329;131;1865498;0;3600000;0;3600000
11.12.2021 21:00;2;1990;2;2000;34;291109;214;1170692;70;767431;0;0;2;2000;2;1990;0;0;0;0;15;17380;6;6040;40;441047;141;1407619;91;690987;64;651971
11.12.2021 22:00;2;2056;2;2000;27;283042;201;636991;83;1193153;2;970;2;2000;2;2000;0;0;0;0;19;21570;9;10050;39;387291;122;1311491;19;2749466;22;2817736
11.12.2021 23:00;2;2000;2;2000;22;158544;171;644690;64;731134;1;1610;2;2000;2;2000;0;0;0;0;10;10320;4;4130;35;373460;116;1057387;0;3600000;0;3600000
12.12.2021 00:00;3;2990;3;3000;21;112510;119;361680;55;663167;1;260;3;2990;3;3000;0;0;0;0;2;2010;4;4330;24;299959;90;591548;0;3600000;0;3600000
12.12.2021 01:00;0;0;1;1000;8;132380;71;210779;27;458295;1;29180;0;0;1;1000;0;0;0;0;2;2020;5;5020;6;158290;58;256450;1;3543373;2;3548343
12.12.2021 02:00;0;0;0;0;8;100490;43;137560;17;261890;1;900;0;0;0;0;0;0;0;0;5;6189;1;1250;6;154444;39;192940;16;76370;21;82210
12.12.2021 03:00;2;1990;0;0;5;6860;23;12400;11;163643;0;0;2;2000;0;0;0;0;0;0;0;0;2;2000;4;26770;16;86825;10;35150;14;49470
12.12.2021 04:00;2;2000;2;2000;5;46150;31;78010;9;185490;1;16170;2;1990;2;2000;0;0;0;0;0;0;0;0;7;180096;27;86840;22;54790;14;32630
12.12.2021 05:00;2;1990;2;2000;1;15880;34;103040;13;277634;0;0;2;2000;2;2000;0;0;0;0;0;0;0;0;6;64950;38;117090;24;54450;17;50890
12.12.2021 06:00;2;2000;2;2000;3;3330;27;52250;13;253295;0;0;2;1990;2;1990;0;0;0;0;0;0;1;1000;7;85482;15;50890;27;64120;14;41270
12.12.2021 07:00;2;2000;2;2000;10;78628;38;113427;22;258903;0;0;2;2000;2;2000;0;0;0;0;0;0;0;0;11;187966;32;191407;24;102210;10;27860
12.12.2021 08:00;2;2000;2;2000;13;99590;72;338321;38;479188;0;0;2;1990;2;2000;0;0;0;0;7;8460;0;0;19;405928;63;290010;40;260473;34;110257
12.12.2021 09:00;4;4054;4;4000;22;231930;153;680676;78;705018;0;0;4;4000;4;4000;0;0;0;0;10;10600;5;5260;27;303230;109;772922;73;667612;41;203570
12.12.2021 10:00;4;4000;4;4000;34;248650;225;898047;105;1047209;1;450;4;4000;4;3990;0;0;0;0;12;13190;7;7040;44;555378;141;1119540;85;1027470;56;517438
12.12.2021 11:00;4;4000;4;4000;40;287630;277;832070;148;1391615;3;23280;4;4000;4;4000;0;0;1;470;23;25330;6;6020;50;702358;156;1346523;90;1984264;64;1728985
12.12.2021 12:00;4;3980;4;3990;32;273510;309;1122179;135;1108999;2;900;4;4000;4;4000;0;0;0;0;14;14570;4;4280;48;629681;163;1656910;140;1190309;100;639272
12.12.2021 13:00;4;4000;4;4000;42;321306;319;1191379;190;1521852;1;260;4;4000;4;4000;0;0;0;0;15;17100;4;4030;57;682130;175;1815728;129;1161912;115;726607
12.12.2021 14:00;4;4000;4;4000;61;501690;369;1122285;189;1662790;1;710;4;4000;4;4000;0;0;0;0;19;20280;6;6020;63;815509;172;1929116;126;1511716;103;925214
12.12.2021 15:00;4;4000;4;4000;46;388634;346;1071928;162;1399231;2;390;4;4000;4;3980;0;0;0;0;26;30570;6;6030;59;719748;168;2041770;124;1096943;107;665665
12.12.2021 16:00;4;3990;4;3980;46;278910;413;1085772;179;1461805;0;0;4;3990;4;4000;0;0;0;0;21;24110;12;12070;61;862940;147;2163596;154;1200261;119;644485
12.12.2021 17:00;4;3990;4;4000;61;347256;392;1235501;157;1323932;1;200;4;4000;4;4000;0;0;0;0;15;17250;7;7270;62;615281;138;2321555;143;691786;106;466874
12.12.2021 18:00;4;4000;4;3990;55;445121;307;1024720;127;1461525;0;0;4;4000;4;4000;0;0;0;0;20;22600;10;10250;70;692264;140;1965413;131;1054328;101;768948
12.12.2021 19:00;4;4000;4;3990;38;345892;270;1033605;129;1223486;4;30786;4;4000;4;4000;0;0;0;0;18;19080;3;3030;47;549207;138;1786388;134;1084771;77;606807
12.12.2021 20:00;4;4000;4;4000;48;369828;207;719564;65;766097;0;0;4;4000;4;4000;0;0;0;0;6;6160;2;2010;40;500356;141;1306501;105;492678;66;418610
12.12.2021 21:00;4;3990;4;4000;16;98450;150;611869;63;805184;0;0;4;3990;4;4000;0;0;0;0;5;5970;4;4110;28;255520;114;945963;61;802417;46;640280
12.12.2021 22:00;4;4000;4;4000;17;204760;105;457370;47;670698;0;0;4;4000;4;3990;0;0;0;0;2;2020;1;1000;22;342070;97;498090;60;988941;53;931002
12.12.2021 23:00;2;1990;2;2000;9;99170;65;146735;23;361007;0;0;2;2000;2;2054;0;0;0;0;3;3020;2;2010;17;128107;56;238604;31;733884;27;756618
13.12.2021 00:00;2;2000;3;3000;7;357291;33;127970;12;221280;0;0;2;2000;3;3055;0;0;0;0;2;2020;0;0;8;125740;29;126380;19;342836;17;334396
13.12.2021 01:00;0;0;1;1000;2;45830;20;10800;5;96760;0;0;0;0;1;1000;0;0;0;0;0;0;0;0;5;103820;17;63330;6;223074;14;274254
13.12.2021 02:00;0;0;0;0;1;2720;9;15670;3;44840;0;0;0;0;0;0;0;0;0;0;0;0;0;0;3;59655;6;18790;9;535017;9;538227
13.12.2021 03:00;1;1000;0;0;5;67530;16;8310;6;138630;0;0;1;1000;0;0;0;0;0;0;0;0;0;0;3;90830;16;65514;10;630258;12;644298
13.12.2021 04:00;3;3000;2;2000;20;126120;25;45800;10;133950;1;18950;3;3000;2;2000;0;0;0;0;0;0;0;0;9;91070;24;108300;12;41130;11;51130
13.12.2021 05:00;4;3990;5;4990;22;55290;166;334468;35;351238;4;2000;4;4000;5;5000;0;0;0;0;0;0;2;2010;16;183080;83;825213;47;193870;35;187880
13.12.2021 06:00;4;4000;4;3990;33;160730;405;842135;86;1324045;1;190;4;4000;4;4000;0;0;0;0;5;5970;1;1000;27;287380;145;2098342;106;707240;67;560534
13.12.2021 07:00;6;6000;5;5000;77;719862;539;1501100;286;2301440;15;69147;7;7000;5;4990;0;0;0;0;34;44270;9;9040;72;1076315;53;3283534;93;1883103;101;1332295
13.12.2021 08:00;9;9000;8;7970;110;930853;551;1759103;266;2333605;5;3220;8;8000;9;9000;0;0;0;0;28;35200;15;15430;80;1448890;126;3137870;97;1920666;110;1310606
13.12.2021 09:00;4;4000;5;4980;88;763312;450;1947539;266;2136649;8;28160;4;4000;4;4000;0;0;0;0;33;35710;13;13150;76;1368030;156;2669824;81;2018021;105;1349782
13.12.2021 10:00;4;4000;4;4000;91;695563;432;1585496;268;2015824;10;4160;4;4000;4;3970;0;0;0;0;35;43360;14;14380;74;956573;152;2671897;132;2026291;115;1154049
13.12.2021 11:00;5;5000;4;3990;123;786061;401;1620319;272;2074908;19;51470;5;5000;4;4000;0;0;0;0;41;42650;14;15400;106;1544982;127;2620961;109;1823393;118;1044734
13.12.2021 12:00;5;5000;5;4990;108;766200;432;1606269;250;2054309;10;9480;5;4990;6;5980;0;0;0;0;35;38660;20;20080;86;1504490;138;2783928;112;1960006;134;1130917
13.12.2021 13:00;7;7000;8;7990;120;788108;432;1646137;301;2468842;9;159460;7;7000;7;6990;0;0;1;540;49;54735;24;24160;108;1613628;151;2990666;106;2238935;132;1462720
13.12.2021 14:00;4;3990;5;4990;98;944242;428;1576137;254;1986494;3;40390;5;5000;6;6000;0;0;0;0;35;36790;14;14450;90;1430264;164;2556487;115;2194294;130;1373597
13.12.2021 15:00;4;4000;4;4000;118;917265;476;1570568;279;2258353;6;83760;4;3990;3;3000;0;0;0;0;52;60010;26;27350;97;1442789;170;2920328;112;2499973;131;1604117
13.12.2021 16:00;4;4000;4;4000;114;964277;471;1676030;277;2501173;4;1620;3;3000;5;4990;0;0;0;0;54;64410;12;12190;110;1516975;147;3066427;146;2546211;166;1787121
13.12.2021 17:00;5;4980;4;3990;125;933319;445;1814912;253;2179450;4;3040;5;4990;4;3990;0;0;0;0;41;45880;14;16100;108;1535700;100;3101350;168;2141356;160;1151525
13.12.2021 18:00;4;4000;4;4000;102;975448;402;1425575;226;2072308;5;31680;4;3990;3;3000;0;0;0;0;43;55660;6;6500;105;1626052;151;2032249;164;1628929;159;1231658
13.12.2021 19:00;5;4990;5;5000;74;810158;319;799993;141;1729356;6;3740;5;4990;5;4990;0;0;0;0;36;40020;10;11120;84;1184578;165;1398175;73;2238629;61;2005734
13.12.2021 20:00;4;4000;4;4000;46;487463;220;847214;111;989772;1;260;4;3990;4;4000;0;0;0;0;16;19060;7;7030;54;756343;131;1166232;55;2503811;43;2509078
13.12.2021 21:00;4;4000;4;3990;24;221828;171;780708;87;714315;0;0;4;3990;4;4000;0;0;0;0;5;5450;2;2000;32;361973;134;765554;25;2695760;13;2666130
13.12.2021 22:00;4;3990;4;4000;22;159853;144;540540;62;699450;0;0;4;4000;4;4000;0;0;0;0;7;7330;5;5020;45;504774;117;631603;0;3600000;0;3600000
13.12.2021 23:00;2;1990;2;1990;16;106390;86;343774;45;573030;0;0;2;2000;2;2000;0;0;0;0;5;6450;2;2020;18;196210;70;305565;25;1111499;21;1107819
14.12.2021 00:00;2;2000;3;3000;13;82750;30;389504;11;163917;0;0;2;2000;3;3000;0;0;0;0;1;1010;0;0;10;129740;28;103810;16;38060;10;23030
14.12.2021 01:00;0;0;1;1000;2;62686;17;46700;9;208366;0;0;0;0;1;1000;0;0;0;0;0;0;1;1100;2;6310;11;35820;8;17560;5;15150
14.12.2021 02:00;0;0;0;0;2;560;12;7120;3;43297;0;0;0;0;0;0;0;0;0;0;0;0;1;1010;2;49985;6;20070;10;269395;7;267605
14.12.2021 03:00;1;1000;0;0;4;20980;15;7270;5;162260;0;0;1;1000;0;0;0;0;0;0;0;0;0;0;2;6684;14;46230;7;180700;6;177520
14.12.2021 04:00;3;3000;2;1990;15;84920;30;64962;9;193680;0;0;3;2990;2;2000;0;0;0;0;0;0;0;0;11;194704;27;120790;11;1130861;10;1131911
14.12.2021 05:00;4;4000;5;5000;14;44110;164;485739;35;554907;2;26970;4;4000;5;4980;0;0;0;0;3;4090;0;0;11;130810;122;725005;0;3600000;0;3600000
14.12.2021 06:00;4;3990;4;4000;34;439020;387;906987;92;1334878;0;0;4;4000;4;4000;0;0;0;0;8;9680;6;6280;25;395500;133;1860485;63;2224423;36;2018950
14.12.2021 07:00;7;7000;5;4990;85;605504;571;1628777;273;2384491;9;113140;7;7054;5;5000;0;0;0;0;46;55923;23;26320;84;1179508;93;3209315;117;1560961;126;894083
14.12.2021 08:00;8;8000;9;9000;111;883326;536;1893986;276;2122464;6;2190;8;8000;9;9000;0;0;0;0;26;27970;17;17230;88;1300919;144;3326434;106;1934769;171;1405007
14.12.2021 09:00;4;4000;4;4000;85;601717;464;1816943;285;2091857;8;56890;4;4000;4;3990;0;0;0;0;36;48343;17;17603;95;1214486;177;2949881;98;1878343;95;935753
14.12.2021 10:00;4;4000;3;3000;73;675549;397;1570267;268;2082339;4;57060;4;4000;4;4000;0;0;0;0;42;47430;13;13110;81;1013573;158;2609404;129;1877297;106;967014
14.12.2021 11:00;4;4000;4;4000;112;1098796;433;1642469;285;2094484;5;2770;4;3990;4;4000;0;0;0;0;29;29460;22;22580;92;1268079;160;2670610;97;2160827;97;1433552
14.12.2021 12:00;5;4990;6;6000;112;875905;399;1698516;254;2070783;10;4920;5;4980;5;5000;0;0;0;0;45;49550;13;13410;95;1446547;145;2557915;123;1995079;150;1128986
14.12.2021 13:00;8;7980;7;6990;147;1182176;385;1757248;321;2280690;5;7090;8;7980;8;7990;0;0;0;0;38;41150;17;17110;112;1575495;140;2806751;81;2758374;85;2213315
14.12.2021 14:00;5;4990;6;6000;110;801766;429;1578135;276;2212812;5;3040;5;4990;6;5990;0;0;0;0;35;41883;23;23510;97;1505351;115;2917988;107;2511966;109;1509567
14.12.2021 15:00;3;2990;4;4000;154;1056344;469;1617913;290;2482347;9;83020;3;2990;3;3000;0;0;0;0;55;66510;30;30290;106;1520914;131;2792674;86;2617036;120;1649835
14.12.2021 16:00;5;5000;4;4000;116;862571;492;1813741;281;2817151;10;3940;5;5000;4;4000;0;0;0;0;55;81450;17;17210;99;1669494;108;3126750;126;2857679;172;2172585
14.12.2021 17:00;4;3970;4;3980;117;1111851;541;1562446;286;2548456;6;3160;4;3980;4;4000;0;0;0;0;44;46900;23;24130;99;1697541;105;3137301;135;2419846;141;1828770
14.12.2021 18:00;4;3980;5;4990;129;1153112;422;1365590;237;2359678;3;1620;4;4000;5;4990;0;0;0;0;38;43140;10;10050;94;1386897;175;2480235;102;2310625;105;2023610
14.12.2021 19:00;5;4990;3;3049;73;687764;325;1099810;177;1865035;2;770;5;4990;4;4000;0;0;0;0;29;32140;8;8680;92;1417214;160;1885598;113;1293675;103;765210
14.12.2021 20:00;4;4000;5;4990;48;247790;217;817222;105;1024683;1;260;4;3990;4;4000;0;0;0;0;17;18120;9;9040;58;900760;122;1246521;96;1226841;75;878678
14.12.2021 21:00;4;4000;4;4000;41;176904;192;714316;86;639434;1;260;4;3990;4;3990;0;0;0;0;10;11190;5;5620;40;496776;121;1016516;83;428264;55;298418
14.12.2021 22:00;4;3990;4;4000;28;167796;158;556451;76;587702;1;7330;4;3990;4;3990;0;0;0;0;8;9665;6;6030;31;379730;112;929809;83;509631;61;300270
14.12.2021 23:00;2;2000;2;2000;17;91690;91;375068;38;502808;0;0;2;2000;2;2000;0;0;0;0;6;7560;1;1010;20;285825;88;456364;46;152880;32;136630
15.12.2021 00:00;2;2000;3;3000;6;33380;42;126720;10;111170;0;0;2;2000;3;3000;0;0;0;0;1;1000;1;1000;12;142300;34;143740;17;615366;18;622056
15.12.2021 01:00;0;0;1;1000;3;7150;22;73680;3;72260;0;0;0;0;1;1000;0;0;1;700;0;0;0;0;3;66890;19;76329;3;3055650;4;3061810
15.12.2021 02:00;0;0;0;0;1;320;11;5110;3;122040;0;0;0;0;0;0;0;0;0;0;0;0;0;0;0;0;8;27010;0;3600000;0;3600000
15.12.2021 03:00;1;1000;0;0;6;39210;15;30490;2;63640;0;0;1;1000;0;0;0;0;0;0;0;0;0;0;2;42680;10;46320;0;3600000;0;3600000
15.12.2021 04:00;3;2990;2;1990;11;93270;20;73510;10;194283;1;510;3;3000;2;2000;0;0;0;0;1;1010;0;0;10;74780;20;85510;5;2301612;3;2295322
15.12.2021 05:00;4;3990;5;4990;21;60665;164;429309;36;445046;0;0;4;4000;5;4990;0;0;0;0;4;4920;2;2010;16;88221;97;818895;54;260010;22;93890
15.12.2021 06:00;4;4000;4;4000;35;435756;411;848079;94;1249867;2;710;4;4000;4;4000;0;0;0;0;12;12260;1;1000;27;394156;122;1912646;92;754238;66;426977
15.12.2021 07:00;4;4000;5;5000;91;828050;577;1494812;266;2348832;11;6820;4;4000;5;4990;0;0;0;0;29;35199;57;57620;79;1324343;88;3285743;106;1902054;105;1213741
15.12.2021 08:00;8;8000;6;6000;94;1001445;549;1545590;244;2512998;7;2830;8;7990;6;6000;0;0;0;0;58;68160;27;28030;88;1271100;129;3222786;14;3440909;19;3416244
15.12.2021 09:00;4;4000;5;5000;85;820756;488;1583681;262;2016863;13;13380;4;3990;5;4990;0;0;0;0;29;31530;10;10050;74;1029082;164;2700671;0;3600000;0;3600000
15.12.2021 10:00;5;4980;4;3990;96;768696;394;1572606;279;1882108;9;95185;5;4990;4;4000;0;0;0;0;29;31260;17;17410;102;1624980;126;2650252;82;2394671;70;2167912
15.12.2021 11:00;3;2990;3;3000;110;959346;465;1532470;252;2204207;5;2710;4;3990;3;2990;0;0;0;0;36;40380;13;13060;109;1318959;169;2616249;87;2399946;118;2101054
15.12.2021 12:00;6;6000;5;5000;108;691474;400;1488535;279;2166010;11;55970;5;4990;5;4990;0;0;0;0;47;68983;9;9030;96;1493778;167;2476692;72;2813284;87;2292587
15.12.2021 13:00;7;6990;9;9000;99;931019;413;2105891;313;2017268;9;5220;7;6980;9;8990;0;0;0;0;55;62410;14;14380;131;1679973;121;3079734;0;3600000;0;3600000
15.12.2021 14:00;4;4000;5;5000;97;749683;430;1857322;281;1946806;6;3100;4;3980;5;5035;0;0;0;0;39;43886;23;25170;98;1281568;148;2825888;0;3600000;0;3600000
15.12.2021 15:00;5;4990;3;3000;119;1059500;423;1823464;281;2047997;5;2790;5;5000;4;4000;0;0;0;0;48;55937;20;21120;112;1627545;173;2821844;0;3600000;0;3600000
15.12.2021 16:00;3;2990;4;3990;139;1076820;480;1803735;287;2464756;5;2210;3;2990;3;2990;0;0;0;0;48;54490;22;24190;102;1579449;137;2995022;58;3150954;66;3072664
15.12.2021 17:00;4;3990;4;3990;129;1227623;515;1764305;263;2318377;10;4935;4;4000;4;4000;0;0;0;0;60;72270;28;29010;124;1590512;89;3050907;161;2121937;167;1676187
15.12.2021 18:00;5;5000;4;4000;113;1049142;452;1224653;247;2375725;8;4970;5;5000;4;3990;0;0;0;0;52;57720;29;29940;116;1434306;151;2227518;143;1799361;130;1407500
15.12.2021 19:00;5;4990;4;4000;88;761530;335;1136263;179;1689934;2;1160;5;4990;4;4000;0;0;0;0;42;46470;2;2010;89;1366710;164;1680848;168;1304339;136;757829
15.12.2021 20:00;4;4000;5;5000;45;237088;244;1103170;108;1208360;1;130;4;4000;5;4970;0;0;0;0;21;22350;7;7020;54;1040152;149;1500752;100;1376924;70;1143742
15.12.2021 21:00;4;3990;4;3990;49;213138;223;880214;95;1009349;0;0;4;4000;4;4000;0;0;0;0;22;28320;6;6110;62;748996;138;1162783;86;512060;64;260174
15.12.2021 22:00;4;4000;4;3980;36;215360;150;712285;87;759944;3;32100;4;3990;4;4000;0;0;0;0;10;10420;2;2000;42;371230;119;913760;80;342094;67;281104
15.12.2021 23:00;2;2000;2;2000;18;120170;108;555714;40;367390;2;840;2;2000;2;2000;0;0;0;0;4;5190;1;1000;26;332680;95;524346;61;184885;41;117921
16.12.2021 00:00;2;1990;3;3000;10;10210;39;169441;22;352158;0;0;2;1990;3;3000;0;0;0;0;2;2150;2;2200;7;124960;35;205425;24;785284;20;770984
16.12.2021 01:00;0;0;1;990;5;19280;23;122760;6;119910;0;0;0;0;1;1000;0;0;1;520;0;0;1;1000;8;147400;16;66120;22;1326059;19;1304495
16.12.2021 02:00;0;0;0;0;4;34784;17;41550;7;139043;0;0;0;0;0;0;0;0;0;0;1;1010;0;0;2;35833;12;55980;5;12620;10;24450
16.12.2021 03:00;1;990;0;0;9;18030;15;9360;4;123341;0;0;1;1000;0;0;0;0;0;0;0;0;0;0;1;6390;11;35710;8;422027;7;421137
16.12.2021 04:00;3;3000;2;2000;23;48860;20;472339;11;240790;0;0;3;2990;2;2000;0;0;0;0;0;0;0;0;9;157630;21;105923;13;32381;12;32080
16.12.2021 05:00;4;3990;5;4980;14;83850;161;396050;35;501621;0;0;4;3980;5;4990;0;0;0;0;1;1000;0;0;10;101730;99;686380;45;133771;22;58901
16.12.2021 06:00;4;3990;3;3000;39;259129;383;678391;85;1054891;3;39490;4;4000;4;4000;0;0;0;0;4;4170;0;0;23;603609;147;1619665;83;1770838;54;1433582
16.12.2021 07:00;7;7000;6;6000;83;779358;555;1561888;263;2143923;10;3670;7;6980;5;5000;0;0;0;0;46;57900;23;23920;77;978381;65;3326662;105;1963137;103;1488948
16.12.2021 08:00;7;6990;9;8990;118;978940;515;1672341;267;2258942;1;260;8;8000;9;8980;0;0;0;0;30;37350;12;12150;81;1327013;150;3226102;86;2255998;94;1664981
16.12.2021 09:00;5;5000;4;4000;103;953223;502;1712028;287;2143456;5;47714;4;4000;4;4000;0;0;0;0;35;39459;9;9050;84;1171662;194;2854585;72;2361930;74;1851498
16.12.2021 10:00;4;4000;4;3990;135;994844;442;1428349;292;2239819;5;4130;4;3990;4;4000;0;0;0;0;36;38170;16;17085;99;1642633;163;2650877;69;2431104;78;2336942
16.12.2021 11:00;4;4000;3;3000;146;1096630;404;1608987;270;1985873;2;1160;4;3980;3;3000;0;0;0;0;37;41839;12;12304;108;1477033;167;2743039;88;2483538;100;2077872
16.12.2021 12:00;5;5000;6;6000;160;1200747;411;1481366;264;1861838;7;24140;5;5000;6;5980;0;0;0;0;39;44690;25;27767;118;1840814;163;2735750;129;1838073;128;1170176
16.12.2021 13:00;7;7000;7;7000;153;1259370;478;1989275;304;2407351;7;5490;7;6990;7;6980;0;0;0;0;66;82060;51;53100;122;1991826;133;3029734;84;2543123;105;1712668
16.12.2021 14:00;4;3980;5;5000;150;1138162;406;1602270;275;2124589;8;4530;4;4000;6;6000;0;0;0;0;36;40710;18;18570;117;1640526;176;2587934;114;2459131;127;1618009
16.12.2021 15:00;4;4000;4;3990;165;1466775;485;1673059;358;2751373;4;2390;5;5000;3;3000;0;0;0;0;45;52870;41;41870;118;2059214;201;2936900;111;2492649;129;1615070
16.12.2021 16:00;4;4000;5;5000;160;1298429;507;1866098;284;2687824;10;35480;3;3000;5;5000;0;0;0;0;39;47140;16;16080;117;1608404;127;3154560;126;2424682;171;1704444
16.12.2021 17:00;5;5000;3;3000;184;1646231;544;1699157;298;2537311;12;6740;5;5000;4;3990;0;0;0;0;71;84097;28;30640;136;1757829;101;3187516;166;1893136;156;1306742
16.12.2021 18:00;4;3990;5;5000;147;1082859;445;1488562;233;2087896;8;24980;4;4000;4;4000;0;0;0;0;40;45030;21;21800;133;1973836;133;2610142;141;1804285;144;1111976
16.12.2021 19:00;5;5000;4;3990;106;808944;320;1018992;171;1584628;2;910;5;5000;4;3990;0;0;0;0;32;34200;11;11320;94;1315178;183;1774034;136;1203241;133;643874
16.12.2021 20:00;4;4000;4;4000;57;422094;245;1032579;117;978837;1;26950;4;4000;4;3980;0;0;0;0;23;27359;12;12050;64;924342;137;1513992;126;592539;80;334974
16.12.2021 21:00;4;4000;4;4000;52;371850;227;872474;99;831056;2;18560;4;3990;4;4000;0;0;0;0;19;20980;8;8030;53;514131;133;1234791;104;374611;76;329016
16.12.2021 22:00;4;3990;4;4000;39;318179;176;711162;115;1069514;3;31320;4;4000;4;3990;0;0;0;0;15;18810;4;4030;51;433745;117;905328;98;566164;74;407615
16.12.2021 23:00;2;2000;2;2000;24;43630;106;321082;53;573954;0;0;2;1990;2;2000;0;0;0;0;4;4190;2;2000;29;303247;85;443264;27;2523790;20;2429555
17.12.2021 00:00;2;2000;3;3000;15;103830;45;251649;21;320250;0;0;2;2000;3;2980;0;0;0;0;5;5520;2;2270;17;231196;44;220630;0;3600000;0;3600000
17.12.2021 01:00;0;0;1;1000;8;60820;25;88570;7;89280;0;0;0;0;1;1000;0;0;1;590;2;2020;0;0;6;191440;15;94280;7;2571889;4;2561769
17.12.2021 02:00;0;0;0;0;3;1360;16;34310;7;137230;1;970;0;0;0;0;0;0;0;0;1;1010;2;2260;3;106860;8;26340;11;551706;14;571316
17.12.2021 03:00;1;1000;0;0;6;17200;13;20810;6;54870;0;0;1;1000;0;0;0;0;0;0;0;0;1;1010;5;82730;9;36520;2;10990;2;13530
17.12.2021 04:00;3;3000;2;1990;13;85750;23;116560;8;119645;1;840;3;3000;2;2000;0;0;0;0;0;0;0;0;11;76380;25;92560;12;30340;9;29590
17.12.2021 05:00;4;4000;5;4990;16;154875;138;193635;33;463951;1;260;4;4000;5;4990;0;0;0;0;0;0;1;1000;16;197030;96;543307;19;1028554;17;1005490
17.12.2021 06:00;4;4000;4;4000;31;410475;329;790485;77;996899;2;640;4;3990;4;3990;0;0;0;0;14;17560;5;5820;30;509355;137;1571297;56;2104743;40;1974696
17.12.2021 07:00;7;6990;5;4980;88;789939;537;1394726;251;2116841;11;38070;7;6990;5;4990;0;0;0;0;45;79700;12;12350;83;1235672;92;3057448;54;2481095;47;2224450
17.12.2021 08:00;8;8000;9;9000;80;602312;531;1308694;272;2302412;4;1620;8;7990;9;8990;0;0;0;0;32;37660;11;11040;77;1303072;193;2732029;4;3579940;3;3584020
17.12.2021 09:00;3;3000;3;3000;80;767970;418;1294407;279;2090226;6;2450;3;3000;4;3990;0;0;3;1160;34;34950;12;12170;78;1226606;163;2696958;0;3600000;0;3600000
17.12.2021 10:00;5;4990;4;4000;74;419741;443;1630133;345;2347873;5;2710;5;5000;3;3000;0;0;0;0;41;46860;12;12050;68;1069431;151;2941084;0;3600000;0;3600000
17.12.2021 11:00;4;4000;4;4000;105;598064;458;1830665;318;2244275;9;26850;4;3990;5;4990;0;0;0;0;47;51050;23;23660;107;1377393;141;2961732;17;3426780;29;3224420
17.12.2021 12:00;5;4990;6;6000;122;736687;430;1738393;320;2465539;9;6660;5;5000;5;4980;0;0;0;0;47;58070;9;9040;114;1404337;152;2752123;136;2327408;138;1532981
17.12.2021 13:00;8;8000;8;7990;126;506940;461;2049634;304;2381362;6;2770;8;7980;8;8000;0;0;0;0;56;65640;34;38450;120;1515654;158;3129494;121;2580516;185;2064494
17.12.2021 14:00;5;5000;5;4990;105;832451;460;1569863;307;2446645;6;59100;5;4990;6;5990;0;0;0;0;41;44150;22;23990;105;1559386;202;2646156;125;2269480;165;2149910
17.12.2021 15:00;4;3990;4;4052;104;984710;494;1699294;310;2821201;7;3950;4;4000;3;2990;0;0;0;0;74;96690;13;13070;90;1582005;237;2677648;88;2922706;114;2206094
17.12.2021 16:00;4;4000;4;4000;109;968893;501;1587239;297;2686883;3;4980;4;4000;5;5000;0;0;0;0;38;42030;24;25010;90;1486865;171;2905067;26;3369712;32;3201260
17.12.2021 17:00;4;3990;4;3990;102;686512;528;1710138;230;2398214;6;38900;4;4000;4;3950;0;0;0;0;49;51660;17;17520;92;1213551;123;3023046;0;3600000;0;3600000
17.12.2021 18:00;4;3990;4;4000;96;515823;427;1526793;272;2281529;6;1940;4;4000;3;3050;0;0;0;0;48;57930;13;14010;91;1026099;141;2513817;94;2646181;82;2434699
17.12.2021 19:00;5;4980;5;4990;82;462417;371;1202942;185;1939544;3;1360;5;5000;5;5000;0;0;0;0;51;58310;15;15310;63;1039452;155;1816227;146;1288745;150;898590
17.12.2021 20:00;4;4000;4;4000;60;424998;291;1171738;106;829157;5;3920;4;3990;4;4000;0;0;0;0;26;29950;7;7010;68;765399;143;1727364;121;579197;116;494617
17.12.2021 21:00;4;4000;4;4000;38;197300;221;860918;91;707129;2;450;4;4000;4;4000;0;0;0;0;20;22010;9;9620;50;527340;136;1165611;86;389089;67;387237
17.12.2021 22:00;3;3000;4;4000;28;159513;209;707179;72;778390;2;28510;3;3000;4;3990;0;0;0;0;15;16930;6;6170;41;502893;140;1063465;89;666424;84;645328
17.12.2021 23:00;2;2000;2;2000;20;98990;160;590749;59;568917;0;0;2;2000;2;2000;0;0;0;0;8;8070;5;5070;38;431858;128;775746;68;237943;45;132025
18.12.2021 00:00;2;2000;2;2000;21;173480;90;344804;50;488543;0;0;2;2000;2;2000;0;0;0;0;6;6040;5;5020;20;205235;90;498159;41;437174;39;451334
18.12.2021 01:00;2;2000;2;2000;13;83884;44;261686;43;463305;0;0;2;2000;2;2000;0;0;1;700;2;2170;2;2110;15;216304;38;115380;37;149730;23;85970
18.12.2021 02:00;2;2000;2;2000;7;33472;38;41580;17;208025;1;12460;2;2000;2;2000;0;0;0;0;3;3550;3;3230;7;57613;31;122450;26;75280;17;56729
18.12.2021 03:00;2;2000;2;2000;8;94540;37;99240;11;214350;0;0;2;2000;2;1990;0;0;0;0;1;1010;1;1010;5;85260;30;99303;12;34640;9;29000
18.12.2021 04:00;2;1990;2;1990;9;53670;31;172544;14;240886;0;0;2;2000;2;2000;0;0;0;0;1;1000;0;0;8;106250;35;196703;8;21890;10;27760
18.12.2021 05:00;4;4000;4;4000;8;6180;49;95930;18;220730;2;24830;4;3990;4;3990;0;0;0;0;0;0;0;0;9;86500;39;149180;21;58090;21;78580
18.12.2021 06:00;4;3990;4;3990;10;97570;66;168520;17;269490;2;580;4;3990;4;4000;0;0;0;0;2;2220;1;1000;13;245466;56;220894;38;572491;19;494941
18.12.2021 07:00;4;3980;4;4000;13;111100;107;435695;42;468414;0;0;4;4000;4;4000;0;0;0;0;5;8492;1;1000;18;294110;101;549857;56;174023;41;116080
18.12.2021 08:00;4;4000;4;4000;21;100220;198;603227;111;880420;1;390;4;3990;4;4000;0;0;0;0;13;13720;3;3010;31;481138;143;1055117;117;620551;57;269240
18.12.2021 09:00;4;3990;4;4000;41;278686;283;1047645;178;1332358;2;720;4;3990;4;4000;0;0;0;0;32;34470;9;9240;48;801761;130;1498242;110;1041812;95;603417
18.12.2021 10:00;4;3990;4;4000;45;357097;350;1282702;228;1833612;6;2000;4;4000;4;4000;0;0;0;0;35;39760;10;10311;57;804178;163;2282464;121;1648444;115;889453
18.12.2021 11:00;4;4000;4;3980;72;664635;390;1490823;245;1884501;5;54645;4;4000;4;4000;0;0;0;0;34;36700;14;14070;71;1107774;175;2413482;116;1674051;151;1337027
18.12.2021 12:00;4;4000;4;4000;70;438836;413;1591259;265;1900856;3;1610;4;3990;4;3990;0;0;0;0;42;44170;21;21100;90;1165204;156;2532956;114;1877802;128;1235013
18.12.2021 13:00;4;4000;4;4000;68;635224;436;1446805;262;2140378;5;3350;4;4000;4;3990;0;0;0;0;50;56369;14;14560;77;1325889;156;2500250;112;2190975;114;1753241
18.12.2021 14:00;4;4000;4;4000;98;832547;453;1336961;246;2196376;5;2520;4;4000;4;4000;0;0;0;0;45;48710;26;26970;81;1423454;178;2385865;115;2067237;131;1267772
18.12.2021 15:00;4;4000;4;4000;88;733604;402;1397572;196;1732568;4;38530;4;3990;4;4000;0;0;0;0;57;69410;13;13150;87;1259405;176;2517241;113;2112231;105;1629117
18.12.2021 16:00;4;3990;4;4000;97;880410;392;1161953;235;1911457;3;2580;4;4000;4;4000;0;0;0;0;53;57790;7;7030;91;1417478;140;2357310;128;1940456;109;1372235
18.12.2021 17:00;3;3000;4;4000;74;749214;406;1451439;192;1859053;8;17740;4;3990;4;4000;0;0;0;0;43;53145;16;17150;75;1651757;163;2380535;101;2368531;80;2113097
18.12.2021 18:00;5;4990;4;4000;86;778207;379;1549158;192;1488028;5;1600;4;4000;4;3990;0;0;0;0;37;40500;12;12050;87;1456205;140;2481401;128;1717422;124;1390093
18.12.2021 19:00;4;4000;4;4000;70;475640;313;1144675;127;1256067;2;710;4;4000;4;3990;0;0;0;0;31;37300;10;10650;73;1090520;163;1854486;100;1828588;82;1647903
18.12.2021 20:00;4;4000;4;4000;50;430707;273;959564;107;865355;2;840;4;4056;4;4000;0;0;0;0;28;29740;5;5010;57;708034;160;1521605;114;746519;84;435352
18.12.2021 21:00;4;3990;4;4000;33;347970;233;989780;94;845783;0;0;4;4000;4;4000;0;0;0;0;8;9233;2;2020;40;481810;137;1333147;93;411706;92;504400
18.12.2021 22:00;4;3990;4;4000;25;129675;204;883829;77;798979;2;900;4;4000;4;3990;0;0;0;0;26;29480;7;7080;47;409560;138;1344766;87;879495;63;759959
18.12.2021 23:00;2;2000;2;2000;20;107480;151;551189;61;775110;1;450;2;2000;2;2000;0;0;0;0;10;12600;6;6020;36;477339;113;858049;79;1129997;59;1069000
19.12.2021 00:00;2;2000;2;1990;9;58242;118;521890;31;536093;0;0;2;2000;2;2000;0;0;0;0;4;4020;1;1000;13;88910;90;601243;68;280700;42;219530
19.12.2021 01:00;2;2000;2;2000;12;94620;70;206630;21;282843;0;0;2;2000;2;2000;0;0;0;0;3;5490;1;1050;16;231330;57;274694;44;181962;29;131470
19.12.2021 02:00;2;2000;2;2000;6;76189;35;182696;17;255935;0;0;2;2000;2;2000;0;0;0;0;2;3010;2;2000;8;138979;28;138360;21;69100;17;93000
19.12.2021 03:00;2;2000;2;2000;4;1990;30;75494;9;200018;0;0;2;2000;2;2000;0;0;0;0;0;0;0;0;11;148250;25;98375;14;37790;13;60600
19.12.2021 04:00;2;2000;2;1990;7;4130;24;34433;5;176135;0;0;2;2000;2;2000;0;0;0;0;0;0;0;0;11;179192;21;85100;12;308163;14;339243
19.12.2021 05:00;2;2000;2;2000;5;17990;40;80060;12;165629;1;15960;2;2000;2;2000;0;0;0;0;1;1010;0;0;5;40480;33;158270;15;57350;11;41040
19.12.2021 06:00;2;2000;2;2000;6;5110;25;48756;6;110073;0;0;2;2000;2;2000;0;0;0;0;1;1010;0;0;5;71970;23;133506;22;82210;12;46730
19.12.2021 07:00;2;2000;2;1990;5;33600;36;38240;12;195555;0;0;2;1990;2;2000;0;0;0;0;5;5950;0;0;16;176219;35;148620;20;63050;14;46960
19.12.2021 08:00;2;2000;2;2000;12;112740;66;324890;40;475158;2;510;2;2000;2;2000;0;0;0;0;6;6060;1;1100;19;267500;55;305140;33;198740;19;115050
19.12.2021 09:00;4;3990;4;4000;21;210060;165;759083;105;1068726;1;62240;4;4000;4;3990;0;0;0;0;8;8900;5;5480;27;238680;120;945504;70;790496;52;560175
19.12.2021 10:00;4;3990;4;4000;26;102465;222;776979;129;1212928;2;840;4;4000;4;3980;0;0;0;0;13;14000;6;6060;37;529727;144;1263277;91;824722;62;302896
19.12.2021 11:00;4;4000;4;4000;34;221225;283;823493;139;1178111;0;0;4;3990;4;4000;0;0;0;0;20;20850;10;10710;52;694081;168;1459791;34;2703103;32;2383003
19.12.2021 12:00;4;3990;4;3990;53;271890;317;1200779;140;1163857;1;450;4;4000;4;3990;0;0;0;0;19;20810;5;5370;60;714536;157;1898830;0;3600000;0;3600000
19.12.2021 13:00;4;4000;4;3990;61;327424;314;1079279;203;1344318;1;250;4;4000;4;4000;0;0;0;0;27;36400;10;10740;56;573100;193;1581152;32;2762861;37;2646645
19.12.2021 14:00;4;4000;4;3990;49;408353;331;1242261;198;1631194;7;2650;4;3990;4;4000;0;0;0;0;24;26740;6;6040;47;628318;157;1789709;136;1143847;137;785244
19.12.2021 15:00;4;4000;4;3990;53;323360;343;1174285;184;1398639;0;0;4;4000;4;4000;0;0;0;0;26;28520;11;11040;66;818825;186;1917992;107;1231914;108;827770
19.12.2021 16:00;4;3990;4;3990;66;391663;386;1251072;178;1355463;2;1160;4;4000;4;4000;0;0;0;0;28;29774;9;9030;62;778243;154;2211330;114;1448916;92;1064176
19.12.2021 17:00;4;4000;4;4000;57;369670;374;995102;163;1254606;4;1680;4;4000;4;3990;0;0;0;0;34;36747;15;15320;58;645744;154;1914633;111;1908605;88;1552145
19.12.2021 18:00;4;4000;4;4000;54;261035;316;1096098;155;1258724;0;0;4;3980;4;4000;0;0;0;0;25;26510;6;6030;65;856698;138;1773373;84;1971368;56;1923734
19.12.2021 19:00;4;4000;4;4000;57;362386;260;849688;127;1274465;0;0;4;3990;4;3990;0;0;0;0;13;13720;4;4010;56;771576;144;1474569;94;1905677;73;1664912
19.12.2021 20:00;4;4000;4;3980;44;246038;227;808393;83;655279;2;1670;4;4000;4;3990;0;0;0;0;14;15630;5;5020;48;971467;146;1143561;95;1388018;61;1201513
19.12.2021 21:00;4;4000;4;4000;33;136800;187;880782;74;776638;0;0;4;4000;4;4000;0;0;0;0;15;16760;5;5020;30;495204;128;1028179;79;773886;50;586698
19.12.2021 22:00;4;4000;4;4000;24;97847;93;526735;47;484718;4;1290;4;4000;4;4000;0;0;0;0;7;7390;6;6540;28;197130;78;404603;58;204410;54;191690
19.12.2021 23:00;2;2000;2;1990;12;107570;54;328866;26;389094;0;0;2;2000;2;1990;0;0;0;0;1;1010;3;3310;14;261730;48;210833;35;78684;23;50000
20.12.2021 00:00;2;2000;3;3000;9;50945;35;122410;18;193170;0;0;2;2000;3;3000;0;0;0;0;1;1240;1;1000;12;138535;32;116919;22;46060;11;26250
20.12.2021 01:00;0;0;1;1000;1;39370;23;66566;7;82740;0;0;0;0;1;1000;0;0;1;1080;0;0;0;0;1;21420;19;57540;4;7880;7;23150
20.12.2021 02:00;0;0;0;0;3;16400;13;30280;6;116278;0;0;0;0;0;0;0;0;0;0;0;0;0;0;3;76534;8;29870;3;5600;6;13840
20.12.2021 03:00;1;1000;0;0;2;44830;20;13820;7;143450;0;0;1;1000;0;0;0;0;0;0;0;0;0;0;1;5430;19;59360;7;15200;4;11810
20.12.2021 04:00;3;3000;2;1990;9;74970;22;70580;8;112030;1;14700;3;3000;2;2000;0;0;0;0;1;1000;0;0;9;91347;22;111810;12;38620;11;31570
20.12.2021 05:00;4;3990;5;4980;14;78258;154;459103;40;587199;0;0;4;4000;5;5000;0;0;0;0;2;2020;1;1000;13;152430;86;754694;35;127710;30;121410
20.12.2021 06:00;3;3000;2;2000;26;311454;346;906184;80;1159616;1;260;3;3000;3;2990;0;0;0;0;11;11910;4;4030;27;1073879;129;1764292;105;775276;57;526506
20.12.2021 07:00;6;5990;6;6000;74;908604;570;1401711;204;2173962;9;117850;6;5980;5;4990;0;0;0;0;38;54146;17;18340;71;1067288;125;3071589;109;1668977;110;1263995
20.12.2021 08:00;6;5980;6;6000;76;841792;518;1581713;249;1919667;5;67980;6;5990;6;5990;0;0;0;0;28;30927;11;11050;67;1057356;192;2926810;91;1933419;103;1112286
20.12.2021 09:00;4;3990;5;5000;68;705788;456;1416362;262;2133532;5;118400;5;5000;5;4970;0;0;0;0;20;20930;5;5060;69;1316706;197;2574693;103;1872846;118;1243154
20.12.2021 10:00;4;3990;4;4000;67;412745;416;1560603;282;1975919;7;35820;4;4000;4;3990;0;0;0;0;34;36470;19;21170;80;1210270;165;2595899;109;2074377;113;1378371
20.12.2021 11:00;4;4000;3;3054;90;703541;429;1788279;305;2204668;9;5950;4;4000;3;2990;0;0;0;0;44;47875;20;22230;100;1123349;200;2767797;112;2152991;137;1093921
20.12.2021 12:00;6;6000;5;4990;117;980981;406;1912728;279;2019569;11;65160;5;4980;5;4990;0;0;0;0;56;64830;14;14300;116;1457305;151;2882559;99;1954715;113;1375275
20.12.2021 13:00;9;9000;9;8980;122;699649;464;1725582;282;2026144;10;38240;9;9000;10;10000;0;0;0;0;63;78626;39;39340;110;1560775;151;2997773;115;2187194;138;1490439
20.12.2021 14:00;5;4990;7;6980;103;737408;432;1713018;276;2188904;8;46770;5;4990;6;5980;0;0;0;0;49;54430;13;13230;103;1619739;193;2632860;115;2057528;152;1290062
20.12.2021 15:00;3;2990;3;3000;104;616800;497;1704700;329;2534551;6;4000;3;3000;3;3000;0;0;0;0;35;38940;25;26040;108;1540778;187;2961005;123;2579783;137;1648410
20.12.2021 16:00;5;5000;3;3000;153;1001637;493;1669074;267;2537062;8;6000;5;5000;5;4990;0;0;0;0;61;93400;23;24310;104;1432665;169;2882486;147;2498856;137;1584175
20.12.2021 17:00;4;3990;4;4000;113;1040112;496;1692054;262;2724460;4;5030;4;3990;3;2990;0;0;0;0;51;57040;28;28550;107;1501443;99;3088441;153;2085934;167;1292872
20.12.2021 18:00;4;4000;5;4990;103;886515;436;1462425;202;1849280;3;1170;4;3980;5;5000;0;0;0;0;40;42340;18;19449;121;1421340;130;2315186;145;1654121;133;1168733
20.12.2021 19:00;5;4990;3;3000;58;656435;330;861954;142;1581955;1;390;5;4980;3;2990;0;0;0;0;32;34976;13;14840;73;907242;170;1622920;137;1242583;119;805721
20.12.2021 20:00;4;3990;5;5000;50;304626;221;992687;105;961350;1;32400;4;4000;5;5000;0;0;0;0;25;28170;6;6010;54;447214;136;1242237;104;585214;82;443067
20.12.2021 21:00;4;4000;4;3990;37;254777;181;767784;72;576641;2;780;4;3990;4;4000;0;0;0;0;12;12600;6;6210;38;459648;131;1109375;77;403108;63;283517
20.12.2021 22:00;4;4000;4;3990;25;217437;131;614799;53;597044;2;1800;4;3990;4;4000;0;0;0;0;9;9680;2;2000;38;452117;98;554009;76;333936;78;283962
20.12.2021 23:00;2;2000;2;2000;13;140350;104;247690;29;363770;0;0;2;2000;2;2000;0;0;0;0;4;4050;3;3030;24;208790;95;442707;39;132690;35;115190
21.12.2021 00:00;2;2000;3;2990;5;42390;36;27845;12;94825;0;0;2;1990;3;2990;0;0;0;0;0;0;3;3810;4;39770;28;98695;16;36500;25;72983
21.12.2021 01:00;0;0;1;1000;3;52298;22;58150;10;212693;0;0;0;0;1;1000;0;0;1;590;0;0;0;0;0;0;18;65200;10;27130;11;18980
21.12.2021 02:00;0;0;0;0;3;8475;14;31970;5;43405;1;900;0;0;0;0;0;0;0;0;0;0;0;0;3;19250;10;37840;3;1917930;5;1923990
21.12.2021 03:00;1;1000;0;0;7;56770;17;9340;1;44280;0;0;1;1000;0;0;0;0;0;0;0;0;0;0;3;23470;18;56790;1;3259631;1;3259631
21.12.2021 04:00;3;3000;2;2000;3;35290;26;105150;5;47783;0;0;3;2990;2;2000;0;0;0;0;0;0;0;0;11;846480;25;122870;5;2776060;4;2774790
21.12.2021 05:00;4;3990;5;5000;9;44310;146;409376;42;585719;1;770;4;4000;5;5000;0;0;0;0;1;1000;2;2000;12;79640;96;735116;0;3600000;0;3600000
21.12.2021 06:00;4;3990;3;3000;24;166150;311;871596;81;1070947;3;1290;4;4000;4;4000;0;0;0;0;7;7980;1;1010;35;851255;141;1654126;0;3600000;0;3600000
21.12.2021 07:00;7;6990;6;6000;67;673700;496;1598544;205;1891844;4;1740;7;7000;6;5990;0;0;0;0;29;34260;14;14434;70;1040715;95;3039123;0;3600000;0;3600000
21.12.2021 08:00;8;7990;9;9000;85;840257;522;1342341;235;1942770;4;1750;8;8000;8;7940;0;0;0;0;27;31096;4;4030;89;1319110;147;2947138;0;3600000;0;3600000
21.12.2021 09:00;3;2990;3;3000;62;321591;443;1565893;256;1963197;8;3690;4;3990;4;4000;0;0;0;0;34;35690;9;9020;79;1179924;164;2815006;78;2279292;79;1692716
21.12.2021 10:00;5;4990;5;5000;63;604365;413;1663950;294;2154744;10;51070;4;3990;4;4000;0;0;0;0;41;50740;13;13720;83;930151;163;2769117;120;1864041;129;981655
21.12.2021 11:00;4;3990;3;2990;111;715200;446;1731635;309;2236144;6;3150;4;3990;4;4000;0;0;0;0;56;59400;21;21110;105;1413269;155;2792811;95;2065482;109;1336460
21.12.2021 12:00;5;5000;5;5000;108;866311;428;1564877;308;2332957;14;56976;5;5000;4;4000;0;0;0;0;59;64450;18;18100;105;1430103;163;2594387;126;2244392;135;1409163
21.12.2021 13:00;8;8000;8;7990;118;824217;478;1516909;311;2324421;5;5540;8;7980;8;7990;0;0;0;0;52;60529;21;21430;117;1702402;142;3021424;117;2281795;147;1478452
21.12.2021 14:00;5;5000;6;6000;114;824419;470;1903993;305;2244012;8;3480;5;5000;6;5990;0;0;0;0;55;62428;14;15110;103;1485050;175;2877532;109;2602037;140;1479602
21.12.2021 15:00;4;3990;4;3990;124;1079628;507;1850334;325;2680169;2;970;4;3990;4;4000;0;0;0;0;53;58980;36;38490;106;1887179;151;3095201;126;2289268;147;1648336
21.12.2021 16:00;4;4000;4;4000;137;1150589;504;1746581;303;2427781;4;1550;4;4000;4;4000;0;0;0;0;61;70130;17;18290;109;1766492;160;3152555;130;2469348;154;1640707
21.12.2021 17:00;4;4000;5;5000;123;843167;524;1445071;280;2726777;4;103620;4;3990;5;5000;0;0;0;0;51;60670;31;31610;117;1427780;129;2998238;137;2445464;136;2032957
21.12.2021 18:00;4;3990;4;4000;114;1070746;444;1505935;235;2258732;8;139870;4;3990;4;4000;0;0;0;0;38;38710;19;19620;97;1355544;142;2358066;158;2008952;120;1230242
21.12.2021 19:00;5;4990;3;3000;66;399423;376;807576;165;1773720;3;2060;5;5000;4;3980;0;0;0;0;31;37610;7;7530;79;935887;166;1727361;153;1542115;104;879555
21.12.2021 20:00;4;3990;5;5000;44;288929;232;1024813;102;1047535;2;780;4;4000;4;3980;0;0;0;0;18;19050;4;4020;65;816815;128;1298443;104;559080;69;284090
21.12.2021 21:00;4;4000;4;4000;36;298985;205;840913;89;824077;1;200;4;3990;4;3990;0;0;0;0;14;14900;5;5670;52;745779;131;1306092;104;467670;79;364430
21.12.2021 22:00;4;4000;4;4000;33;228842;139;839042;69;720459;1;1800;4;4000;4;4000;0;0;0;0;6;6450;3;3010;39;432092;104;675352;80;406120;73;237425
21.12.2021 23:00;2;2000;2;2000;15;116010;111;385686;38;569490;1;320;2;2000;2;2000;0;0;0;0;4;4110;3;3000;14;221820;92;474222;53;492986;39;433243
22.12.2021 00:00;2;2000;3;3000;9;101020;50;145167;23;351518;0;0;2;2000;3;3000;0;0;0;0;1;1010;2;2000;12;159150;39;176713;20;43870;20;62833
22.12.2021 01:00;0;0;1;1000;5;44770;29;114383;13;171440;1;320;0;0;1;1000;0;0;1;650;1;1000;1;1000;3;78540;26;99190;13;34180;14;30180
22.12.2021 02:00;0;0;0;0;0;0;16;20350;7;53770;0;0;0;0;0;0;0;0;0;0;0;0;0;0;2;34840;10;34021;6;10710;9;23470
22.12.2021 03:00;1;1000;0;0;1;1740;23;43880;8;110010;0;0;1;990;0;0;0;0;0;0;0;0;0;0;2;7420;20;80580;3;8540;3;9580
22.12.2021 04:00;3;2990;2;2000;10;145850;24;13000;7;80035;1;650;3;3000;2;2000;0;0;0;0;0;0;1;1050;9;109590;21;113970;10;38550;8;33700
22.12.2021 05:00;4;3990;5;5000;10;23820;134;396507;35;442420;0;0;4;4000;5;4970;0;0;0;0;3;3110;1;1010;14;910413;83;620356;30;104396;15;54780
22.12.2021 06:00;4;3990;3;3000;25;202100;241;941595;73;897614;4;3020;4;4000;4;4000;0;0;0;0;4;4640;1;1000;25;930086;130;1459160;108;518718;52;231117
22.12.2021 07:00;7;6970;6;5990;62;626023;477;1493694;222;1997936;2;960;7;7000;5;5000;0;0;0;0;27;35150;15;15030;73;998021;81;2948232;111;1391410;92;806337
22.12.2021 08:00;8;8000;8;7980;79;771909;435;1186767;224;1974614;4;1800;8;8000;8;7980;0;0;0;0;23;25080;12;12410;69;875424;168;2540991;98;1826013;95;947057
22.12.2021 09:00;3;2990;4;3990;73;615588;474;1457662;257;2172050;5;3290;4;3990;4;4000;0;0;0;0;45;50560;17;17810;79;1171870;165;2702933;110;1888355;99;1097611
22.12.2021 10:00;4;4000;4;3990;68;1012592;431;1832068;333;2389439;9;92550;3;3000;4;4000;0;0;0;0;62;77651;19;20930;112;1439775;136;2761858;95;1884303;111;1169997
22.12.2021 11:00;4;4000;4;3990;107;822684;428;1840370;338;2245046;11;56200;4;4000;4;4000;0;0;0;0;46;48790;18;18870;120;1656794;135;2945834;113;2037211;141;1315517
22.12.2021 12:00;6;5990;5;5000;112;845808;468;1692249;304;2469236;9;33850;6;5990;5;4990;0;0;0;0;39;43450;18;18420;119;1824227;147;3027917;118;2239400;135;1287393
22.12.2021 13:00;9;8980;8;8000;100;658449;484;1623370;293;1989991;6;94060;8;7990;8;8000;0;0;0;0;58;64210;12;12120;123;1501985;165;2989623;115;2379058;136;1438898
22.12.2021 14:00;5;5000;7;6990;96;708638;452;1641794;283;2231596;4;2010;5;4990;7;7000;0;0;0;0;47;55580;14;14080;114;1857545;175;2604078;116;2345811;139;1558842
22.12.2021 15:00;4;4000;3;3000;101;949044;467;1685596;282;2279423;3;2830;4;4000;4;4000;0;0;0;0;41;44660;21;21440;96;1515568;186;2556188;129;2425865;143;1579435
22.12.2021 16:00;4;3990;5;5000;122;827983;523;1750533;256;2390958;7;3350;4;4000;4;3980;0;0;0;0;50;53837;15;15450;103;1674390;179;3028975;117;2420579;161;1856788
22.12.2021 17:00;3;3000;3;3000;99;907343;522;1229911;279;2669683;7;3490;3;3000;3;3000;0;0;0;0;52;55780;17;17151;95;1837427;168;2645036;163;1820447;170;1258052
22.12.2021 18:00;5;5000;4;3990;100;1007751;467;1342809;248;2295202;4;1860;5;5000;4;4000;0;0;0;0;34;40040;15;16180;84;1840519;147;2610272;159;1842655;149;1160440
22.12.2021 19:00;4;4000;5;5000;66;491256;372;929544;161;1634492;6;2760;4;4000;5;4990;0;0;0;0;37;38470;17;17080;80;1238998;176;1808094;145;1164798;133;729504
22.12.2021 20:00;5;4990;4;3990;50;440350;238;971010;117;1218659;0;0;5;5000;4;3990;0;0;0;0;18;20250;6;6510;71;906624;122;1295547;103;1214340;74;850285
22.12.2021 21:00;4;3990;4;3980;23;217540;184;709510;93;863950;3;17040;4;3990;4;4000;0;0;0;0;17;18520;4;4030;40;609626;125;1046635;84;358390;64;314131
22.12.2021 22:00;4;4000;4;3980;37;367990;163;577246;69;850344;2;16140;4;3990;4;4000;0;0;0;0;14;17010;3;3000;38;235490;120;825321;61;1644803;55;1619906
22.12.2021 23:00;2;2000;2;2000;16;148170;115;483200;53;638259;1;770;2;1990;2;2000;0;0;0;0;7;9960;2;2150;23;361308;94;606065;5;3449830;4;3442600
23.12.2021 00:00;2;2000;3;3000;5;12620;67;219653;30;515099;0;0;2;1990;3;3000;0;0;0;0;2;2020;1;1010;15;127794;51;261303;0;3600000;0;3600000
23.12.2021 01:00;0;0;1;1000;8;127595;31;28340;15;170510;0;0;0;0;1;1000;0;0;0;0;1;1480;2;2450;2;18360;24;84680;0;3600000;0;3600000
23.12.2021 02:00;0;0;0;0;2;46530;17;37390;11;217860;0;0;0;0;0;0;0;0;0;0;0;0;0;0;2;35960;16;64850;0;3600000;0;3600000
23.12.2021 03:00;1;1000;0;0;4;3420;21;29530;6;97590;0;0;1;990;0;0;0;0;0;0;0;0;0;0;3;29240;18;344745;0;3600000;0;3600000
23.12.2021 04:00;3;3000;2;1990;10;109390;26;46620;14;271220;0;0;3;3000;2;2000;0;0;0;0;0;0;0;0;7;99100;25;134390;6;2904287;4;2908937
23.12.2021 05:00;4;4000;4;3980;12;71040;110;213484;28;379470;1;440;4;3990;4;3990;0;0;0;0;2;2820;0;0;13;122100;84;510824;22;88330;24;67510
23.12.2021 06:00;4;4000;5;5055;17;278444;239;576140;50;828333;1;190;4;3990;5;5000;0;0;0;0;4;4620;1;1010;19;948042;103;1328661;77;370263;38;136703
23.12.2021 07:00;5;5000;5;4990;29;156222;329;884941;116;1481536;3;1100;5;4980;5;4990;0;0;0;0;13;14600;4;4010;27;488173;104;1971535;108;720851;60;341861
23.12.2021 08:00;6;5990;4;4000;43;464675;347;939561;194;1968481;5;92220;6;5990;4;3980;0;0;0;0;21;24260;6;6960;58;793010;208;1929961;64;2215565;64;1623558
23.12.2021 09:00;4;4000;4;4000;52;480803;416;1096822;220;2040876;5;1660;4;3990;4;3990;0;0;0;0;29;32190;18;18220;60;1127203;201;2227160;48;2805383;64;2412053
23.12.2021 10:00;3;2990;4;4000;81;1039334;432;1539437;288;2181722;3;313233;4;4000;4;4000;0;0;0;0;30;32220;8;8030;77;1288164;172;2649179;88;2285722;99;1688422
23.12.2021 11:00;5;4980;3;2990;80;618095;427;1756793;319;2459313;5;4000;4;4000;4;4000;0;0;0;0;50;56210;14;14160;80;1261258;161;2711584;20;3302753;38;3034091
23.12.2021 12:00;4;3980;4;4000;101;634449;464;1664147;272;2172972;3;56220;4;3990;4;3990;0;0;0;0;48;53778;14;14900;104;1493155;187;2529472;23;3336586;35;3140342
23.12.2021 13:00;3;3000;4;3990;105;632739;414;1836492;301;2230686;3;40100;3;3000;4;4000;0;0;0;0;49;53500;15;15930;99;1373752;135;2885279;0;3600000;0;3600000
23.12.2021 14:00;5;4990;5;4670;113;781492;442;2021073;330;2137635;6;4580;5;5000;4;4000;0;0;0;0;41;45560;24;24090;116;1516339;130;3057258;0;3600000;0;3600000
23.12.2021 15:00;3;3000;3;3330;113;849495;517;1735881;310;2333854;6;2380;4;4000;3;2990;0;0;0;0;49;52200;17;17890;107;1621262;195;2964687;46;3189850;46;2731597
23.12.2021 16:00;5;4980;4;4000;117;1055395;506;1639133;280;2637402;5;4350;4;4000;5;4980;0;0;0;0;43;52020;18;18180;100;1463810;176;2918036;75;2836862;99;2379601
23.12.2021 17:00;4;3990;5;5000;114;860683;467;1053193;247;2164697;8;4260;4;4000;4;3990;0;0;0;0;58;63825;17;17100;98;1342278;140;2470300;152;1869427;147;1332656
23.12.2021 18:00;3;3000;4;4000;113;768353;429;1171179;204;1925108;5;2770;4;3990;4;3990;0;0;0;0;33;35500;21;21970;108;1397860;169;2115284;145;1556093;132;1208621
23.12.2021 19:00;5;5000;4;4000;76;511665;334;984289;149;1802546;1;42965;4;4000;4;4000;0;0;0;0;28;31820;10;10140;77;1161875;169;1549638;134;796662;109;643200
23.12.2021 20:00;4;4000;4;4000;39;331458;235;1013516;119;976748;0;0;4;3990;4;4000;0;0;0;0;22;25510;5;5040;59;607833;135;1345691;126;480953;81;370080
23.12.2021 21:00;4;4000;4;4000;33;111770;190;715074;101;872400;0;0;4;4000;4;4000;0;0;0;0;11;12900;4;4180;38;334825;137;939440;81;305240;74;354510
23.12.2021 22:00;4;4000;4;4000;18;90615;178;745427;77;631124;1;260;4;3990;4;4000;0;0;0;0;13;15180;2;2020;41;657668;126;1003532;84;383729;58;259923
23.12.2021 23:00;2;1990;2;2000;20;110870;122;339570;50;609974;0;0;2;2000;2;1980;0;0;0;0;6;6380;3;3750;18;184543;97;571806;56;295091;46;240291
24.12.2021 00:00;2;1990;3;2980;14;102840;57;431444;25;316611;0;0;2;2000;3;3000;0;0;0;0;4;4030;2;2020;18;323350;47;299590;35;155660;55;326450
24.12.2021 01:00;0;0;1;1000;7;21870;45;134630;9;120930;1;130;0;0;1;1000;0;0;1;880;2;2380;1;1010;4;32920;35;215180;18;457498;21;492238
24.12.2021 02:00;0;0;0;0;13;115620;32;39200;7;77670;0;0;0;0;0;0;0;0;0;0;0;0;3;3400;1;7270;24;109220;19;1244937;22;1267437
24.12.2021 03:00;2;2000;0;0;13;26820;20;94560;7;541550;0;0;2;1990;0;0;0;0;0;0;0;0;0;0;5;72663;16;67890;7;24580;10;59750
24.12.2021 04:00;2;1990;2;2000;8;63790;23;239460;11;1046365;0;0;2;2000;2;2000;0;0;0;0;0;0;0;0;9;80340;21;94025;10;304305;13;321320
24.12.2021 05:00;4;4000;4;4000;20;28470;61;201770;23;860152;1;320;4;4000;4;4000;0;0;0;0;0;0;2;2000;9;111390;55;336498;22;77519;23;133299
24.12.2021 06:00;4;3990;4;3990;15;63000;74;487812;15;2581489;0;0;4;4000;4;4000;0;0;0;0;1;1010;2;2000;14;89730;59;474909;25;92853;21;102320
24.12.2021 07:00;4;4000;4;4000;23;67210;109;771541;39;2072372;1;44150;4;3990;4;4000;0;0;0;0;6;6050;0;0;17;200884;76;812001;41;207090;32;179440
24.12.2021 08:00;4;4000;4;4000;25;203698;165;711886;79;1600883;2;650;4;3990;4;4000;0;0;0;0;14;14350;3;3030;31;385530;105;1040636;50;542021;35;229820
24.12.2021 09:00;4;4000;4;4000;49;382670;298;1272460;146;1860841;2;1040;4;4000;4;4000;0;0;0;0;28;28410;7;7040;46;748272;154;1809905;85;1313744;82;723255
24.12.2021 10:00;4;4000;4;3980;66;329067;308;1320497;232;1883998;5;1280;4;3990;4;3990;0;0;0;0;31;58140;6;6020;81;956544;123;2086606;61;2546933;47;2298078
24.12.2021 11:00;4;4000;4;4000;66;494300;341;1590287;255;2094867;6;1940;4;4000;4;4000;0;0;0;0;39;47090;10;10070;83;1063498;152;2293587;117;1688730;124;1083241
24.12.2021 12:00;4;4000;4;3990;83;485050;371;1452812;226;1930602;4;2250;4;3990;4;4000;0;0;0;0;45;55500;19;19194;102;1271459;178;2306153;131;1828016;121;1149810
24.12.2021 13:00;4;3990;4;3980;83;629253;376;1289235;177;2071143;2;910;4;3990;4;4000;0;0;0;0;29;31700;9;9190;72;1112125;217;1800862;127;1759643;112;1121115
24.12.2021 14:00;4;4000;4;4000;65;653752;419;1169260;205;2240897;2;450;4;4000;4;3990;0;0;0;0;27;39110;13;13080;79;1081247;212;1813297;120;2160128;116;1086413
24.12.2021 15:00;4;3990;4;4000;57;635324;387;770220;157;1869747;1;380;4;3990;4;4000;0;0;0;0;13;14070;6;6020;57;1096954;203;1444307;84;2526071;75;2205391
24.12.2021 16:00;4;4000;4;3980;45;172300;371;805402;170;1848775;0;0;4;3990;4;4000;0;0;0;0;22;29860;11;11540;68;712843;176;1711001;0;3600000;0;3600000
24.12.2021 17:00;4;4000;4;3980;37;473696;293;734890;129;1504144;2;390;4;4000;4;4000;0;0;0;0;11;11220;5;5100;47;695203;159;1429279;41;2724260;42;2670110
24.12.2021 18:00;4;3990;4;4000;34;133967;190;663126;85;1492114;2;590;4;4054;4;3990;0;0;0;0;6;6280;6;6840;32;396130;127;909232;93;646806;63;383754
24.12.2021 19:00;4;4000;4;4000;31;227481;145;443960;48;1008331;0;0;4;3990;4;4000;0;0;0;0;6;22017;2;2010;32;650605;89;586660;65;505622;56;359680
24.12.2021 20:00;4;3990;4;4000;32;185109;172;438857;62;695906;0;0;4;4000;4;4000;0;0;0;0;5;5640;0;0;27;477970;110;1020373;77;336780;60;393191
24.12.2021 21:00;4;4000;4;3990;27;99650;194;889639;54;2347157;1;390;4;3990;4;3990;0;0;0;0;1;2110;3;3020;37;361157;104;1332733;79;479720;55;398890
24.12.2021 22:00;4;4000;4;3990;21;115680;215;714416;83;1749730;3;520;4;4000;4;4000;0;0;0;0;7;7860;6;6240;47;504498;129;1307349;86;1344793;62;1029421
24.12.2021 23:00;2;2000;2;2000;20;154290;170;704245;62;1019200;1;260;2;1990;2;2000;0;0;0;0;6;6170;4;4020;26;264000;105;1028611;78;701331;52;613180
25.12.2021 00:00;2;2000;2;2000;16;176100;110;309263;43;1162918;0;0;2;1990;2;2000;0;0;0;0;6;6050;2;2010;28;305572;71;695333;27;2825530;21;2767230
25.12.2021 01:00;2;2000;2;2000;16;47320;56;247846;30;520053;0;0;2;1990;2;1990;0;0;0;0;0;0;1;1000;13;225100;47;343024;0;3600000;0;3600000
25.12.2021 02:00;2;2000;2;2000;11;50510;24;28570;10;128405;0;0;2;2000;2;1990;0;0;0;0;2;2230;0;0;5;80540;19;92900;0;3600000;0;3600000
25.12.2021 03:00;2;2000;2;2000;7;2720;17;57760;7;738262;0;0;2;1990;2;2000;0;0;0;0;0;0;4;4020;3;12050;15;71527;3;1716660;6;1732160
25.12.2021 04:00;2;2000;2;2000;9;1760;11;62030;4;941824;1;1670;2;2000;2;1990;0;0;0;0;1;1010;0;0;3;34990;11;54150;7;40420;4;16950
25.12.2021 05:00;2;2000;2;2000;8;2640;11;4790;5;140283;0;0;2;2000;2;1990;0;0;0;0;0;0;0;0;4;74870;11;61550;11;268823;11;281923
25.12.2021 06:00;2;1990;2;2000;7;2790;16;73030;8;1166811;0;0;2;2000;2;2000;0;0;0;0;0;0;0;0;8;88305;13;59630;10;1333550;13;1363520
25.12.2021 07:00;2;2000;2;1990;11;21290;26;46570;12;409067;1;1154;2;2000;2;2000;0;0;0;0;0;0;0;0;12;160540;25;109540;11;2292763;17;2339983
25.12.2021 08:00;2;2000;2;2000;6;5040;51;135399;36;707390;1;31250;2;2000;2;2000;0;0;0;0;2;2010;0;0;7;131135;39;266790;17;1338769;17;1326879
25.12.2021 09:00;4;4000;4;4000;17;59110;122;288418;47;800701;0;0;4;4000;4;3990;0;0;0;0;2;2020;0;0;20;238420;77;453024;3;3405413;4;3409393
25.12.2021 10:00;4;3990;4;4000;24;262214;199;755992;88;1005864;2;1620;4;3990;4;3990;0;0;0;0;5;5220;0;0;20;293743;121;934278;0;3600000;0;3600000
25.12.2021 11:00;4;4000;4;3990;32;283710;315;1043889;112;1123950;0;0;4;3980;4;4000;0;0;0;0;3;3020;3;3020;45;495070;159;1530693;0;3600000;0;3600000
25.12.2021 12:00;4;4000;4;4000;35;297022;348;1233598;163;1367139;3;460;4;4000;4;4000;0;0;0;0;11;12040;6;6030;48;618929;159;1794579;0;3600000;0;3600000
25.12.2021 13:00;4;4000;4;4000;41;327232;291;1161177;119;1188353;0;0;4;4000;4;4000;0;0;0;0;7;7130;3;3260;47;621348;152;1556710;0;3600000;0;3600000
25.12.2021 14:00;4;4000;4;3990;49;314404;299;1278171;131;1380628;0;0;4;4000;4;4000;0;0;0;0;12;12630;1;1000;45;589619;136;1603472;0;3600000;0;3600000
25.12.2021 15:00;4;4000;4;4000;30;137016;315;1005971;167;1456399;2;520;4;4000;4;4000;0;0;0;0;19;19802;6;6590;44;560310;127;1667034;0;3600000;0;3600000
25.12.2021 16:00;4;4000;4;4000;43;263953;338;856717;148;1372948;4;2310;4;4000;4;4000;0;0;0;0;11;11640;4;4520;38;505914;121;1899993;1;3599435;1;3599435
25.12.2021 17:00;4;3990;4;4000;36;332662;307;956585;108;1145288;2;7190;4;4000;4;3990;0;0;0;0;14;15730;6;7390;58;640529;137;1828372;25;3002741;18;2930941
25.12.2021 18:00;4;4000;4;4000;28;242549;257;773286;105;1304327;2;36984;4;4000;4;3990;0;0;0;0;14;14473;0;0;46;737950;149;1320452;74;2266312;60;2163175
25.12.2021 19:00;4;4000;4;4000;31;271524;250;875392;81;901590;0;0;4;4000;4;4000;0;0;0;0;8;8170;2;2000;38;476830;150;1201718;98;1368215;62;1220335
25.12.2021 20:00;4;4000;4;4000;22;143400;208;587377;76;880320;1;14370;4;4000;4;3990;0;0;0;0;9;11050;3;3210;39;431360;125;1132756;110;618440;70;312987
25.12.2021 21:00;4;4000;4;4000;21;160860;186;566438;73;917347;0;0;4;3980;4;4000;0;0;0;0;1;1010;1;1000;41;534018;115;976087;73;1137470;57;1045472
25.12.2021 22:00;4;3990;4;4000;23;175370;139;513168;62;708841;1;520;4;3990;4;3990;0;0;0;0;2;3463;1;1000;22;201123;109;772332;58;1072030;47;1071337
25.12.2021 23:00;2;2000;2;1990;17;146590;94;318706;30;362480;0;0;2;2000;2;2000;0;0;0;0;6;7140;1;1010;20;191880;84;539580;55;279750;51;255853
26.12.2021 00:00;2;2000;2;2000;7;62500;89;211010;28;370109;0;0;2;2000;2;1990;0;0;0;0;0;0;0;0;16;240910;61;399978;42;1263415;26;1244475
26.12.2021 01:00;2;2000;2;2000;8;120620;33;60780;12;342635;0;0;2;2000;2;2000;0;0;0;0;1;1500;0;0;10;203520;29;114650;18;2052618;14;2035438
26.12.2021 02:00;2;2000;2;2000;7;84235;31;73090;12;313563;0;0;2;2000;2;1990;0;0;0;0;1;1010;0;0;5;72611;28;121917;9;2368179;9;2384919
26.12.2021 03:00;2;2000;2;2000;2;35033;13;6690;4;45270;0;0;2;2000;2;2000;0;0;0;0;0;0;0;0;4;32790;11;43270;0;3600000;0;3600000
26.12.2021 04:00;2;2000;2;2000;5;17350;13;7790;2;6130;0;0;2;2000;2;2000;0;0;0;0;0;0;0;0;6;54330;12;45456;0;3600000;0;3600000
26.12.2021 05:00;2;2000;2;2000;2;2320;25;22050;5;76380;0;0;2;2000;2;2000;0;0;0;0;0;0;0;0;5;73840;23;92510;0;3600000;0;3600000
26.12.2021 06:00;2;2000;2;2000;5;17650;24;56170;6;122690;0;0;2;2000;2;1990;0;0;0;0;0;0;0;0;6;108910;20;75630;0;3600000;0;3600000
26.12.2021 07:00;2;1990;2;1990;1;1350;30;65090;15;213359;1;14540;2;2000;2;2000;0;0;0;0;3;3160;0;0;7;99101;23;89340;0;3600000;0;3600000
26.12.2021 08:00;2;2000;2;2000;12;123346;46;103075;18;259020;0;0;2;1990;2;2000;0;0;0;0;2;2960;0;0;17;258064;47;184570;0;3600000;0;3600000
26.12.2021 09:00;4;3990;4;4000;13;138528;123;478818;62;772533;0;0;4;3990;4;4000;0;0;0;0;4;4010;2;2110;20;391394;98;542419;0;3600000;0;3600000
26.12.2021 10:00;4;4000;4;4000;21;143770;191;485787;95;990148;0;0;4;4000;4;3990;0;0;0;0;7;7040;1;1010;37;243780;147;870038;45;1972732;40;1800744
26.12.2021 11:00;4;4000;4;3980;30;211640;310;986161;160;1286310;1;260;4;4000;4;4000;0;0;0;0;10;10990;6;6880;40;607609;158;1523291;100;1106147;79;600159
26.12.2021 12:00;4;3990;4;3990;38;398508;329;877311;145;1460207;0;0;4;3990;4;4000;0;0;0;0;18;20330;5;5140;43;711193;198;1625477;70;2405584;68;1993619
26.12.2021 13:00;4;4000;4;4000;29;196802;309;1055262;144;1375994;2;390;4;3990;4;4000;0;0;0;0;12;12670;4;4000;49;738070;189;1410073;77;2382974;54;1851179
26.12.2021 14:00;4;4000;4;4000;46;407726;369;1084251;150;1355953;2;640;4;4000;4;4000;0;0;0;0;20;21510;2;2060;70;1072273;157;1853933;72;2401236;66;2066802
26.12.2021 15:00;4;4000;4;4000;41;313767;356;998510;157;1566890;2;650;4;3990;4;4000;0;0;0;0;19;19420;9;9040;39;565893;133;1868273;113;1304916;98;805161
26.12.2021 16:00;4;4000;4;4000;41;316843;332;1084590;160;1570217;2;390;4;3980;4;4000;0;0;0;0;14;14480;8;8150;49;677654;138;2100096;107;1180493;95;627663
26.12.2021 17:00;4;4000;4;4000;47;443830;344;1075209;136;1473637;3;1420;4;3990;4;4000;0;0;0;0;10;13350;7;7082;58;712871;126;2429490;120;1044117;106;813038
26.12.2021 18:00;4;4000;4;3990;30;172397;293;1062451;102;1194951;1;770;4;4000;4;3990;0;0;0;0;8;8170;3;2990;50;661967;148;1990675;119;1278626;79;910681
26.12.2021 19:00;4;3990;4;4000;35;268578;268;930640;93;1056556;2;900;4;3990;4;4000;0;0;0;0;7;8010;2;2010;40;524478;148;1448397;67;1863688;46;1655630
26.12.2021 20:00;4;3990;4;4000;35;290870;253;949573;92;1234442;3;1300;4;4000;4;4000;0;0;0;0;4;4153;1;1000;33;439294;131;1641464;0;3600000;0;3600000
26.12.2021 21:00;4;4000;4;4000;23;142430;198;775860;89;979459;1;130;4;4000;4;3990;0;0;0;0;3;3780;4;4030;38;689409;124;1239903;0;3600000;0;3600000
26.12.2021 22:00;4;3990;4;4000;27;164860;145;817763;56;703557;1;200;4;3990;4;3990;0;0;0;0;4;4130;1;1010;20;167050;90;818250;0;3600000;0;3600000
26.12.2021 23:00;2;2000;2;2000;8;79870;76;358718;36;591490;0;0;2;2000;2;2000;0;0;0;0;2;2000;1;1000;14;200793;59;373899;0;3600000;0;3600000
27.12.2021 00:00;2;2000;3;3000;13;118381;69;242110;23;340320;0;0;2;2000;3;2990;0;0;0;0;0;0;1;1010;16;213620;52;289520;0;3600000;0;3600000
27.12.2021 01:00;0;0;1;1000;4;4320;38;37300;9;138404;0;0;0;0;1;990;0;0;0;0;2;2370;0;0;6;50560;29;150022;0;3600000;0;3600000
27.12.2021 02:00;0;0;0;0;3;33966;22;30200;7;136510;0;0;0;0;0;0;0;0;0;0;1;1010;0;0;4;109546;21;75240;0;3600000;0;3600000
27.12.2021 03:00;1;1000;0;0;2;950;15;36390;4;88310;0;0;1;1000;0;0;0;0;0;0;0;0;0;0;3;33490;11;39610;0;3600000;0;3600000
27.12.2021 04:00;3;3000;2;1990;11;150280;23;41430;6;65120;0;0;3;3000;2;2000;0;0;0;0;1;1010;1;1000;7;89986;20;87300;0;3600000;0;3600000
27.12.2021 05:00;4;4000;4;4000;9;103160;93;223480;21;289344;1;39880;4;4000;4;4000;0;0;0;0;0;0;1;1560;14;220000;74;521202;0;3600000;0;3600000
27.12.2021 06:00;4;3990;5;5000;16;122140;149;426940;48;890124;0;0;4;4000;5;4990;0;0;0;0;5;5040;1;1000;23;272730;88;897761;43;779955;38;719308
27.12.2021 07:00;5;4990;4;4000;25;358785;220;610561;48;957774;1;510;5;4990;5;4990;0;0;0;0;10;10300;1;1000;20;239770;112;1332210;88;1112746;68;470312
27.12.2021 08:00;5;4990;4;4000;27;385145;251;882965;107;1216314;1;320;5;5000;4;3130;0;0;0;0;12;13010;6;6210;37;740842;135;1609724;33;2562970;19;2334370
27.12.2021 09:00;4;4000;5;5000;38;426014;278;1181064;138;1663896;1;580;4;3990;4;4850;0;0;0;0;11;13959;3;3010;49;839121;147;1577452;0;3600000;0;3600000
27.12.2021 10:00;4;3980;4;4000;46;404420;307;1339893;167;1495442;2;1610;4;4000;4;4000;0;0;0;0;28;29568;9;9150;61;838665;147;2077423;0;3600000;0;3600000
27.12.2021 11:00;4;3990;4;4000;62;684722;359;1501268;209;1635217;1;580;4;4000;4;4000;0;0;0;0;37;40281;7;7030;83;1086710;140;2123291;47;2627270;37;2261431
27.12.2021 12:00;4;4000;4;4000;57;358950;363;1269151;185;1647788;3;1820;4;4000;4;3980;0;0;0;0;31;32310;13;13900;84;1170088;167;2178300;106;1704614;91;1095648
27.12.2021 13:00;3;2990;4;4000;62;607006;371;1344399;214;1750871;0;0;4;4000;4;3990;0;0;0;0;26;29600;15;15970;80;1301913;148;2345652;0;3600000;0;3600000
27.12.2021 14:00;4;4000;4;4000;66;580034;417;1534824;208;1716172;2;780;4;4000;4;3990;0;0;0;0;33;37770;12;12380;71;1145298;152;2509781;59;2685300;65;2188839
27.12.2021 15:00;5;5000;4;3990;75;623213;409;1390697;207;1853467;6;4720;4;3990;4;4000;0;0;0;0;30;33480;11;11310;82;1171241;146;2293019;122;2089412;134;1226916
27.12.2021 16:00;4;4000;4;3990;84;736653;433;900932;188;2132031;2;580;4;3990;4;4000;0;0;0;0;31;34890;6;6050;77;1267558;170;2232079;31;3223547;32;3037493
27.12.2021 17:00;4;4000;4;3990;74;766691;378;1247590;165;1792557;2;710;4;3990;4;4000;0;0;0;0;36;38065;13;14380;76;998201;173;2428979;0;3600000;0;3600000
27.12.2021 18:00;4;3980;3;2990;73;575025;341;968217;133;1785468;4;71485;4;4000;4;3990;0;0;0;0;26;28186;14;14070;71;1076351;141;1654769;0;3600000;0;3600000
27.12.2021 19:00;4;3990;4;3990;54;266620;283;816284;120;1424944;2;1810;4;4000;4;3990;0;0;0;0;20;20660;9;9020;52;778740;135;1422453;93;1612839;63;1380779
27.12.2021 20:00;4;4000;5;5000;43;362434;177;766529;88;1040590;0;0;4;3990;4;4000;0;0;0;0;22;25340;5;5370;47;556638;110;1292756;71;1971789;59;1916704
27.12.2021 21:00;4;3990;4;4000;32;292373;154;603950;62;767002;1;1230;4;3980;4;3990;0;0;0;0;12;14980;2;2010;39;499010;127;1024609;19;3016589;17;2987516
27.12.2021 22:00;4;4000;4;4000;33;174664;126;506249;47;549050;2;2970;4;4000;4;4000;0;0;0;0;15;18060;3;3000;30;355640;91;659430;62;706272;70;670673
27.12.2021 23:00;2;2000;2;2000;12;73530;109;339099;39;589023;0;0;2;2000;2;1990;0;0;0;0;4;5410;1;1000;17;238010;90;522525;45;797139;37;801939
28.12.2021 00:00;2;2000;3;3000;4;5840;48;220830;18;329790;1;330;2;2000;3;3000;0;0;0;0;4;5010;0;0;18;212618;47;214545;23;2018329;25;2035729
28.12.2021 01:00;0;0;1;1000;5;56900;37;79580;9;142308;0;0;0;0;1;1000;0;0;0;0;1;1080;0;0;3;66220;32;145690;0;3600000;0;3600000
28.12.2021 02:00;0;0;0;0;2;4470;21;11180;4;42010;0;0;0;0;0;0;0;0;0;0;1;1810;0;0;4;86380;14;61860;0;3600000;0;3600000
28.12.2021 03:00;1;1000;0;0;4;46120;17;29260;5;125900;0;0;1;1000;0;0;0;0;0;0;0;0;0;0;1;5200;17;66432;0;3600000;0;3600000
28.12.2021 04:00;3;3000;2;1990;11;42710;23;13250;13;197568;0;0;3;2990;2;2000;0;0;0;0;0;0;0;0;8;58784;22;97480;1;3352646;1;3352646
28.12.2021 05:00;4;3970;4;3990;9;13330;91;217922;28;398674;0;0;4;4000;4;4000;0;0;0;0;0;0;1;1000;9;86590;68;440798;13;2140970;11;2144440
28.12.2021 06:00;4;3990;5;4990;17;35450;169;476603;33;526380;0;0;4;4000;5;5000;0;0;0;0;2;3020;0;0;15;980464;90;1051676;42;2159437;47;1882663
28.12.2021 07:00;5;5000;5;4990;23;171770;243;780388;66;1003401;1;320;5;5000;5;5000;0;0;0;0;4;5090;2;2010;28;469035;116;1516814;48;1503577;59;1507890
28.12.2021 08:00;5;4990;3;3000;39;363360;267;929841;91;1287343;3;1750;5;5000;3;2990;0;0;0;0;16;16990;1;1000;47;809142;123;1884518;0;3600000;0;3600000
28.12.2021 09:00;4;3980;4;4000;39;328840;317;1083100;157;1686324;2;1230;4;4000;4;3990;0;0;4;4010;23;24290;7;7050;53;717322;119;2149214;0;3600000;0;3600000
28.12.2021 10:00;3;3000;4;4000;44;445330;374;1388470;221;1842492;5;3100;4;3990;5;5000;0;0;0;0;20;20750;14;14330;61;788765;141;2353885;11;3389975;8;3356075
28.12.2021 11:00;5;5000;3;3000;65;600367;387;1436519;226;1900505;5;30240;4;3990;3;3054;0;0;1;500;23;24720;13;13610;66;1136470;138;2352848;0;3600000;0;3600000
28.12.2021 12:00;4;4000;4;4000;78;756741;356;1631709;214;1579980;5;19600;4;3980;4;3990;0;0;0;0;35;40250;7;7020;89;1147194;136;2283494;0;3600000;0;3600000
28.12.2021 13:00;4;4000;5;5000;60;434742;375;1432860;216;1747803;3;1750;4;3990;4;4000;0;0;0;0;26;26480;12;12070;84;1167810;148;2395805;0;3600000;0;3600000
28.12.2021 14:00;4;4000;4;3990;66;595699;435;1444919;218;1678795;6;3940;4;4000;4;4000;0;0;0;0;33;35831;12;12080;73;1212881;132;2777271;0;3600000;0;3600000
28.12.2021 15:00;4;3980;3;3000;73;383433;397;1214690;226;1858452;4;1810;4;3990;3;3000;0;0;0;0;34;37940;7;7030;86;1401157;148;2398872;24;3309300;27;3329790
28.12.2021 16:00;4;4000;4;4000;87;840252;419;1221792;202;2067907;3;2530;4;4000;5;4990;0;0;0;0;33;35270;11;11233;100;1326628;176;2173249;1;3597543;1;3597543
28.12.2021 17:00;3;2990;5;5000;84;837146;435;1189850;180;1775012;1;260;4;4000;4;3990;0;0;0;0;44;49660;17;17630;88;1339452;150;2445939;0;3600000;0;3600000
28.12.2021 18:00;5;4970;4;3340;80;932710;385;1018111;158;1910589;4;4390;4;4000;4;4000;0;0;0;0;35;39058;6;6460;96;1508085;144;1995444;0;3600000;0;3600000
28.12.2021 19:00;4;4000;4;4660;55;684885;285;946178;112;1424752;1;1100;4;3980;4;4000;0;0;0;0;23;24250;3;3210;73;874462;143;1342668;0;3600000;0;3600000
28.12.2021 20:00;4;3990;4;4000;35;157593;179;754647;100;841566;0;0;4;4000;4;3990;0;0;0;0;21;24750;5;5570;41;469338;131;1177410;0;3600000;0;3600000
28.12.2021 21:00;4;4000;4;4000;26;173670;169;732020;71;707848;0;0;4;3990;4;3990;0;0;0;0;12;13400;1;1010;35;341010;108;1004425;0;3600000;0;3600000
28.12.2021 22:00;4;3990;4;3990;25;155660;141;608728;53;702731;0;0;4;3980;4;4000;0;0;0;0;11;13080;2;2250;26;351124;111;924648;5;3329842;8;3348222
28.12.2021 23:00;2;2000;2;2000;16;48130;103;260100;48;683918;0;0;2;2000;2;1990;0;0;0;0;4;4290;1;1000;22;377144;73;465145;0;3600000;0;3600000
29.12.2021 00:00;2;2000;3;3000;14;76020;57;267200;24;322007;0;0;2;2000;3;3000;0;0;0;0;1;1070;0;0;22;293264;49;276780;0;3600000;0;3600000
29.12.2021 01:00;0;0;1;1000;4;35990;27;75042;10;131830;0;0;0;0;1;1000;0;0;0;0;0;0;0;0;4;75543;23;92820;0;3600000;0;3600000
29.12.2021 02:00;0;0;0;0;6;50760;26;37250;9;126320;0;0;0;0;0;0;0;0;0;0;1;1920;1;1000;2;58400;19;73740;0;3600000;0;3600000
29.12.2021 03:00;1;1000;0;0;4;1200;13;41130;3;35310;0;0;1;1000;0;0;0;0;0;0;0;0;0;0;8;87270;10;48480;0;3600000;0;3600000
29.12.2021 04:00;3;3000;2;2000;12;107570;25;50130;8;174043;1;260;3;2980;2;1990;0;0;0;0;0;0;1;1250;8;113860;28;130625;8;1286508;11;1281648
29.12.2021 05:00;4;4000;4;4000;12;12380;87;166595;22;494700;1;260;4;3990;4;3990;0;0;0;0;0;0;2;2010;11;125200;62;444310;42;907780;42;519243
29.12.2021 06:00;4;4000;5;4990;25;246430;172;262710;51;835764;0;0;4;3980;5;5000;0;0;0;0;4;4450;2;2020;25;515576;109;753045;25;2422580;25;2387994
29.12.2021 07:00;5;4990;4;4000;26;282022;235;770755;70;1032980;1;710;5;5000;5;4980;0;0;0;0;8;8590;2;2020;21;439598;113;1435752;0;3600000;0;3600000
29.12.2021 08:00;5;4990;5;5000;27;264160;265;763035;126;1608954;3;1630;5;5000;4;4000;0;0;0;0;8;8780;4;4072;33;663772;118;1792685;0;3600000;0;3600000
29.12.2021 09:00;4;4000;4;3990;45;212020;329;1294917;186;1796315;4;53490;4;3990;4;4000;0;0;0;0;28;31980;6;6490;44;712537;167;2106014;6;3395681;8;3337051
29.12.2021 10:00;4;4000;4;4000;40;363387;341;1364551;201;1737254;3;2140;4;3990;4;3990;0;0;1;1470;29;30890;6;6000;56;854721;146;2311384;42;2713939;40;2559905
29.12.2021 11:00;4;3990;4;4000;59;386760;403;1574882;245;1912267;5;55948;4;4000;4;3990;0;0;0;0;39;44005;6;6460;69;972631;183;2208399;42;2962389;38;2938612
29.12.2021 12:00;4;4000;4;4000;68;461163;406;1496570;227;1958960;5;1820;4;4000;4;4000;0;0;0;0;50;63170;9;9200;74;1115522;149;2645460;0;3600000;0;3600000
29.12.2021 13:00;4;3990;4;3990;66;521297;383;1613152;234;1787328;6;5190;4;3990;4;4000;0;0;0;0;33;38569;7;7340;90;1341217;133;2578474;0;3600000;0;3600000
29.12.2021 14:00;4;4000;3;3000;79;569032;372;1548136;225;1570083;6;32220;4;4000;4;4000;0;0;0;0;40;44210;13;13110;85;1052901;166;2440347;0;3600000;0;3600000
29.12.2021 15:00;4;3990;5;4990;78;901174;421;1114687;208;1912654;1;260;4;4000;4;3990;0;0;0;0;41;45932;8;8490;74;1433996;196;2355118;25;3312755;50;2908843
29.12.2021 16:00;4;4000;3;3000;69;551660;426;1358438;196;2016875;1;650;4;4000;4;3990;0;0;0;0;53;58670;11;11170;91;1248274;194;2212376;0;3600000;0;3600000
29.12.2021 17:00;4;3990;4;4000;81;886236;438;1181714;184;1945288;5;2910;4;4000;3;3000;0;0;0;0;43;47580;13;13050;96;1455733;140;2600863;0;3600000;0;3600000
29.12.2021 18:00;3;3000;5;4980;85;777761;367;857089;146;2026333;0;0;4;4000;5;4990;0;0;0;0;21;24300;6;6020;71;960816;165;1937498;0;3600000;0;3600000
29.12.2021 19:00;5;5000;4;4000;65;572072;280;919993;130;1364770;0;0;4;3990;4;4000;0;0;0;0;22;25800;8;8030;70;992268;145;1658872;0;3600000;0;3600000
29.12.2021 20:00;4;4000;4;3990;30;186636;230;943164;92;930437;1;13140;4;3990;4;4000;0;0;0;0;15;16490;5;5040;42;493403;122;1425001;0;3600000;0;3600000
29.12.2021 21:00;4;4000;4;4000;29;210171;188;728847;74;684008;0;0;4;4000;4;3990;0;0;0;0;7;7230;3;3000;37;403698;109;1216729;0;3600000;0;3600000
29.12.2021 22:00;4;4000;4;4000;22;191260;149;853389;76;744553;2;520;4;4000;4;4000;0;0;0;0;9;9930;4;4010;39;476488;110;1035170;0;3600000;0;3600000
29.12.2021 23:00;2;2000;2;1990;12;186505;112;324578;50;552747;0;0;2;2000;2;2000;0;0;0;0;8;11110;2;2000;23;297665;91;619932;20;1984790;17;1967730
30.12.2021 00:00;2;2000;3;2990;8;29580;64;201963;27;429970;0;0;2;2000;3;3000;0;0;0;0;8;8330;0;0;12;206908;54;272031;33;1376322;28;1406072
30.12.2021 01:00;0;0;1;1000;6;20050;43;79866;15;253344;0;0;0;0;1;990;0;0;0;0;3;3520;0;0;3;35240;34;158380;4;3403830;4;3408230
30.12.2021 02:00;0;0;0;0;1;14760;25;30960;10;183820;0;0;0;0;0;0;0;0;0;0;0;0;1;1000;4;101520;20;81390;4;3460781;4;3460631
30.12.2021 03:00;1;990;0;0;2;2240;21;41520;8;143536;0;0;1;1000;0;0;0;0;0;0;4;4040;1;1100;3;73450;19;79646;9;1321732;11;1335652
30.12.2021 04:00;3;3000;2;1980;6;11465;21;38860;13;174214;1;390;3;3000;2;1990;0;0;0;0;0;0;0;0;7;120510;20;90550;0;3600000;0;3600000
30.12.2021 05:00;4;4000;4;4000;8;76560;70;191814;20;311877;0;0;4;3990;4;4000;0;0;0;0;0;0;3;3280;11;216940;58;369681;6;3354311;4;3349131
30.12.2021 06:00;4;4000;5;5000;18;145825;148;393960;42;716545;0;0;4;3990;5;4990;0;0;0;0;4;4120;0;0;15;251148;92;867469;42;686338;27;650802
30.12.2021 07:00;5;4990;5;4980;21;181057;235;600940;70;1059440;1;46021;5;5000;5;4990;0;0;0;0;7;7060;2;2110;26;258490;135;1358750;21;2752894;15;2727571
30.12.2021 08:00;5;5000;4;4000;24;466922;258;618655;94;1444929;3;80950;5;5000;4;4000;0;0;0;0;15;17755;3;3020;27;619324;143;1323701;32;2875981;27;2566014
30.12.2021 09:00;4;3990;3;2990;40;339185;311;1071144;165;1521290;6;3260;4;4000;4;3990;0;0;0;0;34;36710;7;7090;50;926231;176;1779706;0;3600000;0;3600000
30.12.2021 10:00;4;3990;4;4000;51;528187;367;1399007;212;1657215;3;590;4;3990;4;3990;0;0;0;0;41;59770;3;3130;65;932183;148;2386019;5;3567733;5;3481753
30.12.2021 11:00;4;4000;4;3990;70;492457;385;1536040;256;1988658;7;2580;4;3990;4;4000;0;0;0;0;47;55800;11;11080;84;1216646;158;2565002;104;1838441;111;1356573
30.12.2021 12:00;3;3000;5;4990;60;554519;421;1614252;252;1922565;6;33080;3;3000;4;4000;0;0;0;0;32;34590;12;12070;75;1344629;152;2507967;86;2291384;100;2162804
30.12.2021 13:00;5;5000;4;4000;73;723557;449;1712035;249;2044686;4;1800;5;5000;4;3990;0;0;1;3030;37;38090;9;10490;74;1167625;148;2708213;83;2435033;97;1881129
30.12.2021 14:00;4;4000;4;3990;74;684473;439;1596402;246;2051187;6;34620;4;3990;4;3990;0;0;2;2670;42;49500;10;10820;85;1195322;144;2919728;0;3600000;0;3600000
30.12.2021 15:00;4;4000;3;3000;79;849263;446;1326664;240;2055055;4;1560;4;3990;4;3990;0;0;0;0;46;63490;11;11340;88;1348734;178;2577841;0;3600000;0;3600000
30.12.2021 16:00;4;3990;4;3980;74;580579;428;1299008;207;2180888;5;59650;4;4000;4;3990;0;0;0;0;46;50377;15;15850;100;1318884;175;2523788;0;3600000;0;3600000
30.12.2021 17:00;3;2990;4;3990;83;707174;474;1425427;219;2204049;1;260;4;4000;4;4000;0;0;0;0;60;72400;11;10909;84;1034137;148;2679610;0;3600000;0;3600000
30.12.2021 18:00;5;5000;4;4000;75;632563;437;949343;154;1962422;2;260;4;4000;3;3000;0;0;0;0;37;43370;27;29400;90;1531086;179;2134568;100;2218890;94;1886616
30.12.2021 19:00;3;2990;5;5000;54;673509;309;723159;137;1839662;4;3500;3;3000;5;5000;0;0;0;0;33;34720;11;11140;57;958127;161;1347359;63;2706023;44;2512553
30.12.2021 20:00;5;4990;4;4000;38;183050;242;972404;96;940348;1;1100;5;5000;4;4000;0;0;0;0;18;20370;10;10340;43;618909;132;1178024;0;3600000;0;3600000
30.12.2021 21:00;4;3990;4;4000;29;147111;172;644834;60;483785;0;0;4;3990;4;4000;0;0;0;0;16;18379;4;4040;40;500676;107;899769;18;2907637;20;2897818
30.12.2021 22:00;4;3990;4;4000;20;67730;186;680075;70;915825;0;0;4;4000;4;4000;0;0;0;0;16;18120;3;3000;49;455920;131;996026;71;1104076;60;1108968
30.12.2021 23:00;2;1990;2;2000;13;158530;132;457078;38;468616;0;0;2;2046;2;2000;0;0;0;0;10;10100;4;4040;27;520124;105;547980;45;1300186;46;1366592
31.12.2021 00:00;2;2000;3;3000;15;94742;71;290845;19;215490;1;640;2;2000;3;3000;0;0;0;0;4;4640;6;6080;17;172090;60;396924;0;3600000;0;3600000
31.12.2021 01:00;0;0;1;990;9;120590;40;97170;11;251519;0;0;0;0;1;1000;0;0;0;0;2;2110;2;2010;9;142199;32;148780;4;2857291;4;2858241
31.12.2021 02:00;0;0;0;0;3;20340;30;71562;10;92200;0;0;0;0;0;0;0;0;0;0;1;1680;0;0;5;42810;23;80080;10;1284568;11;1295958
31.12.2021 03:00;2;2000;0;0;3;24210;18;47845;6;85280;0;0;2;1990;0;0;0;0;0;0;0;0;0;0;5;88826;16;44140;5;8420;6;14110
31.12.2021 04:00;2;2000;2;1990;3;19470;21;11760;6;132245;0;0;2;1990;2;2000;0;0;0;0;0;0;0;0;5;50580;21;62490;5;1961918;6;1962908
31.12.2021 05:00;4;4000;4;4000;7;47770;38;322440;13;175560;0;0;4;3990;4;4000;0;0;0;0;4;5540;0;0;9;99480;37;143962;12;1303047;17;1339717
31.12.2021 06:00;4;3990;4;4000;8;45780;71;217650;23;515099;0;0;4;4000;4;3990;0;0;0;0;0;0;1;1000;11;216513;48;275110;3;3564820;3;3564820
31.12.2021 07:00;4;4000;4;4000;17;269270;83;436121;50;980202;1;380;4;3990;4;4000;0;0;0;0;5;5500;2;2010;14;216780;70;511615;0;3600000;0;3600000
31.12.2021 08:00;4;4000;4;4000;32;165380;132;651845;82;1185566;1;320;4;4000;4;4000;0;0;0;0;22;23430;9;9180;26;511136;108;793392;0;3600000;0;3600000
31.12.2021 09:00;4;3980;4;3990;32;282735;249;1078144;145;1435449;5;3420;4;4000;4;4000;0;0;0;0;23;24820;9;9070;39;366010;131;1538347;0;3600000;0;3600000
31.12.2021 10:00;4;4000;4;4000;35;236280;342;1345314;214;1826480;5;1820;4;4000;4;3980;0;0;0;0;39;48060;19;20370;62;861727;171;2182830;0;3600000;0;3600000
31.12.2021 11:00;4;4000;4;4000;58;472967;344;1228896;224;1796037;6;30580;4;4046;4;4000;0;0;0;0;40;42060;14;14470;75;1066667;157;2208472;101;2170966;85;1425866
31.12.2021 12:00;4;4000;4;3990;74;569669;408;1136185;211;2229030;4;3280;4;4000;4;4000;0;0;0;0;55;57660;4;4030;84;1502161;208;2007482;80;2422728;81;2024036
31.12.2021 13:00;4;4000;4;4000;68;568200;413;1196054;181;1932931;2;830;4;4000;4;3990;0;0;0;0;42;45830;13;13800;72;1249218;228;1843958;0;3600000;0;3600000
31.12.2021 14:00;4;4000;4;4000;63;722826;388;1036815;181;1799888;4;990;4;4000;4;4000;0;0;0;0;31;38430;15;16070;66;1105532;230;1504111;0;3600000;0;3600000
31.12.2021 15:00;4;4000;4;3990;34;353436;302;720959;136;1742997;4;105696;4;4000;4;4000;0;0;0;0;25;26980;8;9330;54;788337;190;1289503;0;3600000;0;3600000
31.12.2021 16:00;4;3990;4;3990;29;277880;292;781973;137;1657619;1;260;4;3990;4;4000;0;0;0;0;22;24700;21;21100;42;791276;175;1332208;3;3589608;7;3530148
31.12.2021 17:00;4;3990;4;3980;35;394165;342;1022682;143;1745419;1;260;4;4000;4;4000;0;0;0;0;23;24420;11;11280;43;736540;167;1400730;152;1166037;108;778856
31.12.2021 18:00;4;4000;4;4000;44;420113;350;909933;132;1408660;0;0;4;3990;4;4000;0;0;0;0;20;22370;11;11134;57;804809;184;1446314;156;958601;127;613663
31.12.2021 19:00;4;3990;4;4000;35;347894;255;601314;132;1603269;2;460;4;4000;4;4000;0;0;0;0;21;33830;15;15850;49;814519;148;1005447;90;1418664;90;1301120
31.12.2021 20:00;4;3990;4;4000;29;348337;155;594962;74;864021;0;0;4;4000;4;4000;0;0;0;0;11;11650;5;5120;41;684492;117;712498;52;1744449;41;1709000
31.12.2021 21:00;4;4000;4;4000;16;162890;94;462260;51;723625;2;780;4;4000;4;4054;0;0;0;0;10;10680;2;2010;32;541239;68;368450;0;3600000;0;3600000
31.12.2021 22:00;4;3990;4;4000;20;150326;95;268150;25;333115;1;780;4;4000;4;4000;0;0;0;0;8;8380;2;2010;21;177583;64;338083;0;3600000;0;3600000
31.12.2021 23:00;2;2000;2;2000;8;83040;48;190144;31;463575;0;0;2;1990;2;1990;0;0;0;0;1;1080;4;4020;7;94490;44;159630;0;3600000;0;3600000
01.01.2022 00:00;2;2000;2;2000;9;48499;66;166367;42;513560;2;31560;2;2000;2;2000;0;0;0;0;11;18561;1;1010;9;116089;48;309109;0;3600000;0;3600000
01.01.2022 01:00;2;1990;2;2000;13;117860;125;506779;67;754945;1;130;2;2000;2;2000;0;0;0;0;9;10240;6;6220;23;348834;90;578640;0;3600000;0;3600000
01.01.2022 02:00;2;2000;2;1990;12;158180;136;453785;62;581310;0;0;2;2000;2;2000;0;0;0;0;11;11480;4;4010;20;240248;103;645916;0;3600000;0;3600000
01.01.2022 03:00;2;2000;2;1990;9;26000;89;331966;37;386900;0;0;2;2046;2;1990;0;0;0;0;2;2490;5;5480;16;224740;77;446624;10;2910694;4;2880054
01.01.2022 04:00;2;1980;2;2000;7;95570;66;207860;19;262635;1;710;2;2000;2;2000;0;0;0;0;3;3110;1;1000;5;127270;44;222470;29;906308;26;906176
01.01.2022 05:00;2;2000;2;2000;7;78330;38;106572;19;324820;1;190;2;1990;2;1990;0;0;0;0;1;1010;1;1000;9;98690;31;105140;0;3600000;0;3600000
01.01.2022 06:00;2;2000;2;2000;7;24838;25;102930;14;158646;0;0;2;2000;2;2000;0;0;0;0;2;2020;0;0;11;171610;22;74840;0;3600000;0;3600000
01.01.2022 07:00;2;2000;2;1990;9;71800;24;114960;14;158600;0;0;2;2000;2;1990;0;0;0;0;2;2020;1;1010;6;101452;21;92450;5;2882804;5;2881144
01.01.2022 08:00;2;2000;2;2000;9;39730;31;45430;11;208290;0;0;2;2000;2;1980;0;0;0;0;0;0;1;1010;9;166610;25;79911;15;631899;8;604359
01.01.2022 09:00;4;3990;4;3990;8;57100;55;136400;23;490215;0;0;4;3980;4;4000;0;0;0;0;2;2020;0;0;10;182495;53;149670;30;227194;14;108971
01.01.2022 10:00;4;4000;4;4000;14;143470;85;216070;46;647914;0;0;4;4000;4;3990;0;0;0;0;4;5180;1;1000;19;250034;67;214440;17;2119150;15;2078540
01.01.2022 11:00;4;3990;4;4000;22;146574;148;628619;67;673328;0;0;4;4000;4;3990;0;0;0;0;8;9840;2;2020;28;375544;111;817454;0;3600000;0;3600000
01.01.2022 12:00;4;3980;4;4000;24;139075;179;745272;93;1096705;0;0;4;4000;4;4000;0;0;0;0;4;4170;5;5280;24;340535;138;831498;32;2760574;27;2630454
01.01.2022 13:00;4;3990;4;4000;22;199180;212;718079;107;980201;0;0;4;4000;4;4000;0;0;0;0;26;29840;5;5020;37;438075;146;1238240;0;3600000;0;3600000
01.01.2022 14:00;4;4000;4;3990;34;137360;280;955175;135;1216704;1;260;4;4000;4;4000;0;0;0;0;8;9330;6;6010;40;570062;176;1234872;6;3300704;7;3253489
01.01.2022 15:00;4;3990;4;4000;35;318970;292;805855;136;1165001;1;260;4;3990;4;3990;0;0;0;0;21;21600;21;21660;57;800763;163;1499832;9;3428850;10;3440458
01.01.2022 16:00;4;4000;4;4000;26;255626;297;1032708;137;1261954;0;0;4;3990;4;4000;0;0;0;0;19;20640;8;8060;41;422802;162;1751299;32;2892006;29;2696761
01.01.2022 17:00;4;4000;4;4000;36;418932;262;874332;139;1093962;2;660;4;4000;4;4000;0;0;0;0;25;28900;10;10150;46;881321;157;1431791;3;3584080;3;3584090
01.01.2022 18:00;4;3990;4;3990;27;142534;228;859307;84;863410;2;970;4;4000;4;3980;0;0;0;0;7;7050;1;1000;45;488741;144;1254030;0;3600000;0;3600000
01.01.2022 19:00;4;4000;4;4000;35;242367;168;845897;80;811693;0;0;4;4000;4;4000;0;0;0;0;14;15200;4;4020;44;399097;120;1104732;0;3600000;0;3600000
01.01.2022 20:00;4;3990;4;4000;19;93480;145;493328;63;625718;1;460;4;4000;4;3990;0;0;0;0;14;14900;2;2120;21;359600;112;904075;13;3086124;8;2983624
01.01.2022 21:00;4;4000;4;4000;26;136375;110;468914;43;579928;0;0;4;4000;4;3990;0;0;0;0;6;6050;2;2000;22;331884;101;497380;38;1232806;25;1264946
01.01.2022 22:00;4;3990;4;4000;19;112080;107;269400;40;621056;0;0;4;4000;4;4000;0;0;0;0;4;4770;0;0;23;299073;84;327850;0;3600000;0;3600000
01.01.2022 23:00;2;2000;2;2000;11;29690;57;222108;28;383545;0;0;2;1990;2;2000;0;0;0;0;3;3030;2;2010;8;129030;55;253986;0;3600000;0;3600000
02.01.2022 00:00;2;1990;2;2000;13;26570;35;41320;14;161700;0;0;2;2000;2;2000;0;0;0;0;0;0;2;2010;5;31640;30;109756;0;3600000;0;3600000
02.01.2022 01:00;2;1990;2;1990;13;23110;28;88790;12;267399;0;0;2;2000;2;1990;0;0;1;770;0;0;0;0;7;127520;21;66880;0;3600000;0;3600000
02.01.2022 02:00;2;2000;2;2000;9;880;20;13650;6;54800;0;0;2;2000;2;2000;0;0;0;0;0;0;1;1010;3;27970;14;50150;0;3600000;0;3600000
02.01.2022 03:00;2;2000;2;2000;3;1590;6;3760;2;32860;0;0;2;2000;2;2000;0;0;0;0;0;0;0;0;3;12460;5;27090;0;3600000;0;3600000
02.01.2022 04:00;2;2000;2;1990;9;1360;16;38040;3;42200;0;0;2;2000;2;2000;0;0;0;0;0;0;0;0;4;43150;13;73630;3;2721830;1;2715760
02.01.2022 05:00;2;1990;2;2000;4;1920;19;24700;8;143180;0;0;2;2000;2;2000;0;0;0;0;0;0;0;0;7;108810;14;57040;11;302596;10;309526
02.01.2022 06:00;2;2000;2;2000;5;4230;22;24890;6;100056;0;0;2;2000;2;2000;0;0;0;0;0;0;0;0;6;85706;15;60046;11;1795510;4;1778580
02.01.2022 07:00;2;2000;2;2000;8;77270;40;74020;16;218249;0;0;2;1990;2;2000;0;0;0;0;3;4034;0;0;7;100120;31;111720;0;3600000;0;3600000
02.01.2022 08:00;2;2000;2;2000;13;119020;61;174110;35;406433;0;0;2;2000;2;2000;0;0;0;0;4;4060;0;0;9;143730;63;307684;24;1387379;8;1276329
02.01.2022 09:00;4;3990;4;3990;18;14990;106;346658;57;725978;0;0;4;4000;4;4000;0;0;0;0;5;5930;2;2000;16;223825;89;444094;56;568348;26;298860
02.01.2022 10:00;4;3990;4;3990;14;121570;190;636674;83;997630;0;0;4;4000;4;3990;0;0;0;0;8;9430;8;8630;20;250565;124;1045945;28;2372545;17;2306285
02.01.2022 11:00;4;4000;4;3990;32;247529;218;763252;110;950407;1;31390;4;4000;4;4000;0;0;0;0;7;8540;2;2010;38;601604;161;1124589;0;3600000;0;3600000
02.01.2022 12:00;4;4000;4;4000;24;188003;251;848868;122;1079294;2;780;4;4000;4;3990;0;0;0;0;9;9370;5;5010;36;466812;161;1259885;0;3600000;0;3600000
02.01.2022 13:00;4;4000;4;3990;20;104050;305;861582;121;1182113;4;1300;4;4000;4;4000;0;0;0;0;16;17190;7;7250;46;441195;162;1687539;0;3600000;0;3600000
02.01.2022 14:00;4;4000;4;3990;39;335822;322;1181423;158;1325597;2;1940;4;4000;4;3990;0;0;0;0;26;27850;5;5030;48;737354;174;1675043;0;3600000;0;3600000
02.01.2022 15:00;4;3990;4;4000;49;289135;304;1025284;175;1296081;2;840;4;4000;4;4000;0;0;0;0;28;33905;22;23470;49;465920;161;1786269;0;3600000;0;3600000
02.01.2022 16:00;4;3990;4;3990;35;195950;359;1205224;137;1195723;3;2470;4;3990;4;4000;0;0;0;0;19;20100;9;9050;52;632434;148;2050424;0;3600000;0;3600000
02.01.2022 17:00;4;3990;4;3990;39;368866;362;1120244;144;1172344;2;710;4;4000;4;3990;0;0;0;0;12;12880;10;10030;54;530626;164;2115229;0;3600000;0;3600000
02.01.2022 18:00;4;4000;4;4000;39;188600;285;1021133;110;1028122;5;68850;4;4000;4;3990;0;0;0;0;9;9080;8;8740;55;573849;143;1486028;90;1569449;79;1293302
02.01.2022 19:00;4;4000;4;3990;29;137510;218;957448;95;810644;1;510;4;3980;4;4000;0;0;0;0;18;19060;2;2000;42;505913;142;1217955;108;574970;76;298730
02.01.2022 20:00;4;4000;4;3990;33;192004;171;723480;73;697016;0;0;4;4000;4;3990;0;0;0;0;21;23660;13;13180;40;405570;127;882657;98;575890;58;365860
02.01.2022 21:00;4;4000;4;4000;28;203910;136;747369;62;581804;1;260;4;4000;4;3990;0;0;0;0;9;10760;5;5310;34;431750;105;636660;87;351498;47;160500
02.01.2022 22:00;4;3990;4;4000;16;117977;92;387050;39;563092;1;10030;4;4000;4;3980;0;0;0;0;2;2050;1;1000;21;230390;77;348487;47;388575;29;333413
02.01.2022 23:00;2;1990;2;2000;11;86170;44;207910;29;420580;0;0;2;2000;2;1990;0;0;0;0;3;3610;1;1000;14;161190;39;144480;36;240434;26;81505
03.01.2022 00:00;2;2000;3;3000;7;58050;41;87110;15;163057;0;0;2;1990;3;3000;0;0;0;0;0;0;0;0;12;152833;34;163920;17;54800;15;48960
03.01.2022 01:00;0;0;1;1000;2;17530;18;20673;7;66330;0;0;0;0;1;1000;0;0;0;0;0;0;0;0;8;32820;18;79050;2;6890;2;10700
03.01.2022 02:00;0;0;0;0;0;0;14;8480;6;135310;1;840;0;0;0;0;0;0;0;0;0;0;0;0;3;20950;13;50670;9;37812;8;27710
03.01.2022 03:00;1;1000;0;0;1;3670;12;21050;3;113070;0;0;1;1000;0;0;0;0;0;0;0;0;0;0;2;23384;11;39161;11;653789;10;651824
03.01.2022 04:00;3;2990;2;1990;10;55460;22;13955;7;104180;0;0;3;3000;2;2000;0;0;0;0;0;0;0;0;8;74720;23;93380;0;3600000;0;3600000
03.01.2022 05:00;4;4000;4;4000;8;57716;139;382515;38;454146;1;10290;4;4000;4;4000;0;0;0;0;1;1010;1;1010;13;82820;86;773197;0;3600000;0;3600000
03.01.2022 06:00;4;3980;5;4990;23;246820;282;752894;59;883598;1;710;4;4000;5;5000;0;0;0;0;7;9850;1;1000;30;537899;121;1533101;0;3600000;0;3600000
03.01.2022 07:00;5;4990;5;4990;33;340804;407;1083497;106;1369331;6;30100;5;5000;5;4990;0;0;0;0;15;17850;4;4040;33;630938;113;2635501;91;1283889;73;1152980
03.01.2022 08:00;5;5059;4;3990;51;485250;390;1153060;164;1833642;2;1360;5;4990;4;4000;0;0;0;0;23;24870;10;10260;61;596089;147;2449184;82;1318402;78;569419
03.01.2022 09:00;3;2990;3;3000;48;575914;353;1184993;162;1842425;0;0;4;4000;4;3990;0;0;1;580;21;24752;8;8050;58;1165379;187;2054145;35;2804630;23;2582270
03.01.2022 10:00;5;4990;4;4000;44;407388;328;1281386;204;1553376;2;590;4;4000;4;4000;0;0;0;0;35;37030;17;18330;63;859211;128;2089152;0;3600000;0;3600000
03.01.2022 11:00;3;3000;5;5000;66;412598;336;1512043;227;1629879;4;1800;4;4000;4;4000;0;0;0;0;32;38520;13;13070;77;991965;147;2338759;29;3142914;18;3029034
03.01.2022 12:00;4;4000;4;4000;71;645170;328;1294954;181;1754540;0;0;4;3990;4;4000;0;0;0;0;45;50750;14;14300;71;1005366;139;2125994;105;1490577;110;955723
03.01.2022 13:00;4;3990;4;4000;76;514040;335;1298083;206;1516133;2;1750;4;3990;4;3990;0;0;0;0;27;29910;3;3020;83;1265697;153;2146245;136;1597031;104;1096015
03.01.2022 14:00;4;3980;3;3000;63;490430;320;1508471;213;1672598;3;1290;3;3000;4;4000;0;0;0;0;36;41910;16;16080;79;1101527;139;2182027;122;1637100;118;970123
03.01.2022 15:00;5;5000;5;5000;74;702334;388;1440613;209;1901150;3;7670;5;5000;4;3980;0;0;0;0;55;64500;15;15250;82;1115831;163;2330929;120;2220336;137;1072651
03.01.2022 16:00;2;2000;4;3990;103;668920;449;1332300;202;2162091;3;1040;2;1990;4;4000;0;0;0;0;52;63050;25;28530;93;1309645;176;2403140;143;2261036;153;1655955
03.01.2022 17:00;6;5990;5;5000;71;446847;435;1367414;173;1828706;4;1360;6;6000;5;4980;0;0;0;0;27;29970;12;12780;88;1217556;106;2599859;153;1706368;117;1233013
03.01.2022 18:00;4;4000;4;4000;70;516982;341;821716;147;1832627;3;1300;4;4000;4;4000;0;0;0;0;36;39083;11;11150;85;1177757;163;1614387;136;1611980;116;809213
03.01.2022 19:00;4;3990;4;3320;53;497110;264;638026;94;1472878;0;0;4;4000;4;4000;0;0;0;0;26;27340;12;12480;61;865058;163;1257047;102;1442588;91;1131805
03.01.2022 20:00;4;3990;4;4680;29;308869;169;857916;89;914429;1;770;4;4000;4;4000;0;0;0;0;34;38770;4;4020;56;650796;127;1148246;82;779497;64;688990
03.01.2022 21:00;4;3990;4;4000;22;113300;139;690433;43;571591;0;0;4;3990;4;4000;0;0;0;0;19;23560;2;2000;29;483173;111;703619;8;3287090;6;3280250
03.01.2022 22:00;4;3990;4;4000;14;18930;127;512320;50;558345;1;190;4;4000;4;4000;0;0;0;0;7;9304;5;5130;37;409795;100;706611;0;3600000;0;3600000
03.01.2022 23:00;2;1990;2;2000;11;127127;103;274460;24;265312;0;0;2;2000;2;2000;0;0;0;0;7;7360;2;2010;12;150780;70;407270;0;3600000;0;3600000
04.01.2022 00:00;2;2000;3;3000;8;116256;45;116180;24;281386;0;0;2;2000;3;3000;0;0;0;0;0;0;1;1010;8;84080;38;166680;0;3600000;0;3600000
04.01.2022 01:00;0;0;1;1000;2;48110;27;30720;14;273955;0;0;0;0;1;1000;0;0;0;0;0;0;0;0;2;43000;22;95473;3;3443984;2;3442784
04.01.2022 02:00;0;0;0;0;0;0;10;38110;4;59284;1;1170;0;0;0;0;0;0;0;0;0;0;1;1010;5;61990;10;75980;5;20410;9;36580
04.01.2022 03:00;1;1000;0;0;2;1920;13;8100;4;67520;0;0;1;1000;0;0;0;0;0;0;0;0;0;0;1;4310;12;55058;3;8560;6;37390
04.01.2022 04:00;3;3000;2;1990;9;82870;29;53860;6;86300;0;0;3;2990;2;2000;0;0;0;0;0;0;0;0;8;72980;26;122320;19;70930;18;71020
04.01.2022 05:00;4;3980;4;4000;10;21180;132;271785;42;529036;0;0;4;4000;4;4000;0;0;0;0;0;0;2;2150;15;129910;88;606675;36;191365;35;195240
04.01.2022 06:00;4;3990;5;5000;20;157925;292;661513;66;962861;3;41190;4;3990;5;5000;0;0;0;0;20;28260;3;3010;24;511028;125;1447985;83;536783;75;497770
04.01.2022 07:00;5;5000;5;5000;34;579136;384;788692;120;1635430;6;4150;5;4970;5;5000;0;0;0;0;9;10190;5;5040;47;843054;137;2178455;53;2269740;35;2025110
04.01.2022 08:00;5;4990;4;3990;52;496690;418;1291363;186;1751259;1;520;5;4990;4;4000;0;0;0;0;21;22230;18;19480;64;867141;130;2556235;0;3600000;0;3600000
04.01.2022 09:00;3;3000;4;3990;44;461580;412;1333622;187;1965237;9;82120;4;4000;4;3990;0;0;0;0;16;16250;9;9070;50;842805;129;2427276;0;3600000;0;3600000
04.01.2022 10:00;5;5000;4;4000;58;572378;333;1483070;206;1690504;5;2540;4;3990;4;4000;0;0;0;0;26;26960;9;9060;70;1005533;113;2461663;0;3600000;0;3600000
04.01.2022 11:00;3;3000;3;3000;52;414275;330;1378981;220;1763215;7;39540;4;3990;4;4000;0;0;0;0;21;22174;3;3010;87;1065897;120;2268386;0;3600000;0;3600000
04.01.2022 12:00;5;4990;4;4000;74;613616;308;1521673;202;1489679;3;840;4;3990;3;3000;0;0;0;0;29;30550;7;7090;80;1332509;135;2055034;0;3600000;0;3600000
04.01.2022 13:00;3;2990;4;3990;61;499360;331;1409992;196;1704806;2;640;4;4000;5;4990;0;0;0;0;19;24975;7;7050;77;1202135;138;2144764;32;3029214;38;2702688
04.01.2022 14:00;4;3990;4;4000;75;618303;333;1246848;206;1906102;7;3230;4;4000;3;3000;0;0;0;0;31;34990;9;9550;76;1105600;131;2140243;50;2990574;40;2443864
04.01.2022 15:00;4;3990;4;3990;83;647594;408;1437679;217;2273771;2;970;4;3980;4;3990;0;0;0;0;35;40030;13;14190;79;1274399;149;2378636;71;2698806;80;1640003
04.01.2022 16:00;5;4990;5;4990;80;902600;471;1174105;194;2431301;0;0;4;4000;5;5000;0;0;0;0;44;47880;16;16850;73;1319569;146;2493198;81;2749159;100;2150205
04.01.2022 17:00;3;3000;4;4000;93;757363;455;1358155;211;2032765;1;130;3;2990;4;4000;0;0;0;0;47;51980;17;17250;93;1198251;143;2861499;0;3600000;0;3600000
04.01.2022 18:00;5;5000;3;3000;67;656857;373;1175302;138;1464025;2;970;5;5000;4;3990;0;0;0;0;39;43130;9;9050;67;1221299;148;2125392;0;3600000;0;3600000
04.01.2022 19:00;4;4000;5;5000;70;587528;272;983616;142;1417771;3;37110;4;4000;4;4000;0;0;0;0;24;28100;12;12220;72;1070508;143;1729323;0;3600000;0;3600000
04.01.2022 20:00;4;4000;4;4000;34;174533;197;994440;82;971409;1;1290;4;4000;4;4000;0;0;0;0;12;12260;4;4010;42;519273;118;1182989;0;3600000;0;3600000
04.01.2022 21:00;4;3990;4;3990;31;67790;150;621753;60;695241;0;0;4;4000;4;4000;0;0;0;0;10;10940;4;4030;33;329667;116;1068954;0;3600000;0;3600000
04.01.2022 22:00;4;3980;4;4000;24;138000;159;526903;49;570210;0;0;4;4000;4;3990;0;0;0;0;6;6430;1;1000;24;238960;120;1014277;0;3600000;0;3600000
04.01.2022 23:00;2;2000;2;2000;17;132990;71;277890;29;418629;0;0;2;2000;2;2000;0;0;0;0;6;6050;3;3010;22;297944;54;348291;7;2791836;15;2842366
05.01.2022 00:00;2;1980;3;2990;14;143590;40;102955;18;195045;0;0;2;2000;3;3000;0;0;0;0;1;1070;0;0;7;68850;34;174400;25;198150;25;196150
05.01.2022 01:00;0;0;1;1000;1;23030;18;11810;5;60830;0;0;0;0;1;1000;0;0;0;0;0;0;0;0;4;150065;14;67660;15;501102;14;535382
05.01.2022 02:00;0;0;0;0;0;0;14;7990;10;180080;0;0;0;0;0;0;0;0;0;0;0;0;0;0;0;0;14;58653;11;589612;16;604492
05.01.2022 03:00;1;1000;0;0;2;640;14;14920;3;72330;0;0;1;990;0;0;0;0;0;0;0;0;0;0;6;65090;11;64990;10;227730;12;250210
05.01.2022 04:00;3;2990;2;2000;12;29210;26;83000;7;127070;1;390;3;2990;2;2000;0;0;0;0;0;0;1;1010;6;74530;28;137506;14;286824;16;316960
05.01.2022 05:00;4;4000;4;4000;12;66160;127;389378;35;501204;1;190;4;3980;4;3990;0;0;0;0;1;1000;3;3160;18;197030;84;648437;36;495856;34;387398
05.01.2022 06:00;4;4000;5;5000;17;231743;297;651921;68;838868;3;5230;4;4000;5;4980;0;0;0;0;9;9970;6;6020;22;394240;133;1573565;79;473182;48;372885
05.01.2022 07:00;5;4980;5;5000;36;335255;405;1105845;131;1598015;5;28820;5;4990;5;5000;0;0;0;0;18;20640;5;5010;35;269260;133;2360828;100;959946;55;545427
05.01.2022 08:00;6;6000;3;2990;53;438374;382;873135;169;1816698;4;3100;6;5980;3;3000;0;0;0;0;20;21540;11;11610;53;729156;190;2089084;86;1326852;81;628845
05.01.2022 09:00;4;3980;5;5000;59;518482;374;972129;184;1514080;7;50130;4;4000;5;4990;0;0;0;0;30;32380;14;14080;61;878120;205;1929657;101;1503319;95;800664
05.01.2022 10:00;4;4000;4;3990;50;305062;364;1326692;210;1725512;1;260;4;4000;5;5000;0;0;0;0;39;41080;9;9060;56;776620;160;2238911;31;3048662;24;2884604
05.01.2022 11:00;4;4000;4;3990;68;426125;385;1199666;192;1655191;5;3600;4;3990;3;3000;0;0;0;0;26;26049;13;13190;80;1063932;153;2315925;0;3600000;0;3600000
05.01.2022 12:00;4;3980;5;5055;64;455357;373;1434672;218;1527488;0;0;4;4000;5;4990;0;0;0;0;35;37720;14;14980;85;1315257;146;2404790;0;3600000;0;3600000
05.01.2022 13:00;4;4000;3;3000;58;589154;335;1477438;210;1542449;5;1930;4;4000;4;3990;0;0;0;0;25;26520;15;16040;85;1374910;149;2284705;0;3600000;0;3600000
05.01.2022 14:00;3;3000;5;4990;64;396748;389;1195286;192;1628798;4;3800;4;4000;4;4000;0;0;0;0;35;42430;13;13360;74;1064711;151;2398605;0;3600000;0;3600000
05.01.2022 15:00;5;4990;4;4000;72;550485;386;1283735;226;1876584;1;580;4;3990;4;3990;0;0;1;390;41;43090;12;12150;86;1422558;193;2171022;76;2656578;83;1953635
05.01.2022 16:00;4;4000;4;3110;73;554651;451;1295933;218;2123334;4;1230;4;4000;4;3990;0;0;0;0;41;43718;15;15300;92;1393283;205;2367842;125;2262025;154;1355398
05.01.2022 17:00;4;4000;4;4890;76;856165;468;1255800;193;1935497;3;2970;4;4000;4;3990;0;0;0;0;45;55520;12;12260;79;1409209;166;2325279;176;1751040;165;1144916
05.01.2022 18:00;4;4000;4;4000;58;548298;377;874400;172;2032733;5;70650;4;4000;4;4000;0;0;0;0;36;42357;12;12050;70;1259881;159;1867207;171;1576104;154;875404
05.01.2022 19:00;4;3990;4;4000;51;531095;295;944919;122;1559567;0;0;4;4000;4;4000;0;0;0;0;32;46930;9;9040;68;1084924;152;1148678;159;835469;96;463347
05.01.2022 20:00;4;3980;4;3990;44;369670;197;779875;93;868029;0;0;4;4000;4;3990;0;0;0;0;16;18270;5;5020;49;915169;134;1019778;118;514922;74;234216
05.01.2022 21:00;4;3990;4;4000;24;146180;171;765360;60;685718;1;260;4;4056;4;4000;0;0;0;0;6;6040;4;4410;23;291633;116;940457;85;228669;57;261344
05.01.2022 22:00;4;4000;4;4000;22;273410;139;567602;64;649914;1;910;4;4000;4;4000;0;0;0;0;8;9080;3;3180;30;476221;107;703478;12;3277590;4;3243830
05.01.2022 23:00;2;2000;2;2000;9;40340;75;334590;39;385146;0;0;2;2000;2;2000;0;0;0;0;2;2890;3;3170;22;280330;61;321179;0;3600000;0;3600000
06.01.2022 00:00;2;1990;3;2990;6;30650;36;30170;8;153998;0;0;2;2000;3;3000;0;0;0;0;1;1010;1;1000;5;110660;31;114180;3;3316706;2;3312806
06.01.2022 01:00;0;0;1;1000;1;1440;25;48410;6;123053;0;0;0;0;1;1000;0;0;0;0;0;0;0;0;7;57870;21;117717;16;28130;7;35270
06.01.2022 02:00;0;0;0;0;1;880;17;51266;7;188450;0;0;0;0;0;0;0;0;0;0;0;0;0;0;2;34700;13;79220;7;2725504;7;2723914
06.01.2022 03:00;1;1000;0;0;4;2870;19;59381;7;145074;1;26360;1;1000;0;0;0;0;0;0;0;0;0;0;7;38310;16;72240;0;3600000;0;3600000
06.01.2022 04:00;3;3000;2;2000;7;24190;33;25070;12;229207;1;580;3;2990;2;2000;0;0;0;0;0;0;0;0;7;76720;27;123990;0;3600000;0;3600000
06.01.2022 05:00;4;4000;4;4000;9;69880;129;415433;30;390132;1;520;4;4000;4;4000;0;0;0;0;3;3310;2;2010;11;140611;85;695203;0;3600000;0;3600000
06.01.2022 06:00;4;4000;5;5000;21;278150;301;547256;79;1154443;1;130;4;3980;5;4990;0;0;0;0;4;4040;5;5030;20;429232;129;1452291;0;3600000;0;3600000
06.01.2022 07:00;5;5000;5;5000;30;198143;412;944845;127;1576049;4;1230;5;5000;5;4990;0;0;0;0;16;16570;2;2020;37;545285;142;2107558;0;3600000;0;3600000
06.01.2022 08:00;5;4990;4;3990;44;538388;428;861132;175;2077423;1;2200;5;5000;4;4000;0;0;0;0;23;23870;11;12500;47;1133347;182;1973020;38;2668791;39;2365290
06.01.2022 09:00;4;3980;3;3000;59;654683;385;1149278;202;1859382;6;3240;4;4000;3;3000;0;0;0;0;26;29120;10;10260;60;1060808;200;1980238;97;1612570;81;799575
06.01.2022 10:00;4;4000;4;4000;69;519855;408;1643483;198;1602238;2;390;4;3990;5;4990;0;0;0;0;31;35220;13;13240;70;1005924;125;2656111;102;1762210;117;906062
06.01.2022 11:00;3;3000;5;4980;77;718242;391;1530138;208;1711033;8;72790;4;4000;4;4000;0;0;0;0;39;41770;16;16800;89;1177745;160;2422588;104;2290250;100;1454814
06.01.2022 12:00;5;5000;4;4000;73;828797;361;1479443;226;1705046;1;450;4;4000;4;3990;0;0;0;0;42;46480;14;14240;76;1193070;148;2451831;132;1690477;129;1016007
06.01.2022 13:00;3;3000;4;4000;78;481663;417;1365822;203;1614197;1;53410;3;3000;4;3980;0;0;0;0;33;35924;17;17300;87;1350119;166;2545907;111;1528433;143;1037707
06.01.2022 14:00;5;4990;3;3000;113;715078;378;1359741;216;1868677;2;1620;5;4980;3;3000;0;0;0;0;39;42360;20;20060;112;1457101;178;2253097;122;2037232;160;1344849
06.01.2022 15:00;4;3990;5;5000;106;775618;459;1467152;268;2264507;5;2350;4;3990;5;4990;0;0;0;0;45;61839;24;25850;105;1489823;187;2671666;70;2931627;78;2442360
06.01.2022 16:00;4;4000;3;3000;127;1044033;467;1403987;214;2263766;4;1690;4;4000;4;4000;0;0;0;0;47;54110;11;11080;91;1363192;205;2364555;0;3600000;0;3600000
06.01.2022 17:00;4;3990;5;5000;91;564617;479;1441552;222;2155030;8;3030;4;4000;4;3990;0;0;0;0;35;40580;16;16410;103;1331347;146;2648800;0;3600000;0;3600000
06.01.2022 18:00;4;4000;3;2990;87;572820;421;1291692;167;1614090;3;2400;4;3990;4;4000;0;0;0;0;44;46269;12;12440;92;1108033;156;2181839;0;3600000;0;3600000
06.01.2022 19:00;4;4000;4;4000;56;594099;320;918328;129;1518130;3;3560;4;4000;4;4000;0;0;0;0;32;32430;11;12200;69;738044;149;1439658;0;3600000;0;3600000
06.01.2022 20:00;4;3980;5;5000;40;322729;209;1023173;112;1008805;0;0;4;4000;4;3990;0;0;0;0;16;19663;6;6020;54;558572;153;1158880;45;2162023;25;2071198
06.01.2022 21:00;4;3990;4;4000;29;236087;154;620532;64;608893;1;320;4;3990;4;3990;0;0;0;0;12;13290;5;5020;41;517146;123;940062;90;305650;61;231809
06.01.2022 22:00;4;3990;4;4000;20;102230;138;533811;60;604313;0;0;4;4000;4;4000;0;0;0;0;10;10510;3;3010;24;255651;112;668470;71;431594;57;384544
06.01.2022 23:00;2;2000;2;2000;12;127013;87;282310;40;466057;2;450;2;2000;2;2000;0;0;0;0;3;3280;4;4030;17;153090;82;371585;48;109340;41;144580
07.01.2022 00:00;2;2000;3;3000;10;146999;44;177870;19;290740;1;20560;2;2000;3;3000;0;0;0;0;3;3320;0;0;8;181630;34;194940;18;492829;17;490019
07.01.2022 01:00;0;0;1;1000;2;17260;23;21110;11;172559;1;380;0;0;1;1000;0;0;0;0;1;1000;2;2010;5;84000;23;109230;10;665228;10;680500
07.01.2022 02:00;0;0;0;0;2;40780;16;31440;7;199313;1;25440;0;0;0;0;0;0;0;0;0;0;0;0;3;40030;13;57190;2;5670;3;12230
07.01.2022 03:00;1;1000;0;0;2;2620;17;41850;3;75990;0;0;1;1000;0;0;0;0;0;0;0;0;0;0;2;45140;17;59023;7;10930;2;5440
07.01.2022 04:00;3;2990;2;2000;6;48424;33;103156;9;146221;3;16800;3;3000;2;2000;0;0;0;0;0;0;1;1600;7;111761;29;156340;13;40560;12;26910
07.01.2022 05:00;4;4000;4;4000;12;65150;126;409320;24;217950;0;0;4;3990;4;4000;0;0;0;0;0;0;1;1010;14;175100;99;691207;39;144240;18;55850
07.01.2022 06:00;4;4000;5;4990;20;295914;270;787303;77;1117429;1;450;4;3990;5;5000;0;0;0;0;6;6420;4;4020;30;595970;121;1356448;79;424760;50;186060
07.01.2022 07:00;5;4990;5;5000;28;427006;363;850337;122;1545362;4;1170;5;5000;5;5000;0;0;0;0;10;10118;5;5470;42;597761;167;1830981;105;1029962;72;589896
07.01.2022 08:00;5;5000;3;2990;58;851125;356;939557;162;1629070;2;700;5;5000;4;3990;0;0;0;0;23;27570;10;10310;49;736145;173;2131738;85;1421958;82;710916
07.01.2022 09:00;4;4000;4;4000;50;373828;383;1357513;184;1932594;7;34860;4;3990;4;4000;0;0;0;0;25;27570;10;10140;62;1192855;159;2259473;10;3397980;8;3318260
07.01.2022 10:00;4;3990;5;5000;63;540420;347;1547866;216;1672567;4;2250;4;4000;4;4000;0;0;0;0;30;34630;7;7670;73;1021237;125;2522184;0;3600000;0;3600000
07.01.2022 11:00;3;2990;4;3980;56;669073;338;1592058;207;1626504;9;38310;3;3000;4;4000;0;0;0;0;33;36560;8;8020;67;729383;130;2317714;0;3600000;0;3600000
07.01.2022 12:00;5;5000;3;3000;68;635739;381;1210072;216;1980238;3;1350;5;5000;3;2990;0;0;0;0;36;37374;9;9030;88;1410919;197;1955259;0;3600000;0;3600000
07.01.2022 13:00;4;3990;5;4980;68;779045;444;1279973;224;2127970;5;2060;4;4000;5;4990;0;0;0;0;37;38710;7;7250;80;1569776;223;2216828;0;3600000;0;3600000
07.01.2022 14:00;4;3980;3;2990;79;946641;454;1185823;205;1982274;3;1170;4;3990;4;3990;0;0;0;0;36;40040;12;12060;81;1116555;214;2027054;4;3569313;16;3389542
07.01.2022 15:00;3;3000;5;5000;68;590886;454;1250318;226;2134373;3;1030;3;2990;4;4000;0;0;0;0;34;39810;13;14590;83;1371350;241;2187697;0;3600000;0;3600000
07.01.2022 16:00;4;3990;3;3000;75;658284;424;1330330;199;1964806;3;2510;4;4000;4;4000;0;0;0;0;32;34970;19;20340;64;891464;163;2191215;0;3600000;0;3600000
07.01.2022 17:00;5;5000;5;5000;82;620767;427;1272755;191;1866770;3;1680;5;5000;4;3990;0;0;0;0;31;33030;12;12050;89;1144626;125;2631893;0;3600000;0;3600000
07.01.2022 18:00;4;4000;4;4000;67;569556;388;1256939;157;1729393;3;910;4;4053;4;3990;0;0;0;0;39;42780;6;6010;93;1143792;160;2153436;72;2611602;60;2452814
07.01.2022 19:00;4;4000;3;3000;57;618064;329;931205;118;1621470;2;1040;4;3990;4;4000;0;0;0;0;28;32610;8;8040;66;1080941;148;1778436;113;951760;90;783153
07.01.2022 20:00;4;3990;5;5000;31;353055;230;1015043;104;1107906;1;580;4;4000;4;4000;0;0;0;0;30;33320;9;9040;44;695697;109;1628098;87;1156812;80;997622
07.01.2022 21:00;4;4000;4;4000;26;190398;196;553362;71;793303;0;0;4;4000;4;3990;0;0;0;0;20;23150;5;5020;41;508484;113;1078391;0;3600000;0;3600000
07.01.2022 22:00;4;3990;4;3980;28;210283;178;742904;67;740879;0;0;4;3990;4;4000;0;0;0;0;10;12584;2;2160;39;448786;142;931468;0;3600000;0;3600000
07.01.2022 23:00;2;2000;2;2000;19;95170;113;424540;45;393120;0;0;2;1980;2;2000;0;0;0;0;9;9400;6;6030;30;383900;100;582880;0;3600000;0;3600000
08.01.2022 00:00;2;2000;2;2000;10;157086;71;336235;33;439410;0;0;2;2000;2;2000;0;0;0;0;4;4480;3;3300;14;153733;69;404980;23;996346;27;1025630
08.01.2022 01:00;2;2000;2;1990;13;82366;59;163157;19;335316;0;0;2;2000;2;2000;0;0;0;0;3;3300;0;0;10;107884;49;315665;33;161078;34;176858
08.01.2022 02:00;2;2000;2;2000;4;4540;30;76865;10;176753;0;0;2;2000;2;2000;0;0;0;0;2;2020;1;1010;4;13510;22;94960;18;60990;22;115334
08.01.2022 03:00;2;2000;2;2000;4;39574;23;12820;7;97493;0;0;2;1990;2;2000;0;0;0;0;0;0;1;1060;2;10050;12;47000;12;54860;17;83560
08.01.2022 04:00;2;2000;2;2000;8;56585;20;58060;8;112500;1;380;2;2000;2;2000;0;0;0;0;0;0;1;1000;7;36229;18;47580;10;27780;15;37830
08.01.2022 05:00;4;4000;4;4000;5;6130;60;266610;17;280103;0;0;4;3990;4;3990;0;0;0;0;1;1200;2;2060;8;675399;47;298685;29;104295;25;71395
08.01.2022 06:00;4;3980;4;4000;10;46130;67;345173;16;250368;1;130;4;3990;4;4000;0;0;0;0;6;7210;1;1010;5;800126;58;326838;39;280517;36;147700
08.01.2022 07:00;4;4000;4;4000;11;100770;83;282370;46;600824;0;0;4;4000;4;4045;0;0;0;0;4;4120;2;2010;12;168450;56;438440;48;263540;41;189030
08.01.2022 08:00;3;3000;3;3000;10;55160;152;508900;86;861747;0;0;3;3000;3;3000;0;0;0;0;12;12230;9;9060;19;302220;88;726538;60;536341;33;206855
08.01.2022 09:00;4;3990;4;4000;29;164370;280;1146681;132;1258565;2;1040;4;4000;4;4000;0;0;0;0;24;25350;7;7060;31;485670;151;1529328;78;1324587;74;905678
08.01.2022 10:00;4;4000;4;4000;26;244757;313;1263205;171;1506617;0;0;4;3990;4;4000;0;0;0;0;41;43370;9;9050;45;711817;159;1613354;11;3402296;9;3294700
08.01.2022 11:00;4;4000;4;3990;44;457415;352;1431377;197;1610681;1;780;4;4000;4;4000;0;0;0;0;31;33820;9;9200;89;895679;154;1988317;0;3600000;0;3600000
08.01.2022 12:00;4;4000;4;3990;61;492843;381;1662790;192;1751448;4;1610;4;3990;4;4000;0;0;0;0;44;49410;12;12040;81;1136114;146;2221149;59;2466272;57;2236284
08.01.2022 13:00;4;4000;4;4000;50;440374;395;1187663;187;1676514;1;380;4;3990;4;3980;0;0;0;0;37;38100;9;9360;78;1157461;175;2138410;89;1906060;100;1213744
08.01.2022 14:00;4;3990;4;4000;67;574980;397;1314127;172;1614300;3;1160;4;4000;4;3990;0;0;0;0;39;40350;12;12080;72;1124220;141;2323909;129;1672867;135;954460
08.01.2022 15:00;4;4000;4;4000;58;380795;363;1433410;189;1494147;2;640;4;3970;4;4000;0;0;0;0;34;36160;21;21850;73;1089392;173;2221201;126;1550474;107;921250
08.01.2022 16:00;4;3980;4;4000;72;737925;342;1298208;160;1637621;2;1170;4;4000;4;3990;0;0;0;0;40;45470;11;11320;74;1062323;157;2073241;65;2421386;56;2127985
08.01.2022 17:00;4;4000;4;4000;70;506333;355;1486533;136;1321119;0;0;4;3990;4;3990;0;0;0;0;49;63300;17;17300;75;940395;111;2580881;0;3600000;0;3600000
08.01.2022 18:00;4;4000;4;3990;73;766562;346;1380075;167;1720357;2;780;4;4000;4;3990;0;0;0;0;28;56000;18;18430;78;1134202;115;2447466;0;3600000;0;3600000
08.01.2022 19:00;4;4000;4;3980;46;391085;245;1023660;106;1253764;1;260;4;4045;4;4000;0;0;0;0;20;21940;8;8050;62;807889;129;1657867;0;3600000;0;3600000
08.01.2022 20:00;4;4000;4;4000;32;280093;237;1057989;87;1018894;3;450;4;4000;4;4000;0;0;0;0;19;21630;5;5030;41;475201;135;1463448;0;3600000;0;3600000
08.01.2022 21:00;4;4000;4;4000;26;174708;206;979327;69;1022639;0;0;4;3990;4;4000;0;0;0;0;24;30620;2;2010;39;353595;132;1243651;0;3600000;0;3600000
08.01.2022 22:00;4;4000;4;3980;25;184350;184;743343;68;581544;1;260;4;4000;4;4000;0;0;0;0;6;6230;3;3120;36;408950;114;990024;0;3600000;0;3600000
08.01.2022 23:00;2;2000;2;2000;24;239845;122;379133;66;581480;1;320;2;2000;2;2000;0;0;0;0;10;10819;3;3020;21;232220;98;872302;0;3600000;0;3600000
09.01.2022 00:00;2;2000;2;2000;13;76050;91;245580;37;552190;0;0;2;2000;2;2000;0;0;0;0;3;3030;0;0;21;272207;69;424361;0;3600000;0;3600000
09.01.2022 01:00;2;1990;2;2000;13;40970;49;151180;13;261531;0;0;2;2000;2;2000;0;0;0;0;1;4560;4;4740;13;172920;48;298414;0;3600000;0;3600000
09.01.2022 02:00;2;2000;2;2000;10;121190;39;93806;10;155094;0;0;2;2000;2;1990;0;0;0;0;1;1010;1;1000;8;134430;36;183400;0;3600000;0;3600000
09.01.2022 03:00;2;2000;2;2000;8;73750;22;72356;7;114750;0;0;2;2000;2;2000;0;0;0;0;1;1010;1;1000;7;122667;17;76227;0;3600000;0;3600000
09.01.2022 04:00;2;1990;2;1990;7;50360;15;8610;9;177225;1;15510;2;2000;2;2000;0;0;0;0;0;0;0;0;8;137360;10;40060;0;3600000;0;3600000
09.01.2022 05:00;2;2000;2;2000;6;3350;32;93450;12;268200;0;0;2;2000;2;2000;0;0;0;0;1;1240;0;0;6;43720;27;116600;0;3600000;0;3600000
09.01.2022 06:00;2;2000;2;1990;6;39260;20;47103;13;207930;0;0;2;1990;2;2000;0;0;0;0;2;2010;0;0;5;95240;20;93220;0;3600000;0;3600000
09.01.2022 07:00;2;1990;2;1990;7;7540;30;140320;10;181680;0;0;2;2000;2;2000;0;0;0;0;5;5360;0;0;9;162750;28;115785;4;2365924;8;2378694
09.01.2022 08:00;2;1990;2;2000;11;114610;62;197090;34;433862;2;63580;2;2000;2;1990;0;0;0;0;6;7120;2;2020;8;196212;47;296662;24;1896256;17;1864636
09.01.2022 09:00;4;3990;4;4000;16;49480;127;522845;77;759100;2;460;4;4000;4;3990;0;0;0;0;7;7840;4;4020;25;343932;94;622474;0;3600000;0;3600000
09.01.2022 10:00;4;4000;4;3990;28;119200;164;635894;85;849542;3;8290;4;4051;4;4000;0;0;0;0;9;10530;2;2000;34;415052;127;729989;0;3600000;0;3600000
09.01.2022 11:00;4;4000;4;3990;30;128310;261;726427;109;955210;1;32350;4;4000;4;4000;0;0;0;0;15;15270;4;4020;44;598577;174;1116024;0;3600000;0;3600000
09.01.2022 12:00;4;4000;4;4000;40;161268;261;944478;112;929164;1;510;4;3980;4;4000;0;0;0;0;11;14070;3;3010;42;428276;157;1463348;0;3600000;0;3600000
09.01.2022 13:00;4;3980;4;3990;44;293570;315;905747;159;1282261;2;780;4;4000;4;4000;0;0;0;0;11;13100;7;7270;54;659823;163;1695454;0;3600000;0;3600000
09.01.2022 14:00;4;4000;4;3990;50;435730;287;1085588;159;1261398;3;1670;4;4000;4;4000;0;0;0;0;26;44200;5;5010;49;560440;172;1643752;0;3600000;0;3600000
09.01.2022 15:00;4;4000;4;4000;41;325462;312;917277;157;1350464;4;28720;4;4000;4;4000;0;0;0;0;22;24830;11;11570;48;637520;164;1658664;46;2699804;34;2465733
09.01.2022 16:00;4;4000;4;4000;49;239012;300;1186010;161;1301187;3;1230;4;3990;4;3990;0;0;0;0;27;28540;7;7040;54;580263;169;1728103;113;1481141;81;915764
09.01.2022 17:00;4;4000;4;3990;54;426396;333;860984;155;1428870;3;2000;4;3990;4;4000;0;0;0;0;21;21690;6;6030;64;811362;162;1867804;70;2377574;57;2120124
09.01.2022 18:00;4;3970;4;4000;46;308199;283;945113;119;1015134;1;450;4;4000;4;3990;0;0;0;0;17;17915;6;6030;58;649925;159;1481081;133;767868;94;432904
09.01.2022 19:00;4;3980;4;3990;35;268514;268;810247;94;853155;0;0;4;3980;4;4000;0;0;0;0;5;5040;7;7150;43;445356;147;1418339;111;535512;71;329648
09.01.2022 20:00;4;3990;4;3990;36;405641;182;750526;74;771724;1;190;4;4000;4;4000;0;0;0;0;16;17726;3;3160;43;540373;144;810009;99;675566;68;466410
09.01.2022 21:00;4;3990;4;4000;16;117160;163;708676;64;723665;1;520;4;4000;4;4000;0;0;2;880;5;5030;5;5030;22;271553;124;828738;81;371961;46;154532
09.01.2022 22:00;4;4000;4;3990;17;92670;119;400308;46;497650;0;0;4;3990;4;4000;0;0;0;0;5;6350;2;2310;31;295756;86;442231;52;534114;39;485596
09.01.2022 23:00;2;2000;2;2000;6;5170;64;170040;23;407915;0;0;2;1990;2;2000;0;0;0;0;1;1010;3;3010;8;149680;57;231310;15;2689117;14;2707367
10.01.2022 00:00;2;2000;3;3000;5;14790;30;104240;8;145020;1;450;2;2000;3;2990;0;0;0;0;3;3010;0;0;3;30200;22;83471;0;3600000;0;3600000
10.01.2022 01:00;0;0;1;1000;1;480;13;7090;5;52074;0;0;0;0;1;1000;0;0;1;1940;1;1010;0;0;2;6410;11;38340;0;3600000;0;3600000
10.01.2022 02:00;0;0;0;0;0;0;11;5600;4;87610;0;0;0;0;0;0;0;0;0;0;0;0;0;0;2;46500;11;39170;0;3600000;0;3600000
10.01.2022 03:00;1;1000;0;0;4;37800;16;34960;5;83000;0;0;1;1000;0;0;0;0;0;0;0;0;0;0;2;34600;15;73810;3;2951670;3;2951680
10.01.2022 04:00;3;3000;2;1990;8;53370;25;89002;13;161540;1;390;3;2980;2;2000;0;0;0;0;0;0;0;0;7;114600;27;101700;0;3600000;0;3600000
10.01.2022 05:00;4;4000;5;4990;12;101490;177;325600;34;512570;2;33430;4;4000;5;5000;0;0;0;0;1;1010;1;1010;9;81739;110;739472;0;3600000;0;3600000
10.01.2022 06:00;4;4000;3;3000;20;187070;399;845942;95;1190817;1;450;4;4000;3;3000;0;0;0;0;10;11298;2;2010;23;366926;145;1815314;0;3600000;0;3600000
10.01.2022 07:00;7;6980;6;5990;72;669625;560;1545744;263;2248640;11;31570;7;7000;6;5980;0;0;0;0;38;71168;18;18200;82;1142572;68;3237102;0;3600000;0;3600000
10.01.2022 08:00;7;7000;8;8000;62;452559;545;1568082;265;2307728;8;4110;7;7000;9;9000;0;0;0;0;26;29019;8;8040;68;639010;199;2825945;9;3499002;8;3440737
10.01.2022 09:00;5;5000;4;4000;68;931032;413;1343641;231;1854856;10;39713;5;5000;4;4000;0;0;0;0;26;30690;12;12310;86;1167121;173;2407588;0;3600000;0;3600000
10.01.2022 10:00;4;3980;4;3980;66;424825;358;1201210;240;1629541;5;44280;4;4000;4;4000;0;0;0;0;31;34580;18;18050;62;998136;136;2381771;0;3600000;0;3600000
10.01.2022 11:00;4;3990;4;3990;69;572315;354;1421432;249;1674430;7;37480;4;4000;4;3990;0;0;0;0;38;41272;13;13230;78;917994;145;2380165;0;3600000;0;3600000
10.01.2022 12:00;5;5000;6;5990;78;402782;362;1571964;231;1563325;10;9520;5;5000;5;4990;0;0;0;0;31;35030;17;17750;81;980821;147;2356048;2;3595324;1;3564974
10.01.2022 13:00;8;8000;8;8000;89;649594;393;1637763;265;1981958;5;22880;8;8000;8;7990;0;0;0;0;43;53469;21;21890;102;1333860;154;2559960;27;3351431;33;3052325
10.01.2022 14:00;4;3990;6;6000;81;446265;370;1735673;221;1602016;5;52370;5;5000;6;5980;0;0;0;0;47;53470;29;30050;85;1343899;163;2403121;0;3600000;0;3600000
10.01.2022 15:00;4;4000;4;4000;88;554247;467;1661068;259;2120878;5;3060;4;3980;4;3990;0;0;0;0;38;44020;35;35859;93;1237855;176;2661031;0;3600000;0;3600000
10.01.2022 16:00;4;4000;4;4000;115;1043643;497;1566032;270;2516553;8;3530;3;3000;4;3980;0;0;0;0;64;70810;18;18190;117;1480535;210;2685535;12;3492800;41;3127540
10.01.2022 17:00;4;4000;2;1990;126;995998;479;1411041;233;2662735;12;6140;4;4000;3;3000;0;0;0;0;52;62320;16;16060;108;1758377;149;2708708;113;2352378;126;1694695
10.01.2022 18:00;4;3990;5;5000;77;641035;394;896226;171;2051539;2;58075;4;4000;4;3990;0;0;0;0;34;35790;12;12070;79;1585569;191;1650375;32;3262385;30;3149725
10.01.2022 19:00;5;4990;3;3000;69;420088;300;1045572;166;1652316;3;1220;5;4990;3;2990;0;0;0;0;50;76411;14;14520;79;1042694;153;1387256;0;3600000;0;3600000
10.01.2022 20:00;4;3980;5;5054;30;243559;168;773903;74;841341;1;260;4;4000;5;5000;0;0;0;0;10;10590;3;3000;49;640324;123;902544;0;3600000;0;3600000
10.01.2022 21:00;4;4000;4;4000;25;109840;142;800626;66;565150;4;2330;4;3990;4;4000;0;0;0;0;17;18500;5;5080;42;487707;109;829953;8;2895230;6;2887990
10.01.2022 22:00;4;4000;4;4000;25;167810;123;670959;61;647720;2;520;4;4000;4;4000;0;0;0;0;10;11170;3;3010;30;324895;100;609853;71;275264;68;248680
10.01.2022 23:00;2;2000;2;2000;5;26290;77;300246;29;403999;0;0;2;2000;2;2000;0;0;0;0;7;7709;3;2870;13;154980;66;374912;37;311217;17;248710
11.01.2022 00:00;2;2000;3;3000;5;24800;21;42920;18;295950;0;0;2;2000;3;3000;0;0;0;0;1;1000;0;0;8;98810;20;67690;16;1858300;9;1845000
11.01.2022 01:00;0;0;1;1000;0;0;13;8520;4;60750;0;0;0;0;1;990;0;0;0;0;1;1010;1;1000;1;34820;11;40400;3;3452853;3;3452843
11.01.2022 02:00;0;0;0;0;0;0;6;3570;5;126878;1;15600;0;0;0;0;0;0;0;0;0;0;0;0;3;64220;5;16360;0;3600000;0;3600000
11.01.2022 03:00;1;990;0;0;4;3260;10;27450;4;86270;0;0;1;1000;0;0;0;0;0;0;0;0;0;0;3;69040;9;34930;0;3600000;0;3600000
11.01.2022 04:00;3;3000;2;2000;7;78780;26;563336;7;151913;0;0;3;3000;2;2000;0;0;0;0;0;0;0;0;13;110300;31;92660;0;3600000;0;3600000
11.01.2022 05:00;4;4000;5;5000;10;98085;177;385683;42;596875;0;0;4;4000;5;4990;0;0;0;0;0;0;2;2000;13;237715;129;908722;0;3600000;0;3600000
11.01.2022 06:00;4;3990;3;3000;30;309911;385;853927;94;1143125;4;28420;4;4000;4;3990;0;0;0;0;7;14010;5;5030;23;521107;123;1921012;0;3600000;0;3600000
11.01.2022 07:00;7;6980;6;6000;77;720474;542;1775141;270;2251887;14;11710;7;7000;5;5000;0;0;0;0;28;35960;11;11050;85;1472660;71;3318832;38;3275056;31;3145502
11.01.2022 08:00;7;7000;9;8990;78;781697;521;1264612;263;2106094;15;54400;8;8000;9;8990;0;0;0;0;28;32470;12;12040;62;837800;147;2996856;79;1843668;98;1534705
11.01.2022 09:00;5;5000;4;4000;63;638416;424;1230242;246;2128587;7;123330;4;3990;4;4000;0;0;0;0;34;37112;5;5010;79;1282390;206;2408268;2;3592560;2;3577430
11.01.2022 10:00;4;4000;3;3000;67;484428;342;1467308;243;1936649;10;66510;4;4000;4;3980;0;0;0;0;28;32085;14;14390;87;1069270;133;2496291;0;3600000;0;3600000
11.01.2022 11:00;5;5000;5;5000;72;450938;356;1607848;249;1772334;3;53890;5;4990;5;5000;0;0;0;0;40;42960;26;27290;93;1240991;136;2429941;0;3600000;0;3600000
11.01.2022 12:00;5;5000;6;5700;62;510540;360;1602878;237;1732130;7;4460;5;4990;5;5000;0;0;0;0;31;32811;11;11120;99;1552027;158;2363385;0;3600000;0;3600000
11.01.2022 13:00;7;7000;7;7290;75;401652;435;1754455;306;2343265;8;26840;8;7990;7;6990;0;0;0;0;29;32540;25;27290;94;1263182;174;2511321;93;2282794;108;1818818
11.01.2022 14:00;6;5980;7;6630;98;616461;404;1529455;242;2000052;6;3540;5;5000;7;6990;0;0;0;0;39;45680;7;8050;97;1354049;166;2544445;3;3554260;3;3546580
11.01.2022 15:00;4;3980;3;3370;113;794502;457;1512099;286;2111426;5;3490;4;4000;3;3000;0;0;0;0;51;94660;23;23700;86;1310237;187;2452156;37;3305582;38;2923061
11.01.2022 16:00;4;4000;4;4000;95;699234;533;1534400;257;2395026;3;58420;4;4000;4;4000;0;0;0;0;37;46860;24;24200;100;1612613;207;2781491;26;3406333;29;3208960
11.01.2022 17:00;4;4000;5;5000;97;585945;492;1763605;260;2189587;6;2780;4;4000;5;4980;0;0;0;0;64;71891;26;26420;95;1501928;128;2901134;0;3600000;0;3600000
11.01.2022 18:00;4;4000;4;4000;90;799729;449;1183153;205;2142750;6;1730;4;4000;4;4000;0;0;0;0;37;38670;10;10070;101;1161864;148;2316710;0;3600000;0;3600000
11.01.2022 19:00;5;4990;4;4000;62;254254;323;1125416;128;1350298;1;390;5;4980;4;3990;0;0;0;0;30;32710;14;14050;80;991583;183;1511785;0;3600000;0;3600000
11.01.2022 20:00;4;3990;4;3990;30;221820;198;800588;95;1030072;0;0;4;4000;4;3990;0;0;0;0;19;23370;4;4066;48;476881;119;1144953;0;3600000;0;3600000
11.01.2022 21:00;4;4045;4;4000;24;97193;156;672131;90;874117;0;0;4;4000;4;4000;0;0;0;0;23;26874;7;8750;34;473265;119;1028026;0;3600000;0;3600000
11.01.2022 22:00;4;3990;4;3990;18;96290;163;468711;67;746483;1;32240;4;4000;4;3990;0;0;0;0;9;10060;7;7776;40;442314;121;711013;0;3600000;0;3600000
11.01.2022 23:00;2;2000;2;2000;10;39780;64;154180;33;434481;0;0;2;2000;2;2000;0;0;0;0;5;5640;0;0;18;217332;61;252457;9;3231798;10;3238238
12.01.2022 00:00;2;2000;3;3000;5;19692;31;17250;14;131050;0;0;2;2000;3;3000;0;0;0;0;1;1010;0;0;5;86920;24;71530;21;291314;15;291894
12.01.2022 01:00;0;0;1;1000;3;14290;15;38114;12;188400;1;31260;0;0;1;1000;0;0;0;0;2;2120;0;0;2;18880;9;34780;6;17180;8;22360
12.01.2022 02:00;0;0;0;0;0;0;12;12190;6;121897;1;840;0;0;0;0;0;0;0;0;0;0;0;0;0;0;11;28730;8;303162;4;300962
12.01.2022 03:00;1;1000;0;0;3;36700;7;3750;4;80880;0;0;1;1000;0;0;0;0;0;0;1;1010;0;0;1;5360;4;17220;11;594055;12;599385
12.01.2022 04:00;3;3000;2;1990;9;66280;34;94155;11;206760;0;0;3;3000;2;2000;0;0;0;0;0;0;0;0;8;105760;27;109840;20;305900;11;279980
12.01.2022 05:00;4;4000;5;5000;9;100230;155;406828;34;519963;1;70;4;4000;5;5000;0;0;0;0;3;3030;2;2020;18;281665;106;749684;0;3600000;0;3600000
12.01.2022 06:00;4;4000;3;2990;25;105790;420;883066;87;1184928;1;1800;4;4000;3;2980;0;0;0;0;8;8070;1;1000;25;233813;144;1987603;0;3600000;0;3600000
12.01.2022 07:00;7;6990;6;5980;55;516485;567;1647510;242;2117955;9;73726;7;6990;6;6000;0;0;0;0;22;25077;14;14910;72;999218;87;3208762;35;3153687;47;2850278
12.01.2022 08:00;8;7990;9;9000;86;696800;500;1449283;250;2365320;3;62580;8;7980;9;8990;0;0;0;0;29;32880;12;12150;64;1036608;187;2780172;28;3173656;34;3042076
12.01.2022 09:00;3;2980;4;4000;48;434626;458;1200476;244;2112116;9;103691;3;2990;4;4000;0;0;0;0;32;35760;18;19830;63;802010;225;2244522;39;2791542;44;2639194
12.01.2022 10:00;6;6000;3;3000;71;617177;379;1239413;235;1807855;5;23060;6;5990;4;4000;0;0;0;0;30;32654;7;7030;78;917337;192;2251958;0;3600000;0;3600000
12.01.2022 11:00;3;3000;5;5000;71;504462;353;1533176;251;1657692;6;93730;3;3000;4;4000;0;0;0;0;40;43950;9;9040;87;931077;155;2521601;0;3600000;0;3600000
12.01.2022 12:00;7;7000;7;6990;78;965916;348;1686207;243;1509971;8;4830;7;6990;7;6980;0;0;0;0;44;49550;11;11050;89;1452102;161;2395093;0;3600000;0;3600000
12.01.2022 13:00;8;7980;7;6970;82;462461;403;1650573;268;1880910;3;1810;8;7990;8;7990;0;0;0;0;55;65590;19;19220;104;1335604;160;2806356;0;3600000;0;3600000
12.01.2022 14:00;5;5000;7;6990;79;583206;418;1729896;241;1788476;7;3110;5;4990;6;5990;0;0;0;0;53;65320;22;23880;93;1338113;159;2747386;0;3600000;0;3600000
12.01.2022 15:00;4;3990;3;2990;98;903115;373;1505988;270;2050647;6;2760;4;4000;4;4000;0;0;0;0;49;55460;18;18770;92;1284285;172;2344152;0;3600000;0;3600000
12.01.2022 16:00;4;3990;5;5000;87;466096;456;1512173;253;2066242;2;910;4;4000;4;4000;0;0;0;0;34;36130;19;19970;108;1371825;191;2574440;0;3600000;0;3600000
12.01.2022 17:00;3;3000;3;3000;99;734111;506;1655655;256;2128647;8;2520;4;4000;3;3000;0;0;0;0;49;59950;25;25710;95;1580698;107;2949867;0;3600000;0;3600000
12.01.2022 18:00;5;5000;4;4000;89;620490;388;1468691;207;2023092;3;1300;4;3990;5;4990;0;0;0;0;45;50014;7;7220;83;1398995;112;2198592;0;3600000;0;3600000
12.01.2022 19:00;5;5000;4;4000;71;760520;309;835930;157;1859037;7;2200;5;4990;3;3000;0;0;0;0;29;30430;8;8020;66;852156;153;1598408;0;3600000;0;3600000
12.01.2022 20:00;4;4000;5;5042;32;264464;181;962245;96;911118;2;260;4;4000;5;4990;0;0;0;0;28;33710;7;7490;60;754295;129;1197080;9;3429820;8;3413140
12.01.2022 21:00;4;4000;4;4057;19;134080;183;617713;70;649051;1;13480;4;4000;4;4000;0;0;0;0;15;17180;2;2000;41;605424;124;832566;91;818965;69;612165
12.01.2022 22:00;3;2990;4;4000;13;139440;132;613725;45;469739;6;31130;4;3990;4;4000;0;0;0;0;13;15630;3;3010;28;345765;104;541328;78;252967;49;189950
12.01.2022 23:00;3;3000;2;2000;19;217619;55;221855;27;374904;0;0;2;2000;2;2000;0;0;0;0;5;5260;1;1000;18;281372;48;196380;21;1349754;15;1343509
13.01.2022 00:00;2;2000;3;2990;6;71832;24;82260;20;272642;0;0;2;1990;3;2990;0;0;0;0;0;0;2;2010;9;119925;21;97760;0;3600000;0;3600000
13.01.2022 01:00;0;0;1;1000;0;0;19;22300;9;129940;0;0;0;0;1;1000;0;0;0;0;0;0;1;1000;3;52722;19;62030;0;3600000;0;3600000
13.01.2022 02:00;0;0;0;0;3;8040;9;5270;3;40460;0;0;0;0;0;0;0;0;0;0;0;0;0;0;5;61450;8;22370;0;3600000;0;3600000
13.01.2022 03:00;1;1000;0;0;2;26220;9;13120;2;52240;0;0;1;1000;0;0;0;0;0;0;0;0;0;0;1;6000;10;34880;0;3600000;0;3600000
13.01.2022 04:00;3;2990;2;2000;6;51504;23;54280;7;114590;1;580;3;3000;2;1990;0;0;0;0;0;0;0;0;7;64220;23;102055;0;3600000;0;3600000
13.01.2022 05:00;4;3980;5;5044;7;8040;167;377978;38;470043;1;130;4;3990;5;5000;0;0;0;0;1;1010;2;2010;12;105607;119;802088;0;3600000;0;3600000
13.01.2022 06:00;4;4000;4;4000;20;163704;376;976292;99;1127767;3;45070;4;4000;4;4000;0;0;0;0;8;9900;3;3310;33;1105744;130;2054032;0;3600000;0;3600000
13.01.2022 07:00;7;7044;5;4990;58;647056;560;1586541;239;2267297;6;18860;7;7000;5;4990;0;0;0;0;25;38280;17;18590;78;1012816;60;3332779;0;3600000;0;3600000
13.01.2022 08:00;8;8000;9;8990;81;630883;506;1541867;261;1985321;10;5150;8;7990;9;8990;0;0;0;0;17;18380;11;11360;79;1135338;110;3241064;0;3600000;0;3600000
13.01.2022 09:00;4;4000;4;4000;55;469158;428;1327730;238;1803657;8;3270;4;4000;4;4000;0;0;0;0;28;30770;13;13050;75;1144081;173;2614405;0;3600000;0;3600000
13.01.2022 10:00;4;4000;3;3000;59;481240;379;1482936;241;1819205;8;57930;4;4000;4;4000;0;0;0;0;37;39700;10;11740;75;1061840;142;2639983;0;3600000;0;3600000
13.01.2022 11:00;4;3990;4;4000;76;479074;385;1474498;254;1623598;5;4330;4;3980;4;3980;0;0;0;0;33;36277;15;18970;97;1302100;157;2460751;0;3600000;0;3600000
13.01.2022 12:00;5;5000;6;5990;76;480545;336;1405696;237;1800829;3;1490;5;4990;5;4990;0;0;0;0;36;40800;15;15270;82;884628;151;2418887;0;3600000;0;3600000
13.01.2022 13:00;8;7990;8;8000;107;611651;400;1751473;282;1880854;7;5800;8;7990;8;7990;0;0;0;0;32;33710;22;22000;90;1239150;142;2885254;0;3600000;0;3600000
13.01.2022 14:00;5;5049;6;6000;84;722878;381;1797281;256;1871056;4;1470;5;5000;6;5980;0;0;0;0;54;66980;17;18033;79;1279694;139;2679783;0;3600000;0;3600000
13.01.2022 15:00;4;3990;3;3000;100;785111;484;1478066;283;2067891;5;3880;4;3990;4;4000;0;0;0;0;36;41630;16;16970;109;1249719;170;2699101;0;3600000;0;3600000
13.01.2022 16:00;4;4000;4;4000;97;731145;467;1771199;276;2147156;6;2250;4;4000;4;4000;0;0;0;0;49;57520;23;23085;110;1406331;198;2896973;0;3600000;0;3600000
13.01.2022 17:00;4;4000;4;3980;94;655380;474;1572215;270;2497824;8;3700;4;3990;3;3000;0;0;0;0;50;56782;18;18340;114;1369342;121;2933086;0;3600000;0;3600000
13.01.2022 18:00;4;3990;4;4000;96;655650;409;1447112;224;2100528;4;2270;4;4000;4;4000;0;0;0;0;44;51180;13;13030;102;1419013;154;2245414;0;3600000;0;3600000
13.01.2022 19:00;5;4990;5;4990;56;340277;339;1048003;159;1568128;1;580;5;5000;5;5000;0;0;0;0;32;33950;8;8440;79;1051292;159;1482825;0;3600000;0;3600000
13.01.2022 20:00;4;4000;4;4000;34;156520;217;1008216;123;1124901;0;0;4;4000;4;4000;0;0;0;0;24;32320;16;16100;47;709171;134;1337593;46;2182193;42;2144406
13.01.2022 21:00;4;4000;4;3990;28;261814;184;601305;96;808797;2;710;4;3990;4;4000;0;0;0;0;9;9980;5;5120;40;907660;123;881173;75;1164909;67;931370
13.01.2022 22:00;4;3990;4;4000;20;91755;156;619530;70;668380;2;17440;4;4000;4;4045;0;0;0;0;13;13680;3;3000;32;350950;125;797317;89;375080;60;222330
13.01.2022 23:00;2;2000;2;2056;14;113730;88;297290;34;411450;1;320;2;2000;2;2000;0;0;0;0;3;3030;1;1010;17;171376;68;353879;40;638907;27;628739
14.01.2022 00:00;2;2000;3;3000;6;56630;35;31540;15;196008;0;0;2;2000;3;2990;0;0;0;0;2;2200;0;0;11;203992;32;102560;18;269655;13;267455
14.01.2022 01:00;0;0;1;1000;5;3750;18;42760;7;92010;0;0;0;0;1;1000;0;0;1;720;0;0;0;0;4;87880;15;41990;9;14840;8;16610
14.01.2022 02:00;0;0;0;0;1;23930;9;4710;2;21020;0;0;0;0;0;0;0;0;0;0;0;0;0;0;4;27710;8;23610;8;1905985;6;1903035
14.01.2022 03:00;1;1000;0;0;3;2230;14;26180;3;49630;0;0;1;1000;0;0;0;0;0;0;0;0;0;0;3;58580;14;47610;0;3600000;0;3600000
14.01.2022 04:00;3;3000;2;2000;8;30380;29;91170;6;138250;1;330;3;3000;2;2000;0;0;0;0;0;0;0;0;7;120275;30;122800;0;3600000;0;3600000
14.01.2022 05:00;4;4000;5;4910;5;45180;159;409745;33;546055;0;0;4;3990;5;5000;0;0;0;0;0;0;2;2010;12;139885;97;641561;19;2423863;15;2371225
14.01.2022 06:00;4;3990;3;3070;21;149800;325;705988;77;1205984;1;320;4;3980;3;3000;0;0;0;0;7;7160;4;4160;79;438430;158;1683438;0;3600000;0;3600000
14.01.2022 07:00;7;6990;6;6000;76;528449;475;1496944;220;2075266;9;110910;7;7000;6;6000;0;0;0;0;28;29470;18;19220;72;958153;96;3071171;0;3600000;0;3600000
14.01.2022 08:00;8;7990;8;7990;76;650315;430;1551044;247;2112342;3;1020;8;8000;9;8990;0;0;0;0;38;49729;14;14170;69;922312;171;2860204;0;3600000;0;3600000
14.01.2022 09:00;4;4000;5;4980;46;540836;446;1341227;257;2039176;8;4320;4;4000;4;3990;0;0;0;0;29;30540;18;19490;72;1008638;184;2504552;0;3600000;0;3600000
14.01.2022 10:00;6;5980;5;5000;62;382514;363;1429428;260;1821165;5;3150;6;6000;5;4980;0;0;0;0;39;41370;23;23690;92;1351250;138;2438324;0;3600000;0;3600000
14.01.2022 11:00;4;4000;5;5000;86;800837;366;1665556;284;2049568;8;20770;4;4000;5;5000;0;0;0;0;41;44970;11;11510;98;1346222;144;2667468;0;3600000;0;3600000
14.01.2022 12:00;4;4000;5;4990;94;472993;394;1613481;302;2292911;13;35650;5;4990;5;5000;0;0;0;0;34;38480;13;14520;104;1410729;170;2526436;0;3600000;0;3600000
14.01.2022 13:00;8;8000;8;7980;90;693710;442;1587442;293;2191723;9;5210;8;7990;8;7990;0;0;0;0;47;61390;11;11400;84;1268545;221;2515824;0;3600000;0;3600000
14.01.2022 14:00;5;4990;5;5000;86;775778;449;1436368;264;2275172;3;2250;5;5000;6;5990;0;0;0;0;44;52530;12;12200;83;989444;216;2491080;0;3600000;0;3600000
14.01.2022 15:00;4;4000;5;4980;81;835513;476;1518205;251;2395512;2;1480;4;3990;4;4000;0;0;0;0;37;43430;17;18970;97;1338288;256;2175462;49;3125940;44;2973051
14.01.2022 16:00;4;3980;4;4000;76;752923;436;1161100;242;2278187;2;1230;4;4053;4;3990;0;0;0;0;44;46830;28;29070;95;1472668;226;1991155;47;3235851;45;2971836
14.01.2022 17:00;4;3990;4;3990;91;801693;487;1402966;246;2201957;3;1170;4;4000;4;4000;0;0;0;0;34;39520;15;15190;102;1254479;141;2807441;0;3600000;0;3600000
14.01.2022 18:00;4;3990;4;4000;84;674433;412;1418889;218;2285029;1;190;4;4000;4;4000;0;0;0;0;47;50640;18;18060;99;1551469;130;2508324;0;3600000;0;3600000
14.01.2022 19:00;5;5000;4;4000;55;309800;358;1151677;163;1862327;3;93294;5;5000;4;4000;0;0;0;0;33;35780;11;11040;72;827377;185;2200915;0;3600000;0;3600000
14.01.2022 20:00;4;4000;4;3990;47;445882;233;1214600;127;1001337;4;5580;4;4000;4;4000;0;0;0;0;22;25490;6;6010;65;718549;142;1529643;0;3600000;0;3600000
14.01.2022 21:00;4;4000;4;4000;24;85580;198;741602;76;634684;1;1030;4;4000;4;4000;0;0;0;0;19;19996;6;7050;54;589480;141;1064513;0;3600000;0;3600000
14.01.2022 22:00;4;4000;4;3990;28;192969;172;781449;73;705684;0;0;4;4000;4;4000;0;0;0;0;10;10630;6;6020;47;390990;126;915510;27;2636112;28;2652722
14.01.2022 23:00;2;2000;2;2000;12;79880;126;368780;52;728503;0;0;2;1990;2;2000;0;0;0;0;4;4640;3;3010;26;389400;122;560694;59;1108111;35;1028617
15.01.2022 00:00;2;1990;2;2054;11;80384;77;181710;17;188820;0;0;2;2000;2;2000;0;0;0;0;3;3110;3;3170;12;129478;67;277944;40;437168;36;437998
15.01.2022 01:00;2;2000;2;2000;8;6860;38;146130;18;298495;0;0;2;2000;2;1990;0;0;0;0;0;0;0;0;12;230620;38;174430;18;1166050;12;1139240
15.01.2022 02:00;2;2000;2;2000;7;24430;36;194990;10;159440;0;0;2;2000;2;2000;0;0;0;0;0;0;1;1010;6;62470;26;113020;0;3600000;0;3600000
15.01.2022 03:00;2;2000;2;2000;3;34670;15;21170;3;18450;0;0;2;2000;2;2000;0;0;0;0;0;0;0;0;4;55120;15;48960;0;3600000;0;3600000
15.01.2022 04:00;2;2000;2;1990;6;7340;25;50090;7;128160;0;0;2;1990;2;2000;0;0;0;0;0;0;0;0;7;85370;20;66361;0;3600000;0;3600000
15.01.2022 05:00;4;4000;4;4000;5;6840;53;209797;14;291960;0;0;4;4000;4;4000;0;0;0;0;0;0;1;1000;9;88567;44;196260;0;3600000;0;3600000
15.01.2022 06:00;4;4000;4;3990;10;61020;68;167300;16;230260;0;0;4;4000;4;4000;0;0;0;0;0;0;2;2010;9;370433;60;306961;0;3600000;0;3600000
15.01.2022 07:00;5;4990;4;3990;11;59632;94;359460;44;580250;2;39710;5;5000;4;4000;0;0;0;0;2;2020;2;2010;13;153655;73;517679;0;3600000;0;3600000
15.01.2022 08:00;4;4000;5;4980;18;203570;166;605220;90;910471;2;910;4;4000;5;4990;0;0;0;0;17;18420;7;7510;23;294689;121;851783;0;3600000;0;3600000
15.01.2022 09:00;5;4970;4;4000;28;171900;274;941858;182;1533404;2;580;5;5000;4;4000;0;0;0;0;30;31350;11;11770;54;967935;147;1663108;27;2852915;38;3169070
15.01.2022 10:00;4;3990;5;5000;48;456786;340;1238855;236;1693244;5;1860;4;4000;5;5000;0;0;0;0;36;40450;10;11060;63;857273;163;2006470;20;3043901;16;3060114
15.01.2022 11:00;4;4000;4;4000;48;295604;378;1290006;242;2188074;1;650;4;4000;4;3990;0;0;0;0;47;52990;12;14040;73;1297294;163;2203504;74;2457387;49;1953508
15.01.2022 12:00;3;2990;4;3990;57;430559;403;1414209;253;1978428;1;130;3;3000;4;3990;0;0;0;0;39;40360;15;15430;72;1140860;160;2464972;94;2296177;103;1386676
15.01.2022 13:00;5;4980;4;4000;76;548303;420;1412965;231;1784733;3;2060;5;5000;4;4000;0;0;0;0;39;44130;8;8020;79;1150969;173;2559303;110;2139380;123;1259558
15.01.2022 14:00;4;4057;4;4000;77;523105;401;1312293;224;1804376;3;2120;4;4000;4;3980;0;0;0;0;47;59140;12;12090;76;1227124;166;2358007;30;3211914;30;2848270
15.01.2022 15:00;4;3990;4;3990;75;831513;371;1256067;162;1448225;2;520;4;4000;4;4000;0;0;0;0;36;39180;17;17050;89;1271577;167;2225760;22;3206408;22;3263232
15.01.2022 16:00;4;4000;4;4000;39;448251;365;1191606;172;1454000;7;24670;4;3990;4;4000;0;0;0;0;42;50640;13;13050;66;1155874;148;2218979;120;1983547;101;1343145
15.01.2022 17:00;4;4000;4;3990;71;752399;379;1362099;172;1440616;2;770;4;3990;4;3990;0;0;0;0;36;38890;13;13050;78;1113408;131;2527165;192;1197190;158;874205
15.01.2022 18:00;4;4000;4;4043;51;515920;378;1104447;150;1525638;3;49005;4;3990;4;3990;0;0;0;0;35;41670;11;11040;69;1191043;160;2030268;16;3421833;24;3339230
15.01.2022 19:00;4;3990;4;4000;44;344804;306;1216419;129;1184786;2;1610;4;4000;4;4000;0;0;0;0;40;43310;8;8020;66;875886;144;1837762;0;3600000;0;3600000
15.01.2022 20:00;4;3980;4;3990;32;255388;225;1116083;101;798136;2;980;4;4000;4;4000;0;0;0;0;27;31000;6;6040;51;595323;153;1348608;0;3600000;0;3600000
15.01.2022 21:00;4;4000;4;4000;24;146670;178;752014;80;758058;0;0;4;4000;4;4000;0;0;0;0;14;14150;4;4060;42;590005;126;910208;53;1983934;39;1889369
15.01.2022 22:00;4;3990;4;4000;26;133360;213;911541;75;869675;1;1100;4;3990;4;4000;0;0;0;0;19;20540;5;6410;39;392203;146;1162521;0;3600000;0;3600000
15.01.2022 23:00;2;1990;2;2000;19;101500;170;658348;52;583693;1;1480;2;2000;2;1980;0;0;0;0;10;10950;3;3000;36;421370;122;776252;0;3600000;0;3600000
16.01.2022 00:00;2;2000;2;2000;17;99020;94;550860;39;485454;1;520;2;2000;2;2000;0;0;0;0;9;10110;1;1000;18;169080;74;467327;11;3088884;6;3034074
16.01.2022 01:00;2;2000;2;2000;8;6550;66;262640;28;319705;1;200;2;2000;2;2000;0;0;1;670;1;1010;1;1000;8;70440;51;221655;2;3555000;2;3543780
16.01.2022 02:00;2;2000;2;2000;8;22160;41;56290;10;221580;0;0;2;2000;2;2000;0;0;0;0;2;2010;1;1000;5;53990;30;125960;0;3600000;0;3600000
16.01.2022 03:00;2;2000;2;2000;6;32110;19;34930;9;97290;0;0;2;2000;2;1990;0;0;0;0;0;0;0;0;5;29880;14;42140;0;3600000;0;3600000
16.01.2022 04:00;2;2000;2;1990;6;5320;24;44070;6;61070;0;0;2;2000;2;2000;0;0;0;0;0;0;0;0;10;52320;17;98830;0;3600000;0;3600000
16.01.2022 05:00;2;2000;2;2000;2;2880;31;92050;6;175104;0;0;2;2000;2;2000;0;0;0;0;0;0;0;0;4;43480;30;119970;0;3600000;0;3600000
16.01.2022 06:00;2;2000;2;2000;5;24382;28;80660;11;194375;0;0;2;1990;2;2000;0;0;0;0;0;0;0;0;8;103550;23;120340;0;3600000;0;3600000
16.01.2022 07:00;2;1990;2;1990;6;54630;28;64240;12;165912;0;0;2;2000;2;2000;0;0;0;0;4;4790;0;0;13;270570;25;104070;0;3600000;0;3600000
16.01.2022 08:00;2;1990;2;1990;10;45810;50;146860;31;497378;1;120;2;2000;2;2000;0;0;0;0;5;5820;1;1010;8;94290;50;156094;28;1295489;22;1251169
16.01.2022 09:00;4;3980;4;3980;18;112280;127;423940;80;697263;0;0;4;3990;4;4000;0;0;0;0;11;11430;5;5120;25;376805;106;661366;1;3513930;2;3529370
16.01.2022 10:00;4;4000;4;4000;34;284193;202;759414;106;1080021;0;0;4;4000;4;4000;0;0;0;0;8;8990;6;6030;31;409750;143;1103321;0;3600000;0;3600000
16.01.2022 11:00;4;4056;4;4000;37;171710;261;1085535;117;1061786;0;0;4;4000;4;4000;0;0;0;0;13;13260;2;2010;48;644208;170;1247932;0;3600000;0;3600000
16.01.2022 12:00;4;4000;4;3980;43;361410;292;1160449;141;1158754;1;23950;4;3990;4;4000;0;0;0;0;10;10960;5;5930;53;611009;168;1576204;0;3600000;0;3600000
16.01.2022 13:00;4;3990;4;3990;45;317880;301;1112558;161;1228430;0;0;4;4000;4;3990;0;0;0;0;14;15150;2;2560;43;698551;164;1549618;0;3600000;0;3600000
16.01.2022 14:00;4;3980;4;4000;39;355370;313;1161967;165;1140804;3;2330;4;4000;4;3990;0;0;0;0;25;27840;11;11330;51;595756;169;1794858;0;3600000;0;3600000
16.01.2022 15:00;4;4000;4;3980;36;335990;338;1242896;179;1463696;2;1160;4;4000;4;4000;0;0;0;0;28;30850;10;10430;50;579259;166;1878445;0;3600000;0;3600000
16.01.2022 16:00;4;4000;4;4000;46;274362;349;1188620;164;1367256;2;1220;4;4000;4;4000;0;0;0;0;17;18700;11;11150;62;640963;155;2154755;0;3600000;0;3600000
16.01.2022 17:00;4;4000;4;3990;40;427484;338;997006;118;1217232;1;390;4;3990;4;4000;0;0;0;0;18;21290;20;21380;54;564649;164;2078010;0;3600000;0;3600000
16.01.2022 18:00;4;4000;4;4000;67;327618;329;992669;130;1081880;3;700;4;3990;4;3990;0;0;0;0;17;19120;7;7300;64;740980;152;1999654;64;2117666;55;2045434
16.01.2022 19:00;4;4000;4;4000;26;218675;225;901460;106;934061;2;13920;4;4000;4;3990;0;0;0;0;17;18940;4;4010;45;597307;355;1609885;106;900526;77;920999
16.01.2022 20:00;4;3990;4;3990;33;279020;193;675751;85;997901;0;0;4;4000;4;4000;0;0;0;0;9;10910;2;2150;42;585390;125;1057108;59;2007412;47;1835828
16.01.2022 21:00;4;3990;4;4000;19;170710;147;826294;63;742134;0;0;4;4000;4;4000;0;0;0;0;3;3850;5;5000;21;316670;120;783830;4;3478565;6;3485045
16.01.2022 22:00;4;4000;4;4000;17;69131;96;405656;55;636515;0;0;4;4000;4;4000;0;0;0;0;4;4760;2;2000;21;140429;71;400743;0;3600000;0;3600000
16.01.2022 23:00;2;1990;2;2000;7;118679;51;185620;27;282894;0;0;2;2000;2;2000;0;0;0;0;2;2010;2;2020;11;145354;39;225590;0;3600000;0;3600000
17.01.2022 00:00;2;2000;3;3000;2;1760;37;108760;15;250791;0;0;2;1980;3;3000;0;0;0;0;0;0;0;0;3;79635;31;145069;0;3600000;0;3600000
17.01.2022 01:00;0;0;1;1000;3;5650;10;27890;7;112040;1;27910;0;0;1;1000;0;0;0;0;0;0;0;0;4;100050;9;25980;0;3600000;0;3600000
17.01.2022 02:00;0;0;0;0;0;0;11;10210;4;50470;1;780;0;0;0;0;0;0;0;0;0;0;0;0;4;47890;10;46570;0;3600000;0;3600000
17.01.2022 03:00;1;1000;0;0;4;19930;9;36850;7;181864;2;26030;1;1000;0;0;0;0;0;0;0;0;0;0;4;37740;8;40810;3;2404870;4;2408450
17.01.2022 04:00;3;3000;2;2000;5;32470;34;60150;9;125776;0;0;3;2980;2;2000;0;0;0;0;0;0;0;0;7;180820;29;136356;0;3600000;0;3600000
17.01.2022 05:00;4;4000;5;4990;11;51670;175;458021;37;614338;1;260;4;4000;5;4980;0;0;0;0;0;0;2;2010;16;329969;87;912155;0;3600000;0;3600000
17.01.2022 06:00;4;3990;4;3990;21;226700;385;786293;98;1127529;2;640;4;4000;4;4000;0;0;0;0;5;6040;2;2010;31;319197;105;2026057;0;3600000;0;3600000
17.01.2022 07:00;7;6980;5;4990;68;559709;559;1523118;255;2153006;5;36630;7;6990;5;4990;0;0;0;0;18;19630;12;12020;84;1454080;56;3419361;0;3600000;0;3600000
17.01.2022 08:00;8;7990;8;7990;61;768390;494;1468087;252;1956186;6;3040;8;7990;8;7990;0;0;0;0;29;30270;18;20110;63;961163;130;3087657;0;3600000;0;3600000
17.01.2022 09:00;4;3980;5;4980;64;739620;405;1601557;234;2075912;9;38660;4;4000;5;5000;0;0;0;0;37;38750;7;7040;112;1148420;170;2652785;0;3600000;0;3600000
17.01.2022 10:00;4;3990;3;3000;73;554812;364;1441971;224;1598921;6;28090;4;3990;3;3000;0;0;0;0;25;28370;11;11260;76;1007994;158;2367119;0;3600000;0;3600000
17.01.2022 11:00;3;3000;4;3990;81;506949;352;1366503;241;1641177;6;22940;4;3990;5;5000;0;0;0;0;28;31700;6;6010;85;1228511;157;2404968;0;3600000;0;3600000
17.01.2022 12:00;5;5000;5;5000;86;511267;344;1494625;223;1747761;3;20360;4;3990;5;4990;0;0;0;0;48;52500;11;11940;99;1446714;150;2329577;0;3600000;0;3600000
17.01.2022 13:00;8;8000;8;8000;86;437454;404;1582422;254;1984429;5;46690;8;8000;8;7990;0;0;0;0;41;52950;19;19350;84;1086953;138;2784863;11;3456934;9;3418874
17.01.2022 14:00;5;5000;6;6000;98;884095;378;1636149;247;1957683;2;1490;5;4990;5;5000;0;0;0;0;33;34400;12;12340;102;1440712;168;2547155;66;2730124;74;2215226
17.01.2022 15:00;4;3980;4;4000;87;787175;440;1570774;261;2050542;8;35480;4;4000;5;4980;0;0;0;0;42;47570;11;12100;98;1307059;187;2567457;8;3547055;10;3488675
17.01.2022 16:00;4;3990;5;4990;126;1079408;473;1799221;268;2164910;2;710;4;4000;4;3990;0;0;0;0;38;42410;20;20200;99;1276623;197;2846174;0;3600000;0;3600000
17.01.2022 17:00;4;3990;4;4000;90;476990;476;1423047;251;2337521;5;2970;4;4000;4;3990;0;0;0;0;53;60827;21;22330;101;1193600;117;2981569;0;3600000;0;3600000
17.01.2022 18:00;4;4000;4;3990;92;721180;426;1248800;192;2083554;1;320;4;3980;4;4000;0;0;0;0;53;59700;14;14770;94;1339874;163;2070984;0;3600000;0;3600000
17.01.2022 19:00;5;5000;3;3000;76;455355;317;859099;137;1527539;1;330;5;4990;4;3980;0;0;0;0;30;32120;14;14660;58;871609;167;1381045;0;3600000;0;3600000
17.01.2022 20:00;4;4000;5;4990;36;207494;193;883976;99;865359;1;390;4;3980;4;4000;0;0;0;0;19;20920;9;10570;46;579958;133;1110753;0;3600000;0;3600000
17.01.2022 21:00;4;4000;4;4000;30;237023;149;665479;80;718224;5;2780;4;3970;4;3980;0;0;0;0;10;10550;8;8010;45;441044;131;960114;0;3600000;0;3600000
17.01.2022 22:00;4;4000;4;4000;19;94700;116;688715;52;556963;0;0;4;4000;4;4000;0;0;0;0;7;7820;5;5090;29;406910;103;592837;0;3600000;0;3600000
17.01.2022 23:00;2;2000;2;2000;13;50160;64;182900;26;335111;1;20371;2;2000;2;2000;0;0;0;0;5;6670;1;1000;18;153095;62;263731;0;3600000;0;3600000
18.01.2022 00:00;2;2000;3;3000;7;61575;33;19040;9;198600;0;0;2;2000;3;2990;0;0;0;0;1;1010;0;0;7;174767;23;315316;4;3094774;1;3088494
18.01.2022 01:00;0;0;1;1000;1;240;16;46280;5;24380;0;0;0;0;1;1000;0;0;0;0;0;0;0;0;4;141870;10;37260;14;744166;12;736511
18.01.2022 02:00;0;0;0;0;0;0;19;19220;5;99870;0;0;0;0;0;0;0;0;0;0;0;0;0;0;3;36260;14;50640;8;1986640;11;1990370
18.01.2022 03:00;1;1000;0;0;4;18530;7;625190;5;100370;0;0;1;1000;0;0;0;0;0;0;0;0;0;0;3;6850;8;23280;0;3600000;0;3600000
18.01.2022 04:00;3;3000;2;2000;10;66890;43;57020;6;105715;0;0;3;2990;2;1990;0;0;0;0;0;0;0;0;7;52770;38;154564;0;3600000;0;3600000
18.01.2022 05:00;0;0;0;0;0;0;0;0;0;0;0;0;0;0;0;0;0;0;0;0;0;0;0;0;0;0;0;0;0;3600000;0;3600000
18.01.2022 06:00;0;0;0;0;0;0;0;0;0;0;0;0;0;0;0;0;0;0;0;0;0;0;0;0;0;0;0;0;0;3600000;0;3600000
18.01.2022 07:00;0;0;0;0;0;0;0;0;0;0;0;0;0;0;0;0;0;0;0;0;0;0;0;0;0;0;0;0;0;3600000;0;3600000
18.01.2022 08:00;0;0;0;0;0;0;0;0;0;0;0;0;0;0;0;0;0;0;0;0;0;0;0;0;0;0;0;0;0;3600000;0;3600000
18.01.2022 09:00;0;0;0;0;0;0;0;0;0;0;0;0;0;0;0;0;0;0;0;0;0;0;0;0;0;0;0;0;0;3600000;0;3600000
18.01.2022 10:00;0;0;0;0;0;0;0;0;0;0;0;0;0;0;0;0;0;0;0;0;0;0;0;0;0;0;0;0;0;3600000;0;3600000
18.01.2022 11:00;0;0;0;0;0;0;0;0;0;0;0;0;0;0;0;0;0;0;0;0;0;0;0;0;0;0;0;0;0;3600000;0;3600000
18.01.2022 12:00;0;0;0;0;0;0;0;0;0;0;0;0;0;0;0;0;0;0;0;0;0;0;0;0;0;0;0;0;0;3600000;0;3600000
18.01.2022 13:00;0;0;0;0;0;0;0;0;0;0;0;0;0;0;0;0;0;0;0;0;0;0;0;0;0;0;0;0;0;3600000;0;3600000
18.01.2022 14:00;0;0;0;0;0;0;0;0;0;0;0;0;0;0;0;0;0;0;0;0;0;0;0;0;0;0;0;0;0;3600000;0;3600000
18.01.2022 15:00;0;0;0;0;0;0;0;0;0;0;0;0;0;0;0;0;0;0;0;0;0;0;0;0;0;0;0;0;0;3600000;0;3600000
18.01.2022 16:00;0;0;0;0;0;0;0;0;0;0;0;0;0;0;0;0;0;0;0;0;0;0;0;0;0;0;0;0;0;3600000;0;3600000
18.01.2022 17:00;0;0;0;0;0;0;0;0;0;0;0;0;0;0;0;0;0;0;0;0;0;0;0;0;0;0;0;0;0;3600000;0;3600000
18.01.2022 18:00;0;0;0;0;0;0;0;0;0;0;0;0;0;0;0;0;0;0;0;0;0;0;0;0;0;0;0;0;0;3600000;0;3600000
18.01.2022 19:00;0;0;0;0;0;0;0;0;0;0;0;0;0;0;0;0;0;0;0;0;0;0;0;0;0;0;0;0;0;3600000;0;3600000
18.01.2022 20:00;0;0;0;0;0;0;0;0;0;0;0;0;0;0;0;0;0;0;0;0;0;0;0;0;0;0;0;0;0;3600000;0;3600000
18.01.2022 21:00;0;0;0;0;0;0;0;0;0;0;0;0;0;0;0;0;0;0;0;0;0;0;0;0;0;0;0;0;0;3600000;0;3600000
18.01.2022 22:00;0;0;0;0;0;0;0;0;0;0;0;0;0;0;0;0;0;0;0;0;0;0;0;0;0;0;0;0;0;3600000;0;3600000
18.01.2022 23:00;0;0;0;0;0;0;0;0;0;0;0;0;0;0;0;0;0;0;0;0;0;0;0;0;0;0;0;0;0;3600000;0;3600000
19.01.2022 00:00;0;0;0;0;0;0;0;0;0;0;0;0;0;0;0;0;0;0;0;0;0;0;0;0;0;0;0;0;0;3600000;0;3600000
19.01.2022 01:00;0;0;0;0;0;0;0;0;0;0;0;0;0;0;0;0;0;0;0;0;0;0;0;0;0;0;0;0;0;3600000;0;3600000
19.01.2022 02:00;0;0;0;0;0;0;0;0;0;0;0;0;0;0;0;0;0;0;0;0;0;0;0;0;0;0;0;0;0;3600000;0;3600000
19.01.2022 03:00;0;0;0;0;0;0;0;0;0;0;0;0;0;0;0;0;0;0;0;0;0;0;0;0;0;0;0;0;0;3600000;0;3600000
19.01.2022 04:00;0;0;0;0;0;0;0;0;0;0;0;0;0;0;0;0;0;0;0;0;0;0;0;0;0;0;0;0;0;3600000;0;3600000
19.01.2022 05:00;0;0;0;0;0;0;0;0;0;0;0;0;0;0;0;0;0;0;0;0;0;0;0;0;0;0;0;0;0;3600000;0;3600000
19.01.2022 06:00;0;0;0;0;0;0;0;0;0;0;0;0;0;0;0;0;0;0;0;0;0;0;0;0;0;0;0;0;0;3600000;0;3600000
19.01.2022 07:00;0;0;0;0;0;0;0;0;0;0;0;0;0;0;0;0;0;0;0;0;0;0;0;0;0;0;0;0;0;3600000;0;3600000
19.01.2022 08:00;0;0;0;0;0;0;0;0;0;0;0;0;0;0;0;0;0;0;0;0;0;0;0;0;0;0;0;0;0;3600000;0;3600000
19.01.2022 09:00;0;0;0;0;0;0;0;0;0;0;0;0;0;0;0;0;0;0;0;0;0;0;0;0;0;0;0;0;0;3600000;0;3600000
19.01.2022 10:00;0;0;0;0;0;0;0;0;0;0;0;0;0;0;0;0;0;0;0;0;0;0;0;0;0;0;0;0;0;3600000;0;3600000
19.01.2022 11:00;0;0;0;0;0;0;0;0;0;0;0;0;0;0;0;0;0;0;0;0;0;0;0;0;0;0;0;0;0;3600000;0;3600000
19.01.2022 12:00;0;0;0;0;0;0;0;0;0;0;0;0;0;0;0;0;0;0;0;0;0;0;0;0;0;0;0;0;0;3600000;0;3600000
19.01.2022 13:00;0;0;0;0;0;0;0;0;0;0;0;0;0;0;0;0;0;0;0;0;0;0;0;0;0;0;0;0;0;3600000;0;3600000
19.01.2022 14:00;0;0;0;0;0;0;0;0;0;0;0;0;0;0;0;0;0;0;0;0;0;0;0;0;0;0;0;0;0;3600000;0;3600000
19.01.2022 15:00;0;0;0;0;0;0;0;0;0;0;0;0;0;0;0;0;0;0;0;0;0;0;0;0;0;0;0;0;0;3600000;0;3600000
19.01.2022 16:00;0;0;0;0;0;0;0;0;0;0;0;0;0;0;0;0;0;0;0;0;0;0;0;0;0;0;0;0;0;3600000;0;3600000
19.01.2022 17:00;0;0;0;0;0;0;0;0;0;0;0;0;0;0;0;0;0;0;0;0;0;0;0;0;0;0;0;0;0;3600000;0;3600000
19.01.2022 18:00;0;0;0;0;0;0;0;0;0;0;0;0;0;0;0;0;0;0;0;0;0;0;0;0;0;0;0;0;0;3600000;0;3600000
19.01.2022 19:00;0;0;0;0;0;0;0;0;0;0;0;0;0;0;0;0;0;0;0;0;0;0;0;0;0;0;0;0;0;3600000;0;3600000
19.01.2022 20:00;0;0;0;0;0;0;0;0;0;0;0;0;0;0;0;0;0;0;0;0;0;0;0;0;0;0;0;0;0;3600000;0;3600000
19.01.2022 21:00;0;0;0;0;0;0;0;0;0;0;0;0;0;0;0;0;0;0;0;0;0;0;0;0;0;0;0;0;0;3600000;0;3600000
19.01.2022 22:00;0;0;0;0;0;0;0;0;0;0;0;0;0;0;0;0;0;0;0;0;0;0;0;0;0;0;0;0;0;3600000;0;3600000
19.01.2022 23:00;0;0;0;0;0;0;0;0;0;0;0;0;0;0;0;0;0;0;0;0;0;0;0;0;0;0;0;0;0;3600000;0;3600000
20.01.2022 00:00;0;0;0;0;0;0;0;0;0;0;0;0;0;0;0;0;0;0;0;0;0;0;0;0;0;0;0;0;0;3600000;0;3600000
20.01.2022 01:00;0;0;0;0;0;0;0;0;0;0;0;0;0;0;0;0;0;0;0;0;0;0;0;0;0;0;0;0;0;3600000;0;3600000
20.01.2022 02:00;0;0;0;0;0;0;0;0;0;0;0;0;0;0;0;0;0;0;0;0;0;0;0;0;0;0;0;0;0;3600000;0;3600000
20.01.2022 03:00;0;0;0;0;0;0;0;0;0;0;0;0;0;0;0;0;0;0;0;0;0;0;0;0;0;0;0;0;0;3600000;0;3600000
20.01.2022 04:00;0;0;0;0;0;0;0;0;0;0;0;0;0;0;0;0;0;0;0;0;0;0;0;0;0;0;0;0;0;3600000;0;3600000
20.01.2022 05:00;0;0;0;0;0;0;0;0;0;0;0;0;0;0;0;0;0;0;0;0;0;0;0;0;0;0;0;0;0;3600000;0;3600000
20.01.2022 06:00;0;0;0;0;0;0;0;0;0;0;0;0;0;0;0;0;0;0;0;0;0;0;0;0;0;0;0;0;0;3600000;0;3600000
20.01.2022 07:00;0;0;0;0;0;0;0;0;0;0;0;0;0;0;0;0;0;0;0;0;0;0;0;0;0;0;0;0;0;3600000;0;3600000
20.01.2022 08:00;0;0;0;0;0;0;0;0;0;0;0;0;0;0;0;0;0;0;0;0;0;0;0;0;0;0;0;0;0;3600000;0;3600000
20.01.2022 09:00;0;0;0;0;0;0;0;0;0;0;0;0;0;0;0;0;0;0;0;0;0;0;0;0;0;0;0;0;0;3600000;0;3600000
20.01.2022 10:00;0;0;0;0;0;0;0;0;0;0;0;0;0;0;0;0;0;0;0;0;0;0;0;0;0;0;0;0;0;3600000;0;3600000
20.01.2022 11:00;0;0;0;0;0;0;0;0;0;0;0;0;0;0;0;0;0;0;0;0;0;0;0;0;0;0;0;0;0;3600000;0;3600000
20.01.2022 12:00;0;0;0;0;0;0;0;0;0;0;0;0;0;0;0;0;0;0;0;0;0;0;0;0;0;0;0;0;0;3600000;0;3600000
20.01.2022 13:00;0;0;0;0;0;0;0;0;0;0;0;0;0;0;0;0;0;0;0;0;0;0;0;0;0;0;0;0;0;3600000;0;3600000
20.01.2022 14:00;0;0;0;0;0;0;0;0;0;0;0;0;0;0;0;0;0;0;0;0;0;0;0;0;0;0;0;0;0;3600000;0;3600000
20.01.2022 15:00;0;0;0;0;0;0;0;0;0;0;0;0;0;0;0;0;0;0;0;0;0;0;0;0;0;0;0;0;0;3600000;0;3600000
20.01.2022 16:00;0;0;0;0;0;0;0;0;0;0;0;0;0;0;0;0;0;0;0;0;0;0;0;0;0;0;0;0;0;3600000;0;3600000
20.01.2022 17:00;0;0;0;0;0;0;0;0;0;0;0;0;0;0;0;0;0;0;0;0;0;0;0;0;0;0;0;0;0;3600000;0;3600000
20.01.2022 18:00;0;0;0;0;0;0;0;0;0;0;0;0;0;0;0;0;0;0;0;0;0;0;0;0;0;0;0;0;0;3600000;0;3600000
20.01.2022 19:00;0;0;0;0;0;0;0;0;0;0;0;0;0;0;0;0;0;0;0;0;0;0;0;0;0;0;0;0;0;3600000;0;3600000
20.01.2022 20:00;0;0;0;0;0;0;0;0;0;0;0;0;0;0;0;0;0;0;0;0;0;0;0;0;0;0;0;0;0;3600000;0;3600000
20.01.2022 21:00;0;0;0;0;0;0;0;0;0;0;0;0;0;0;0;0;0;0;0;0;0;0;0;0;0;0;0;0;0;3600000;0;3600000
20.01.2022 22:00;0;0;0;0;0;0;0;0;0;0;0;0;0;0;0;0;0;0;0;0;0;0;0;0;0;0;0;0;0;3600000;0;3600000
20.01.2022 23:00;0;0;0;0;0;0;0;0;0;0;0;0;0;0;0;0;0;0;0;0;0;0;0;0;0;0;0;0;0;3600000;0;3600000
21.01.2022 00:00;0;0;0;0;0;0;0;0;0;0;0;0;0;0;0;0;0;0;0;0;0;0;0;0;0;0;0;0;0;3600000;0;3600000
21.01.2022 01:00;0;0;0;0;0;0;0;0;0;0;0;0;0;0;0;0;0;0;0;0;0;0;0;0;0;0;0;0;0;3600000;0;3600000
21.01.2022 02:00;0;0;0;0;0;0;0;0;0;0;0;0;0;0;0;0;0;0;0;0;0;0;0;0;0;0;0;0;0;3600000;0;3600000
21.01.2022 03:00;0;0;0;0;0;0;0;0;0;0;0;0;0;0;0;0;0;0;0;0;0;0;0;0;0;0;0;0;0;3600000;0;3600000
21.01.2022 04:00;0;0;0;0;0;0;0;0;0;0;0;0;0;0;0;0;0;0;0;0;0;0;0;0;0;0;0;0;0;3600000;0;3600000
21.01.2022 05:00;0;0;0;0;0;0;0;0;0;0;0;0;0;0;0;0;0;0;0;0;0;0;0;0;0;0;0;0;0;3600000;0;3600000
21.01.2022 06:00;0;0;0;0;0;0;0;0;0;0;0;0;0;0;0;0;0;0;0;0;0;0;0;0;0;0;0;0;0;3600000;0;3600000
21.01.2022 07:00;0;0;0;0;0;0;0;0;0;0;0;0;0;0;0;0;0;0;0;0;0;0;0;0;0;0;0;0;0;3600000;0;3600000
21.01.2022 08:00;0;0;0;0;0;0;0;0;0;0;0;0;0;0;0;0;0;0;0;0;0;0;0;0;0;0;0;0;0;3600000;0;3600000
21.01.2022 09:00;0;0;0;0;0;0;0;0;0;0;0;0;0;0;0;0;0;0;0;0;0;0;0;0;0;0;0;0;0;3600000;0;3600000
21.01.2022 10:00;0;0;0;0;0;0;0;0;0;0;0;0;0;0;0;0;0;0;0;0;0;0;0;0;0;0;0;0;0;3600000;0;3600000
21.01.2022 11:00;0;0;0;0;0;0;0;0;0;0;0;0;0;0;0;0;0;0;0;0;0;0;0;0;0;0;0;0;0;3600000;0;3600000
21.01.2022 12:00;0;0;0;0;0;0;0;0;0;0;0;0;0;0;0;0;0;0;0;0;0;0;0;0;0;0;0;0;0;3600000;0;3600000
21.01.2022 13:00;0;0;0;0;0;0;0;0;0;0;0;0;0;0;0;0;0;0;0;0;0;0;0;0;0;0;0;0;0;3600000;0;3600000
21.01.2022 14:00;0;0;0;0;0;0;0;0;0;0;0;0;0;0;0;0;0;0;0;0;0;0;0;0;0;0;0;0;0;3600000;0;3600000
21.01.2022 15:00;0;0;0;0;0;0;0;0;0;0;0;0;0;0;0;0;0;0;0;0;0;0;0;0;0;0;0;0;0;3600000;0;3600000
21.01.2022 16:00;0;0;0;0;0;0;0;0;0;0;0;0;0;0;0;0;0;0;0;0;0;0;0;0;0;0;0;0;0;3600000;0;3600000
21.01.2022 17:00;0;0;0;0;0;0;0;0;0;0;0;0;0;0;0;0;0;0;0;0;0;0;0;0;0;0;0;0;0;3600000;0;3600000
21.01.2022 18:00;0;0;0;0;0;0;0;0;0;0;0;0;0;0;0;0;0;0;0;0;0;0;0;0;0;0;0;0;0;3600000;0;3600000
21.01.2022 19:00;0;0;0;0;0;0;0;0;0;0;0;0;0;0;0;0;0;0;0;0;0;0;0;0;0;0;0;0;0;3600000;0;3600000
21.01.2022 20:00;0;0;0;0;0;0;0;0;0;0;0;0;0;0;0;0;0;0;0;0;0;0;0;0;0;0;0;0;0;3600000;0;3600000
21.01.2022 21:00;0;0;0;0;0;0;0;0;0;0;0;0;0;0;0;0;0;0;0;0;0;0;0;0;0;0;0;0;0;3600000;0;3600000
21.01.2022 22:00;0;0;0;0;0;0;0;0;0;0;0;0;0;0;0;0;0;0;0;0;0;0;0;0;0;0;0;0;0;3600000;0;3600000
21.01.2022 23:00;0;0;0;0;0;0;0;0;0;0;0;0;0;0;0;0;0;0;0;0;0;0;0;0;0;0;0;0;0;3600000;0;3600000
22.01.2022 00:00;0;0;0;0;0;0;0;0;0;0;0;0;0;0;0;0;0;0;0;0;0;0;0;0;0;0;0;0;0;3600000;0;3600000
22.01.2022 01:00;0;0;0;0;0;0;0;0;0;0;0;0;0;0;0;0;0;0;0;0;0;0;0;0;0;0;0;0;0;3600000;0;3600000
22.01.2022 02:00;0;0;0;0;0;0;0;0;0;0;0;0;0;0;0;0;0;0;0;0;0;0;0;0;0;0;0;0;0;3600000;0;3600000
22.01.2022 03:00;0;0;0;0;0;0;0;0;0;0;0;0;0;0;0;0;0;0;0;0;0;0;0;0;0;0;0;0;0;3600000;0;3600000
22.01.2022 04:00;0;0;0;0;0;0;0;0;0;0;0;0;0;0;0;0;0;0;0;0;0;0;0;0;0;0;0;0;0;3600000;0;3600000
22.01.2022 05:00;0;0;0;0;0;0;0;0;0;0;0;0;0;0;0;0;0;0;0;0;0;0;0;0;0;0;0;0;0;3600000;0;3600000
22.01.2022 06:00;0;0;0;0;0;0;0;0;0;0;0;0;0;0;0;0;0;0;0;0;0;0;0;0;0;0;0;0;0;3600000;0;3600000
22.01.2022 07:00;0;0;0;0;0;0;0;0;0;0;0;0;0;0;0;0;0;0;0;0;0;0;0;0;0;0;0;0;0;3600000;0;3600000
22.01.2022 08:00;0;0;0;0;0;0;0;0;0;0;0;0;0;0;0;0;0;0;0;0;0;0;0;0;0;0;0;0;0;3600000;0;3600000
22.01.2022 09:00;0;0;0;0;0;0;0;0;0;0;0;0;0;0;0;0;0;0;0;0;0;0;0;0;0;0;0;0;0;3600000;0;3600000
22.01.2022 10:00;0;0;0;0;0;0;0;0;0;0;0;0;0;0;0;0;0;0;0;0;0;0;0;0;0;0;0;0;0;3600000;0;3600000
22.01.2022 11:00;0;0;0;0;0;0;0;0;0;0;0;0;0;0;0;0;0;0;0;0;0;0;0;0;0;0;0;0;0;3600000;0;3600000
22.01.2022 12:00;0;0;0;0;0;0;0;0;0;0;0;0;0;0;0;0;0;0;0;0;0;0;0;0;0;0;0;0;0;3600000;0;3600000
22.01.2022 13:00;0;0;0;0;0;0;0;0;0;0;0;0;0;0;0;0;0;0;0;0;0;0;0;0;0;0;0;0;0;3600000;0;3600000
22.01.2022 14:00;0;0;0;0;0;0;0;0;0;0;0;0;0;0;0;0;0;0;0;0;0;0;0;0;0;0;0;0;0;3600000;0;3600000
22.01.2022 15:00;0;0;0;0;0;0;0;0;0;0;0;0;0;0;0;0;0;0;0;0;0;0;0;0;0;0;0;0;0;3600000;0;3600000
22.01.2022 16:00;0;0;0;0;0;0;0;0;0;0;0;0;0;0;0;0;0;0;0;0;0;0;0;0;0;0;0;0;0;3600000;0;3600000
22.01.2022 17:00;0;0;0;0;0;0;0;0;0;0;0;0;0;0;0;0;0;0;0;0;0;0;0;0;0;0;0;0;0;3600000;0;3600000
22.01.2022 18:00;0;0;0;0;0;0;0;0;0;0;0;0;0;0;0;0;0;0;0;0;0;0;0;0;0;0;0;0;0;3600000;0;3600000
22.01.2022 19:00;0;0;0;0;0;0;0;0;0;0;0;0;0;0;0;0;0;0;0;0;0;0;0;0;0;0;0;0;0;3600000;0;3600000
22.01.2022 20:00;0;0;0;0;0;0;0;0;0;0;0;0;0;0;0;0;0;0;0;0;0;0;0;0;0;0;0;0;0;3600000;0;3600000
22.01.2022 21:00;0;0;0;0;0;0;0;0;0;0;0;0;0;0;0;0;0;0;0;0;0;0;0;0;0;0;0;0;0;3600000;0;3600000
22.01.2022 22:00;0;0;0;0;0;0;0;0;0;0;0;0;0;0;0;0;0;0;0;0;0;0;0;0;0;0;0;0;0;3600000;0;3600000
22.01.2022 23:00;0;0;0;0;0;0;0;0;0;0;0;0;0;0;0;0;0;0;0;0;0;0;0;0;0;0;0;0;0;3600000;0;3600000
23.01.2022 00:00;0;0;0;0;0;0;0;0;0;0;0;0;0;0;0;0;0;0;0;0;0;0;0;0;0;0;0;0;0;3600000;0;3600000
23.01.2022 01:00;0;0;0;0;0;0;0;0;0;0;0;0;0;0;0;0;0;0;0;0;0;0;0;0;0;0;0;0;0;3600000;0;3600000
23.01.2022 02:00;0;0;0;0;0;0;0;0;0;0;0;0;0;0;0;0;0;0;0;0;0;0;0;0;0;0;0;0;0;3600000;0;3600000
23.01.2022 03:00;0;0;0;0;0;0;0;0;0;0;0;0;0;0;0;0;0;0;0;0;0;0;0;0;0;0;0;0;0;3600000;0;3600000
23.01.2022 04:00;0;0;0;0;0;0;0;0;0;0;0;0;0;0;0;0;0;0;0;0;0;0;0;0;0;0;0;0;0;3600000;0;3600000
23.01.2022 05:00;0;0;0;0;0;0;0;0;0;0;0;0;0;0;0;0;0;0;0;0;0;0;0;0;0;0;0;0;0;3600000;0;3600000
23.01.2022 06:00;0;0;0;0;0;0;0;0;0;0;0;0;0;0;0;0;0;0;0;0;0;0;0;0;0;0;0;0;0;3600000;0;3600000
23.01.2022 07:00;0;0;0;0;0;0;0;0;0;0;0;0;0;0;0;0;0;0;0;0;0;0;0;0;0;0;0;0;0;3600000;0;3600000
23.01.2022 08:00;0;0;0;0;0;0;0;0;0;0;0;0;0;0;0;0;0;0;0;0;0;0;0;0;0;0;0;0;0;3600000;0;3600000
23.01.2022 09:00;0;0;0;0;0;0;0;0;0;0;0;0;0;0;0;0;0;0;0;0;0;0;0;0;0;0;0;0;0;3600000;0;3600000
23.01.2022 10:00;0;0;0;0;0;0;0;0;0;0;0;0;0;0;0;0;0;0;0;0;0;0;0;0;0;0;0;0;0;3600000;0;3600000
23.01.2022 11:00;0;0;0;0;0;0;0;0;0;0;0;0;0;0;0;0;0;0;0;0;0;0;0;0;0;0;0;0;0;3600000;0;3600000
23.01.2022 12:00;0;0;0;0;0;0;0;0;0;0;0;0;0;0;0;0;0;0;0;0;0;0;0;0;0;0;0;0;0;3600000;0;3600000
23.01.2022 13:00;0;0;0;0;0;0;0;0;0;0;0;0;0;0;0;0;0;0;0;0;0;0;0;0;0;0;0;0;0;3600000;0;3600000
23.01.2022 14:00;0;0;0;0;0;0;0;0;0;0;0;0;0;0;0;0;0;0;0;0;0;0;0;0;0;0;0;0;0;3600000;0;3600000
23.01.2022 15:00;0;0;0;0;0;0;0;0;0;0;0;0;0;0;0;0;0;0;0;0;0;0;0;0;0;0;0;0;0;3600000;0;3600000
23.01.2022 16:00;0;0;0;0;0;0;0;0;0;0;0;0;0;0;0;0;0;0;0;0;0;0;0;0;0;0;0;0;0;3600000;0;3600000
23.01.2022 17:00;0;0;0;0;0;0;0;0;0;0;0;0;0;0;0;0;0;0;0;0;0;0;0;0;0;0;0;0;0;3600000;0;3600000
23.01.2022 18:00;0;0;0;0;0;0;0;0;0;0;0;0;0;0;0;0;0;0;0;0;0;0;0;0;0;0;0;0;0;3600000;0;3600000
23.01.2022 19:00;0;0;0;0;0;0;0;0;0;0;0;0;0;0;0;0;0;0;0;0;0;0;0;0;0;0;0;0;0;3600000;0;3600000
23.01.2022 20:00;0;0;0;0;0;0;0;0;0;0;0;0;0;0;0;0;0;0;0;0;0;0;0;0;0;0;0;0;0;3600000;0;3600000
23.01.2022 21:00;0;0;0;0;0;0;0;0;0;0;0;0;0;0;0;0;0;0;0;0;0;0;0;0;0;0;0;0;0;3600000;0;3600000
23.01.2022 22:00;0;0;0;0;0;0;0;0;0;0;0;0;0;0;0;0;0;0;0;0;0;0;0;0;0;0;0;0;0;3600000;0;3600000
23.01.2022 23:00;0;0;0;0;0;0;0;0;0;0;0;0;0;0;0;0;0;0;0;0;0;0;0;0;0;0;0;0;0;3600000;0;3600000
24.01.2022 00:00;0;0;0;0;0;0;0;0;0;0;0;0;0;0;0;0;0;0;0;0;0;0;0;0;0;0;0;0;0;3600000;0;3600000
24.01.2022 01:00;0;0;0;0;0;0;0;0;0;0;0;0;0;0;0;0;0;0;0;0;0;0;0;0;0;0;0;0;0;3600000;0;3600000
24.01.2022 02:00;0;0;0;0;0;0;0;0;0;0;0;0;0;0;0;0;0;0;0;0;0;0;0;0;0;0;0;0;0;3600000;0;3600000
24.01.2022 03:00;0;0;0;0;0;0;0;0;0;0;0;0;0;0;0;0;0;0;0;0;0;0;0;0;0;0;0;0;0;3600000;0;3600000
24.01.2022 04:00;0;0;0;0;0;0;0;0;0;0;0;0;0;0;0;0;0;0;0;0;0;0;0;0;0;0;0;0;0;3600000;0;3600000
24.01.2022 05:00;0;0;0;0;0;0;0;0;0;0;0;0;0;0;0;0;0;0;0;0;0;0;0;0;0;0;0;0;0;3600000;0;3600000
24.01.2022 06:00;0;0;0;0;0;0;0;0;0;0;0;0;0;0;0;0;0;0;0;0;0;0;0;0;0;0;0;0;0;3600000;0;3600000
24.01.2022 07:00;0;0;0;0;0;0;0;0;0;0;0;0;0;0;0;0;0;0;0;0;0;0;0;0;0;0;0;0;0;3600000;0;3600000
24.01.2022 08:00;0;0;0;0;0;0;0;0;0;0;0;0;0;0;0;0;0;0;0;0;0;0;0;0;0;0;0;0;0;3600000;0;3600000
24.01.2022 09:00;0;0;0;0;0;0;0;0;0;0;0;0;0;0;0;0;0;0;0;0;0;0;0;0;0;0;0;0;0;3600000;0;3600000
24.01.2022 10:00;0;0;0;0;0;0;0;0;0;0;0;0;0;0;0;0;0;0;0;0;0;0;0;0;0;0;0;0;0;3600000;0;3600000
24.01.2022 11:00;0;0;0;0;0;0;0;0;0;0;0;0;0;0;0;0;0;0;0;0;0;0;0;0;0;0;0;0;0;3600000;0;3600000
24.01.2022 12:00;0;0;0;0;0;0;0;0;0;0;0;0;0;0;0;0;0;0;0;0;0;0;0;0;0;0;0;0;0;3600000;0;3600000
24.01.2022 13:00;0;0;0;0;0;0;0;0;0;0;0;0;0;0;0;0;0;0;0;0;0;0;0;0;0;0;0;0;0;3600000;0;3600000
24.01.2022 14:00;0;0;0;0;0;0;0;0;0;0;0;0;0;0;0;0;0;0;0;0;0;0;0;0;0;0;0;0;0;3600000;0;3600000
24.01.2022 15:00;0;0;0;0;0;0;0;0;0;0;0;0;0;0;0;0;0;0;0;0;0;0;0;0;0;0;0;0;0;3600000;0;3600000
24.01.2022 16:00;0;0;0;0;0;0;0;0;0;0;0;0;0;0;0;0;0;0;0;0;0;0;0;0;0;0;0;0;0;3600000;0;3600000
24.01.2022 17:00;0;0;0;0;0;0;0;0;0;0;0;0;0;0;0;0;0;0;0;0;0;0;0;0;0;0;0;0;0;3600000;0;3600000
24.01.2022 18:00;0;0;0;0;0;0;0;0;0;0;0;0;0;0;0;0;0;0;0;0;0;0;0;0;0;0;0;0;0;3600000;0;3600000
24.01.2022 19:00;0;0;0;0;0;0;0;0;0;0;0;0;0;0;0;0;0;0;0;0;0;0;0;0;0;0;0;0;0;3600000;0;3600000
24.01.2022 20:00;0;0;0;0;0;0;0;0;0;0;0;0;0;0;0;0;0;0;0;0;0;0;0;0;0;0;0;0;0;3600000;0;3600000
24.01.2022 21:00;0;0;0;0;0;0;0;0;0;0;0;0;0;0;0;0;0;0;0;0;0;0;0;0;0;0;0;0;0;3600000;0;3600000
24.01.2022 22:00;0;0;0;0;0;0;0;0;0;0;0;0;0;0;0;0;0;0;0;0;0;0;0;0;0;0;0;0;0;3600000;0;3600000
24.01.2022 23:00;0;0;0;0;0;0;0;0;0;0;0;0;0;0;0;0;0;0;0;0;0;0;0;0;0;0;0;0;0;3600000;0;3600000
25.01.2022 00:00;0;0;0;0;0;0;0;0;0;0;0;0;0;0;0;0;0;0;0;0;0;0;0;0;0;0;0;0;0;3600000;0;3600000
25.01.2022 01:00;0;0;0;0;0;0;0;0;0;0;0;0;0;0;0;0;0;0;0;0;0;0;0;0;0;0;0;0;0;3600000;0;3600000
25.01.2022 02:00;0;0;0;0;0;0;0;0;0;0;0;0;0;0;0;0;0;0;0;0;0;0;0;0;0;0;0;0;0;3600000;0;3600000
25.01.2022 03:00;0;0;0;0;0;0;0;0;0;0;0;0;0;0;0;0;0;0;0;0;0;0;0;0;0;0;0;0;0;3600000;0;3600000
25.01.2022 04:00;0;0;0;0;0;0;0;0;0;0;0;0;0;0;0;0;0;0;0;0;0;0;0;0;0;0;0;0;0;3600000;0;3600000
25.01.2022 05:00;0;0;0;0;0;0;0;0;0;0;0;0;0;0;0;0;0;0;0;0;0;0;0;0;0;0;0;0;0;3600000;0;3600000
25.01.2022 06:00;0;0;0;0;0;0;0;0;0;0;0;0;0;0;0;0;0;0;0;0;0;0;0;0;0;0;0;0;0;3600000;0;3600000
25.01.2022 07:00;0;0;0;0;0;0;0;0;0;0;0;0;0;0;0;0;0;0;0;0;0;0;0;0;0;0;0;0;0;3600000;0;3600000
25.01.2022 08:00;0;0;0;0;0;0;0;0;0;0;0;0;0;0;0;0;0;0;0;0;0;0;0;0;0;0;0;0;0;3600000;0;3600000
25.01.2022 09:00;0;0;0;0;0;0;0;0;0;0;0;0;0;0;0;0;0;0;0;0;0;0;0;0;0;0;0;0;0;3600000;0;3600000
25.01.2022 10:00;0;0;0;0;0;0;0;0;0;0;0;0;0;0;0;0;0;0;0;0;0;0;0;0;0;0;0;0;0;3600000;0;3600000
25.01.2022 11:00;0;0;0;0;0;0;0;0;0;0;0;0;0;0;0;0;0;0;0;0;0;0;0;0;0;0;0;0;0;3600000;0;3600000
25.01.2022 12:00;0;0;0;0;0;0;0;0;0;0;0;0;0;0;0;0;0;0;0;0;0;0;0;0;0;0;0;0;0;3600000;0;3600000
25.01.2022 13:00;0;0;0;0;0;0;0;0;0;0;0;0;0;0;0;0;0;0;0;0;0;0;0;0;0;0;0;0;0;3600000;0;3600000
25.01.2022 14:00;0;0;0;0;0;0;0;0;0;0;0;0;0;0;0;0;0;0;0;0;0;0;0;0;0;0;0;0;0;3600000;0;3600000
25.01.2022 15:00;0;0;0;0;0;0;0;0;0;0;0;0;0;0;0;0;0;0;0;0;0;0;0;0;0;0;0;0;0;3600000;0;3600000
25.01.2022 16:00;0;0;0;0;0;0;0;0;0;0;0;0;0;0;0;0;0;0;0;0;0;0;0;0;0;0;0;0;0;3600000;0;3600000
25.01.2022 17:00;0;0;0;0;0;0;0;0;0;0;0;0;0;0;0;0;0;0;0;0;0;0;0;0;0;0;0;0;0;3600000;0;3600000
25.01.2022 18:00;0;0;0;0;0;0;0;0;0;0;0;0;0;0;0;0;0;0;0;0;0;0;0;0;0;0;0;0;0;3600000;0;3600000
25.01.2022 19:00;0;0;0;0;0;0;0;0;0;0;0;0;0;0;0;0;0;0;0;0;0;0;0;0;0;0;0;0;0;3600000;0;3600000
25.01.2022 20:00;0;0;0;0;0;0;0;0;0;0;0;0;0;0;0;0;0;0;0;0;0;0;0;0;0;0;0;0;0;3600000;0;3600000
25.01.2022 21:00;0;0;0;0;0;0;0;0;0;0;0;0;0;0;0;0;0;0;0;0;0;0;0;0;0;0;0;0;0;3600000;0;3600000
25.01.2022 22:00;0;0;0;0;0;0;0;0;0;0;0;0;0;0;0;0;0;0;0;0;0;0;0;0;0;0;0;0;0;3600000;0;3600000
25.01.2022 23:00;0;0;0;0;0;0;0;0;0;0;0;0;0;0;0;0;0;0;0;0;0;0;0;0;0;0;0;0;0;3600000;0;3600000
26.01.2022 00:00;0;0;0;0;0;0;0;0;0;0;0;0;0;0;0;0;0;0;0;0;0;0;0;0;0;0;0;0;0;3600000;0;3600000
26.01.2022 01:00;0;0;0;0;0;0;0;0;0;0;0;0;0;0;0;0;0;0;0;0;0;0;0;0;0;0;0;0;0;3600000;0;3600000
26.01.2022 02:00;0;0;0;0;0;0;0;0;0;0;0;0;0;0;0;0;0;0;0;0;0;0;0;0;0;0;0;0;0;3600000;0;3600000
26.01.2022 03:00;0;0;0;0;0;0;0;0;0;0;0;0;0;0;0;0;0;0;0;0;0;0;0;0;0;0;0;0;0;3600000;0;3600000
26.01.2022 04:00;0;0;0;0;0;0;0;0;0;0;0;0;0;0;0;0;0;0;0;0;0;0;0;0;0;0;0;0;0;3600000;0;3600000
26.01.2022 05:00;0;0;0;0;0;0;0;0;0;0;0;0;0;0;0;0;0;0;0;0;0;0;0;0;0;0;0;0;0;3600000;0;3600000
26.01.2022 06:00;0;0;0;0;0;0;0;0;0;0;0;0;0;0;0;0;0;0;0;0;0;0;0;0;0;0;0;0;0;3600000;0;3600000
26.01.2022 07:00;0;0;0;0;0;0;0;0;0;0;0;0;0;0;0;0;0;0;0;0;0;0;0;0;0;0;0;0;0;3600000;0;3600000
26.01.2022 08:00;0;0;0;0;0;0;0;0;0;0;0;0;0;0;0;0;0;0;0;0;0;0;0;0;0;0;0;0;0;3600000;0;3600000
26.01.2022 09:00;0;0;0;0;0;0;0;0;0;0;0;0;0;0;0;0;0;0;0;0;0;0;0;0;0;0;0;0;0;3600000;0;3600000
26.01.2022 10:00;0;0;0;0;0;0;0;0;0;0;0;0;0;0;0;0;0;0;0;0;0;0;0;0;0;0;0;0;0;3600000;0;3600000
26.01.2022 11:00;0;0;0;0;0;0;0;0;0;0;0;0;0;0;0;0;0;0;0;0;0;0;0;0;0;0;0;0;0;3600000;0;3600000
26.01.2022 12:00;0;0;0;0;0;0;0;0;0;0;0;0;0;0;0;0;0;0;0;0;0;0;0;0;0;0;0;0;0;3600000;0;3600000
26.01.2022 13:00;0;0;0;0;0;0;0;0;0;0;0;0;0;0;0;0;0;0;0;0;0;0;0;0;0;0;0;0;0;3600000;0;3600000
26.01.2022 14:00;1;1000;2;2000;34;416964;207;714087;127;1067078;1;390;2;1990;2;2000;0;0;0;0;17;17410;7;7010;38;542884;91;1131763;9;3276548;5;3266160
26.01.2022 15:00;5;4990;4;4000;85;565105;422;1620458;226;2118270;3;26690;4;4044;5;5000;0;0;0;0;39;44060;14;14250;94;1413850;148;2622143;0;3600000;0;3600000
26.01.2022 16:00;4;4000;4;3990;83;614158;430;1392398;253;2185475;2;1360;4;4000;4;4000;0;0;0;0;35;39100;10;10690;92;1299187;163;2594557;0;3600000;0;3600000
26.01.2022 17:00;1;1000;1;1000;91;817691;470;1469448;217;1897154;5;53130;1;1000;2;2041;0;0;0;0;34;38010;26;27540;101;1483209;133;2848737;0;3600000;0;3600000
26.01.2022 18:00;2;2000;2;2000;70;677029;408;847504;220;2007511;4;2020;2;2000;2;2000;0;0;0;0;46;51277;39;40060;77;1343663;178;1955745;0;3600000;0;3600000
26.01.2022 19:00;6;5990;5;4980;59;436224;286;1195159;163;1479067;0;0;6;5980;5;5000;0;0;0;0;29;31620;21;22030;82;958345;161;1449045;0;3600000;0;3600000
26.01.2022 20:00;5;4990;4;4000;40;235805;203;776205;114;1056801;1;390;5;5000;4;4000;0;0;0;0;28;37930;8;8260;51;494300;131;1173006;0;3600000;0;3600000
26.01.2022 21:00;4;4000;4;3990;16;41630;176;578150;78;789969;0;0;4;4000;4;3990;0;0;0;0;17;18010;2;2010;38;362491;119;744726;0;3600000;0;3600000
26.01.2022 22:00;4;4000;4;4000;23;155310;139;616283;63;639696;3;14280;4;3980;4;4000;0;0;0;0;7;8550;0;0;36;348346;104;702334;0;3600000;0;3600000
26.01.2022 23:00;2;2000;2;2000;12;108450;92;388754;29;367304;1;31830;2;2000;2;2000;0;0;0;0;6;6030;3;3070;19;342225;83;366420;0;3600000;0;3600000
27.01.2022 00:00;2;1990;3;3000;6;35530;36;92270;7;123560;1;450;2;2000;3;3000;0;0;0;0;4;6000;0;0;7;71600;31;128034;0;3600000;0;3600000
27.01.2022 01:00;0;0;1;1000;2;17790;25;15870;2;42130;2;25160;0;0;1;1000;0;0;0;0;1;1000;0;0;3;26210;24;76580;0;3600000;0;3600000
27.01.2022 02:00;0;0;0;0;0;0;11;7800;2;17464;0;0;0;0;0;0;0;0;0;0;1;1010;1;1000;3;64890;8;20700;0;3600000;0;3600000
27.01.2022 03:00;1;1000;0;0;3;35630;22;25320;5;26010;2;3490;1;1000;0;0;0;0;0;0;0;0;0;0;2;7750;16;59690;0;3600000;0;3600000
27.01.2022 04:00;3;2990;2;2000;10;38170;29;42070;10;209375;1;14540;3;3000;2;2000;0;0;0;0;0;0;0;0;6;46500;31;107250;0;3600000;0;3600000
27.01.2022 05:00;4;4000;5;5000;11;113190;170;415995;34;542158;3;24680;4;4000;5;4990;0;0;0;0;2;2430;1;1010;14;185230;102;714180;0;3600000;0;3600000
27.01.2022 06:00;4;3990;4;3990;26;339101;344;1031021;90;1031401;2;11510;4;3990;4;4057;0;0;0;0;8;8070;2;2110;22;349360;124;1753498;0;3600000;0;3600000
27.01.2022 07:00;6;5990;4;4000;66;684306;556;1640702;252;2171600;9;5590;6;5980;4;4000;0;0;0;0;23;26120;15;15200;84;1259411;96;3148307;0;3600000;0;3600000
27.01.2022 08:00;6;5980;6;6000;79;1005986;476;1536158;249;2290148;10;126192;6;5990;7;7000;0;0;1;560;30;31910;15;15390;78;1156532;141;3031763;1;3400190;1;3400190
27.01.2022 09:00;5;5000;4;4000;56;459390;428;1263681;235;1862960;6;3370;5;5000;3;3000;0;0;0;0;33;37980;16;16030;76;1111064;170;2671946;0;3600000;0;3600000
27.01.2022 10:00;4;3990;4;3990;62;377454;359;1408117;218;1676543;11;59520;4;4000;5;4990;0;0;0;0;33;34400;13;13340;77;995238;139;2357717;0;3600000;0;3600000
27.01.2022 11:00;4;3990;5;5000;77;511146;354;1672076;251;1975358;10;106526;4;4000;4;4055;0;0;0;0;23;26570;17;17960;79;1169117;133;2496408;0;3600000;0;3600000
27.01.2022 12:00;5;5000;5;5000;82;557864;381;1633911;258;1881945;6;2860;5;5000;5;5000;0;0;0;0;37;41275;20;21050;90;1379978;148;2662440;0;3600000;0;3600000
27.01.2022 13:00;8;8000;7;6990;84;625786;384;1982777;281;2066820;9;4780;8;8054;8;7970;0;0;0;0;32;34710;10;10730;99;1349499;150;2696536;69;2955829;67;2390931
27.01.2022 14:00;5;5000;6;6000;88;641797;434;1376912;250;2382638;7;3660;5;4990;5;5000;0;0;0;0;34;37850;17;17170;91;1298590;173;2584026;55;3032773;62;2555310
27.01.2022 15:00;4;3980;5;5000;107;901040;455;1679620;279;2141409;9;75440;4;4000;5;4970;0;0;0;0;29;33330;19;19300;98;1544883;172;2753531;0;3600000;0;3600000
27.01.2022 16:00;4;4000;3;3000;96;769039;450;1679280;276;2592680;3;1420;4;4000;4;4000;0;0;0;0;39;44220;14;14430;104;1368093;182;2664325;0;3600000;0;3600000
27.01.2022 17:00;4;3990;5;5000;112;632453;447;2082480;277;2368013;3;2320;4;3990;4;3990;0;0;0;0;42;44480;11;11430;100;1661773;88;3215049;0;3600000;0;3600000
27.01.2022 18:00;4;3990;3;2990;75;809237;453;1378802;248;2300235;2;1420;4;3990;4;4000;0;0;0;0;29;31580;14;14050;88;1536177;134;2844636;0;3600000;0;3600000
27.01.2022 19:00;5;5000;4;4000;58;561287;337;1094471;164;1573898;3;1800;5;5000;4;3990;0;0;0;0;28;31460;10;10420;78;1278222;160;1752087;0;3600000;0;3600000
27.01.2022 20:00;4;4000;4;3990;50;240526;207;790224;98;1013043;2;650;4;3990;4;4000;0;0;0;0;22;22590;5;5130;55;635664;125;1197932;0;3600000;0;3600000
27.01.2022 21:00;4;3990;4;3990;28;214069;200;736833;61;549220;3;2260;4;4000;4;4000;0;0;0;0;12;12540;5;5050;42;666843;127;1154917;0;3600000;0;3600000
27.01.2022 22:00;4;4000;4;3980;30;191921;114;494804;66;745296;1;19230;4;4000;4;4000;0;0;0;0;7;10960;2;2010;35;359475;111;698400;0;3600000;0;3600000
27.01.2022 23:00;2;2000;2;1990;16;102130;89;396980;37;441087;1;16190;2;2000;2;2000;0;0;0;0;13;13610;0;0;21;199220;67;471780;0;3600000;0;3600000
28.01.2022 00:00;2;2000;3;3000;9;27440;38;189630;15;728559;2;88600;2;2000;3;3000;0;0;0;0;1;1010;1;1000;11;81232;40;221700;0;3600000;0;3600000
28.01.2022 01:00;0;0;1;1000;4;76420;15;26410;1;70;1;1160;0;0;1;1000;0;0;0;0;0;0;1;990;4;44350;14;42570;0;3600000;0;3600000
28.01.2022 02:00;0;0;0;0;1;2560;9;21330;5;280592;0;0;0;0;0;0;0;0;0;0;0;0;0;0;2;57110;10;40490;0;3600000;0;3600000
28.01.2022 03:00;1;1000;0;0;5;4640;18;64150;4;622361;0;0;1;990;0;0;0;0;0;0;0;0;0;0;1;7120;16;97310;0;3600000;0;3600000
28.01.2022 04:00;3;3000;2;2000;7;66500;35;86470;9;154370;1;380;3;3000;2;1990;0;0;0;0;0;0;0;0;8;144640;32;155900;0;3600000;0;3600000
28.01.2022 05:00;3;3000;5;5000;8;55940;133;311526;31;389423;0;0;3;3000;5;5000;0;0;0;0;0;0;1;1010;19;313619;77;629390;0;3600000;0;3600000
28.01.2022 06:00;4;4000;3;3000;18;249038;322;864403;73;989144;0;0;4;4000;3;3000;0;0;0;0;6;8410;7;7860;28;396268;119;1650561;0;3600000;0;3600000
28.01.2022 07:00;5;4990;4;4000;77;801639;525;1412875;263;2055280;8;5540;5;5000;4;4000;0;0;0;0;32;35540;13;13970;71;1213325;94;3015016;0;3600000;0;3600000
28.01.2022 08:00;6;6000;5;5000;61;509515;484;1665943;240;2101587;10;57410;6;5990;6;5990;0;0;0;0;31;34350;9;9060;73;1254328;197;2660245;0;3600000;0;3600000
28.01.2022 09:00;4;4000;4;4010;58;574000;421;1490461;252;1937659;11;5479;4;4000;3;3000;0;0;0;0;25;28770;17;18320;72;1047275;184;2498695;0;3600000;0;3600000
28.01.2022 10:00;5;5000;6;6000;84;613936;364;1470459;239;1922084;4;1950;6;5990;6;6000;0;0;0;0;38;43940;12;12050;87;1225115;155;2465761;84;2308652;72;1863398
28.01.2022 11:00;4;3980;4;3980;102;648089;355;1690840;278;2062535;7;3620;3;3000;5;5000;0;0;0;0;40;48320;16;16500;90;1368737;154;2524181;93;1923723;101;1359266
28.01.2022 12:00;6;6000;6;5990;118;653103;463;1503536;274;2246416;12;9880;6;6000;5;5000;0;0;0;0;37;41730;11;12480;104;1219531;190;2502711;19;3397360;17;3196400
28.01.2022 13:00;5;5000;6;5980;105;690121;442;1621053;299;2518281;10;5170;6;5990;6;6000;0;0;0;0;41;48780;32;34430;97;1437625;190;2648066;0;3600000;0;3600000
28.01.2022 14:00;6;6000;5;4980;107;552874;536;1791837;297;2265697;9;55470;5;4980;6;6000;0;0;0;0;57;69728;26;30220;101;1486022;187;3037829;0;3600000;0;3600000
28.01.2022 15:00;3;3000;4;4000;95;654897;493;1564784;247;2347701;4;1810;3;2990;3;2990;0;0;0;0;43;46189;17;17810;98;1178652;228;2336971;0;3600000;0;3600000
28.01.2022 16:00;3;3000;3;2990;79;494212;468;1475192;253;2157829;2;770;3;2990;4;3990;0;0;0;0;43;50130;15;15130;81;1320357;252;2386079;0;3600000;0;3600000
28.01.2022 17:00;4;3990;4;3990;90;479936;461;1542846;254;2295619;5;2540;4;4000;3;3000;0;0;0;0;52;56390;18;18120;90;1272839;165;2653485;0;3600000;0;3600000
28.01.2022 18:00;3;3000;2;2000;89;823608;495;1486555;256;2212680;2;840;4;4000;4;4000;0;0;0;0;30;31370;12;12040;97;1284985;130;2682630;0;3600000;0;3600000
28.01.2022 19:00;6;6000;4;4000;75;514164;351;1273030;196;1999897;7;4590;5;4990;3;3000;0;0;0;0;43;57815;14;14600;91;1370911;179;1808066;0;3600000;0;3600000
28.01.2022 20:00;4;4000;5;5000;29;206890;253;1014228;134;972788;2;1170;4;4000;5;5000;0;0;0;0;20;22382;6;6010;63;725375;142;1544126;12;3188299;11;3179079
28.01.2022 21:00;4;3980;4;4000;24;177610;222;744758;85;737327;1;250;4;4000;4;4000;0;0;0;0;16;19640;7;7280;51;625474;148;1109482;10;3287760;11;3292211
28.01.2022 22:00;4;3990;4;3980;32;127390;202;824700;81;675777;3;650;4;4000;4;4000;0;0;0;0;18;19700;14;14380;54;533746;132;973178;0;3600000;0;3600000
28.01.2022 23:00;2;2000;2;2000;10;47755;122;483151;55;409149;2;450;2;2000;2;1990;0;0;0;0;8;8170;4;4000;31;323225;110;620038;0;3600000;0;3600000
29.01.2022 00:00;2;2000;2;2000;16;137165;71;303570;38;501581;1;27870;2;2000;2;2000;0;0;0;0;2;2640;3;3610;15;155030;63;402100;0;3600000;0;3600000
29.01.2022 01:00;2;2000;2;2000;8;69270;49;155750;23;342773;2;980;2;2000;2;2000;0;0;1;930;1;2030;0;0;10;105810;42;176166;0;3600000;0;3600000
29.01.2022 02:00;2;2000;2;2000;11;56060;34;112765;12;262987;1;14070;2;2000;2;2000;0;0;0;0;5;5589;2;2000;3;41450;30;163296;0;3600000;0;3600000
29.01.2022 03:00;2;2000;2;2000;4;18390;23;55890;19;149134;0;0;2;2000;2;2000;0;0;0;0;0;0;1;1000;4;64000;20;99235;0;3600000;0;3600000
29.01.2022 04:00;2;2000;2;2000;14;9350;21;84380;13;179710;2;3860;2;2000;2;1990;0;0;0;0;0;0;4;4000;10;92753;20;58333;0;3600000;0;3600000
29.01.2022 05:00;4;4000;4;4000;9;24050;45;136016;13;200505;0;0;4;4000;4;4000;0;0;0;0;1;1900;1;1000;9;132040;38;169766;0;3600000;0;3600000
29.01.2022 06:00;4;3990;4;3990;7;6360;80;236678;14;249184;1;1040;4;3990;4;4000;0;0;0;0;3;3050;0;0;11;146943;75;287150;0;3600000;0;3600000
29.01.2022 07:00;4;3990;4;3990;17;37330;99;452840;43;509640;0;0;4;4000;4;4000;0;0;0;0;10;11430;3;3390;20;202330;77;522036;0;3600000;0;3600000
29.01.2022 08:00;4;4000;4;4000;22;113990;174;676862;87;842115;1;130;4;3990;4;4000;0;0;0;0;21;25120;2;2010;21;247962;131;1032697;0;3600000;0;3600000
29.01.2022 09:00;4;3990;4;4000;44;623016;272;1122639;181;1430040;3;9760;4;4000;4;4000;0;0;0;0;23;24950;6;6000;55;550523;155;1537015;0;3600000;0;3600000
29.01.2022 10:00;4;4000;4;4000;54;416985;345;1127889;256;1707594;4;1220;4;4000;4;4000;0;0;0;0;33;37530;6;6000;58;799910;173;1867699;0;3600000;0;3600000
29.01.2022 11:00;4;4000;4;4000;70;535314;333;1331954;246;1767354;3;1160;4;4000;4;3990;0;0;0;0;30;33050;9;10230;72;846837;151;2139571;0;3600000;0;3600000
29.01.2022 12:00;4;4000;4;3990;66;340350;361;1492796;278;1995244;6;3300;4;3990;4;4000;0;0;0;0;44;60500;13;14010;88;1253815;156;2305666;0;3600000;0;3600000
29.01.2022 13:00;4;4000;4;4000;83;770831;440;1592321;241;1996196;3;970;4;4000;4;4000;0;0;0;0;49;64229;6;6030;94;1231822;163;2631554;0;3600000;0;3600000
29.01.2022 14:00;4;4000;4;4000;66;609262;364;1357630;213;1736606;1;390;4;4000;4;4000;0;0;0;0;46;59160;15;15220;84;1097831;179;2263657;21;3322366;12;3345938
29.01.2022 15:00;4;3980;4;4000;78;701464;349;1389148;185;1630263;3;1810;4;4000;4;3990;0;0;0;0;48;52300;12;12860;74;1055135;160;2037262;0;3600000;0;3600000
29.01.2022 16:00;4;3990;4;4000;59;471906;356;1133070;177;1248099;3;10500;4;4000;4;3990;0;0;0;0;35;38660;10;10290;69;1028431;167;2059726;0;3600000;0;3600000
29.01.2022 17:00;4;4000;4;4000;56;384321;377;1583409;190;1628568;6;9070;4;4000;4;4000;0;0;0;0;44;69970;12;12330;91;1021466;148;2545557;39;3168648;31;2949526
29.01.2022 18:00;4;4000;4;3990;82;510333;384;1395794;181;1610409;8;72270;4;3990;4;4000;0;0;0;0;34;38749;24;25860;80;945910;140;2331144;155;1509652;115;991653
29.01.2022 19:00;4;4000;4;3980;57;438728;289;1262229;133;1139352;2;7610;4;4000;4;3990;0;0;0;0;29;33560;5;5010;60;738390;141;1910024;102;1643072;87;1385025
29.01.2022 20:00;4;4000;4;3990;49;263497;237;1035730;94;821906;0;0;4;3990;4;4000;0;0;0;0;24;28210;5;5030;55;603713;143;1468962;98;1659576;109;1751064
29.01.2022 21:00;4;4000;4;4000;40;293540;201;733887;59;732231;1;190;4;4000;4;4000;0;0;0;0;15;15130;5;5100;48;600204;130;1244107;85;1817463;113;1849358
29.01.2022 22:00;4;4000;4;4000;38;350256;195;884423;75;785836;1;520;4;4000;4;4046;0;0;0;0;11;11400;3;3000;44;509230;115;1069488;20;3191451;26;3180221
29.01.2022 23:00;2;2000;2;2000;22;151628;150;556812;61;677531;0;0;2;2000;2;2000;0;0;0;0;5;5030;0;0;25;305257;115;848343;0;3600000;0;3600000
30.01.2022 00:00;2;1990;2;2000;17;91496;84;362247;29;438507;0;0;2;2000;2;2000;0;0;0;0;3;3020;3;3060;8;122816;74;446567;0;3600000;0;3600000
30.01.2022 01:00;2;2000;2;2000;9;61180;75;174680;18;251275;0;0;2;1990;2;1990;0;0;1;670;1;1010;0;0;5;57988;52;284537;0;3600000;0;3600000
30.01.2022 02:00;2;1990;2;1990;15;9490;31;125950;19;286960;0;0;2;2000;2;1990;0;0;0;0;0;0;0;0;4;37240;34;167970;18;1418471;18;1446941
30.01.2022 03:00;2;2000;2;2000;11;148606;28;30750;7;140500;0;0;2;2000;2;2000;0;0;0;0;0;0;0;0;4;28260;26;140650;10;1529755;9;1531481
30.01.2022 04:00;2;2000;2;2000;10;19640;14;8130;7;142868;1;13878;2;1990;2;1990;0;0;0;0;1;1010;0;0;6;83930;12;47040;3;3296312;3;3293922
30.01.2022 05:00;2;2000;2;2000;7;26180;30;85801;7;133270;1;190;2;2000;2;1990;0;0;0;0;0;0;0;0;4;43990;27;110484;17;57080;9;29212
30.01.2022 06:00;2;2000;2;2000;12;146600;23;52260;9;100574;0;0;2;2000;2;2000;0;0;0;0;0;0;0;0;8;66527;20;92414;15;43190;9;32200
30.01.2022 07:00;3;3000;2;2000;8;37640;31;79610;17;212704;0;0;3;3000;2;2000;0;0;0;0;1;1010;0;0;10;128510;29;76650;14;31340;11;52818
30.01.2022 08:00;2;1990;3;2990;10;86125;62;238890;42;545719;0;0;2;2000;3;2990;0;0;0;0;2;2200;2;2670;14;162107;48;290760;1;3582040;1;3582040
30.01.2022 09:00;4;4000;4;3990;16;72680;163;634939;69;701133;0;0;4;3990;4;4020;0;0;0;0;8;9900;4;4020;26;373594;124;692313;0;3600000;0;3600000
30.01.2022 10:00;4;4000;4;4000;27;220920;211;799365;103;976279;1;580;4;4000;4;4000;0;0;0;0;3;3910;6;6010;22;324170;155;1102804;0;3600000;0;3600000
30.01.2022 11:00;4;3990;4;4000;36;260029;285;971525;136;979061;0;0;4;3990;4;3990;0;0;0;0;15;22510;7;7940;51;568919;164;1456282;0;3600000;0;3600000
30.01.2022 12:00;4;4000;4;4000;49;215438;288;1040743;155;1218554;3;970;4;3990;4;3990;0;0;0;0;12;12110;2;2020;49;679293;168;1523276;0;3600000;0;3600000
30.01.2022 13:00;4;3980;4;3990;54;285452;343;1003318;160;1196477;6;2440;4;4000;4;4000;0;0;0;0;22;23540;15;15360;52;740035;179;1700239;0;3600000;0;3600000
30.01.2022 14:00;4;3970;4;3980;55;273832;350;1307792;152;1283891;4;830;4;4000;4;3990;0;0;0;0;27;30340;12;13990;57;791745;178;1995760;0;3600000;0;3600000
30.01.2022 15:00;4;4000;4;4000;58;466494;346;1389630;169;1500585;3;770;4;4000;4;4000;0;0;0;0;28;33020;10;10178;65;686904;146;2039157;10;3364551;10;3309211
30.01.2022 16:00;4;3990;4;4151;40;249132;333;996239;193;1543286;2;590;4;4056;4;4000;0;0;0;0;32;33950;8;8030;45;574170;167;1744832;23;3140784;23;3150724
30.01.2022 17:00;4;4000;4;4000;56;393865;340;1120153;150;1299205;1;390;4;3980;4;4000;0;0;0;0;24;26110;16;16840;59;701614;181;2074442;71;2526959;57;2476308
30.01.2022 18:00;4;3990;4;4000;51;260564;325;910632;136;1141672;4;1810;4;4000;4;4000;0;0;0;0;13;14900;9;9030;64;581823;147;1836235;19;3184360;22;3165860
30.01.2022 19:00;4;4000;4;3980;41;262720;248;983976;109;1061220;1;390;4;3990;4;4000;0;0;0;0;8;8900;7;7020;39;499721;149;1370935;0;3600000;0;3600000
30.01.2022 20:00;4;3990;4;3990;40;211933;196;765439;100;851469;4;6380;4;4000;4;4000;0;0;0;0;13;14760;9;9030;36;452062;140;939116;0;3600000;0;3600000
30.01.2022 21:00;4;4000;4;3990;25;134846;158;820733;72;681820;1;260;4;3990;4;3990;0;0;0;0;8;8070;1;1160;37;465446;117;1004849;0;3600000;0;3600000
30.01.2022 22:00;4;4000;4;3990;17;139730;90;343183;54;589614;1;970;4;4000;4;4000;0;0;0;0;5;5810;1;1300;17;240194;74;499217;0;3600000;0;3600000
30.01.2022 23:00;2;2000;2;2000;7;32540;58;242151;22;279208;1;520;2;2000;2;2000;0;0;0;0;1;1010;0;0;13;237116;46;246288;0;3600000;0;3600000
31.01.2022 00:00;2;1980;3;2990;7;32320;27;75480;14;95250;0;0;2;1990;3;3000;0;0;0;0;0;0;0;0;5;29960;24;104113;0;3600000;0;3600000
31.01.2022 01:00;0;0;1;1000;3;13780;13;33530;5;101170;1;1420;0;0;1;1000;0;0;1;590;0;0;0;0;5;116855;12;36990;0;3600000;0;3600000
31.01.2022 02:00;0;0;0;0;2;17150;13;58600;6;79810;0;0;0;0;0;0;0;0;0;0;0;0;0;0;1;16460;13;37030;0;3600000;0;3600000
31.01.2022 03:00;1;1000;0;0;2;1200;15;9180;7;79290;1;17280;1;1000;0;0;0;0;0;0;0;0;0;0;2;26460;10;37250;0;3600000;0;3600000
31.01.2022 04:00;3;3000;2;2000;8;161900;30;92180;6;92622;1;200;3;3000;2;2000;0;0;0;0;1;1340;0;0;7;90710;26;105920;8;2340831;6;2334311
31.01.2022 05:00;4;4000;5;4990;14;59970;140;287806;31;540860;2;43930;4;3980;5;5000;0;0;0;0;2;2140;1;1010;12;91350;98;718772;0;3600000;0;3600000
31.01.2022 06:00;4;3990;4;3990;22;410659;389;1005275;96;1169948;4;1810;4;4000;4;4000;0;0;0;0;8;8080;3;3010;27;410270;105;2143603;0;3600000;0;3600000
31.01.2022 07:00;7;6990;5;5000;74;658150;561;1730519;255;2163868;7;5490;7;6990;5;4990;0;0;0;0;27;27900;37;38662;90;1288875;44;3418698;0;3600000;0;3600000
31.01.2022 08:00;8;7990;9;8990;87;1005657;509;1642244;250;1904649;10;58530;8;8000;9;9046;0;0;0;0;20;25210;17;17130;79;1378154;104;3111724;0;3600000;0;3600000
31.01.2022 09:00;4;4000;4;4000;48;256704;433;1495115;232;2033810;5;1680;4;4000;4;4000;0;0;0;0;40;45130;12;12070;66;1323936;192;2423612;0;3600000;0;3600000
31.01.2022 10:00;5;4990;4;4000;69;605443;354;1494017;219;1646323;6;18560;5;4990;5;4980;0;0;0;0;38;40220;14;14340;78;1207677;127;2351135;0;3600000;0;3600000
31.01.2022 11:00;4;3990;5;5000;73;520526;340;1486285;244;1829927;8;4000;4;4000;4;3990;0;0;0;0;26;30320;15;15280;87;1254511;154;2278075;0;3600000;0;3600000
31.01.2022 12:00;4;3990;4;4000;76;557749;339;1381167;237;1682023;9;26170;4;4000;5;5000;0;0;0;0;26;32570;10;10590;88;934987;157;2299901;0;3600000;0;3600000
31.01.2022 13:00;9;9025;8;8000;109;650483;390;1872524;264;1774205;9;34630;9;9000;8;7990;0;0;0;0;39;48800;14;14106;87;1177122;114;2762358;0;3600000;0;3600000
31.01.2022 14:00;4;3990;5;4990;89;585792;384;1581667;249;1706111;4;1680;5;4990;6;6000;0;0;0;0;47;59440;7;7040;94;1397830;128;2604143;0;3600000;0;3600000
31.01.2022 15:00;5;4990;4;4000;99;553725;399;1731617;243;2027247;5;46170;4;4000;4;4000;0;0;0;0;40;47770;20;21850;119;1645477;167;2496603;0;3600000;0;3600000
31.01.2022 16:00;4;4000;5;5000;101;419550;438;1787612;253;2007009;7;65340;4;4000;4;4000;0;0;0;0;37;39346;16;16650;95;1291726;168;2864245;0;3600000;0;3600000
31.01.2022 17:00;4;3990;3;3000;105;755430;468;1324299;239;2128730;2;1150;4;4000;4;3990;0;0;0;0;56;70950;11;11060;102;1512073;184;2584739;0;3600000;0;3600000
31.01.2022 18:00;4;3990;5;4990;83;774131;435;1048807;202;1923664;6;3920;4;4000;4;3990;0;0;0;0;48;55020;14;16600;93;1215575;151;2142219;0;3600000;0;3600000
31.01.2022 19:00;5;4980;3;3000;70;790929;315;1020572;135;1522470;2;30575;5;5000;3;2990;0;0;0;0;21;21870;8;8040;88;1544685;159;1395500;0;3600000;0;3600000
31.01.2022 20:00;4;4000;5;5000;29;239304;195;990121;106;1064802;2;650;4;4000;5;5000;0;0;0;0;18;20774;3;3010;49;552779;132;1146203;0;3600000;0;3600000
31.01.2022 21:00;4;4000;4;4000;27;180130;180;816043;73;640342;1;710;4;3990;4;4000;0;0;0;0;8;9190;7;7570;30;425245;116;832191;0;3600000;0;3600000
31.01.2022 22:00;4;4000;4;3990;28;65900;126;692835;55;604895;1;15300;4;4000;4;4000;0;0;0;0;9;9840;1;1000;42;535215;96;768916;0;3600000;0;3600000
31.01.2022 23:00;2;1990;2;1990;7;45150;78;135124;15;219743;0;0;2;2000;2;2000;0;0;0;0;2;2010;0;0;9;123640;66;383330;0;3600000;0;3600000
01.02.2022 00:00;2;2000;3;3000;8;27580;39;109000;19;244260;0;0;2;2000;3;2990;0;0;0;0;0;0;0;0;8;136300;22;100440;0;3600000;0;3600000
01.02.2022 01:00;0;0;1;1000;0;0;16;27660;5;88100;0;0;0;0;1;990;0;0;0;0;0;0;0;0;3;54810;16;67780;0;3600000;0;3600000
01.02.2022 02:00;0;0;0;0;0;0;11;5980;3;49070;0;0;0;0;0;0;0;0;0;0;0;0;0;0;2;16810;13;41320;0;3600000;0;3600000
01.02.2022 03:00;1;1000;0;0;3;2960;14;14120;5;91443;0;0;1;1000;0;0;0;0;0;0;0;0;0;0;1;4550;13;61560;0;3600000;0;3600000
01.02.2022 04:00;3;3000;2;1990;8;49749;24;22080;7;93350;0;0;3;3000;2;2000;0;0;0;0;0;0;0;0;6;55496;24;96510;0;3600000;0;3600000
01.02.2022 05:00;4;4000;5;5000;15;58431;137;499459;37;418210;2;27200;4;3980;5;5000;0;0;0;0;1;1000;4;4160;15;151301;103;824802;0;3600000;0;3600000
01.02.2022 06:00;4;3990;4;4000;21;197101;389;854179;92;1042369;1;25630;4;3990;4;4000;0;0;0;0;12;13540;1;1000;36;551860;138;1751022;0;3600000;0;3600000
01.02.2022 07:00;7;7000;5;4970;65;852829;527;1670764;253;2131794;8;32170;7;6990;6;5990;0;0;0;0;25;34210;10;10040;87;1076177;86;3123927;0;3600000;0;3600000
01.02.2022 08:00;8;8000;8;8000;76;736511;538;1651491;251;2044277;6;2390;8;7990;8;7990;0;0;0;0;31;32786;11;11886;72;969346;143;3109270;0;3600000;0;3600000
01.02.2022 09:00;4;4000;4;4000;64;518100;459;1535411;261;2196726;8;6130;4;4000;3;2990;0;0;0;0;40;52990;13;13860;74;1017038;166;2743081;0;3600000;0;3600000
01.02.2022 10:00;4;4000;4;3990;71;646779;348;1671042;264;1952043;12;40620;4;4000;4;3990;0;0;0;0;41;42900;9;11150;77;1172769;133;2430823;0;3600000;0;3600000
01.02.2022 11:00;5;5000;5;5000;76;588715;324;1651595;275;2096693;7;3180;5;5000;6;5990;0;0;0;0;38;42029;9;9180;98;1253549;140;2236138;0;3600000;0;3600000
01.02.2022 12:00;5;5000;6;5990;99;661945;359;1578521;253;1603668;3;900;5;5000;5;4990;0;0;0;0;34;36110;9;9230;108;1580975;127;2577910;0;3600000;0;3600000
01.02.2022 13:00;7;7000;7;6990;92;800827;364;1782832;280;1891101;4;53840;7;6990;8;8000;0;0;0;0;35;36750;18;18400;112;1323438;138;2599085;0;3600000;0;3600000
01.02.2022 14:00;5;4990;7;7000;87;585150;379;1765895;255;1843062;7;5490;5;5000;6;6000;0;0;0;0;32;34740;19;19400;87;1269852;136;2744223;0;3600000;0;3600000
01.02.2022 15:00;4;3990;4;4000;102;762856;442;1405917;269;1995952;5;1880;4;4000;4;4000;0;0;0;0;29;32970;11;11830;80;1387702;156;2692988;0;3600000;0;3600000
01.02.2022 16:00;4;3980;4;4000;95;863943;478;1547942;278;2455535;2;970;4;3990;4;4000;0;0;0;0;42;47720;17;17200;92;1650986;141;2768108;2;3599007;3;3592297
01.02.2022 17:00;4;4000;3;3000;107;784513;520;1467390;243;2841431;1;200;4;4000;3;3000;0;0;0;0;51;59220;11;11040;104;1651252;115;2881458;90;3099194;121;2788899
01.02.2022 18:00;4;4000;4;4000;83;703175;435;1390612;211;2142869;3;1740;4;4000;4;3990;0;0;0;0;45;49509;16;16590;113;1459687;115;2714154;35;3400953;34;3402779
01.02.2022 19:00;5;5000;4;3990;57;478194;339;1150550;156;1885026;0;0;4;3990;4;4000;0;0;0;0;33;37075;15;15050;87;1286499;148;2166260;0;3600000;0;3600000
01.02.2022 20:00;4;4000;5;5000;27;139840;212;880014;106;1098247;0;0;4;4000;5;4980;0;0;0;0;16;16440;16;16670;53;899910;123;1491462;0;3600000;0;3600000
01.02.2022 21:00;4;3990;4;4000;31;169811;143;917099;80;735526;2;900;4;4000;4;3990;0;0;0;0;9;9750;7;7390;44;649787;120;1013100;0;3600000;0;3600000
01.02.2022 22:00;4;4000;4;4000;22;70300;141;653465;82;730377;0;0;4;4000;4;3990;0;0;0;0;15;27349;0;0;26;356170;117;874399;0;3600000;0;3600000
01.02.2022 23:00;2;2000;2;2000;13;55100;66;244967;32;495421;0;0;2;2000;2;2000;0;0;0;0;4;5140;1;1160;12;170130;61;347688;0;3600000;0;3600000
02.02.2022 00:00;2;1990;3;3000;13;47000;34;60830;16;171700;0;0;2;1990;3;2990;0;0;0;0;2;2340;0;0;9;118210;32;144630;0;3600000;0;3600000
02.02.2022 01:00;0;0;1;1000;4;75650;12;45730;6;112850;0;0;0;0;1;1000;0;0;0;0;0;0;1;1000;3;102120;10;46410;15;1673372;17;1613007
02.02.2022 02:00;0;0;0;0;0;0;12;7360;3;51260;0;0;0;0;0;0;0;0;0;0;0;0;0;0;7;83226;11;42280;8;1040590;6;1053960
02.02.2022 03:00;1;1000;0;0;6;1670;12;7580;6;96390;0;0;1;1000;0;0;0;0;0;0;1;1010;0;0;1;4570;11;51690;3;3463347;3;3463307
02.02.2022 04:00;3;3000;2;2000;7;18350;35;88420;9;112475;1;450;3;3000;2;2000;0;0;0;0;0;0;0;0;7;79664;32;152030;0;3600000;0;3600000
02.02.2022 05:00;4;4000;4;4000;19;112605;148;290635;34;417519;2;580;4;4000;4;3990;0;0;0;0;1;1010;2;2000;15;133545;86;770825;0;3600000;0;3600000
02.02.2022 06:00;4;3990;4;3990;21;143330;398;850354;90;1234408;5;36550;4;4000;5;4990;0;0;0;0;7;7210;2;2560;28;686168;120;1888901;0;3600000;0;3600000
02.02.2022 07:00;7;7000;6;5990;76;630045;543;1651694;257;2195071;9;52740;7;7000;5;5000;0;0;0;0;43;49800;15;15050;73;1508549;66;3242313;0;3600000;0;3600000
02.02.2022 08:00;7;6990;9;9000;77;666408;551;1515736;249;2019074;8;6840;8;7980;9;9000;0;0;0;0;26;28130;13;14290;72;1097992;157;3103554;0;3600000;0;3600000
02.02.2022 09:00;5;4990;3;3000;67;613653;414;1393974;225;2004065;6;2270;4;4000;3;2990;0;0;0;0;26;27930;10;10500;73;1362882;194;2476549;0;3600000;0;3600000
02.02.2022 10:00;6;5990;6;5990;72;575756;353;1421634;223;1664483;12;87180;6;5990;7;7000;0;0;0;0;28;35320;14;14430;75;1072158;157;2363782;0;3600000;0;3600000
02.02.2022 11:00;4;3990;4;4000;86;551830;356;1543087;271;1869033;3;2080;4;3990;4;3990;0;0;0;0;36;44520;15;15310;86;1040972;137;2486082;0;3600000;0;3600000
02.02.2022 12:00;5;4990;6;6000;72;358095;359;1554830;249;1782616;5;89950;5;4990;5;4990;0;0;0;0;36;44970;10;10040;95;1577464;162;2304894;0;3600000;0;3600000
02.02.2022 13:00;8;7980;7;6990;84;989139;383;1600070;256;1753783;8;32830;8;7980;7;7054;0;0;0;0;55;62219;17;17220;97;1587278;150;2660108;0;3600000;0;3600000
02.02.2022 14:00;5;4990;6;5990;87;610735;362;1760346;245;1695975;5;2270;5;5000;7;7000;0;0;0;0;36;39466;13;13540;92;1115690;143;2581763;0;3600000;0;3600000
02.02.2022 15:00;4;4000;5;5000;88;733488;434;1611317;259;1796600;5;1300;4;4000;4;4000;0;0;0;0;36;42268;14;15510;103;1280024;177;2543703;0;3600000;0;3600000
02.02.2022 16:00;4;4000;4;4000;100;459102;480;1472568;264;2082570;4;2060;4;4000;4;4000;0;0;0;0;45;48960;10;10030;106;1309495;251;2319884;0;3600000;0;3600000
02.02.2022 17:00;4;4000;3;3000;96;699612;449;1781391;261;2292370;5;3360;4;3990;4;3990;0;0;0;0;44;50410;17;17400;108;1137720;154;2910035;0;3600000;0;3600000
02.02.2022 18:00;4;4000;5;3990;84;782579;432;1515021;218;1815336;4;2260;4;4000;4;4000;0;0;0;0;34;42593;15;15113;99;1229380;122;2729591;0;3600000;0;3600000
02.02.2022 19:00;5;5000;4;5000;88;807822;316;1171740;173;1923365;5;1540;5;5000;4;3990;0;0;0;0;25;25462;7;8250;82;1073521;180;1721327;0;3600000;0;3600000
02.02.2022 20:00;4;3990;4;4000;40;273395;207;875986;110;1074495;3;1420;4;3990;4;4000;0;0;0;0;22;23989;7;7110;56;588300;147;1133118;0;3600000;0;3600000
02.02.2022 21:00;4;4000;4;4000;41;202740;184;643548;74;650553;2;650;4;4000;4;3990;0;0;0;0;12;12240;1;1010;54;671383;142;1047811;0;3600000;0;3600000
02.02.2022 22:00;4;4000;4;4000;27;64450;152;755087;55;649937;2;1810;4;3980;4;3990;0;0;0;0;12;13470;10;10240;33;290450;118;828065;0;3600000;0;3600000
02.02.2022 23:00;2;2000;2;2000;12;86030;93;436055;30;286960;0;0;2;2000;2;2000;0;0;0;0;5;7300;2;2000;17;238283;70;331920;0;3600000;0;3600000
03.02.2022 00:00;2;1990;3;2990;12;45030;45;135270;16;178145;0;0;2;2000;3;3000;0;0;0;0;3;3110;1;1000;9;164879;35;144171;0;3600000;0;3600000
03.02.2022 01:00;0;0;1;1000;2;18100;26;33640;5;49850;0;0;0;0;1;1000;0;0;0;0;0;0;0;0;2;31890;20;48670;0;3600000;0;3600000
03.02.2022 02:00;0;0;0;0;2;17780;10;26480;3;36750;0;0;0;0;0;0;0;0;0;0;0;0;0;0;5;122260;8;34220;1;3037040;1;3037090
03.02.2022 03:00;1;1000;0;0;5;400;18;57819;5;29480;0;0;1;1000;0;0;0;0;0;0;0;0;0;0;4;58629;17;79976;2;2565220;3;2570820
03.02.2022 04:00;3;3000;2;2000;11;40800;28;188583;6;142625;1;320;3;3000;2;2000;0;0;0;0;1;1000;0;0;6;57800;26;129180;0;3600000;0;3600000
03.02.2022 05:00;4;4000;4;3990;18;109950;144;372960;30;507756;1;260;4;4000;5;4990;0;0;0;0;0;0;2;2010;18;137210;100;743570;0;3600000;0;3600000
03.02.2022 06:00;4;3990;5;5000;24;242355;409;1051970;101;1099833;2;45420;4;4000;4;3990;0;0;0;0;12;12330;5;5160;28;483490;107;2168885;0;3600000;0;3600000
03.02.2022 07:00;6;5990;4;4000;79;516450;529;1646961;258;2153026;8;71490;6;6000;4;4000;0;0;0;0;29;38960;14;14830;81;952075;64;3201465;0;3600000;0;3600000
03.02.2022 08:00;7;6990;7;7000;76;419198;518;1543762;254;2101592;5;3430;7;6980;7;6990;0;0;0;0;36;39470;8;8050;72;803422;187;2805633;55;2643247;65;2084791
03.02.2022 09:00;4;3980;5;5000;69;479082;451;1421368;226;1795141;4;73310;4;4000;5;5000;0;0;0;0;29;36030;12;13120;71;1039294;191;2527829;6;3531559;6;3481969
03.02.2022 10:00;3;3000;3;3000;63;647689;368;1615367;246;1776868;7;5750;3;2990;3;3052;0;0;0;0;36;40050;13;13630;89;1197428;154;2459506;0;3600000;0;3600000
03.02.2022 11:00;4;4000;3;3000;70;518133;376;1581217;228;1786284;4;97540;4;3990;4;4000;0;0;0;0;23;25885;13;13350;69;1115577;167;2324314;0;3600000;0;3600000
03.02.2022 12:00;5;4990;5;5000;95;741854;361;1554592;232;1765406;7;5120;5;5000;5;4990;0;0;0;0;36;39840;16;17010;92;1477739;158;2367469;0;3600000;0;3600000
03.02.2022 13:00;8;7980;8;7990;86;501072;430;1867176;308;2095474;8;12353;8;7980;7;6990;0;0;0;0;31;34970;19;19380;94;1583796;131;2891311;0;3600000;0;3600000
03.02.2022 14:00;5;5000;6;5990;78;690950;406;1499736;243;1873477;5;3930;5;5000;7;7000;0;0;1;460;45;51760;15;15180;84;1087653;135;2649381;0;3600000;0;3600000
03.02.2022 15:00;4;4000;4;4000;89;644587;446;1231834;277;2069527;10;80630;4;4000;4;4000;0;0;0;0;64;70634;23;24520;104;1262941;198;2668258;0;3600000;0;3600000
03.02.2022 16:00;4;3980;5;4990;97;836799;457;1483823;265;2296355;3;15110;4;4000;4;4000;0;0;0;0;41;43170;20;20600;89;1398567;224;2405489;0;3600000;0;3600000
03.02.2022 17:00;4;4000;3;2990;101;568696;488;1799221;291;2418732;6;3090;4;3990;3;3000;0;0;0;0;62;72060;16;16080;102;1552828;181;2828277;0;3600000;0;3600000
03.02.2022 18:00;4;3990;4;3980;102;617822;455;1598435;254;2062140;5;1820;4;3970;5;5000;0;0;0;0;46;52150;12;12730;108;1303423;150;2521296;0;3600000;0;3600000
03.02.2022 19:00;5;5000;5;4990;71;571459;275;1036189;162;1593688;2;700;5;5000;4;4000;0;0;0;0;31;33730;9;9300;105;1097161;142;1419667;0;3600000;0;3600000
03.02.2022 20:00;4;4000;4;3990;54;311303;203;1086779;114;959173;0;0;4;4000;4;4000;0;0;0;0;16;18660;5;5030;52;474306;131;1195912;0;3600000;0;3600000
03.02.2022 21:00;4;4000;4;4000;37;133270;197;803265;73;739410;0;0;4;4000;4;3990;0;0;0;0;13;14560;6;8330;36;460806;137;1025712;0;3600000;0;3600000
03.02.2022 22:00;4;4000;4;4000;28;133690;146;522810;69;562126;0;0;4;3990;4;4000;0;0;0;0;13;14660;4;4010;38;380497;117;564772;0;3600000;0;3600000
03.02.2022 23:00;2;2000;2;2000;21;106440;107;257467;45;422424;1;22360;2;2000;2;2000;0;0;0;0;5;5060;7;7040;22;173341;97;436960;0;3600000;0;3600000
04.02.2022 00:00;2;1980;3;2990;12;55800;27;87120;22;445510;0;0;2;2000;3;3000;0;0;0;0;0;0;0;0;8;66233;25;103925;0;3600000;0;3600000
04.02.2022 01:00;0;0;1;1000;1;240;15;41870;10;104820;0;0;0;0;1;1000;0;0;0;0;0;0;2;2010;5;68560;16;45533;0;3600000;0;3600000
04.02.2022 02:00;0;0;0;0;1;2070;17;31726;4;97380;1;1100;0;0;0;0;0;0;0;0;1;1050;0;0;3;62560;13;41370;0;3600000;0;3600000
04.02.2022 03:00;1;1000;0;0;2;560;15;9270;8;90590;0;0;1;1000;0;0;0;0;0;0;0;0;0;0;1;5830;11;34840;0;3600000;0;3600000
04.02.2022 04:00;3;3000;2;2000;15;19550;25;168520;9;218700;1;390;3;2990;2;2000;0;0;0;0;0;0;0;0;9;87797;26;148010;0;3600000;0;3600000
04.02.2022 05:00;4;3970;5;5000;14;42970;147;389870;33;465671;0;0;4;3990;5;5000;0;0;0;0;1;2010;2;2000;13;176375;90;733804;0;3600000;0;3600000
04.02.2022 06:00;4;4000;4;3980;30;266474;368;922128;69;957367;2;520;4;4000;4;4000;0;0;0;0;8;9360;2;2010;30;389381;128;1533818;10;3349823;9;3240010
04.02.2022 07:00;6;6046;4;3990;78;759613;531;1553030;244;1896341;13;7170;6;5990;5;5000;0;0;0;0;31;40296;16;16060;76;1248780;124;2890222;104;1852969;107;1243288
04.02.2022 08:00;7;6990;7;6990;79;557692;466;1333995;254;1986248;8;3110;7;6990;6;5990;0;0;0;0;18;18950;16;16620;67;961278;174;2823481;85;1888129;93;1293348
04.02.2022 09:00;5;5000;4;3990;68;394681;407;1317846;239;2120813;2;1490;5;4990;5;5000;0;0;0;0;51;56540;11;11120;79;1127746;177;2381943;32;2824733;37;2624083
04.02.2022 10:00;5;5000;6;5990;89;516388;406;1640110;260;2116059;6;1750;5;4990;5;5000;0;0;0;0;54;66970;19;19620;78;1287768;169;2665348;85;2315465;97;1639380
04.02.2022 11:00;4;4000;5;4980;72;480220;404;1549465;280;2056358;10;55700;4;4000;6;6000;0;0;0;0;36;38150;20;20580;85;1376156;149;2727300;106;1992892;119;1100687
04.02.2022 12:00;6;5990;6;6045;110;511592;436;1483322;284;2017394;10;55416;6;5990;5;4990;0;0;0;0;46;49400;24;24810;93;1067208;184;2573425;137;2268779;125;1325740
04.02.2022 13:00;7;7032;6;5990;109;588665;454;1510972;291;2680942;5;2840;7;6990;7;6990;0;0;0;0;46;51580;11;11110;96;1444123;208;2495266;95;2351804;110;1541137
04.02.2022 14:00;4;3980;5;5000;93;619020;493;1431398;249;2243134;6;2310;4;4000;5;5000;0;0;0;0;53;64150;11;11030;89;1298426;248;2432598;129;2146551;111;1027843
04.02.2022 15:00;4;3980;4;4000;90;788794;486;1185197;260;2470549;13;46030;4;4000;4;4000;0;0;0;0;47;57660;10;10040;80;1499709;260;2258830;103;2279314;117;1549356
04.02.2022 16:00;4;3990;5;4980;96;742721;445;1257852;273;2362537;5;2200;4;4000;4;4000;0;0;0;0;40;42110;19;19450;87;1241562;245;2321588;134;1963889;133;1154655
04.02.2022 17:00;4;4000;3;3000;109;911564;474;1397625;258;2232645;4;1680;4;4000;4;4000;0;0;0;0;38;41900;16;16140;97;1188458;185;2499518;38;3061060;36;2879695
04.02.2022 18:00;4;3990;4;4000;100;659000;463;1446207;223;2167013;6;2410;4;3990;4;4000;0;0;0;0;36;44240;8;8300;102;1321711;147;2418131;0;3600000;0;3600000
04.02.2022 19:00;4;4000;5;5000;72;520748;375;1256328;169;1864897;2;640;4;4000;4;4000;0;0;0;0;37;39080;7;7040;76;1095029;178;1922361;0;3600000;0;3600000
04.02.2022 20:00;5;5000;4;4000;59;340459;251;1196887;139;1258866;2;16010;5;4990;4;4000;0;0;0;0;23;27750;9;9020;59;577563;140;1676152;0;3600000;0;3600000
04.02.2022 21:00;4;4000;4;3990;38;187127;212;941504;83;714767;1;320;4;4000;4;4000;0;0;0;0;13;16850;4;4030;46;906278;128;1189013;0;3600000;0;3600000
04.02.2022 22:00;4;4000;4;3990;28;120190;193;703643;76;754199;2;640;4;4000;4;4000;0;0;0;0;21;26410;7;7010;43;524073;136;1182818;0;3600000;0;3600000
04.02.2022 23:00;2;2000;2;2000;27;95710;106;511731;59;771442;1;10600;2;2000;2;2000;0;0;0;0;15;19450;5;5500;22;203416;89;641179;0;3600000;0;3600000
05.02.2022 00:00;2;2000;2;2000;8;82907;81;274240;31;345697;0;0;2;2000;2;2000;0;0;0;0;3;3050;2;2010;16;258060;59;344758;18;2241479;16;2237619
05.02.2022 01:00;2;2000;2;2000;10;26280;50;181030;30;364014;1;30240;2;2000;2;1990;0;0;0;0;2;3210;0;0;11;118137;44;173680;0;3600000;0;3600000
05.02.2022 02:00;2;2000;2;2000;6;91400;34;103660;20;312365;1;650;2;2000;2;2000;0;0;0;0;2;2020;2;2010;13;166924;28;101850;0;3600000;0;3600000
05.02.2022 03:00;2;2000;2;2000;3;2700;28;39410;5;122500;1;710;2;2000;2;2000;0;0;0;0;1;1170;0;0;3;36680;25;87301;8;756725;5;750505
05.02.2022 04:00;2;1990;2;2000;8;45750;26;64780;9;159650;0;0;2;1990;2;2000;0;0;0;0;0;0;1;990;6;97810;19;74740;8;587149;8;580349
05.02.2022 05:00;4;4000;4;3990;9;50530;51;131460;19;262258;1;260;4;4000;4;4000;0;0;0;0;0;0;1;1000;8;131930;44;158500;9;1940889;9;1939999
05.02.2022 06:00;4;4000;4;3990;6;25534;83;242040;20;419894;1;1290;4;3990;4;3990;0;0;0;0;0;0;2;2010;11;111000;85;349154;10;2953678;6;2943848
05.02.2022 07:00;5;5000;5;4980;9;32980;108;516623;46;545058;5;16100;5;5000;5;5047;0;0;0;0;4;4930;4;4020;15;275889;85;450786;55;305436;25;158661
05.02.2022 08:00;4;4000;4;4000;18;117740;184;741918;90;790987;1;14040;4;4000;4;3990;0;0;0;0;12;12220;3;3260;21;207510;120;1149845;78;562721;62;289906
05.02.2022 09:00;5;4990;5;5000;38;330507;274;915461;163;1305629;4;1090;5;5057;5;4980;0;0;0;0;18;18960;6;6340;42;436868;149;1497687;96;967364;78;525966
05.02.2022 10:00;4;3990;4;4000;56;421776;365;1172820;214;1666607;0;0;4;4000;4;3990;0;0;0;0;41;44227;14;14130;63;997604;178;2006079;108;1204255;109;811901
05.02.2022 11:00;3;2980;4;3980;54;363386;418;1505552;213;1730505;6;4500;3;3000;4;4000;0;0;0;0;40;41120;13;13060;59;1021292;152;2487111;118;1752877;114;1226056
05.02.2022 12:00;5;5000;4;3990;62;353141;382;1415613;214;1961294;3;1230;5;5000;4;4000;0;0;0;0;42;47880;14;14150;83;1049046;160;2400810;119;1906955;120;1106525
05.02.2022 13:00;4;4000;4;4000;76;447070;428;1513243;226;2015561;2;650;4;3980;4;4000;0;0;0;0;46;56260;13;13700;88;1108225;167;2582159;14;3394163;24;3218323
05.02.2022 14:00;4;3980;4;4000;60;324220;408;1323399;246;1780025;2;770;4;3990;4;4000;0;0;0;0;34;37740;5;5040;69;1247421;152;2356780;0;3600000;0;3600000
05.02.2022 15:00;4;4000;4;3990;73;461975;373;1182043;176;1521039;5;2970;4;4000;4;4000;0;0;0;0;38;41820;11;12500;69;1173402;161;2293774;0;3600000;0;3600000
05.02.2022 16:00;4;4000;4;4000;63;509437;376;1433329;212;1559174;2;910;4;4000;4;4000;0;0;0;0;36;40310;13;13112;80;1187521;149;2326672;0;3600000;0;3600000
05.02.2022 17:00;4;3990;4;4000;72;448910;409;1489166;203;1434509;6;47140;4;4000;4;3990;0;0;0;0;45;49013;8;8130;76;1018159;136;2498971;47;2969915;39;2871003
05.02.2022 18:00;4;4000;4;4000;58;456213;397;1384478;155;1511517;5;3750;4;4000;4;4000;0;0;0;0;47;52020;11;11260;74;1299682;161;2213826;0;3600000;0;3600000
05.02.2022 19:00;4;4000;4;4000;53;228320;301;1249582;132;1262756;2;710;4;3990;4;3990;0;0;0;0;30;35690;14;15070;52;583036;146;1993318;0;3600000;0;3600000
05.02.2022 20:00;4;4000;4;4000;39;245384;260;1047784;109;862418;1;380;4;4000;4;3990;0;0;0;0;20;22080;4;4110;56;641630;156;1510050;0;3600000;0;3600000
05.02.2022 21:00;4;3980;4;4000;26;224564;233;695518;91;907401;1;450;4;4000;4;4000;0;0;0;0;23;25580;4;4030;44;609034;138;1267118;0;3600000;0;3600000
05.02.2022 22:00;4;3990;4;4000;25;101050;177;780624;72;695993;1;520;4;4000;4;4000;0;0;0;0;11;13470;4;4485;39;689266;146;995009;0;3600000;0;3600000
05.02.2022 23:00;2;1990;2;2000;25;144965;129;454699;53;606675;1;390;2;2000;2;2000;0;0;0;0;8;8440;1;1000;23;321800;96;543517;0;3600000;0;3600000
06.02.2022 00:00;2;1990;2;2000;16;118937;93;366030;40;433850;1;450;2;2000;2;1990;0;0;0;0;3;3010;3;3926;10;155200;67;327375;0;3600000;0;3600000
06.02.2022 01:00;2;2000;2;2000;11;44380;54;156470;24;228300;1;15660;2;2000;2;1990;0;0;0;0;2;2420;2;2660;10;150790;51;230410;0;3600000;0;3600000
06.02.2022 02:00;2;2000;2;2000;6;60740;29;79070;17;232250;0;0;2;2000;2;2000;0;0;0;0;1;1010;1;1000;5;55410;28;98400;0;3600000;0;3600000
06.02.2022 03:00;2;2000;2;2000;6;3260;33;139574;17;287314;1;460;2;2000;2;2000;0;0;0;0;1;1010;0;0;2;11180;28;116130;4;3407551;5;3411681
06.02.2022 04:00;2;2000;2;2000;10;85380;17;41970;10;63646;0;0;2;1990;2;2000;0;0;0;0;0;0;1;1410;8;131190;22;64180;3;3112774;2;3112204
06.02.2022 05:00;2;2000;2;2000;2;1040;25;41180;6;154690;0;0;2;1990;2;2000;0;0;0;0;0;0;0;0;4;41390;25;82930;14;510209;10;501919
06.02.2022 06:00;2;2000;2;2000;3;44790;27;14920;6;58930;0;0;2;2000;2;2000;0;0;0;0;0;0;0;0;8;123864;22;77590;11;551526;11;555176
06.02.2022 07:00;2;1990;2;2000;9;81470;35;72690;13;262463;0;0;2;2000;2;2000;0;0;0;0;0;0;0;0;11;106130;32;121870;18;484967;14;451397
06.02.2022 08:00;2;1990;2;2000;11;137210;62;77786;30;438630;1;840;2;2000;2;2000;0;0;0;0;4;4030;2;2010;11;167530;53;152688;32;714822;17;613030
06.02.2022 09:00;4;4000;4;4000;17;131910;138;573842;64;918297;0;0;4;4000;4;3990;0;0;0;0;5;5330;4;4010;20;185620;101;646823;56;1009616;57;901412
06.02.2022 10:00;4;4000;4;3990;32;205440;177;656770;100;1144713;0;0;4;4000;4;4000;0;0;0;0;17;17450;7;7140;32;400831;130;1122111;61;1631821;38;1408242
06.02.2022 11:00;4;4000;4;4000;41;315020;251;1068232;138;1153471;4;1160;4;4000;4;4000;0;0;0;0;14;14920;5;5370;43;737647;137;1398057;0;3600000;0;3600000
06.02.2022 12:00;4;4000;4;3990;51;333205;269;1143955;158;1163615;4;1040;4;4000;4;4000;0;0;0;0;18;21690;5;5010;48;784671;179;1504862;0;3600000;0;3600000
06.02.2022 13:00;4;3980;4;3990;55;281051;303;1040963;171;1403837;1;510;4;4000;4;4000;0;0;0;0;19;21260;9;9040;51;754920;128;1782330;0;3600000;0;3600000
06.02.2022 14:00;4;3990;4;4000;48;365774;290;1226484;138;1242019;2;1030;4;4000;4;4000;0;0;0;0;13;13160;3;3010;65;815164;164;1635828;0;3600000;0;3600000
06.02.2022 15:00;4;3980;4;4000;46;264480;337;1123189;148;1262668;1;12450;4;4000;4;3990;0;0;0;0;10;10600;4;4320;48;581230;174;1863170;0;3600000;0;3600000
06.02.2022 16:00;4;3990;4;4000;53;255667;308;1185911;148;1330617;0;0;4;3990;4;3990;0;0;0;0;22;22510;2;2020;45;632126;148;1923264;0;3600000;0;3600000
06.02.2022 17:00;4;4000;4;3990;54;312277;320;1027592;168;1517229;1;260;4;4000;4;3990;0;0;0;0;8;8900;2;2020;65;782326;114;2127793;0;3600000;0;3600000
06.02.2022 18:00;4;3980;4;4000;50;395891;329;971339;122;965432;1;200;4;4000;4;4000;0;0;0;0;7;7060;0;0;62;713217;151;1861864;0;3600000;0;3600000
06.02.2022 19:00;4;4000;4;4000;31;304022;243;1051374;113;944005;3;1110;4;4000;4;4000;0;0;0;0;11;12890;1;1010;46;613581;124;1770802;0;3600000;0;3600000
06.02.2022 20:00;4;4000;4;4000;34;236570;207;782668;79;791504;0;0;4;4000;4;4000;0;0;0;0;11;11530;1;1010;30;440252;128;1157095;0;3600000;0;3600000
06.02.2022 21:00;4;4000;3;3000;29;128190;149;539801;51;647602;3;20630;4;4000;4;3990;0;0;0;0;6;6150;2;2020;43;475250;106;889219;0;3600000;0;3600000
06.02.2022 22:00;4;4000;4;4000;16;85220;83;351244;37;379058;0;0;4;4000;4;4000;0;0;0;0;7;7670;2;2010;21;367074;69;431160;0;3600000;0;3600000
06.02.2022 23:00;2;2000;2;2000;12;112250;42;103420;16;322692;1;900;2;2000;2;1990;0;0;0;0;0;0;2;2010;11;149926;39;200310;240;2039809;21;1875056
07.02.2022 00:00;2;2000;3;3000;7;43490;28;114250;12;211194;0;0;2;2000;3;3000;0;0;0;0;0;0;0;0;9;82623;31;122793;2;3587580;2;3587580
07.02.2022 01:00;0;0;1;1000;5;42840;12;21920;3;39240;1;330;0;0;1;1000;0;0;0;0;0;0;1;1010;4;5010;12;47490;0;3600000;0;3600000
07.02.2022 02:00;0;0;0;0;1;16270;18;11180;3;64710;0;0;0;0;0;0;0;0;0;0;0;0;0;0;3;10700;14;59940;7;1988225;12;2011485
07.02.2022 03:00;1;990;0;0;2;1520;19;10520;4;77130;0;0;1;1000;0;0;0;0;0;0;0;0;0;0;3;21900;20;77160;0;3600000;0;3600000
07.02.2022 04:00;3;2980;2;2000;9;52490;25;55250;11;175328;0;0;3;3000;2;2000;0;0;0;0;0;0;0;0;5;87970;21;107253;0;3600000;0;3600000
07.02.2022 05:00;4;3990;4;4000;12;126452;164;459584;38;579242;0;0;4;3990;5;5000;0;0;0;0;2;2020;4;4010;18;229432;105;1031003;0;3600000;0;3600000
07.02.2022 06:00;4;4000;5;4990;21;245875;410;878838;93;1280483;1;1220;4;3990;4;4000;0;0;0;0;7;7050;4;4020;21;458732;124;2038498;0;3600000;0;3600000
07.02.2022 07:00;6;5990;5;4990;60;777674;519;1673093;272;2189197;9;5800;6;6000;5;5000;0;0;1;560;22;24640;9;9240;81;1244810;69;3296353;0;3600000;0;3600000
07.02.2022 08:00;7;6990;7;6980;70;655313;507;1906892;236;2091139;7;2390;7;6990;7;6990;0;0;1;530;29;31510;25;26590;68;951740;157;3101100;0;3600000;0;3600000
07.02.2022 09:00;4;3990;3;2990;59;585810;408;1377768;242;1853302;7;4410;4;4000;4;4000;0;0;0;0;33;35500;14;14050;79;1358350;184;2514681;0;3600000;0;3600000
07.02.2022 10:00;4;4000;4;4000;71;425093;360;1440021;235;1731168;6;3600;4;3980;4;4000;0;0;0;0;30;33790;21;21760;79;1069721;160;2366032;112;1325691;132;1034994
07.02.2022 11:00;4;4000;5;5000;76;513460;337;1343373;210;1662913;6;3100;4;3990;4;3980;0;0;0;0;46;53107;8;8310;85;1138165;149;2241875;78;2089307;84;1520046
07.02.2022 12:00;5;5000;5;5000;72;497032;374;1498630;215;1921554;11;6775;5;5000;5;5000;0;0;0;0;37;42750;16;16070;83;1221043;171;2315500;109;1732122;128;1227964
07.02.2022 13:00;8;7990;7;6990;95;603932;413;1694698;279;1924864;10;73480;8;7980;8;7990;0;0;0;0;35;43630;18;18450;108;1363582;162;2755380;18;3392853;22;3305623
07.02.2022 14:00;5;5000;6;6000;94;592979;402;1700838;228;1476047;10;15670;5;4990;6;5990;0;0;0;0;33;34750;17;17120;95;1221862;151;2871216;0;3600000;0;3600000
07.02.2022 15:00;3;2990;5;5000;100;554605;480;1775714;284;1985989;4;1300;3;3000;4;4000;0;0;0;0;51;57220;22;22270;104;1446395;206;2776946;0;3600000;0;3600000
07.02.2022 16:00;5;5000;4;4000;131;880529;438;1766364;324;2567843;10;39950;5;5000;4;4000;0;0;0;0;48;55624;17;17610;120;1463301;215;2593905;3;3594402;2;3596492
07.02.2022 17:00;4;4000;4;3990;95;762461;490;1573366;251;2237417;3;14907;4;3980;4;3990;0;0;0;0;72;79490;20;20540;98;1362964;159;2789409;0;3600000;0;3600000
07.02.2022 18:00;4;3990;3;3000;92;691470;431;1354617;198;2047303;3;56510;4;4000;3;3000;0;0;0;0;38;42880;12;12070;91;1028311;161;2391807;0;3600000;0;3600000
07.02.2022 19:00;5;4990;5;4990;60;691074;318;1005429;121;1656032;0;0;5;4980;5;4990;0;0;0;0;28;36170;8;8270;79;1437146;160;1527704;0;3600000;0;3600000
07.02.2022 20:00;4;4000;4;3990;28;85410;203;696438;89;883487;0;0;4;3990;4;4000;0;0;0;0;20;24150;5;5030;42;543477;140;1037786;0;3600000;0;3600000
07.02.2022 21:00;3;2990;4;3990;25;93744;137;600361;72;736576;2;1030;3;3000;4;4000;0;0;0;0;6;6100;2;2010;48;625327;103;739304;0;3600000;0;3600000
07.02.2022 22:00;5;5000;4;3990;28;139970;117;640794;57;463623;0;0;5;4990;4;3990;0;0;0;0;8;8130;2;2370;30;352040;98;560323;0;3600000;0;3600000
07.02.2022 23:00;2;2000;2;2000;6;40910;67;276130;35;372070;0;0;2;2000;2;2000;0;0;0;0;5;5330;0;0;13;152150;59;285925;0;3600000;0;3600000
08.02.2022 00:00;2;1990;3;2990;8;119230;33;86426;14;163632;0;0;2;2000;3;2980;0;0;0;0;1;1010;0;0;8;70690;27;115260;3;3238266;1;3235746
08.02.2022 01:00;0;0;1;1000;3;29080;9;16000;3;122013;1;14430;0;0;1;990;0;0;0;0;0;0;0;0;5;74400;5;19020;3;3502570;3;3502570
08.02.2022 02:00;0;0;0;0;1;230;10;5680;5;80596;0;0;0;0;0;0;0;0;0;0;0;0;0;0;3;68220;8;25230;0;3600000;0;3600000
08.02.2022 03:00;1;990;0;0;2;2150;9;5490;5;94520;0;0;1;1000;0;0;0;0;0;0;0;0;0;0;2;30967;8;30680;0;3600000;0;3600000
08.02.2022 04:00;3;3000;2;2000;8;81050;24;30820;4;110220;0;0;3;3000;2;2000;0;0;0;0;0;0;0;0;31;117020;23;81720;0;3600000;0;3600000
08.02.2022 05:00;4;4000;5;5000;14;91450;152;578174;34;497217;0;0;4;4000;5;5000;0;0;0;0;2;2020;1;1000;20;173340;106;781226;0;3600000;0;3600000
08.02.2022 06:00;4;4000;4;4000;15;102578;392;845791;105;1164041;2;970;4;4000;4;4000;0;0;0;0;6;8570;4;4010;31;736311;147;1731507;77;1709402;41;1319514
08.02.2022 07:00;7;7000;5;5000;77;662902;565;1527666;270;2255237;9;5630;7;7000;5;5000;0;0;0;0;27;31530;14;14330;90;1454694;94;3190300;112;1701615;92;1379739
08.02.2022 08:00;8;7970;9;9000;76;814496;541;1633907;261;2308791;9;4840;8;8000;9;8990;0;0;0;0;23;26450;13;13240;64;1429402;178;3010625;65;2341474;92;1918077
08.02.2022 09:00;4;4000;3;2990;51;361192;448;1438722;245;1902794;6;3234;4;4000;4;4000;0;0;0;0;29;33320;8;8690;70;1120968;151;2654443;0;3600000;0;3600000
08.02.2022 10:00;6;6000;6;5980;52;507930;360;1482010;244;2065502;7;4840;6;5990;5;5000;0;0;0;0;28;30510;7;8010;86;1037881;159;2433519;0;3600000;0;3600000
08.02.2022 11:00;2;1990;4;4000;89;546434;379;1444606;238;1660628;38;623715;3;2990;5;5000;0;0;0;0;40;44180;10;10020;86;1327667;154;2327363;0;3600000;0;3600000
08.02.2022 12:00;6;5990;5;4990;85;439907;360;1385362;153;1428230;108;1170364;5;4990;5;4980;0;0;0;0;28;28880;14;14050;103;1274755;141;2415528;0;3600000;0;3600000
08.02.2022 13:00;8;7960;9;9000;99;672041;373;1589263;194;1439911;157;1426775;8;7980;8;7990;0;0;0;0;23;24440;13;13450;108;1257289;150;2680750;0;3600000;0;3600000
08.02.2022 14:00;5;4990;6;5340;81;575870;412;1484586;170;1577051;117;1139250;5;4990;6;6000;0;0;0;0;42;46986;12;12523;92;1341497;141;2666887;0;3600000;0;3600000
08.02.2022 15:00;4;3990;4;4640;88;728315;422;1420374;166;1553566;121;1350128;4;4000;4;4000;0;0;0;0;32;33910;31;31360;105;1390431;181;2724623;0;3600000;0;3600000
08.02.2022 16:00;4;4000;3;3000;87;483891;489;1612971;178;1828826;117;1663045;4;3980;4;4000;0;0;0;0;39;43090;23;24520;106;1390662;232;2623877;24;3521595;24;3363935
08.02.2022 17:00;3;2990;4;4000;103;847071;498;1431479;169;2111838;129;1741793;3;3000;4;3990;0;0;0;0;63;83350;15;15530;96;1488852;187;2583366;20;3456876;50;3167343
08.02.2022 18:00;5;4990;4;3990;106;925571;438;1419172;140;1496018;117;1467083;5;5000;4;4054;0;0;0;0;50;55750;21;22570;102;1408745;145;2345370;0;3600000;0;3600000
08.02.2022 19:00;5;5000;5;5000;68;536144;353;1027530;116;1401323;85;1078161;5;5000;4;4000;0;0;0;0;30;39240;10;11140;71;721086;168;1794883;0;3600000;0;3600000
08.02.2022 20:00;4;3990;4;4000;47;223875;231;1112634;76;641200;54;551188;4;4000;4;4000;0;0;0;0;22;23909;10;10600;62;757336;134;1458125;0;3600000;0;3600000
08.02.2022 21:00;4;3990;4;4000;42;197680;180;588340;53;562267;41;373578;4;4000;4;4000;0;0;0;0;15;16560;2;2000;45;568349;129;906887;0;3600000;0;3600000
08.02.2022 22:00;4;4000;4;4000;21;62100;149;640410;37;453472;24;291705;4;4000;4;4000;0;0;0;0;7;9490;4;4020;30;359349;104;640709;0;3600000;0;3600000
08.02.2022 23:00;2;2000;2;1990;14;29900;77;254507;29;365679;18;242127;2;2000;2;1990;0;0;0;0;3;3100;3;3000;15;266740;66;313670;0;3600000;0;3600000
09.02.2022 00:00;2;1990;3;3000;11;23190;36;88000;7;44790;8;152440;2;1990;3;3000;0;0;0;0;1;1010;0;0;7;144364;37;110390;0;3600000;0;3600000
09.02.2022 01:00;0;0;1;1000;3;51870;16;22880;4;56280;3;100090;0;0;1;1000;0;0;0;0;0;0;0;0;1;5860;14;44724;0;3600000;0;3600000
09.02.2022 02:00;0;0;0;0;1;480;9;21520;5;55310;4;36490;0;0;0;0;0;0;0;0;0;0;0;0;0;0;11;38920;0;3600000;0;3600000
09.02.2022 03:00;1;1000;0;0;1;80;19;11670;4;98183;1;14650;1;990;0;0;0;0;0;0;0;0;0;0;3;60890;16;50120;0;3600000;0;3600000
09.02.2022 04:00;3;3000;2;2000;8;8140;33;26270;5;44860;4;37030;3;3000;2;1990;0;0;0;0;1;1000;0;0;9;85087;30;98373;0;3600000;0;3600000
09.02.2022 05:00;4;4000;5;5000;29;139400;160;387860;31;373230;16;197140;4;3990;5;5000;0;0;0;0;1;1010;3;3010;16;186801;100;728990;0;3600000;0;3600000
09.02.2022 06:00;4;4000;3;3000;22;85740;400;916234;67;959863;43;569540;4;4000;4;4000;0;0;0;0;10;13319;3;3000;35;710003;143;1821154;0;3600000;0;3600000
09.02.2022 07:00;7;7000;6;5970;75;587055;565;1603054;191;1880545;140;1535514;7;6990;6;6000;0;0;0;0;42;50620;45;45290;67;1297264;118;3180370;0;3600000;0;3600000
09.02.2022 08:00;8;7980;9;9000;77;846346;533;1516498;163;1797135;118;1761991;8;7990;8;7990;0;0;0;0;33;37685;12;13060;65;1393741;203;2909752;42;2982427;37;2767728
09.02.2022 09:00;4;3990;3;3000;65;453731;449;1197507;178;1599488;136;1537597;4;4000;4;4000;0;0;0;0;29;32020;13;13930;65;958635;184;2239286;13;3384151;18;3325521
09.02.2022 10:00;4;4000;5;4990;75;453388;350;1350732;172;1495632;118;1259302;4;4000;4;4000;0;0;0;0;40;44960;12;12450;63;973858;162;2244974;0;3600000;0;3600000
09.02.2022 11:00;3;2990;4;3990;71;681116;382;1378841;179;1451613;140;1331653;4;3970;4;4000;0;0;0;0;29;31860;13;13090;80;1381354;158;2492585;0;3600000;0;3600000
09.02.2022 12:00;6;6000;4;4000;88;522026;352;1576122;163;1303994;128;983815;5;4990;4;4000;0;0;0;0;34;40889;16;16070;98;1266424;152;2425741;21;3391535;23;3277839
09.02.2022 13:00;7;6990;9;8980;86;551880;426;1666798;180;1597332;120;1028172;7;7000;9;9054;0;0;0;0;30;36250;16;16310;103;1457711;171;2647732;126;2005390;126;1144583
09.02.2022 14:00;6;5980;5;5000;86;717410;374;1586610;175;1523325;130;1486282;6;6000;6;6000;0;0;0;0;42;44910;13;13070;107;1391705;183;2344015;9;3461121;10;3467001
09.02.2022 15:00;4;3970;5;4990;85;868059;466;1474224;169;1890965;130;1459413;4;4000;4;4000;0;0;0;0;48;54407;22;25260;85;1480981;225;2354261;104;2569241;110;2028811
09.02.2022 16:00;4;4000;3;3000;92;541920;510;1562007;161;1848227;129;1747963;4;4000;3;3000;0;0;0;0;47;54080;19;20000;95;1492962;236;2578672;109;2583625;124;1825105
09.02.2022 17:00;4;3980;5;5000;103;898505;516;1484141;185;2078806;122;1888000;4;4000;5;5000;0;0;0;0;52;59390;14;14090;95;1669448;206;2699638;66;3064807;82;2617477
09.02.2022 18:00;4;3990;4;4000;100;873224;464;1499890;169;1872862;125;1502040;4;3990;4;4000;0;0;0;0;53;68090;14;14420;94;1628472;145;2667258;0;3600000;0;3600000
09.02.2022 19:00;5;4990;3;2990;58;512123;344;1148860;116;1478745;101;1307605;5;5000;3;3000;0;0;0;0;35;43740;6;6190;69;1231834;157;1500558;0;3600000;0;3600000
09.02.2022 20:00;4;4000;5;4990;40;264700;207;838372;90;732399;61;422340;4;4000;5;5000;0;0;0;0;23;24100;6;6020;52;661777;128;1287664;0;3600000;0;3600000
09.02.2022 21:00;4;3990;4;3990;36;254390;183;933196;58;384200;49;456695;4;4000;4;3990;0;0;0;0;16;16420;3;3030;60;667613;130;1030933;0;3600000;0;3600000
09.02.2022 22:00;4;4000;4;4000;25;167700;158;556550;44;527025;36;541861;4;3990;4;3990;0;0;0;0;14;17170;4;4010;34;441113;110;751198;57;1514082;39;1412440
09.02.2022 23:00;2;2000;2;1990;20;66533;97;282714;25;219310;16;199960;2;1990;2;2000;0;0;0;0;9;9330;2;2010;18;334470;70;387811;6;3368630;4;3359520
10.02.2022 00:00;2;2000;3;3000;10;55750;39;97520;11;157674;10;149910;2;2000;3;3000;0;0;0;0;1;1010;3;3010;7;112530;30;108530;0;3600000;0;3600000
10.02.2022 01:00;0;0;1;1000;5;23600;18;26660;4;20020;3;81980;0;0;1;1000;0;0;0;0;2;2050;0;0;4;44580;15;56720;0;3600000;0;3600000
10.02.2022 02:00;0;0;0;0;2;22110;14;6560;6;95040;4;47580;0;0;0;0;0;0;0;0;0;0;0;0;2;21900;12;31090;0;3600000;0;3600000
10.02.2022 03:00;1;1000;0;0;0;0;15;9680;0;0;1;3170;1;1000;0;0;0;0;0;0;0;0;0;0;1;6150;13;45447;0;3600000;0;3600000
10.02.2022 04:00;3;3000;2;1990;4;45790;30;14760;9;90147;10;124570;3;2990;2;1990;0;0;0;0;0;0;0;0;9;63634;23;75760;0;3600000;0;3600000
10.02.2022 05:00;4;3990;5;4990;16;164430;167;445660;25;257096;21;253016;4;4000;5;5000;0;0;0;0;0;0;1;1000;12;590199;106;727259;0;3600000;0;3600000
10.02.2022 06:00;4;4000;4;3990;21;205170;421;840439;59;1056145;50;1063124;4;3990;4;3990;0;0;0;0;6;6220;5;5260;35;1192824;140;1850263;37;2389823;29;2200003
10.02.2022 07:00;7;7000;5;4990;61;856887;555;1718569;157;1730878;134;1705581;7;7000;5;4990;0;0;0;0;31;34500;12;12210;76;1323867;131;3260313;0;3600000;0;3600000
10.02.2022 08:00;8;7980;9;8520;68;465200;508;1462656;174;1769521;115;1562039;8;7990;9;8990;0;0;0;0;30;33270;10;11539;76;858836;190;2854714;0;3600000;0;3600000
10.02.2022 09:00;4;3990;4;4480;57;473432;404;1179810;166;1417468;117;1180025;4;4000;4;3990;0;0;0;0;26;28110;8;8470;66;1117639;187;2473664;0;3600000;0;3600000
10.02.2022 10:00;4;3990;3;2980;73;593443;365;1295233;163;1219170;132;1286114;4;4000;4;4000;0;0;0;0;37;40360;11;12210;80;1181977;156;2403589;0;3600000;0;3600000
10.02.2022 11:00;5;5000;6;5980;82;672212;344;1404500;175;1547388;131;1429866;5;5000;5;5052;0;0;0;0;42;49540;17;17250;90;1317067;143;2397097;0;3600000;0;3600000
10.02.2022 12:00;5;4990;5;4990;88;718741;342;1485156;181;1365475;142;1525670;5;5000;5;4990;0;0;0;0;43;46140;22;22810;99;1582337;158;2437687;0;3600000;0;3600000
10.02.2022 13:00;-1;-1;-1;-1;-1;-1;-1;-1;-1;-1;-1;-1;-1;-1;-1;-1;-1;-1;-1;-1;-1;-1;-1;-1;-1;-1;-1;-1;-1;-1;-1;-1
10.02.2022 14:00;5;5000;5;4990;94;703775;460;1439967;179;1524973;131;1115385;5;5000;6;5990;0;0;0;0;29;31430;15;15320;84;1248667;157;2745010;0;3600000;0;3600000
10.02.2022 15:00;4;4000;4;4000;100;799466;429;1523917;173;1427689;145;1419256;4;4000;4;4000;0;0;0;0;52;60640;14;14030;103;1272583;180;2603778;0;3600000;0;3600000
10.02.2022 16:00;4;4000;4;4000;109;963575;478;1475494;177;2138208;121;1683235;4;4000;4;4000;0;0;0;0;50;61924;28;29560;102;1818602;187;2674300;21;3448243;29;3430724
10.02.2022 17:00;4;3990;4;4000;94;948805;514;1505700;185;1683221;123;1763745;4;4000;3;3000;0;0;0;0;38;38890;27;28155;101;1596828;157;2844294;0;3600000;0;3600000
10.02.2022 18:00;4;3990;4;4000;114;790525;431;1353673;151;1767547;127;1864907;4;4000;4;4000;0;0;0;0;58;71619;13;13040;109;1064317;137;2558364;0;3600000;0;3600000
10.02.2022 19:00;5;5063;5;4980;77;470700;326;1179297;126;1513417;85;1197110;5;5000;5;5000;0;0;0;0;19;20560;4;4030;72;1281799;150;1906204;0;3600000;0;3600000
10.02.2022 20:00;4;4000;4;4000;41;430380;223;909748;73;656150;50;621831;4;4000;4;3980;0;0;0;0;12;13290;8;8100;58;807993;153;1524199;8;3457639;15;3478679
10.02.2022 21:00;4;4000;4;4000;37;248967;188;739269;59;545635;46;438870;4;3980;4;4000;0;0;0;0;14;14750;9;9360;42;559260;132;1089418;0;3600000;0;3600000
10.02.2022 22:00;4;4000;4;4000;32;195020;122;774953;50;396260;35;264970;4;4000;4;4000;0;0;0;0;8;9610;2;2010;30;401174;109;773242;0;3600000;0;3600000
10.02.2022 23:00;2;2000;2;2000;12;28440;92;263162;30;300713;15;232823;2;2000;2;2000;0;0;0;0;2;2020;1;1000;27;283392;76;472331;0;3600000;0;3600000
11.02.2022 00:00;2;2000;3;3000;8;18810;50;128290;7;87194;5;134610;2;2000;3;2990;0;0;0;0;1;1010;1;1000;11;144263;49;252510;0;3600000;0;3600000
11.02.2022 01:00;0;0;1;1000;4;13450;32;19440;4;19900;4;72400;0;0;1;1000;0;0;0;0;2;3100;0;0;5;37620;21;92640;0;3600000;0;3600000
11.02.2022 02:00;0;0;0;0;3;22630;13;33120;2;18040;0;0;0;0;0;0;0;0;0;0;0;0;0;0;5;77100;11;45280;0;3600000;0;3600000
11.02.2022 03:00;1;1000;0;0;1;480;15;7190;2;6020;4;64780;1;1000;0;0;0;0;0;0;0;0;0;0;4;74490;13;59280;0;3600000;0;3600000
11.02.2022 04:00;3;3000;2;2000;4;18940;27;41100;4;107660;3;104250;3;2990;2;2000;0;0;0;0;0;0;0;0;6;91830;24;101720;0;3600000;0;3600000
11.02.2022 05:00;4;4000;5;5000;11;106890;144;388557;23;406880;11;198470;4;4000;5;4990;0;0;0;0;2;2100;1;1000;17;199940;96;744331;0;3600000;0;3600000
11.02.2022 06:00;4;4000;4;3990;25;288940;361;750376;64;959452;57;999278;4;3990;4;4000;0;0;0;0;6;6050;2;2000;25;416780;130;1722252;0;3600000;0;3600000
11.02.2022 07:00;7;6980;5;5000;83;775671;518;1483657;182;1942233;133;1905753;7;7000;5;4990;0;0;0;0;22;25840;13;12980;75;1210818;100;3029683;0;3600000;0;3600000
11.02.2022 08:00;7;6980;8;8000;69;648576;459;1431429;155;1576969;129;1830191;7;6990;8;8000;0;0;0;0;28;32420;9;9060;68;1460728;218;2422503;0;3600000;0;3600000
11.02.2022 09:00;5;5000;3;3000;64;467428;407;1340421;160;1510137;139;1562069;5;5000;4;3990;0;0;0;0;23;31813;11;12038;79;1024180;185;2306154;0;3600000;0;3600000
11.02.2022 10:00;5;4990;5;5000;60;439805;378;1393268;144;1426510;111;1243765;5;5000;5;5000;0;0;0;0;37;40970;6;6100;75;1236189;151;2429994;0;3600000;0;3600000
11.02.2022 11:00;3;3000;6;6000;73;449050;369;1533680;171;1186459;149;1271250;4;4000;4;4000;0;0;1;620;31;31580;15;15120;95;1203920;152;2574334;0;3600000;0;3600000
11.02.2022 12:00;6;6000;5;5000;96;739164;412;1760769;206;1854418;149;1454506;5;5000;5;5000;0;0;0;0;47;60137;18;19850;106;1606702;171;2696009;0;3600000;0;3600000
11.02.2022 13:00;8;7970;8;7970;109;665650;499;1597898;203;1770668;156;1814199;8;7960;8;7980;0;0;0;0;50;53839;30;30680;112;1585444;194;2809348;0;3600000;0;3600000
11.02.2022 14:00;5;4990;6;5980;95;711212;511;1338288;169;1631188;138;1861547;5;5000;6;5990;0;0;0;0;40;43680;9;9500;89;1513077;235;2443035;0;3600000;0;3600000
11.02.2022 15:00;4;3990;3;3000;108;722174;476;1339501;185;1563609;127;1446771;4;4000;4;3990;0;0;0;0;41;60500;15;15680;100;1378776;253;2217378;0;3600000;0;3600000
11.02.2022 16:00;4;3990;4;4000;101;623476;498;1421345;164;1816815;136;1549893;4;4000;4;3990;0;0;0;0;51;57970;13;13050;90;1424413;231;2377723;0;3600000;0;3600000
11.02.2022 17:00;4;4000;4;3990;71;535975;462;1399049;177;1462640;120;1393962;4;3990;3;3000;0;0;0;0;44;54429;20;20200;94;1216810;218;2624607;0;3600000;0;3600000
11.02.2022 18:00;4;4000;5;5000;100;756632;451;1713187;148;1655498;104;1291682;4;4000;5;5000;0;0;0;0;32;36170;12;12050;104;1447988;130;2582194;0;3600000;0;3600000
11.02.2022 19:00;5;4990;4;4000;67;607173;404;1144290;115;1619156;91;1151856;5;5000;4;4000;0;0;0;0;51;65094;13;13080;67;1296642;198;1823841;0;3600000;0;3600000
11.02.2022 20:00;4;4000;4;4000;39;327352;251;896308;94;807788;75;666642;4;4000;4;3990;0;0;0;0;31;35220;6;6020;53;1069564;115;1428365;0;3600000;0;3600000
11.02.2022 21:00;4;4000;4;4000;30;185620;225;816049;65;497460;46;493419;4;3990;4;4000;0;0;0;0;17;18250;8;8030;51;449860;158;1129764;0;3600000;0;3600000
11.02.2022 22:00;4;4000;4;4000;22;134190;189;783444;60;447309;46;411021;4;3990;4;4000;0;0;0;0;22;25300;6;6020;52;586081;141;982046;0;3600000;0;3600000
11.02.2022 23:00;2;2000;2;2000;13;87930;144;554301;41;401452;32;351500;2;2000;2;1990;0;0;0;0;11;13400;1;1000;17;255000;102;665094;0;3600000;0;3600000
12.02.2022 00:00;2;1990;2;2000;14;191380;78;313030;19;177222;21;216797;2;2000;2;1990;0;0;0;0;4;4102;6;6240;19;226530;60;317440;0;3600000;0;3600000
12.02.2022 01:00;2;2000;2;2000;10;22680;55;96804;14;198030;11;197810;2;2000;2;1990;0;0;1;940;5;5410;1;1000;13;139000;50;163457;0;3600000;0;3600000
12.02.2022 02:00;2;2000;2;2000;8;43234;45;138460;13;148030;9;104410;2;1990;2;1990;0;0;0;0;1;1070;1;1010;11;168940;39;156790;0;3600000;0;3600000
12.02.2022 03:00;2;2000;2;2000;6;38310;31;69960;8;90818;7;84411;2;2000;2;2000;0;0;0;0;0;0;0;0;2;10950;22;92920;0;3600000;0;3600000
12.02.2022 04:00;2;2000;2;2000;7;90360;29;36530;10;153930;10;102550;2;2000;2;2000;0;0;0;0;0;0;0;0;7;113410;25;97150;0;3600000;0;3600000
12.02.2022 05:00;4;4000;4;4000;7;9690;50;89420;7;118310;6;96521;4;3990;4;3990;0;0;0;0;0;0;2;2100;10;87630;47;204940;0;3600000;0;3600000
12.02.2022 06:00;4;4000;4;4000;7;9950;84;274690;11;229476;12;257740;4;4000;4;4000;0;0;0;0;2;2020;1;1010;9;530648;82;558147;29;631456;35;699704
12.02.2022 07:00;4;4000;4;4000;14;121550;116;302983;25;320500;22;285140;4;3990;4;3990;0;0;0;0;5;7640;1;1010;16;179270;79;527123;23;1043386;54;1185006
12.02.2022 08:00;4;3990;4;3990;19;168100;178;657451;59;601040;47;546669;4;4000;4;3990;0;0;0;0;7;7050;0;0;21;289774;123;897840;65;342016;107;364950
12.02.2022 09:00;4;4000;4;4000;26;143060;273;905897;109;1016639;86;803383;4;3990;4;3990;0;0;0;0;28;30290;11;11140;44;843753;170;1585227;72;1318638;144;1524295
12.02.2022 10:00;4;3990;4;3980;41;439140;344;1266766;150;1358185;119;1287804;4;4000;4;4000;0;0;0;0;37;40240;12;12060;47;709198;191;2009104;2;3575150;2;3594170
12.02.2022 11:00;4;4000;4;4000;54;358568;394;1484373;136;1378233;138;1417241;4;3990;4;4000;0;0;0;0;43;44580;11;11090;85;1236308;159;2328797;0;3600000;0;3600000
12.02.2022 12:00;4;3980;4;4000;63;397730;406;1574840;161;1250299;127;1103830;4;4000;4;4000;0;0;0;0;57;70730;9;9390;83;1544831;160;2472486;0;3600000;0;3600000
12.02.2022 13:00;4;4000;4;4000;78;538363;475;1642582;160;1213053;117;1187847;4;3980;4;4000;0;0;0;0;41;45840;13;13390;89;1222110;176;2731229;0;3600000;0;3600000
12.02.2022 14:00;4;4000;4;4000;67;476198;455;1585054;153;1521106;126;1337566;4;3990;4;4000;0;0;0;0;47;59800;18;18280;87;1512371;181;2672833;6;3469589;16;3431354
12.02.2022 15:00;4;3990;4;4000;54;462760;407;1342517;142;1206270;104;1103668;4;4000;4;3990;0;0;0;0;50;54250;8;8060;82;1111354;183;2092225;5;3521860;5;3533390
12.02.2022 16:00;4;4000;4;4000;68;507660;369;1327284;117;1018054;96;943279;4;3990;4;3980;0;0;0;0;48;53120;10;11230;83;1211285;176;2191660;0;3600000;0;3600000
12.02.2022 17:00;4;4000;4;4000;54;372437;378;1472421;139;1331780;121;977524;4;4000;4;4000;0;0;0;0;38;40391;13;13060;63;968945;159;2424468;0;3600000;0;3600000
12.02.2022 18:00;4;3990;4;4000;65;498652;387;1508551;125;1117589;89;904188;4;4000;4;3990;0;0;0;0;43;48364;12;12640;82;1488021;141;2424885;0;3600000;0;3600000
12.02.2022 19:00;4;3980;4;4000;59;406254;304;1393404;113;861077;83;711951;4;4000;4;3990;0;0;0;0;44;44990;9;9940;68;922999;144;1875703;0;3600000;0;3600000
12.02.2022 20:00;4;4000;4;4000;35;269170;248;1142932;74;667144;55;474374;4;4000;4;3980;0;0;0;0;34;35730;9;9010;52;580440;156;1541724;0;3600000;0;3600000
12.02.2022 21:00;4;4000;4;4000;26;210707;215;843913;63;663802;40;345956;4;3980;4;3990;0;0;0;0;15;15280;3;3020;54;915921;145;1169018;18;3021588;27;3082038
12.02.2022 22:00;4;3990;4;4000;29;166635;195;815013;39;394208;27;330360;4;4000;4;4000;0;0;0;0;17;19390;5;5110;48;371214;155;1099889;0;3600000;0;3600000
12.02.2022 23:00;2;1990;2;1990;13;98590;153;493013;38;488545;34;430439;2;2000;2;2000;0;0;0;0;8;8360;2;2010;25;357220;115;734850;0;3600000;0;3600000
13.02.2022 00:00;2;1990;2;2000;18;173806;91;363754;35;414255;23;333350;2;2000;2;2000;0;0;0;0;1;2010;1;1000;23;634602;81;415354;0;3600000;0;3600000
13.02.2022 01:00;2;2000;2;1990;9;51840;59;177480;15;264110;15;182694;2;2000;2;2000;0;0;1;1360;4;4050;0;0;16;184046;52;281640;25;1733861;26;1801171
13.02.2022 02:00;2;1990;2;2000;6;35730;45;136408;13;241990;12;213658;2;1990;2;2000;0;0;0;0;0;0;2;2020;8;89140;38;151170;17;1449294;27;1494084
13.02.2022 03:00;2;1990;2;2000;2;2620;23;12990;6;60934;5;83354;2;2000;2;2000;0;0;0;0;0;0;2;2010;3;27570;18;65590;0;3600000;0;3600000
13.02.2022 04:00;2;2000;2;2000;9;86430;19;37560;6;109460;7;125203;2;2000;2;2000;0;0;0;0;0;0;0;0;10;150360;15;56040;0;3600000;0;3600000
13.02.2022 05:00;2;2000;2;2000;2;3580;24;13960;4;58860;6;148964;2;2000;2;2000;0;0;0;0;0;0;0;0;6;81670;19;67110;0;3600000;0;3600000
13.02.2022 06:00;2;1990;2;2000;4;63420;25;116170;6;138340;6;113820;2;2000;2;2000;0;0;0;0;1;1010;0;0;6;100400;23;90110;0;3600000;0;3600000
13.02.2022 07:00;2;2000;2;2000;5;56170;44;94334;9;135650;8;154760;2;2000;2;2000;0;0;0;0;0;0;0;0;9;89170;28;93700;9;2916482;9;2930507
13.02.2022 08:00;2;2000;2;2000;13;118834;66;256510;32;305920;29;272777;2;2000;2;2000;0;0;0;0;6;6570;1;1100;16;296670;59;285525;0;3600000;0;3600000
13.02.2022 09:00;4;4000;4;3990;19;77250;161;639903;62;681868;47;424058;4;3990;4;4000;0;0;0;0;11;12030;3;3010;26;306844;132;927907;0;3600000;0;3600000
13.02.2022 10:00;4;4000;4;4000;28;174692;228;900509;83;718487;65;568698;4;3990;4;3990;0;0;0;0;16;16290;5;5570;32;387897;144;1363686;0;3600000;0;3600000
13.02.2022 11:00;4;4000;4;4000;48;237327;318;1241062;100;1002434;77;790840;4;3990;4;4000;0;0;0;0;20;23261;6;6430;49;520426;176;1593514;0;3600000;0;3600000
13.02.2022 12:00;4;3990;4;4000;52;380362;364;1227463;116;986729;68;603879;4;4000;4;4000;0;0;0;0;26;28090;8;8260;62;744964;171;1911316;0;3600000;0;3600000
13.02.2022 13:00;4;4000;4;3990;55;271923;377;1065182;134;998014;89;853951;4;4000;4;3990;0;0;0;0;30;30470;6;6030;47;589144;199;1906953;0;3600000;0;3600000
13.02.2022 14:00;4;3990;4;4000;50;476160;390;1363268;123;1136686;101;1041246;4;4000;4;3990;0;0;0;0;49;53210;11;12012;67;692800;172;2198365;0;3600000;0;3600000
13.02.2022 15:00;4;3990;4;3990;43;275350;366;1319087;109;819140;87;700040;4;4000;4;4000;0;0;0;0;27;31750;9;9030;58;645066;204;2043342;0;3600000;0;3600000
13.02.2022 16:00;4;4000;4;4000;65;383818;361;1349863;134;792293;106;863519;4;3990;4;4000;0;0;0;0;37;43020;9;9150;63;875568;186;2071591;0;3600000;0;3600000
13.02.2022 17:00;4;3990;4;4000;37;159370;425;1409606;113;872410;86;836558;4;4000;4;3990;0;0;0;0;27;30104;17;17400;77;942228;201;2458421;0;3600000;0;3600000
13.02.2022 18:00;4;4000;4;4000;45;301434;345;1393305;95;663373;85;852663;4;4000;4;4000;0;0;0;0;18;21300;10;10030;65;858595;129;1996741;2;3547165;1;3567795
13.02.2022 19:00;4;4000;4;4000;51;254017;278;882048;76;703938;61;664829;4;3990;4;4000;0;0;0;0;11;11620;4;4020;52;900559;153;1553764;90;1762169;106;1987930
13.02.2022 20:00;4;3990;4;4000;28;135600;224;827135;57;516610;44;544198;4;4000;4;4000;0;0;0;0;15;17518;5;5010;46;403080;121;1041080;0;3600000;0;3600000
13.02.2022 21:00;4;4000;4;4048;21;113250;160;405905;32;305079;40;392262;4;3990;4;4000;0;0;0;0;11;13759;1;1010;35;501237;121;853783;16;2605711;32;2684061
13.02.2022 22:00;4;4000;4;3990;15;35740;108;247885;31;382296;27;352356;4;3990;4;3990;0;0;0;0;5;5040;0;0;22;454440;91;427530;18;2902855;30;2950055
13.02.2022 23:00;2;2000;2;2000;9;18880;60;84880;11;151555;7;121085;2;2000;2;2000;0;0;0;0;0;0;2;2010;16;318783;58;199990;4;3090625;11;3126305
14.02.2022 00:00;2;2000;3;2980;8;2240;38;101960;3;86150;5;115329;2;2000;3;3000;0;0;0;0;1;1010;1;1000;6;82410;35;138780;0;3600000;0;3600000
14.02.2022 01:00;0;0;1;1000;1;4070;17;7440;2;65130;1;15140;0;0;1;1000;0;0;0;0;0;0;0;0;0;0;14;45380;0;3600000;0;3600000
14.02.2022 02:00;0;0;0;0;2;25880;16;10320;4;104390;2;17900;0;0;0;0;0;0;0;0;1;1010;0;0;3;35240;12;34005;0;3600000;0;3600000
14.02.2022 03:00;1;1000;0;0;2;240;6;3830;4;106820;3;61465;1;1000;0;0;0;0;0;0;0;0;0;0;1;6390;6;21390;0;3600000;0;3600000
14.02.2022 04:00;3;3000;2;2000;13;14900;47;77880;8;138970;6;82950;3;2990;2;2000;0;0;0;0;0;0;1;1010;9;163533;41;181910;0;3600000;0;3600000
14.02.2022 05:00;4;4000;5;5054;17;214676;160;282187;25;246943;17;155303;4;3990;5;4980;0;0;0;0;1;1010;1;1000;23;234506;96;740793;0;3600000;0;3600000
14.02.2022 06:00;4;3990;4;4000;29;282920;400;1023396;65;922820;55;902462;4;3990;4;3960;0;0;0;0;5;5050;2;2010;20;352025;133;1914322;0;3600000;0;3600000
14.02.2022 07:00;7;6990;6;5760;81;564360;558;1635243;165;1415746;150;1701851;7;6980;6;5990;0;0;0;0;31;58486;28;30430;85;1221748;146;3106980;0;3600000;0;3600000
14.02.2022 08:00;8;7980;7;7190;79;822960;528;1500475;150;1818997;120;1594840;8;8000;8;8000;0;0;0;0;33;37671;13;13070;73;1411217;181;2908458;37;2860821;92;2730808
14.02.2022 09:00;3;3000;4;3990;59;455265;393;1351194;150;1464602;128;1519246;4;3990;4;3990;0;0;0;0;36;45450;12;12060;80;1104661;183;2228186;111;1349365;184;1439474
14.02.2022 10:00;5;4990;5;5000;58;388373;388;1279231;156;1450579;135;1226046;4;3980;4;3990;0;0;0;0;40;43470;12;12190;79;1131547;165;2268807;73;2334638;159;1971621
14.02.2022 11:00;3;3000;4;4000;80;703893;369;1484881;179;1496945;133;1296495;4;4000;4;3990;0;0;0;0;32;35010;9;11230;93;1435975;160;2299853;125;1417896;184;1469995
14.02.2022 12:00;6;5990;4;4000;82;537630;419;1624654;169;1501084;134;1373114;5;5000;5;4990;0;0;0;0;34;34820;9;9140;94;1285587;173;2497226;34;3069907;67;3043953
14.02.2022 13:00;8;7990;8;8000;94;738269;430;1661928;187;1472110;125;1154672;8;7980;8;7990;0;0;0;0;35;39190;21;21940;87;1188538;156;2720991;0;3600000;0;3600000
14.02.2022 14:00;5;5000;7;7000;76;542264;383;1670396;155;1344779;123;1225109;5;5000;6;6000;0;0;0;0;32;38790;11;11330;99;1357985;149;2478590;62;3084331;74;3206629
14.02.2022 15:00;4;3990;3;3000;85;895700;472;1390113;170;1855486;138;1807405;4;4000;3;2990;0;0;0;0;38;40140;24;24790;96;2094372;222;2462900;142;2381194;150;2705611
14.02.2022 16:00;4;4000;4;4000;122;1012312;496;1588264;182;2335306;152;1871946;4;3980;5;5000;0;0;0;0;63;71359;29;31200;108;1834947;212;2649077;156;2261539;164;2803637
14.02.2022 17:00;4;4000;5;5000;92;716594;502;1705095;152;2099692;136;1849393;4;4000;4;4000;0;0;0;0;73;99159;14;14220;121;1611622;160;2944238;117;2536568;109;2760252
14.02.2022 18:00;4;4000;4;4000;109;1025800;435;1350477;140;2043220;121;1576913;4;4000;4;4000;0;0;0;0;48;57827;13;13300;109;1220524;141;2612574;202;1495074;130;2027293
14.02.2022 19:00;5;4980;4;3990;68;678020;311;1185058;108;1280839;92;1186778;5;5000;4;4000;0;0;0;0;24;30730;12;12070;86;1182944;168;1601052;8;3384530;8;3427960
14.02.2022 20:00;4;4000;4;4000;51;388832;216;886684;90;723361;45;393550;4;3990;4;3990;0;0;0;0;15;16484;8;8040;52;715467;147;1125442;0;3600000;0;3600000
14.02.2022 21:00;4;4000;4;4000;34;216734;172;605260;62;568143;48;408725;4;3990;4;4000;0;0;0;0;12;15840;6;7240;36;487773;115;878749;0;3600000;0;3600000
14.02.2022 22:00;4;3990;4;4000;26;203831;146;406485;66;530164;34;321730;4;3990;4;4000;0;0;0;0;10;10850;0;0;36;539260;103;500614;0;3600000;0;3600000
14.02.2022 23:00;2;1990;2;2000;11;24380;89;318715;24;340366;16;325776;2;2000;2;1990;0;0;0;0;8;9240;0;0;16;197950;71;309451;0;3600000;0;3600000
15.02.2022 00:00;2;1990;3;3000;11;21890;41;112060;8;118606;12;206266;2;2000;3;3000;0;0;0;0;1;1160;0;0;4;64390;30;110400;0;3600000;0;3600000
15.02.2022 01:00;0;0;1;1000;4;33580;18;10150;2;51140;0;0;0;0;1;1000;0;0;0;0;0;0;0;0;1;21820;13;41670;0;3600000;0;3600000
15.02.2022 02:00;0;0;0;0;0;0;16;7970;4;83410;2;23470;0;0;0;0;0;0;0;0;2;2020;0;0;4;88000;13;44720;0;3600000;0;3600000
15.02.2022 03:00;1;1000;0;0;6;5100;9;36555;4;51410;3;49140;1;1000;0;0;0;0;0;0;0;0;0;0;4;32000;7;28220;6;392732;7;408332
15.02.2022 04:00;3;2990;2;1990;6;45780;36;35250;4;73060;2;99592;3;3000;2;2000;0;0;0;0;1;1940;0;0;7;65370;22;74740;5;2368730;15;2413340
15.02.2022 05:00;4;3990;5;5000;20;77120;167;479945;32;364977;15;167930;4;3990;5;5000;0;0;0;0;2;2920;1;1000;22;233387;117;761331;0;3600000;0;3600000
15.02.2022 06:00;4;3990;4;4000;27;151530;440;894176;70;700398;59;924342;4;4000;4;3980;0;0;0;0;5;8090;5;5270;26;640021;124;1963359;0;3600000;0;3600000
15.02.2022 07:00;7;6990;5;4990;71;563404;528;1656665;175;1902120;147;1878592;7;7000;5;4970;0;0;0;0;29;34550;17;18190;69;1035386;138;3107453;0;3600000;0;3600000
15.02.2022 08:00;8;7980;8;7980;82;823250;540;1520476;165;1567210;155;1642821;8;7990;9;8990;0;0;0;0;35;38450;17;18020;87;1564065;175;3136227;0;3600000;0;3600000
15.02.2022 09:00;4;4000;4;4000;76;748715;418;1471298;176;1778185;130;1354312;4;4000;3;2980;0;0;0;0;31;35880;13;12929;79;1258989;187;2510372;0;3600000;0;3600000
15.02.2022 10:00;5;5000;4;3990;73;466790;381;1328773;162;1299791;129;1347307;5;4990;4;4000;0;0;0;0;29;32090;18;18070;93;1184059;148;2567568;0;3600000;0;3600000
15.02.2022 11:00;3;3000;5;5000;81;540010;333;1611225;137;1364876;124;1303297;3;3000;5;5000;0;0;0;0;39;44814;16;16470;79;1145693;165;2353999;0;3600000;0;3600000
15.02.2022 12:00;6;6000;5;4990;96;659700;372;1447549;159;1489751;142;1295444;6;6000;6;6000;0;0;0;0;36;38180;19;19750;87;1488351;145;2486501;10;3018752;55;2875736
15.02.2022 13:00;7;6980;8;8000;92;632022;388;1631181;168;1374262;129;1349154;8;8000;8;7980;0;0;1;4680;38;43340;14;15270;92;1437663;136;2739488;3;3377070;9;3550251
15.02.2022 14:00;6;5980;6;6000;86;592750;400;1575461;164;1456745;120;1392608;5;5053;5;5000;0;0;0;0;44;51389;11;11070;95;1240366;140;2695273;0;3600000;0;3600000
15.02.2022 15:00;4;3990;4;3970;81;469541;434;1590628;173;1645452;133;1495141;4;3990;4;3990;0;0;0;0;51;53471;25;27780;96;1125508;209;2584333;0;3600000;0;3600000
15.02.2022 16:00;4;4000;4;4000;93;760368;435;1600850;189;2117995;154;1789110;4;4000;5;5045;0;0;0;0;49;53600;26;26510;99;1490453;218;2490864;0;3600000;0;3600000
15.02.2022 17:00;4;4000;4;3990;113;790327;443;1643051;158;1742082;124;1675221;4;4000;4;4000;0;0;0;0;52;56890;28;29559;96;1615179;193;2558507;0;3600000;0;3600000
15.02.2022 18:00;4;4000;4;4000;101;712484;429;1593340;158;1632518;116;1475559;4;3990;3;2980;0;0;0;0;40;42840;10;10270;117;1126788;120;2672896;0;3600000;0;3600000
15.02.2022 19:00;4;3990;5;4990;71;572481;362;1199977;117;1261957;103;1319353;4;4000;5;5000;0;0;0;0;31;35690;10;10240;77;1314503;168;1914353;0;3600000;0;3600000
15.02.2022 20:00;5;5000;4;4000;46;241610;228;859469;88;749812;60;517813;5;5000;4;4000;0;0;0;0;19;20500;2;2020;68;873479;135;1141905;0;3600000;0;3600000
15.02.2022 21:00;4;3990;4;3990;40;364776;205;720525;44;474529;37;358034;4;4000;4;3990;0;0;0;0;12;13880;3;3010;33;315696;137;1005330;0;3600000;0;3600000
15.02.2022 22:00;4;3990;4;3990;23;72290;149;758444;36;383343;34;391439;4;4000;4;4000;0;0;0;0;10;10410;5;5110;29;231673;132;785873;0;3600000;0;3600000
15.02.2022 23:00;2;2000;2;2000;14;61085;83;382793;34;323226;23;292766;2;1990;2;2000;0;0;0;0;6;6530;3;3020;25;212505;67;431400;0;3600000;0;3600000
16.02.2022 00:00;2;2000;3;3000;5;24180;42;117525;11;86710;6;82120;2;2000;3;2990;0;0;0;0;1;1010;0;0;10;180588;38;187308;0;3600000;0;3600000
16.02.2022 01:00;0;0;1;1000;3;1690;20;17940;2;68850;0;0;0;0;1;1000;0;0;0;0;0;0;0;0;2;2380;19;68338;0;3600000;0;3600000
16.02.2022 02:00;0;0;0;0;1;240;14;34730;2;44923;2;40250;0;0;0;0;0;0;0;0;0;0;0;0;2;23080;12;60080;0;3600000;0;3600000
16.02.2022 03:00;1;1000;0;0;3;1510;7;4860;3;35330;3;44800;1;1000;0;0;0;0;0;0;0;0;0;0;5;24140;6;29780;0;3600000;0;3600000
16.02.2022 04:00;3;3000;2;2000;9;89360;29;82590;6;103476;5;96890;3;3000;2;2000;0;0;0;0;0;0;0;0;15;66730;24;151538;0;3600000;0;3600000
16.02.2022 05:00;4;4000;5;5000;16;125310;163;343260;23;306833;19;387320;4;3990;5;4990;0;0;0;0;2;2020;1;1000;20;159450;88;923034;0;3600000;0;3600000
16.02.2022 06:00;4;4000;3;3000;26;320262;384;772198;76;955905;55;1002038;4;4000;4;3980;0;0;0;0;11;11070;1;1000;26;548902;125;1937133;4;3460559;5;3518939
16.02.2022 07:00;7;6980;6;6000;70;863885;528;1840294;180;1728587;153;1733535;7;7000;6;5990;0;0;0;0;24;25420;12;12460;82;1101367;58;3385954;0;3600000;0;3600000
16.02.2022 08:00;8;8000;9;9000;74;744433;589;1743041;160;1803211;136;1492560;8;7980;8;8000;0;0;0;0;29;30460;10;10040;75;1111639;65;3401140;0;3600000;0;3600000
16.02.2022 09:00;4;4000;4;4000;56;592712;427;1633734;152;1528449;138;1550630;4;4000;4;4000;0;0;0;0;19;20130;10;10220;65;1109902;157;2675759;0;3600000;0;3600000
16.02.2022 10:00;4;4000;4;4000;58;393344;376;1583257;135;1134620;115;1001324;4;4000;4;3990;0;0;0;0;30;37400;17;17810;76;1138573;147;2380641;0;3600000;0;3600000
16.02.2022 11:00;4;4000;4;3990;70;606439;375;1689261;165;1501894;138;1211574;4;4000;4;3990;0;0;0;0;24;28000;7;7050;84;1389425;153;2593407;6;3197207;12;3499352
16.02.2022 12:00;5;5000;5;5000;97;800921;378;1443027;170;1724180;135;1412601;5;4990;5;5000;0;0;0;0;33;39480;15;15560;95;1348362;154;2339817;29;1025714;119;2286771
16.02.2022 13:00;8;7980;7;6990;89;755036;392;1714983;169;1918158;143;1757625;8;7990;8;8000;0;0;0;0;37;45210;20;20090;103;2012404;174;2486730;24;2666681;44;3065717
16.02.2022 14:00;4;4000;7;6990;62;438260;385;1614559;159;1400733;121;1245071;5;5000;6;5990;0;0;0;0;32;34643;14;14240;77;1323030;178;2449132;38;605084;90;2812101
16.02.2022 15:00;5;4990;4;4038;88;609683;395;1455712;161;1680886;128;1500266;4;4000;4;4000;0;0;0;0;41;46390;25;25160;92;1423976;199;2350399;13;2089870;46;3300360
16.02.2022 16:00;4;4000;4;3990;104;625734;418;1568584;173;1654203;140;1470968;4;4000;4;4000;0;0;0;0;50;53500;16;16580;96;1388201;174;2745836;0;3600000;0;3600000
16.02.2022 17:00;4;3980;3;2990;118;931136;448;1374573;166;2002542;117;1792481;4;3990;4;4000;0;0;0;0;45;50800;11;11810;106;1547180;175;2805134;13;2896331;21;3428441
16.02.2022 18:00;4;3990;5;4980;86;635957;398;1281140;139;1644183;113;1549450;4;3990;4;4000;0;0;0;0;44;48830;16;16680;108;1514666;164;2641141;115;2068298;40;3174413
16.02.2022 19:00;5;4990;4;4000;65;774091;310;873492;108;1246152;83;1255421;5;4980;4;4000;0;0;0;0;36;37484;6;6170;65;1140045;176;1764862;0;3600000;0;3600000
16.02.2022 20:00;4;3990;4;3990;37;289715;211;1031903;78;675199;58;534102;4;4000;4;3990;0;0;0;0;16;19150;8;8830;48;470649;130;1626568;0;3600000;0;3600000
16.02.2022 21:00;4;3990;4;4000;26;203970;191;901572;58;519300;40;321781;4;3990;4;4000;0;0;0;0;13;15570;2;2010;48;579520;127;1095077;0;3600000;0;3600000
16.02.2022 22:00;4;4000;4;3990;16;37610;136;597378;38;402555;25;347415;4;4000;4;4000;0;0;0;0;6;7700;1;1100;36;394410;108;813905;18;2531723;31;2692748
16.02.2022 23:00;2;2000;2;2000;11;65670;101;388940;33;414720;10;38230;2;1990;2;1990;0;0;0;0;8;8060;0;0;16;209570;81;576814;36;447985;57;703325
17.02.2022 00:00;2;2000;3;2990;6;70251;40;123970;9;133440;9;208875;2;2000;3;3000;0;0;0;0;3;3270;0;0;9;155650;37;164220;16;1690078;21;1715748
17.02.2022 01:00;0;0;1;1000;1;1440;17;10800;1;2080;2;66670;0;0;1;1000;0;0;0;0;0;0;0;0;2;59370;17;59076;1;7580;11;58920
17.02.2022 02:00;0;0;0;0;0;0;10;7030;5;90600;4;96300;0;0;0;0;0;0;0;0;1;1000;0;0;5;59280;8;40392;9;586578;14;598988
17.02.2022 03:00;1;1000;0;0;2;4940;10;6800;0;0;1;1100;1;1000;0;0;0;0;0;0;0;0;0;0;2;22530;9;39000;10;1785800;6;1799544
17.02.2022 04:00;3;3000;2;2000;6;11330;31;51270;6;41860;6;79590;3;3000;2;2000;0;0;0;0;0;0;0;0;12;90340;28;122202;9;3027783;5;3016793
17.02.2022 05:00;4;4000;4;4000;13;228725;154;399756;27;362657;18;293749;4;3990;5;4980;0;0;0;0;2;2010;2;2010;16;246045;93;888871;1;3335261;6;3360591
17.02.2022 06:00;4;4000;4;4000;12;165770;420;1003324;56;974154;54;1077604;4;3990;3;3000;0;0;0;0;9;9360;3;3030;17;383830;132;1995187;66;2705640;20;2876049
17.02.2022 07:00;7;6980;6;6000;66;727258;478;1606931;181;1525195;162;1774008;7;6990;7;6980;0;0;0;0;25;29650;16;16420;75;1229119;155;3159107;0;3600000;0;3600000
17.02.2022 08:00;8;7990;9;8990;81;712203;526;1631834;167;1646886;154;1660207;8;7980;8;7990;0;0;0;0;22;24080;13;13720;85;1278327;194;3076335;0;3600000;0;3600000
17.02.2022 09:00;4;4000;4;4000;49;600573;412;1441001;162;1397378;129;1342635;4;4000;4;4000;0;0;0;0;29;34070;18;18120;58;1171075;170;2398164;37;3470621;6;3527621
17.02.2022 10:00;6;6000;4;4000;58;477189;344;1322474;141;1366821;134;1393353;6;6000;5;5000;0;0;0;0;26;26360;15;16190;92;1386313;153;2228443;21;3532420;5;3519660
17.02.2022 11:00;4;3990;5;5000;66;526571;361;1354540;168;1490952;132;1193721;4;4000;5;4990;0;0;0;0;30;32300;20;20533;82;1183688;181;2358411;39;2258196;66;3069487
17.02.2022 12:00;5;5000;5;4990;75;721089;381;1553193;164;1413732;148;1527763;5;5000;5;5000;0;0;0;0;33;37090;8;8060;102;1393637;172;2495457;19;3497629;8;3579150
17.02.2022 13:00;8;8000;8;7990;81;626800;374;1823246;159;1408430;137;1408361;8;7980;8;7990;0;0;0;0;47;56560;11;11560;102;1463923;143;2729600;0;3600000;0;3600000
17.02.2022 14:00;5;5000;7;7000;67;408063;397;1540010;181;1631609;150;1503264;5;4980;6;5990;0;0;0;0;27;31860;10;11140;89;1427646;155;2685249;0;3600000;0;3600000
17.02.2022 15:00;4;4000;4;4000;86;648527;408;1617070;165;1641202;144;1257682;4;3990;4;3980;0;0;0;0;33;36440;12;12140;104;1672387;165;2641104;0;3600000;0;3600000
17.02.2022 16:00;4;3990;4;4000;83;749484;475;1660079;179;2158335;135;1912533;4;4000;4;3990;0;0;0;0;43;46210;23;23190;108;1617472;224;2580351;5;2766476;9;3530774
17.02.2022 17:00;4;3990;3;3000;107;991294;437;1484578;174;2203474;135;1692389;4;3990;4;4000;0;0;0;0;57;59247;16;16100;111;1919934;207;2478678;45;434657;67;3137532
17.02.2022 18:00;4;4000;4;4000;98;979974;414;1346672;151;1723569;112;1485347;4;3990;4;3990;0;0;0;0;47;50620;16;16350;99;1659733;132;2819913;54;171220;79;2710879
17.02.2022 19:00;4;4000;5;4990;78;470706;303;1019151;116;1541819;92;1172475;4;4000;4;4000;0;0;0;0;33;35610;10;10200;77;1302188;171;1609457;54;264011;122;2114125
17.02.2022 20:00;5;4990;4;4000;47;324229;203;929343;91;665013;69;691396;5;5000;4;4000;0;0;0;0;19;24379;9;9060;54;539659;132;1116691;19;64450;139;982647
17.02.2022 21:00;4;3990;4;3990;37;142977;180;835806;65;548168;45;416335;4;4000;4;4000;0;0;0;0;21;25140;4;4020;37;599685;133;1023758;17;621554;96;1242150
17.02.2022 22:00;4;3990;4;4000;47;143555;148;621301;50;497932;36;406097;4;4000;4;3990;0;0;0;0;9;9310;5;5780;38;554274;123;663130;13;696608;99;1277248
17.02.2022 23:00;2;2000;2;1990;10;12264;81;372285;45;427790;33;515925;2;2000;2;2000;0;0;0;0;4;5460;1;1000;13;155630;68;316000;7;2762750;23;2827150
18.02.2022 00:00;2;2000;3;3000;9;33840;32;86170;11;210714;5;80620;2;2000;3;3000;0;0;0;0;2;2280;1;1110;9;78635;32;115894;8;714613;29;798163
18.02.2022 01:00;0;0;1;1000;3;94380;18;51400;6;116935;4;82525;0;0;1;1000;0;0;0;0;0;0;1;1000;4;67804;17;55520;3;399359;13;441689
18.02.2022 02:00;0;0;0;0;0;0;11;25090;6;79680;3;82390;0;0;0;0;0;0;0;0;0;0;0;0;2;19544;11;30720;5;588095;15;617545
18.02.2022 03:00;1;1000;0;0;6;20736;15;7910;3;39380;3;34730;1;1000;0;0;0;0;0;0;0;0;0;0;3;109760;16;48530;1;1030081;8;1053731
18.02.2022 04:00;3;3000;2;1990;14;51050;27;38690;5;83210;7;154120;3;3000;2;2000;0;0;0;0;0;0;0;0;7;79756;24;85130;1;1760;15;57740
18.02.2022 05:00;4;4000;4;4000;16;154290;150;504989;20;228972;18;280373;4;4000;5;5000;0;0;0;0;1;1000;1;1000;18;254833;93;725745;18;25880;44;313180
18.02.2022 06:00;4;4000;5;5000;23;133160;351;763107;57;893960;53;1127210;4;3990;4;4000;0;0;0;0;7;12110;4;4400;26;363790;138;1624705;18;24510;124;1095197
18.02.2022 07:00;7;7000;5;5000;85;884798;573;1328353;175;1743284;144;1554306;7;6990;5;4990;0;0;0;0;37;43840;19;19400;68;1462859;144;2993857;41;998460;61;2484890
18.02.2022 08:00;7;6990;8;7990;73;672603;515;1200414;157;1561381;130;1752397;7;6990;9;8990;0;0;0;0;49;57310;13;13080;81;1437385;219;2772056;24;3237182;11;3485236
18.02.2022 09:00;4;4000;4;4000;53;402830;418;1600564;148;1586389;144;1596129;5;5000;4;4000;0;0;0;0;29;29990;13;13370;63;1274248;178;2491021;0;3600000;0;3600000
18.02.2022 10:00;5;4990;4;3980;65;447471;382;1443780;151;1250920;127;1466891;4;3990;4;4000;0;0;0;0;29;32700;10;10040;83;1039089;169;2341397;0;3600000;0;3600000
18.02.2022 11:00;5;5000;5;5000;79;559746;372;1543269;168;1210857;145;1448532;5;4980;5;5000;0;0;0;0;32;34520;11;11220;90;1307687;168;2485420;0;3600000;0;3600000
18.02.2022 12:00;5;5000;5;5000;85;404291;377;1666573;187;1606963;147;1341454;5;4990;5;4990;0;0;0;0;33;35925;18;20460;102;1318834;188;2592709;0;3600000;0;3600000
18.02.2022 13:00;8;8000;8;8000;79;450401;410;1552631;210;1795408;153;1777972;8;8000;7;7000;0;0;0;0;44;45630;22;22572;106;1479274;177;2938575;0;3600000;0;3600000
18.02.2022 14:00;5;5000;6;5990;88;772504;412;1216692;171;2006260;137;1754579;5;5000;7;6990;0;0;0;0;29;39151;27;27690;90;1411504;232;2273230;21;2835972;18;3448880
18.02.2022 15:00;4;3990;5;5000;94;782674;453;1138409;163;1729200;143;1723712;4;4000;4;4000;0;0;0;0;41;48486;9;9030;87;1348975;232;2416763;0;3600000;0;3600000
18.02.2022 16:00;4;4000;3;3000;82;707056;404;1574580;174;1736493;139;1367147;4;3990;4;4000;0;0;0;0;53;63210;19;19310;96;1303742;206;2678676;0;3600000;0;3600000
18.02.2022 17:00;4;4000;5;4980;75;416118;390;1509456;153;1611038;123;1299733;4;4000;4;4000;0;0;0;0;44;48660;17;17120;105;1191346;177;2599049;0;3600000;0;3600000
18.02.2022 18:00;4;3990;4;3990;86;653229;420;1458944;137;1753239;108;1523857;4;4000;4;4000;0;0;0;0;39;41730;16;17360;96;1447014;114;2789634;0;3600000;0;3600000
18.02.2022 19:00;5;4980;4;4000;59;550404;302;841195;96;1387633;87;981564;5;4990;4;4000;0;0;0;0;29;35530;9;9400;68;949866;145;1944954;0;3600000;0;3600000
18.02.2022 20:00;4;3980;4;4000;35;222893;234;1022405;82;633394;68;626996;4;4000;4;4000;0;0;0;0;23;25150;7;7040;76;685049;142;1491454;0;3600000;0;3600000
18.02.2022 21:00;4;3970;4;4000;32;216690;212;704657;55;603924;40;508233;4;4000;4;3990;0;0;0;0;16;17000;3;3010;45;623570;146;1173508;0;3600000;0;3600000
18.02.2022 22:00;4;3980;4;4000;28;109850;144;786419;53;369254;40;443471;4;3990;4;4000;0;0;0;0;18;33059;5;5020;48;547358;106;802483;0;3600000;0;3600000
18.02.2022 23:00;2;2000;2;2000;26;152620;124;544260;47;386061;35;353218;2;2000;2;2000;0;0;0;0;12;13070;4;4010;27;289110;104;539957;0;3600000;0;3600000
19.02.2022 00:00;2;2000;2;2000;13;35720;78;188350;15;180104;17;199880;2;2000;2;1990;0;0;0;0;9;9619;2;2010;12;162260;74;320370;0;3600000;0;3600000
19.02.2022 01:00;2;2000;2;2000;13;39380;43;243533;14;153780;14;230533;2;1990;2;2000;0;0;0;0;0;0;1;1000;13;111160;33;158170;0;3600000;0;3600000
19.02.2022 02:00;2;2000;2;2000;7;2150;37;51403;14;188114;11;233690;2;1980;2;2000;0;0;0;0;2;2020;1;1010;9;117510;28;133030;1;2906196;2;2909546
19.02.2022 03:00;2;1990;2;2000;7;5750;26;84470;6;62320;4;51460;2;2000;2;1990;0;0;0;0;0;0;0;0;6;82220;22;69330;3;3482410;4;3486090
19.02.2022 04:00;2;2000;2;2000;8;37890;26;68540;11;44210;10;137866;2;2000;2;2000;0;0;0;0;1;1010;0;0;6;116770;22;71460;0;3600000;0;3600000
19.02.2022 05:00;4;4000;4;4000;9;84660;44;115136;15;357745;8;146470;4;4000;4;4000;0;0;0;0;0;0;0;0;8;42170;36;135350;0;3600000;0;3600000
19.02.2022 06:00;4;4000;4;4000;7;531110;83;364837;13;143650;10;150694;4;3990;4;4000;0;0;0;0;3;3220;0;0;11;375171;67;435374;1;2947030;9;2985060
19.02.2022 07:00;4;4000;4;4000;12;78070;98;348858;32;308910;31;535874;4;4000;4;4000;0;0;0;0;6;7420;0;0;10;257881;98;420580;2;2957310;10;2993950
19.02.2022 08:00;5;4990;4;4000;29;179823;157;692803;78;589770;59;525131;5;5000;4;3990;0;0;0;0;12;15490;2;2000;41;336260;124;1148754;0;3600000;0;3600000
19.02.2022 09:00;4;4000;5;5000;34;259186;280;1020529;119;963657;99;966925;4;3990;5;5000;0;0;0;0;31;34145;12;12050;47;530350;159;1717280;6;2780313;27;3122397
19.02.2022 10:00;4;4000;4;3990;60;261004;325;1282846;136;1222208;125;1382506;4;4000;4;3990;0;0;0;0;34;39369;20;20750;67;906880;179;2226765;0;3600000;0;3600000
19.02.2022 11:00;4;4000;4;3990;77;488627;367;1261978;153;1131440;119;1030164;4;4000;4;4000;0;0;0;0;37;42086;9;9060;87;1198361;156;2325630;0;3600000;0;3600000
19.02.2022 12:00;4;4000;4;3990;82;425417;378;1325014;158;1379725;136;1287571;4;4000;4;3990;0;0;0;0;47;51390;17;19170;86;1177593;163;2474229;0;3600000;0;3600000
19.02.2022 13:00;4;4000;4;4000;77;524306;372;1392048;163;1219793;129;1353093;4;4000;4;3990;0;0;0;0;33;39020;25;26080;94;1500896;187;2286799;17;1366867;72;2986334
19.02.2022 14:00;4;4053;4;3990;85;734719;400;1379927;121;1268208;108;1212182;4;4000;4;4000;0;0;0;0;37;39790;10;10030;74;1103496;196;2392106;21;2811555;24;3473703
19.02.2022 15:00;4;4000;4;3990;77;625162;377;1408629;110;1083412;82;980871;4;4000;4;3990;0;0;0;0;40;42360;14;14400;69;1061376;174;2318319;0;3600000;0;3600000
19.02.2022 16:00;4;4000;4;4000;68;535117;360;1247234;111;981477;94;974619;4;4000;4;4000;0;0;0;0;64;77560;12;12131;87;1195400;154;2278066;0;3600000;0;3600000
19.02.2022 17:00;4;4000;4;4000;75;339186;395;1214315;119;1233266;105;1156075;4;4000;4;4000;0;0;0;0;39;43780;11;11290;86;1310715;176;2306421;24;2596405;27;3412134
19.02.2022 18:00;3;3000;4;4000;80;653325;360;1486218;107;1172423;108;1187497;4;4000;4;3990;0;0;0;0;44;48350;15;15610;82;1017618;154;2319640;3;3314546;10;3441870
19.02.2022 19:00;5;5000;4;4000;68;492138;290;1115150;90;890166;64;653163;4;3990;4;4000;0;0;0;0;22;25223;10;10180;73;931272;148;1735402;10;354506;122;1796351
19.02.2022 20:00;3;2990;4;4000;45;450303;223;788240;62;764353;42;492641;3;2990;4;4000;0;0;0;0;15;16610;3;3020;48;722316;156;1173940;7;1989392;53;2600127
19.02.2022 21:00;5;4990;4;4036;40;275036;194;793928;72;517536;45;377490;5;5000;4;4000;0;0;0;0;25;29230;4;4150;45;476319;140;1141919;0;3600000;0;3600000
19.02.2022 22:00;4;3980;4;4000;42;244589;209;762606;54;478919;38;313364;4;4000;4;4000;0;0;0;0;17;20740;2;2000;53;577425;148;965151;0;3600000;0;3600000
19.02.2022 23:00;2;2000;2;1990;25;284169;136;537060;39;480234;31;603970;2;2000;2;1990;0;0;0;0;9;9640;9;10220;36;256418;121;749072;12;2279383;43;2547986
20.02.2022 00:00;2;2000;2;2000;14;31010;94;251147;25;266545;18;253479;2;1990;2;2000;0;0;0;0;5;5050;2;2000;21;280870;81;391607;0;3600000;0;3600000
20.02.2022 01:00;2;2000;2;2000;6;28810;66;169724;15;304256;7;157875;2;1990;2;1990;0;0;0;0;4;4070;0;0;9;94373;50;267410;0;3600000;0;3600000
20.02.2022 02:00;2;2000;2;2000;9;48360;44;115310;13;237946;9;122805;2;2000;2;1990;0;0;0;0;0;0;0;0;9;95990;38;134120;0;3600000;0;3600000
20.02.2022 03:00;2;2000;2;2000;12;20500;25;27590;7;66570;6;114414;2;1990;2;2000;0;0;0;0;0;0;0;0;11;167753;26;93949;0;3600000;0;3600000
20.02.2022 04:00;2;1980;2;2000;8;4150;30;62500;7;115786;7;154026;2;2000;2;2000;0;0;0;0;1;1010;3;3020;10;108815;25;83780;0;3600000;0;3600000
20.02.2022 05:00;2;2000;2;2000;11;28480;26;14812;8;124433;6;86180;2;2000;2;2000;0;0;0;0;0;0;0;0;6;45130;27;93870;0;3600000;0;3600000
20.02.2022 06:00;2;2000;2;2000;7;80980;33;96080;5;117220;6;115590;2;1980;2;2000;0;0;0;0;0;0;0;0;6;71230;28;94499;1;1161172;21;1238402
20.02.2022 07:00;2;2000;2;2000;8;60300;33;73860;8;219540;13;309490;2;2000;2;2000;0;0;0;0;0;0;1;1000;11;213950;31;96590;6;2112268;14;2214145
20.02.2022 08:00;2;2000;2;2000;15;84010;73;229789;25;337870;21;395316;2;1990;2;1990;0;0;0;0;5;5750;2;2010;16;159887;73;237710;0;3600000;0;3600000
20.02.2022 09:00;4;4000;4;3990;23;105735;162;654794;41;368293;50;622679;4;4000;4;4000;0;0;0;0;16;18460;6;6030;35;527594;113;803095;19;1396261;81;2035761
20.02.2022 10:00;4;4000;4;3990;26;92550;190;790526;75;668314;58;583200;4;3990;4;4000;0;0;0;0;11;12530;4;4000;24;387777;143;995668;7;1474577;67;2095439
20.02.2022 11:00;4;4000;4;3970;44;196620;248;990323;111;914379;89;726661;4;4000;4;4000;0;0;0;0;18;18650;2;2020;64;747917;146;1522847;0;3600000;0;3600000
20.02.2022 12:00;4;3970;4;4000;65;528605;311;993594;102;919367;75;563217;4;3990;4;3990;0;0;0;0;19;22840;12;12300;74;1061167;179;1869770;5;3474331;7;3554021
20.02.2022 13:00;4;4000;4;4000;52;377024;264;1067458;115;888646;82;806276;4;3980;4;4000;0;0;0;0;11;11710;4;4030;45;591136;166;1591233;0;3600000;0;3600000
20.02.2022 14:00;4;4000;4;4000;44;419774;287;1271005;110;824163;95;875543;4;4000;4;4000;0;0;0;0;22;25490;8;8010;58;659532;168;1570682;0;3600000;0;3600000
20.02.2022 15:00;4;4000;4;4000;29;237403;362;1156775;151;952974;148;1037177;4;4000;4;3990;0;0;0;0;21;23860;2;2020;55;691258;170;2129764;0;3600000;0;3600000
20.02.2022 16:00;4;4000;4;3990;35;329510;392;1281908;134;923054;112;946602;4;3990;4;4000;0;0;0;0;17;21460;8;8220;56;777637;165;2226640;0;3600000;0;3600000
20.02.2022 17:00;4;4000;4;4000;57;379390;316;1022511;99;861800;85;678003;4;3990;4;3990;0;0;0;0;22;22150;9;9060;62;602140;141;2023322;0;3600000;0;3600000
20.02.2022 18:00;4;4000;4;4000;37;121990;306;1002288;92;928440;75;812168;4;3990;4;4000;0;0;0;0;17;32170;13;13030;60;795206;130;2032617;0;3600000;0;3600000
20.02.2022 19:00;4;4000;4;4000;29;220380;245;867150;72;572512;53;573943;4;3990;4;4000;0;0;0;0;20;22780;4;4030;36;616740;146;1531700;0;3600000;0;3600000
20.02.2022 20:00;4;4000;4;4000;26;180140;182;898316;66;581635;50;498550;4;4000;4;3990;0;0;0;0;9;14360;2;2000;39;395620;140;1050614;0;3600000;0;3600000
20.02.2022 21:00;4;3990;4;3980;35;256957;140;465985;41;364027;34;387693;4;4000;4;3990;0;0;0;0;7;7590;1;1110;34;371150;119;666797;3;1704603;55;2068372
20.02.2022 22:00;4;3990;4;4000;20;241460;77;360345;32;366089;23;214440;4;4000;4;4000;0;0;0;0;3;4000;1;1000;18;360667;76;353705;4;110430;60;471360
20.02.2022 23:00;2;2000;2;2000;9;92610;44;58198;18;196180;15;170420;2;1990;2;2000;0;0;0;0;0;0;0;0;12;211120;35;152410;0;3600000;0;3600000
21.02.2022 00:00;2;2000;3;3000;8;52680;24;60870;3;74794;6;121633;2;2000;3;2990;0;0;0;0;0;0;0;0;8;173220;19;89640;0;3600000;0;3600000
21.02.2022 01:00;0;0;1;1000;1;46990;10;5130;5;74690;5;55590;0;0;1;1000;0;0;0;0;0;0;0;0;4;69300;10;31380;0;3600000;0;3600000
21.02.2022 02:00;0;0;0;0;0;0;9;3760;1;47060;2;45200;0;0;0;0;0;0;0;0;0;0;0;0;3;45620;9;34910;0;3600000;0;3600000
21.02.2022 03:00;1;1000;0;0;3;1670;11;7190;4;38230;2;17520;1;1000;0;0;0;0;0;0;0;0;0;0;4;72900;10;45450;0;3600000;0;3600000
21.02.2022 04:00;3;3000;2;2000;18;77536;27;13430;6;82160;10;188600;3;3000;2;2000;0;0;0;0;0;0;0;0;8;75750;31;137300;0;3600000;0;3600000
21.02.2022 05:00;4;4000;5;5000;15;90540;137;271180;18;330584;25;395229;4;4000;5;5000;0;0;0;0;0;0;1;1010;18;333454;93;650854;43;2459684;28;2667724
21.02.2022 06:00;4;4000;3;3045;31;411613;395;773486;67;779703;45;717963;4;4000;4;4000;0;0;0;0;6;6050;2;2400;27;499691;137;1723468;102;1729364;70;1868645
21.02.2022 07:00;7;6990;6;5990;67;869880;543;1626956;176;1767118;157;1807620;7;7000;5;5067;0;0;0;0;22;26080;10;10130;80;1210374;149;3142221;0;3600000;0;3600000
21.02.2022 08:00;7;6980;8;7980;79;589483;484;1683747;169;1862564;138;1854319;8;7980;8;8000;0;0;0;0;27;41460;6;6250;84;1590326;182;3120847;0;3600000;0;3600000
21.02.2022 09:00;4;4000;4;4000;48;411939;439;1541629;172;1575389;135;1645322;3;3000;5;4990;0;0;0;0;31;34034;11;11670;72;1034032;204;2546074;0;3600000;0;3600000
21.02.2022 10:00;4;4045;4;3990;56;376597;339;1436629;151;1296370;139;1236030;4;3990;3;3000;0;0;0;0;40;45290;16;17290;91;1260426;175;2268113;0;3600000;0;3600000
21.02.2022 11:00;4;3990;5;5000;81;536740;332;1421763;165;1433285;145;1514157;4;3980;5;4990;0;0;0;0;35;39400;16;16470;83;1273627;145;2340176;0;3600000;0;3600000
21.02.2022 12:00;6;6000;5;5000;100;540674;340;1593373;162;1398664;120;1046679;6;6000;5;5000;0;0;0;0;39;44810;11;12310;107;1431085;155;2286485;0;3600000;0;3600000
21.02.2022 13:00;8;7990;7;6990;91;643773;354;1625461;173;1677432;133;1554030;8;8000;7;6980;0;0;0;0;40;42520;17;19530;88;1554057;153;2572346;23;2134238;38;3213285
21.02.2022 14:00;5;4990;6;5990;86;857773;360;1508489;157;1264667;133;1136860;5;5000;6;6000;0;0;0;0;31;35710;13;13090;95;1315459;150;2713969;0;3600000;0;3600000
21.02.2022 15:00;4;3990;4;4000;91;589300;378;1713015;153;1377980;136;1404318;4;3980;5;4990;0;0;0;0;55;75461;14;14230;98;1448910;170;2589017;0;3600000;0;3600000
21.02.2022 16:00;4;3990;5;5000;97;817981;415;1836479;169;1902675;142;1555687;4;4000;4;4000;0;0;0;0;41;51959;9;9030;95;1264367;159;2779908;1;3500282;1;3599562
21.02.2022 17:00;4;4000;4;3990;99;1114048;471;1460094;144;2148189;124;2054367;4;3990;4;4000;0;0;0;0;68;89184;14;14140;101;1963284;159;2739105;88;1277965;44;3334573
21.02.2022 18:00;3;3000;4;4000;83;581833;410;1059410;121;1456164;89;1589039;3;3000;4;4000;0;0;0;0;34;37210;15;15210;85;1309848;141;2496062;153;2368286;24;3303982
21.02.2022 19:00;6;6000;4;3990;71;826740;297;926891;83;1375574;71;1328364;6;6000;4;4000;0;0;0;0;36;36690;8;8010;68;1193779;151;1700706;0;3600000;0;3600000
21.02.2022 20:00;4;3990;4;3990;48;532725;210;916956;96;855957;58;509377;4;3990;4;4000;0;0;0;0;21;25680;5;5010;42;583618;134;1164898;5;3387589;11;3458599
21.02.2022 21:00;4;4000;4;4000;31;309059;146;548605;48;519533;42;490662;4;3990;4;4000;0;0;0;0;20;29280;3;3010;52;590469;122;885221;1;3249400;6;3297340
21.02.2022 22:00;4;4000;4;4000;21;59440;132;661358;38;408727;38;476186;4;3990;4;4000;0;0;0;0;16;16930;3;3010;27;299329;110;725664;0;3600000;0;3600000
21.02.2022 23:00;2;1990;2;2000;10;54350;74;161936;17;214635;15;199725;2;2000;2;2000;0;0;0;0;5;6170;0;0;11;162290;66;276984;0;3600000;0;3600000
22.02.2022 00:00;2;2000;3;3000;11;27860;33;85724;5;66904;3;37330;2;1990;3;3000;0;0;0;0;0;0;0;0;6;64419;24;92490;0;3600000;0;3600000
22.02.2022 01:00;0;0;1;1000;0;37002;16;6780;7;45293;3;17950;0;0;1;990;0;0;0;0;0;0;0;0;2;34040;14;38170;0;3600000;0;3600000
22.02.2022 02:00;0;0;0;0;4;45800;7;4720;3;66760;2;50640;0;0;0;0;0;0;0;0;1;1010;0;0;6;86260;6;15750;0;3600000;0;3600000
22.02.2022 03:00;1;1000;0;0;2;1520;7;3990;2;41710;1;28580;1;1000;0;0;0;0;0;0;0;0;0;0;3;78480;9;32880;0;3600000;0;3600000
22.02.2022 04:00;3;2990;2;2000;10;44550;22;73825;8;92340;9;174860;3;3000;2;1990;0;0;0;0;0;0;0;0;8;152570;27;107255;0;3600000;0;3600000
22.02.2022 05:00;4;3990;4;4000;17;129830;158;422052;27;277918;19;241871;4;3980;5;5000;0;0;0;0;1;1010;2;2310;16;177440;86;733025;0;3600000;0;3600000
22.02.2022 06:00;4;3980;4;4000;25;282819;390;820819;59;625193;53;963602;4;3990;3;2990;0;0;0;0;9;9950;3;3060;35;760239;121;2007290;0;3600000;0;3600000
22.02.2022 07:00;6;5990;6;6000;79;780391;543;1378466;158;1856160;126;2131936;7;7000;6;6000;0;0;0;0;30;32950;41;42070;71;1141631;130;3164001;19;2300609;29;3362994
22.02.2022 08:00;9;8990;8;8000;85;953556;472;1650131;161;1615461;146;1753584;8;7980;8;7980;0;0;0;0;35;37640;9;10020;76;1285672;164;3119600;7;2894500;15;3505619
22.02.2022 09:00;4;4000;5;4990;70;575696;424;1367369;153;1528118;142;1437334;4;4000;5;5000;0;0;0;0;40;50079;13;13630;75;854570;181;2496941;0;3600000;0;3600000
22.02.2022 10:00;4;4000;4;4000;80;425709;332;1559074;157;1407396;143;1319092;4;4000;4;4000;0;0;0;0;37;40440;21;21460;76;1111176;159;2397324;0;3600000;0;3600000
22.02.2022 11:00;3;2980;4;3990;68;590709;347;1636703;174;1579381;150;1566529;4;3990;4;4000;0;0;0;0;38;42350;20;20260;75;1155335;175;2402050;0;3600000;0;3600000
22.02.2022 12:00;6;5980;5;5000;89;525562;349;1477001;154;1340785;114;1269290;5;5000;5;5000;0;0;0;0;37;38660;12;12110;97;1367000;160;2422951;0;3600000;0;3600000
22.02.2022 13:00;8;7990;8;7980;89;630260;341;1419697;177;1565382;141;1338331;8;7970;8;8000;0;0;0;0;50;54600;27;29000;76;1243624;159;2414071;33;1742897;51;3038043
22.02.2022 14:00;5;4990;5;5000;90;802142;348;1405450;155;1323350;131;1346734;5;5000;5;5000;0;0;0;0;36;38620;16;16040;84;1424231;160;2404919;0;3600000;0;3600000
22.02.2022 15:00;4;4000;4;3990;90;575396;362;1801860;198;1733370;151;1371893;4;4000;5;5000;0;0;0;0;36;46060;18;19760;105;1451878;157;2835719;0;3600000;0;3600000
22.02.2022 16:00;4;3990;5;4990;113;870709;410;1765511;176;2041350;144;1797406;4;4000;4;3980;0;0;0;0;35;37140;15;15570;110;1680348;152;2840667;1;3288116;4;3587461
22.02.2022 17:00;4;3980;3;3000;119;1142253;428;1678244;155;2208125;138;1953260;4;4000;3;3000;0;0;0;0;65;75703;14;15700;93;1583635;156;2540209;68;711388;48;3361283
22.02.2022 18:00;4;4000;4;4000;95;769800;391;1209572;159;1952444;110;1711513;4;3990;5;4990;0;0;0;0;52;59150;21;21412;96;1632927;136;2643664;27;960213;51;2985531
22.02.2022 19:00;5;4990;5;5000;70;606450;338;1023634;114;1550266;77;1160080;5;5000;4;3980;0;0;0;0;38;39500;12;14510;77;1409092;171;1840053;4;3270780;12;3419660
22.02.2022 20:00;4;4000;4;4000;50;221850;179;1031915;69;585844;60;509058;4;4063;4;4000;0;0;0;0;33;37930;5;5020;64;610544;139;1183227;0;3600000;0;3600000
22.02.2022 21:00;4;3990;4;3990;28;218490;163;766060;52;542482;44;538946;4;4000;4;3990;0;0;0;0;12;14110;4;5110;40;532337;124;1165019;0;3600000;0;3600000
22.02.2022 22:00;4;4000;4;4000;36;152793;137;647510;51;363063;39;469090;4;4000;4;3990;0;0;0;0;8;9510;4;4010;41;431170;118;763683;0;3600000;0;3600000
22.02.2022 23:00;2;1990;2;2000;11;77140;81;271720;24;183675;17;167510;2;1990;2;2000;0;0;0;0;5;5300;3;3212;15;218680;75;463266;0;3600000;0;3600000
23.02.2022 00:00;2;2000;3;3000;12;52480;38;103530;15;160070;11;183830;2;2000;3;3000;0;0;0;0;0;0;0;0;9;85360;31;138470;0;3600000;0;3600000
23.02.2022 01:00;0;0;1;1000;8;54410;18;80870;4;124480;3;40820;0;0;1;1000;0;0;0;0;2;2100;1;1000;0;0;16;68050;1;1125530;12;1190586
23.02.2022 02:00;0;0;0;0;1;17520;12;6600;4;62350;4;80040;0;0;0;0;0;0;0;0;0;0;0;0;0;0;11;41680;3;215236;8;244776
23.02.2022 03:00;1;1000;0;0;5;558590;12;31710;4;19710;3;23040;1;1000;0;0;0;0;0;0;2;2020;0;0;6;48760;13;74450;0;0;8;37540
23.02.2022 04:00;3;2990;2;2000;11;107990;34;86730;11;142730;10;124740;3;3000;2;1990;0;0;0;0;0;0;0;0;10;184070;34;215040;1;6950;20;130250
23.02.2022 05:00;4;4000;4;4000;11;124115;142;455575;22;360355;26;409852;4;4000;5;4990;0;0;0;0;1;1000;1;1000;19;215710;98;817575;15;647009;48;981982
23.02.2022 06:00;4;4000;5;4990;26;403591;383;914740;56;793037;50;700847;4;4000;4;4000;0;0;0;0;6;6570;2;2250;29;329852;128;1872063;19;138010;84;1288774
23.02.2022 07:00;7;7000;5;4990;70;791561;521;1515803;154;1717753;141;1867101;7;6990;5;5000;0;0;0;0;32;36750;6;6160;79;1412402;157;3130816;20;1602299;49;2839181
23.02.2022 08:00;7;7000;8;7990;71;679632;525;1561836;175;1601857;158;2069096;7;7000;8;8000;0;0;0;0;31;34860;15;15070;77;1136564;197;3109022;16;1738530;34;3313187
23.02.2022 09:00;5;5000;5;4990;72;610480;441;1486191;160;1402410;140;1575224;5;4990;5;5000;0;0;0;0;33;36900;20;20090;84;1324361;192;2656135;0;3600000;0;3600000
23.02.2022 10:00;4;4000;4;3990;73;661331;394;1217924;152;1218217;143;1422764;4;3990;4;3990;0;0;0;0;39;41080;12;13000;82;1034396;169;2504177;18;1916226;68;2992665
23.02.2022 11:00;4;4000;4;4000;64;680498;393;1389745;156;1466119;137;1380975;4;3990;4;4000;0;0;0;0;41;44500;9;9050;82;1181280;167;2384243;26;670756;114;2760741
23.02.2022 12:00;5;5000;5;5000;77;709513;382;1396388;167;1470525;136;1172880;5;4980;5;4990;0;0;0;0;46;51750;15;15590;117;1624283;189;2344537;23;856611;87;2800878
23.02.2022 13:00;8;8000;8;8000;83;569500;440;1425921;179;1505892;145;1458919;8;7980;8;8045;0;0;0;0;51;62686;16;16070;104;1739491;188;2605137;35;1073445;86;3048225
23.02.2022 14:00;5;5000;5;5000;83;638910;409;1490566;161;1538678;139;1337464;5;4990;5;5000;0;0;0;0;44;50040;15;15980;75;1291678;222;2438516;31;465539;70;2993892
23.02.2022 15:00;2;2000;4;4000;74;727186;426;1594274;178;1841297;162;1751026;2;2052;4;4000;0;0;0;0;34;42980;28;28599;69;1560457;221;2671440;35;278384;53;3388355
23.02.2022 16:00;3;3000;3;3000;105;937744;446;1436558;180;2301281;154;1949043;4;4000;3;2990;0;0;0;0;59;80154;31;34730;88;1396090;268;2320503;46;491362;110;3241089
23.02.2022 17:00;5;5000;3;2990;101;828260;480;1471271;183;2112945;146;1931545;4;4000;4;3990;0;0;0;0;46;51535;15;15970;95;1615526;248;2704249;35;309887;69;3360853
23.02.2022 18:00;4;3990;4;4000;86;597040;423;1299160;155;1721015;117;1718494;4;4000;4;4000;0;0;0;0;41;46140;17;17080;89;1554853;199;2246961;26;71400;113;2635107
23.02.2022 19:00;5;5000;5;4990;63;709269;304;946366;116;1313258;90;1049733;5;4990;4;4000;0;0;0;0;32;35330;8;8080;73;1314585;143;1223519;21;931003;113;2415566
23.02.2022 20:00;4;4000;4;3990;48;185462;206;1092839;85;628051;66;744520;4;3990;4;4000;0;0;0;0;27;28620;6;6140;49;521087;164;1317230;3;3497660;6;3517780
23.02.2022 21:00;4;3990;4;4000;40;274420;178;774454;57;401044;35;296566;4;3990;4;3990;0;0;0;0;10;10080;5;5480;49;573969;127;1044248;0;3600000;0;3600000
23.02.2022 22:00;4;3990;4;4000;24;36970;146;591760;44;382453;32;479696;4;3990;4;4000;0;0;0;0;13;14700;1;1000;40;431047;123;696459;1;2658106;27;2781736
23.02.2022 23:00;2;2000;2;2000;15;81840;86;245607;28;234567;20;238850;2;2000;2;2000;0;0;0;0;3;3020;4;4330;17;188290;73;366438;6;11900;59;308470
24.02.2022 00:00;2;2000;3;3000;9;10230;39;141700;10;70970;9;166269;2;2000;3;2980;0;0;0;0;1;1010;2;2000;5;52210;39;145081;2;1590;31;127083
24.02.2022 01:00;0;0;1;1000;5;2560;18;13610;1;15090;1;16910;0;0;1;1000;0;0;0;0;1;1010;1;1010;6;55380;9;28890;2;2247600;11;2281660
24.02.2022 02:00;0;0;0;0;2;800;13;35740;2;52430;3;75970;0;0;0;0;0;0;0;0;0;0;0;0;2;52340;11;29940;0;3600000;0;3600000
24.02.2022 03:00;1;1000;0;0;2;1680;8;4950;5;88370;2;18590;1;1000;0;0;0;0;0;0;0;0;0;0;1;5110;10;29240;0;3600000;0;3600000
24.02.2022 04:00;3;3000;2;2000;10;49860;30;106770;9;130960;5;55550;3;3000;2;2000;0;0;0;0;0;0;0;0;7;65890;26;104227;3;3404741;5;3412208
24.02.2022 05:00;4;3980;5;5000;18;58090;154;414923;22;355870;17;270290;4;4000;5;4980;0;0;0;0;2;2110;1;1010;15;168955;114;745323;0;3600000;0;3600000
24.02.2022 06:00;4;4000;4;3990;30;287793;353;756207;62;696247;52;836985;4;4000;4;3990;0;0;0;0;6;6380;5;5570;22;433853;131;1848852;0;3600000;0;3600000
24.02.2022 07:00;5;5033;3;3000;78;817599;509;1335694;191;1593929;156;1682033;5;4990;4;4000;0;0;0;0;21;23240;19;19080;67;915090;149;3053502;0;3600000;0;3600000
24.02.2022 08:00;5;4990;6;5990;85;918501;481;1543762;163;1761847;128;1901908;5;4990;6;6000;0;0;0;0;33;39870;21;21430;78;1399801;248;2807109;29;1007989;61;2843714
24.02.2022 09:00;5;5000;5;4990;76;697431;441;1247552;160;1407417;131;1348896;5;5000;4;4000;0;0;0;0;29;30350;11;11290;59;880633;203;2515841;28;1259457;80;2711882
24.02.2022 10:00;4;3990;4;3990;53;501549;350;1475731;138;1273129;139;1471630;4;3990;4;4000;0;0;0;0;35;39780;16;16450;57;1134161;160;2200166;16;1069236;100;2285127
24.02.2022 11:00;3;3000;4;3990;78;661677;363;1335232;166;1313256;137;1332489;4;3980;4;4000;0;0;0;0;46;66400;8;8030;94;1203924;160;2423130;0;3600000;0;3600000
24.02.2022 12:00;5;4990;5;4980;83;593444;390;1517660;171;1446979;140;1333184;4;4000;5;5000;0;0;0;0;44;49460;17;18490;77;1214759;150;2639610;0;3600000;0;3600000
24.02.2022 13:00;5;5000;5;5000;85;665435;376;1692365;177;1375751;159;1329628;5;5052;5;4990;0;0;0;0;37;42935;26;29710;85;1380811;140;2633528;0;3600000;0;3600000
24.02.2022 14:00;5;4990;5;5000;86;438918;358;1484231;180;1598799;141;1710113;5;4990;5;5000;0;0;0;0;50;55308;14;14080;97;1434273;169;2439389;28;1806291;39;3294564
24.02.2022 15:00;3;3000;4;4000;79;818343;454;1709195;184;1964837;138;1997380;3;3000;4;3990;0;0;0;0;40;48460;21;22350;88;1680594;236;2618956;28;2369192;32;3475654
24.02.2022 16:00;5;5000;4;4000;100;761528;406;1647519;189;1908481;159;1739901;5;5000;4;4000;0;0;0;0;44;45920;19;19440;105;1578742;212;2722344;0;3600000;0;3600000
24.02.2022 17:00;4;4000;4;4000;95;631036;390;1909823;212;1983749;144;1891434;4;4000;4;4000;0;0;0;0;56;68160;18;18510;110;1464745;177;2784813;0;3600000;0;3600000
24.02.2022 18:00;4;4000;4;4000;104;773787;402;1711098;167;1289704;135;1458861;4;3980;4;4000;0;0;0;0;46;50210;7;7670;94;1445734;139;2745290;0;3600000;0;3600000
24.02.2022 19:00;5;5000;3;3000;74;729559;310;970384;129;1520258;91;1187111;5;5000;4;4000;0;0;0;0;39;46420;12;12260;86;1629112;151;1924863;132;1857624;67;2723916
24.02.2022 20:00;4;4057;5;5000;44;324436;210;952321;97;938557;65;747840;4;3990;4;3990;0;0;0;0;16;16160;7;7030;48;779355;141;1541924;133;627693;100;1679173
24.02.2022 21:00;4;4000;4;4000;31;166480;190;675522;56;557776;51;606631;4;3980;4;3990;0;0;0;0;10;11310;7;7010;49;445993;112;1051336;15;2333510;37;2680618
24.02.2022 22:00;4;4000;4;4000;30;187659;146;675660;58;482632;42;449945;4;4000;4;4000;0;0;0;0;14;15430;1;1000;52;492239;92;1050904;0;3600000;0;3600000
24.02.2022 23:00;2;1990;2;2000;18;102920;101;314850;29;290864;23;231234;2;2000;2;2000;0;0;0;0;6;6790;2;2010;22;270340;73;460826;0;3600000;0;3600000
25.02.2022 00:00;2;2000;3;3000;2;43450;37;89357;11;155849;10;213599;2;2000;3;3000;0;0;0;0;1;1180;1;1010;6;49280;24;98480;2;2996445;7;2996225
25.02.2022 01:00;0;0;1;1000;1;310;17;37440;5;66140;4;76550;0;0;1;1000;0;0;0;0;0;0;0;0;5;85326;15;53000;3;3337830;3;3340150
25.02.2022 02:00;0;0;0;0;3;7410;13;7510;3;72894;3;74354;0;0;0;0;0;0;0;0;0;0;1;1000;3;59940;11;32440;0;3600000;0;3600000
25.02.2022 03:00;1;1000;0;0;3;34036;9;5280;3;45720;3;970;1;1000;0;0;0;0;0;0;0;0;0;0;4;81410;11;35130;5;379487;12;402967
25.02.2022 04:00;3;2980;2;2000;7;48800;25;42250;7;103212;4;27100;3;3000;2;2000;0;0;0;0;0;0;0;0;6;90510;26;90600;3;2610179;6;2618499
25.02.2022 05:00;4;4000;5;4980;11;79790;151;259155;17;321210;13;273870;4;4000;5;4990;0;0;0;0;0;0;2;2000;16;136950;100;580272;0;3600000;0;3600000
25.02.2022 06:00;3;2990;4;4000;22;217207;335;856350;48;542884;50;762094;4;4000;4;3990;0;0;0;0;4;4180;5;5010;29;599074;144;1818193;0;3600000;0;3600000
25.02.2022 07:00;7;7000;6;6000;67;577900;450;1481179;179;1749722;139;1838005;7;6990;6;6000;0;0;0;0;44;62172;25;26793;80;1084290;183;2751121;0;3600000;0;3600000
25.02.2022 08:00;9;8980;8;7980;77;725100;486;1486953;159;1757412;138;1840038;8;7990;8;8000;0;0;0;0;26;30560;6;6630;67;1161519;216;2807250;0;3600000;0;3600000
25.02.2022 09:00;3;3000;3;3000;59;513846;442;1288676;180;1397676;151;1724529;4;4000;4;4000;0;0;0;0;24;26610;10;10290;81;1454678;240;2211999;19;1668022;57;3019876
25.02.2022 10:00;5;5000;4;3990;75;696404;377;1578640;180;1495418;161;1659870;4;4000;4;4000;0;0;0;0;38;42420;16;16270;95;1338707;186;2580592;46;1008304;85;2695716
25.02.2022 11:00;3;2990;5;4990;75;499927;351;1359497;175;1584747;133;1370791;3;3000;4;4000;0;0;0;0;45;50530;20;20220;97;1451127;178;2394031;49;1082456;100;2547602
25.02.2022 12:00;6;5990;4;4000;116;744308;360;1592209;184;1813344;152;1692968;6;6000;5;4990;0;0;0;0;45;49150;15;15560;94;1436889;189;2581856;17;2274983;39;3320627
25.02.2022 13:00;8;7990;9;9000;123;912042;411;1625675;190;2092360;152;2124090;8;8000;8;7980;0;0;0;0;53;62399;15;15230;97;1731868;209;2511035;38;1806658;57;3268197
25.02.2022 14:00;5;5000;6;6000;108;358232;399;1683496;177;1644481;135;1696461;5;5000;6;5970;0;0;0;0;30;33760;12;12220;107;1395452;234;2613546;0;3600000;0;3600000
25.02.2022 15:00;4;3980;3;2990;95;729360;423;1443699;153;1672928;125;1521598;4;4000;3;3000;0;0;0;0;43;49950;10;10120;104;1374053;191;2565204;0;3600000;0;3600000
25.02.2022 16:00;4;4000;5;5000;95;935404;445;1273274;144;1818419;130;1911808;4;4000;5;4990;0;0;0;0;25;28170;16;16600;91;1136667;258;2203409;38;243745;82;2939119
25.02.2022 17:00;4;4000;4;3510;83;759298;461;1588237;157;2129325;128;2080181;4;3990;4;4000;0;0;0;0;56;71600;14;14520;84;1672217;184;2782746;49;636480;54;3196531
25.02.2022 18:00;4;4000;4;4490;82;613017;422;1097688;141;1690776;109;1704723;4;4000;4;4000;0;0;0;0;38;42360;23;23540;97;1489094;122;2662497;27;1740649;45;3173338
25.02.2022 19:00;4;4000;3;3000;69;660439;354;1085052;142;1433483;87;1369462;4;4000;4;4000;0;0;0;0;35;38790;13;13480;79;1143948;158;2114314;30;905366;80;2727237
25.02.2022 20:00;3;3000;4;4000;33;382838;240;1107775;81;762181;61;647816;3;2990;3;3000;0;0;0;0;39;46520;2;2010;59;787505;143;1690295;0;3600000;0;3600000
25.02.2022 21:00;4;4000;3;3000;39;202579;199;834563;58;482860;48;443351;4;4000;3;3000;0;0;0;0;16;18850;4;4120;55;684169;156;1274580;0;3600000;0;3600000
25.02.2022 22:00;4;3990;4;4000;37;279688;184;867604;60;349630;48;476520;4;4000;4;3990;0;0;0;0;14;15980;4;4250;41;496710;120;1053073;0;3600000;0;3600000
25.02.2022 23:00;2;2000;2;2000;16;26630;130;505274;39;342734;40;466370;2;2000;2;2000;0;0;0;0;7;7250;1;1010;36;415428;109;635546;0;3600000;0;3600000
26.02.2022 00:00;2;2000;2;2000;10;79780;70;179274;14;161126;17;336949;2;2000;2;2000;0;0;0;0;2;2010;2;2010;19;283790;56;253798;5;2878422;12;2923192
26.02.2022 01:00;2;2000;2;1990;7;50610;43;88650;10;139502;7;114814;2;2000;2;2000;0;0;0;0;0;0;1;1010;11;194630;39;161937;2;3526600;2;3536620
26.02.2022 02:00;2;2000;2;1990;8;68880;34;103240;11;186820;6;47530;2;2000;2;2000;0;0;0;0;0;0;1;1000;6;93410;26;110637;0;3600000;0;3600000
26.02.2022 03:00;2;2000;2;2000;4;6760;18;82250;3;78130;3;86830;2;2000;2;1990;0;0;0;0;0;0;1;1010;6;108020;18;74720;3;3087037;5;3098527
26.02.2022 04:00;2;2000;2;1990;4;3190;22;65170;4;59924;6;85060;2;2000;2;2000;0;0;0;0;1;1010;0;0;7;125410;21;80700;0;3600000;0;3600000
26.02.2022 05:00;4;4000;4;4000;8;24580;51;144523;7;156410;7;77215;4;3980;4;3990;0;0;0;0;1;1250;0;0;11;120880;44;275933;0;3600000;0;3600000
26.02.2022 06:00;4;4000;4;4000;7;37150;77;262020;14;237195;13;191986;4;4000;4;4000;0;0;0;0;2;2320;2;2010;8;60160;62;316122;0;3600000;0;3600000
26.02.2022 07:00;4;3990;4;4000;15;105334;97;379480;33;348864;35;448406;4;4000;4;4000;0;0;0;0;3;3030;3;3110;18;181214;86;458702;0;3600000;0;3600000
26.02.2022 08:00;4;4000;4;4000;21;103245;206;796287;65;558164;52;463724;4;4000;4;4000;0;0;0;0;23;24950;6;6510;30;394050;148;1064450;0;3600000;0;3600000
26.02.2022 09:00;4;4000;4;4000;34;388086;312;1169556;110;857247;108;1248327;4;3990;4;3990;0;0;0;0;24;25210;8;8040;64;820971;144;1996096;0;3600000;0;3600000
26.02.2022 10:00;4;4000;4;4000;58;574018;370;1439761;157;1422955;142;1385087;4;3990;4;3990;0;0;0;0;32;33850;24;26020;73;1151145;191;2221184;0;3600000;0;3600000
26.02.2022 11:00;4;4000;4;4000;74;572650;354;1304151;135;822529;110;1112679;4;4000;4;4000;0;0;0;0;46;54045;9;9180;67;1097264;157;2227722;0;3600000;0;3600000
26.02.2022 12:00;4;3980;4;4000;76;667986;370;1465812;141;1125336;123;1117950;4;4000;4;3990;0;0;0;0;44;46720;8;8370;79;1083023;156;2594850;3;2749400;23;3375425
26.02.2022 13:00;4;3980;4;3990;77;712894;418;1416376;132;1294626;108;1339861;4;4000;4;4000;0;0;0;0;62;76310;14;14092;77;1449004;187;2349721;16;41740;113;2676816
26.02.2022 14:00;3;2990;4;4000;76;520127;391;1327290;138;1035885;104;1025345;4;4000;4;4000;0;0;0;0;56;67298;13;13030;85;1257391;178;2276347;4;3083350;16;3447133
26.02.2022 15:00;5;5000;4;4000;60;297860;365;1375150;137;1113892;122;1007086;4;4000;4;4000;0;0;0;0;40;46850;9;9100;71;971000;180;2336324;0;3600000;0;3600000
26.02.2022 16:00;4;3980;4;3990;70;490260;362;1533589;118;973675;97;985929;4;4000;4;4000;0;0;0;0;47;54380;19;20000;81;1239711;175;2160531;10;2704451;26;3331563
26.02.2022 17:00;4;4000;4;3990;66;415099;367;1436096;112;1132749;93;1058088;4;3990;4;4000;0;0;0;0;61;70159;9;9070;70;1039844;189;2316254;0;3600000;0;3600000
26.02.2022 18:00;4;4000;4;3990;52;271495;370;1230574;109;1105993;91;951976;4;4000;4;4043;0;0;0;0;38;40639;12;12720;82;1041612;146;2276474;9;1469606;83;2774560
26.02.2022 19:00;4;4000;4;4000;66;443190;282;1314473;97;896080;84;755600;4;4000;4;3990;0;0;0;0;34;45840;8;8180;63;1217282;155;1915365;11;2158234;64;2888910
26.02.2022 20:00;4;4000;4;4000;28;487676;238;1006229;76;474933;56;468759;4;3990;4;4000;0;0;0;0;22;26405;8;8230;58;744444;143;1574005;0;3600000;0;3600000
26.02.2022 21:00;4;4000;4;4000;29;176690;199;531847;45;444743;33;370773;4;4000;4;4000;0;0;0;0;24;26404;3;3000;30;323960;161;975510;2;2500617;41;2765507
26.02.2022 22:00;4;3990;4;4000;33;269260;203;779664;39;340287;29;301240;4;3980;4;3990;0;0;0;0;11;12240;8;8020;44;545543;146;964544;7;7540;149;1155816
26.02.2022 23:00;2;2000;2;2000;19;88330;125;552122;33;391446;26;316651;2;2000;2;2000;0;0;0;0;8;8760;2;2000;28;245002;103;635186;12;13830;102;573340
27.02.2022 00:00;2;2000;2;2000;21;85270;91;278441;16;154400;16;208920;2;1990;2;2000;0;0;0;0;5;6130;7;7040;17;142660;83;448699;6;4720;64;299129
27.02.2022 01:00;2;2000;2;2000;10;27680;58;157640;19;360191;12;194572;2;2000;2;1990;0;0;1;1460;2;2020;2;2010;7;151536;48;199485;8;2933205;20;3017785
27.02.2022 02:00;2;2000;2;2000;11;82670;46;124790;8;210006;2;18080;2;1990;2;2000;0;0;0;0;5;5830;1;1000;5;55050;39;136480;2;3472617;3;3479527
27.02.2022 03:00;2;2000;2;2000;2;2310;27;57540;10;125481;7;110591;2;2000;2;2000;0;0;0;0;1;1010;2;2010;3;27410;27;116290;0;3600000;0;3600000
27.02.2022 04:00;2;2000;2;2000;6;19800;16;14480;4;80243;4;92740;2;2000;2;2000;0;0;0;0;0;0;0;0;8;144000;11;38880;0;3600000;0;3600000
27.02.2022 05:00;2;2000;2;2000;3;3420;20;10750;3;69110;5;100160;2;2000;2;2000;0;0;0;0;0;0;0;0;5;60340;20;73290;0;3600000;0;3600000
27.02.2022 06:00;2;2000;2;2000;5;60569;34;77180;6;86590;8;214620;2;2000;2;2000;0;0;0;0;1;1220;0;0;8;129619;26;100900;0;3600000;0;3600000
27.02.2022 07:00;2;2000;2;2000;11;28000;28;80730;10;131998;11;225340;2;2000;2;2000;0;0;0;0;1;1010;0;0;7;56990;26;64870;0;3600000;0;3600000
27.02.2022 08:00;2;1990;2;1990;11;75220;63;341520;28;313695;32;494178;2;2000;2;2000;0;0;0;0;7;9840;0;0;17;230270;55;305531;0;3600000;0;3600000
27.02.2022 09:00;4;3980;4;4000;19;133732;167;677958;74;490295;53;599688;4;4000;4;4000;0;0;0;0;16;16780;7;7070;20;257720;124;886318;2;3492342;1;3599542
27.02.2022 10:00;4;4000;4;3990;31;244227;222;823497;89;647339;65;654408;4;4000;4;3990;0;0;0;0;15;16140;5;5020;41;576576;156;1153420;21;1115688;83;2272335
27.02.2022 11:00;4;3990;4;4000;43;311285;287;1008011;94;875755;76;657735;4;4000;4;4000;0;0;0;0;21;26220;10;10080;50;711472;196;1663143;0;3600000;0;3600000
27.02.2022 12:00;4;4000;4;4000;56;282034;364;1159879;89;646702;82;811930;4;4000;4;4000;0;0;0;0;21;23330;7;7040;50;755253;189;1908190;0;3600000;0;3600000
27.02.2022 13:00;4;4000;4;4000;52;296920;373;1267780;144;1146521;89;648160;4;4000;4;4000;0;0;0;0;25;26990;10;10336;43;742278;198;2143530;13;1865509;38;2993201
27.02.2022 14:00;4;4000;4;4000;58;509694;374;1304330;133;1059747;107;1008379;4;3990;4;4000;0;0;0;0;22;22785;6;6760;61;752539;197;1872015;11;2733206;43;3145251
27.02.2022 15:00;4;4000;4;4000;48;375100;341;1182105;128;1008317;102;889284;4;4000;4;4000;0;0;0;0;25;26600;5;5370;67;865004;194;1872331;10;1652657;66;2618927
27.02.2022 16:00;4;4000;4;3990;63;474929;360;1291184;128;1064270;123;1238538;4;3990;4;3990;0;0;0;0;30;39422;27;27703;62;748049;214;1908327;18;371777;131;2095067
27.02.2022 17:00;4;4000;4;4000;52;407517;386;1277308;107;867328;94;848487;4;4000;4;3990;0;0;0;0;32;34840;16;16490;72;1067472;197;2252760;8;2978350;25;3241831
27.02.2022 18:00;4;3990;4;4000;59;380030;315;1116102;99;827561;88;785847;4;4000;4;3990;0;0;0;0;29;36240;5;5850;68;847102;169;1797962;14;249728;140;1813149
27.02.2022 19:00;4;3980;4;3990;40;274433;256;839819;72;547915;68;630921;4;4000;4;3990;0;0;0;0;13;15520;5;5010;44;578663;139;1525826;2;3554780;3;3558400
27.02.2022 20:00;4;3990;4;4000;27;109090;196;825788;61;556696;49;539883;4;4000;4;3990;0;0;0;0;13;14780;4;4360;46;330309;148;1174573;0;3600000;0;3600000
27.02.2022 21:00;4;4000;4;4000;31;125710;177;560214;31;314609;29;280270;4;4000;4;3990;0;0;0;0;11;13430;2;2010;37;429564;131;867528;0;3600000;0;3600000
27.02.2022 22:00;4;4000;4;4000;20;88430;105;417562;32;294605;31;395500;4;3990;4;4000;0;0;0;0;4;4940;3;3000;24;333652;88;541062;0;3600000;0;3600000
27.02.2022 23:00;2;2000;2;1990;6;6680;44;179180;15;123110;17;179070;2;1990;2;2000;0;0;0;0;2;2390;1;1000;9;111805;44;173955;0;3600000;0;3600000
28.02.2022 00:00;2;2000;2;2000;4;50120;35;50850;6;14080;4;64430;2;2000;2;2000;0;0;0;0;0;0;0;0;14;159970;26;88870;0;3600000;0;3600000
28.02.2022 01:00;2;2000;2;1980;4;19480;12;6470;4;51015;2;29290;2;2000;2;2000;0;0;0;0;1;1010;0;0;2;9180;10;42590;0;3600000;0;3600000
28.02.2022 02:00;2;1990;2;2000;2;1830;12;11300;2;51590;0;0;2;2000;2;2000;0;0;0;0;0;0;1;1010;3;29960;12;39210;0;3600000;0;3600000
28.02.2022 03:00;1;1000;2;2000;2;2940;14;27364;8;134600;2;31640;1;1000;2;2000;0;0;0;0;0;0;0;0;3;24930;13;55040;0;3600000;0;3600000
28.02.2022 04:00;3;3000;2;2000;8;103970;22;33000;6;86316;5;72886;3;3000;2;2000;0;0;0;0;0;0;0;0;11;100160;23;73220;0;3600000;0;3600000
28.02.2022 05:00;4;4000;4;3980;10;113710;161;389427;23;255340;20;321500;4;3990;5;5000;0;0;0;0;2;2630;2;2000;12;109718;116;749788;0;3600000;0;3600000
28.02.2022 06:00;4;4000;5;4990;20;209170;365;715604;50;850207;41;942758;4;4000;4;4000;0;0;0;0;5;7660;3;3010;23;926793;156;1725175;3;3335219;5;3493795
28.02.2022 07:00;7;7000;6;6000;43;439487;475;1239831;108;1251450;89;1574414;7;6990;6;5990;0;0;0;0;10;13410;7;7230;57;981616;238;2539666;0;3600000;0;3600000
28.02.2022 08:00;8;7990;8;7980;64;759451;445;1313557;139;1602369;136;1712491;8;7980;8;8000;0;0;0;0;28;29310;13;13550;65;900517;198;2651759;0;3600000;0;3600000
28.02.2022 09:00;4;4000;4;4000;66;318761;404;1205544;132;1170692;120;1100233;4;4000;4;4000;0;0;0;0;31;35290;14;14290;70;946716;214;2459839;0;3600000;0;3600000
28.02.2022 10:00;4;4000;4;4000;70;512008;389;1253228;144;1205753;146;1191550;4;3990;4;3990;0;0;0;0;33;37370;12;12240;81;1152893;180;2408418;0;3600000;0;3600000
28.02.2022 11:00;4;4000;3;2990;78;535775;344;1472152;150;1325296;139;1355038;4;4000;4;4000;0;0;0;0;43;51270;12;12320;85;1162282;175;2249318;11;2891240;22;3472171
28.02.2022 12:00;5;5000;6;6000;78;705137;333;1323668;146;1173065;126;1101936;5;4970;5;5000;0;0;0;0;55;59890;26;27930;87;1481203;171;2222210;44;182021;129;2664342
28.02.2022 13:00;8;8000;8;8000;87;773414;377;1332155;149;1232804;127;1327811;8;7980;8;7980;0;0;0;0;41;46480;12;12115;87;1462776;181;2508202;31;759351;86;2769621
28.02.2022 14:00;5;5000;6;6000;73;457374;390;1272453;153;1349840;141;1355085;5;4990;6;5990;0;0;0;0;40;42730;21;21090;104;1397507;193;2413140;27;924937;68;3152262
28.02.2022 15:00;4;3990;3;2980;77;686376;383;1763780;153;1383442;139;1536465;4;3990;4;4000;0;0;0;0;43;50500;16;16770;93;1242457;195;2661575;0;3600000;0;3600000
28.02.2022 16:00;4;4000;5;4990;88;495320;421;1556831;155;1527079;118;1528010;4;4000;4;3990;0;0;0;0;47;54880;10;10150;98;1233191;205;2671569;0;3600000;0;3600000
28.02.2022 17:00;4;3990;4;4000;91;640595;452;1743434;160;1854306;118;1737200;4;4000;4;4000;0;0;0;0;49;59060;32;32930;93;1610760;204;2870235;0;3600000;0;3600000
28.02.2022 18:00;4;3990;4;4000;97;653119;391;1482037;135;1435069;89;1330125;4;4000;4;4000;0;0;0;0;37;41040;9;9040;92;1352102;180;2376141;0;3600000;0;3600000
28.02.2022 19:00;4;4000;4;4000;77;704283;330;1131482;114;1386045;73;1099303;4;3980;4;3990;0;0;0;0;45;59130;14;14109;74;1591414;153;1843885;0;3600000;0;3600000
28.02.2022 20:00;5;5000;4;3990;33;206297;197;921348;82;769531;58;550334;5;5000;4;4000;0;0;0;0;24;26920;6;6213;54;929006;148;1289803;1;2797381;24;3041331
28.02.2022 21:00;4;3990;4;4000;35;234240;188;545389;64;454691;56;583009;4;4000;4;4000;0;0;0;0;12;12560;2;2000;45;620540;143;829654;22;1084550;83;1480505
28.02.2022 22:00;4;4000;4;4000;28;126290;134;492106;51;341886;33;470611;4;3990;4;4000;0;0;0;0;11;12760;1;1000;37;550281;121;613820;6;2311858;36;2826798
28.02.2022 23:00;2;1990;2;2000;8;54870;94;228290;22;311246;15;212350;2;2000;2;2000;0;0;0;0;6;8640;0;0;15;279310;78;327851;0;3600000;0;3600000
01.03.2022 00:00;2;2000;2;2000;8;41760;31;159780;10;92332;11;212440;2;2000;2;2000;0;0;0;0;1;1010;1;1000;8;93800;32;136333;1;3305574;2;3309494
01.03.2022 01:00;2;1990;2;2000;4;28400;26;25380;4;68956;2;36877;2;2000;2;2000;0;0;0;0;0;0;0;0;3;32070;21;77570;1;860;16;67530
01.03.2022 02:00;2;1990;2;2000;6;8440;16;18540;5;81003;3;28810;2;2000;2;1990;0;0;0;0;0;0;0;0;6;58620;15;52550;10;823818;16;848548
01.03.2022 03:00;1;1000;2;2000;1;1040;19;11660;6;127910;5;72530;1;1000;2;2000;0;0;0;0;0;0;0;0;2;6880;14;66240;0;3600000;0;3600000
01.03.2022 04:00;3;3000;2;2000;8;50080;31;88956;6;78750;4;97160;3;3000;2;2000;0;0;0;0;0;0;0;0;6;97810;28;108730;0;3600000;0;3600000
01.03.2022 05:00;4;3990;5;4990;15;126170;144;420798;26;330460;27;471645;4;3990;5;5000;0;0;0;0;0;0;2;2010;18;179150;93;726363;0;3600000;0;3600000
01.03.2022 06:00;4;3990;4;3990;17;102070;436;845274;44;677054;48;815647;4;3990;4;4000;0;0;0;0;6;6510;5;5200;26;393259;167;2077236;0;3600000;0;3600000
01.03.2022 07:00;7;6990;6;5990;55;343960;494;1229727;111;1380048;117;1401715;7;6990;6;6000;0;0;0;0;16;18470;9;9030;48;1078323;206;2699108;0;3600000;0;3600000
01.03.2022 08:00;7;6980;8;8000;86;688691;459;1208950;149;1387467;134;1480186;8;8000;8;7980;0;0;0;0;35;41170;13;13770;77;903310;163;2634009;0;3600000;0;3600000
01.03.2022 09:00;5;5000;4;4000;69;836130;454;1076012;173;1816131;139;1751060;4;4000;4;3990;0;0;0;0;33;39650;13;13320;74;1128759;226;2447184;20;2663193;24;3338433
01.03.2022 10:00;5;5000;3;2990;70;453020;338;1434768;162;1413307;146;1669034;5;5000;3;3000;0;0;0;0;36;42392;18;17940;86;1135382;148;2312516;0;3600000;0;3600000
01.03.2022 11:00;4;3990;6;5990;95;578720;347;1408655;153;1609783;140;1460775;4;4000;6;5990;0;0;0;0;48;55202;21;21160;84;1390595;145;2345525;0;3600000;0;3600000
01.03.2022 12:00;5;4990;4;4000;76;610007;327;1485891;177;1508637;151;1440022;5;4990;5;5025;0;0;0;0;46;58900;8;8030;93;1232036;176;2403928;0;3600000;0;3600000
01.03.2022 13:00;8;8000;9;9000;82;525227;329;1806702;184;1257527;156;1192127;8;8000;8;8035;0;0;0;0;33;35570;18;18450;97;1384007;134;2609390;0;3600000;0;3600000
01.03.2022 14:00;5;5000;6;5990;95;670389;408;1608487;174;1279984;153;1450500;5;5000;6;6000;0;0;0;0;49;55160;10;11640;111;1358836;167;2755486;0;3600000;0;3600000
01.03.2022 15:00;4;4000;4;3990;75;293784;389;1647651;182;1881565;142;1687096;4;4000;4;4000;0;0;0;0;47;53920;18;19500;78;1403765;182;2599889;0;3600000;0;3600000
01.03.2022 16:00;4;4000;3;3000;96;491383;419;1543659;153;1686257;128;1660503;4;3990;4;4000;0;0;0;0;51;61430;22;23970;99;1399449;208;2735388;0;3600000;0;3600000
01.03.2022 17:00;4;3990;4;3990;84;769245;442;1393451;164;1734975;115;1499275;4;3980;3;3000;0;0;0;0;52;61070;11;11140;104;1529090;204;2768871;0;3600000;0;3600000
01.03.2022 18:00;3;2990;5;5000;92;547590;419;1415272;141;1476408;106;1312071;3;2990;5;4980;0;0;0;0;59;66750;26;29580;105;1301170;179;2647470;0;3600000;0;3600000
01.03.2022 19:00;4;3980;3;3000;77;572244;306;1086205;110;1696175;78;1347395;4;4000;4;4000;0;0;0;0;30;34090;12;14270;82;1237990;174;1737290;0;3600000;0;3600000
01.03.2022 20:00;4;3990;4;4000;26;179503;196;861908;74;573675;54;504343;4;3990;3;3000;0;0;0;0;18;19330;7;7083;56;712115;143;1208511;0;3600000;0;3600000
01.03.2022 21:00;4;4000;4;4000;35;219664;201;821070;64;481886;53;552229;4;3990;4;4000;0;0;0;0;16;18650;4;5270;35;343975;131;1189993;0;3600000;0;3600000
01.03.2022 22:00;4;4000;4;4000;18;140990;154;740632;48;303716;52;394536;4;4000;4;4000;0;0;0;0;8;8640;3;3010;39;521229;113;780410;0;3600000;0;3600000
01.03.2022 23:00;2;2000;2;2000;18;88660;76;168950;23;180204;20;284914;2;1990;2;2000;0;0;0;0;3;4040;1;1000;18;144554;63;326979;0;3600000;0;3600000
02.03.2022 00:00;2;2000;2;2000;7;87500;33;137250;11;127470;9;220046;2;2000;2;2000;0;0;0;0;1;1010;0;0;8;132180;32;146336;0;3600000;0;3600000
02.03.2022 01:00;2;1990;2;2000;4;19660;9;23160;4;95357;3;47037;2;1990;2;2000;0;0;0;0;0;0;0;0;3;32170;7;29340;3;1341492;7;1352142
02.03.2022 02:00;2;1990;2;2000;5;33460;17;11380;1;380;3;74020;2;2000;2;2000;0;0;0;0;1;1000;0;0;4;52570;14;48537;0;3600000;0;3600000
02.03.2022 03:00;1;1000;2;1990;3;2060;13;62240;5;29350;4;39880;1;1000;2;1990;0;0;0;0;0;0;0;0;2;20700;15;46550;0;3600000;0;3600000
02.03.2022 04:00;3;3000;2;2000;8;77970;31;87280;6;82280;9;180480;3;2990;2;2000;0;0;0;0;0;0;0;0;9;90480;22;146888;0;3600000;0;3600000
02.03.2022 05:00;4;4000;5;5000;8;77270;165;331250;26;327570;19;199074;4;4000;5;5033;0;0;0;0;0;0;2;2150;16;118890;121;753750;0;3600000;0;3600000
02.03.2022 06:00;4;4000;4;4000;23;188637;370;885821;64;666462;59;859149;4;4000;4;4000;0;0;0;0;7;7320;2;2000;31;713556;132;1972192;0;3600000;0;3600000
02.03.2022 07:00;7;6990;6;5610;53;372460;509;1272880;142;1518642;115;1809101;7;7000;6;5990;0;0;0;0;23;25780;6;6020;51;861450;158;3060570;0;3600000;0;3600000
02.03.2022 08:00;8;7980;8;8390;78;616713;457;1348328;164;1464890;135;1591757;8;8000;8;7970;0;0;0;0;24;31060;10;10150;58;1170308;195;2864972;0;3600000;0;3600000
02.03.2022 09:00;4;3990;4;4000;62;629607;394;1310323;145;1229373;136;1416630;4;4000;4;3990;0;0;0;0;36;39610;14;14199;58;1090808;204;2311764;0;3600000;0;3600000
02.03.2022 10:00;4;3990;4;3990;60;464251;373;1383408;143;1453074;131;1423729;4;4000;4;4000;0;0;0;0;27;30880;14;14540;69;951251;157;2294170;0;3600000;0;3600000
02.03.2022 11:00;4;4000;4;4000;56;455020;324;1426580;153;1284315;138;1368603;4;4000;4;4000;0;0;0;0;31;34150;13;13590;72;1020692;159;2279626;0;3600000;0;3600000
02.03.2022 12:00;5;4990;5;5000;88;596500;344;1447700;147;1192863;129;1307306;5;4990;5;5000;0;0;0;0;38;45450;10;10030;81;1433961;160;2213543;0;3600000;0;3600000
02.03.2022 13:00;8;8000;8;7990;71;501562;362;1460426;165;1304573;127;1174947;8;7960;8;7990;0;0;0;0;47;54412;8;8470;97;1232859;168;2504444;0;3600000;0;3600000
02.03.2022 14:00;5;5000;6;5990;83;493900;400;1720980;152;1274973;138;1421352;5;4980;6;6000;0;0;0;0;34;46110;11;11200;106;1473480;181;2562859;0;3600000;0;3600000
02.03.2022 15:00;4;4000;4;3990;97;468244;409;1539085;195;1596054;144;1361229;4;4000;4;3990;0;0;0;0;39;47460;12;13000;84;1331970;192;2694958;0;3600000;0;3600000
02.03.2022 16:00;3;3000;3;3000;100;803486;420;1501718;165;1935863;131;1638056;4;3980;4;4000;0;0;0;0;37;42235;13;13660;97;1274594;232;2557503;0;3600000;0;3600000
02.03.2022 17:00;5;5043;5;5000;112;880763;469;1723575;163;2018752;130;1961170;4;3990;4;3980;0;0;0;0;62;70830;14;14150;100;1729843;219;2880863;0;3600000;0;3600000
02.03.2022 18:00;4;4000;4;4000;91;531462;426;1570340;151;1847687;124;1508560;4;3990;4;4000;0;0;0;0;51;54350;21;21040;97;1489247;153;2763615;0;3600000;0;3600000
02.03.2022 19:00;5;4990;3;3000;71;638330;355;993736;134;1301431;92;1113169;5;4990;3;2990;0;0;0;0;45;48580;17;19190;81;1142187;190;1766424;0;3600000;0;3600000
02.03.2022 20:00;4;4058;5;5000;38;245350;210;816516;71;657633;54;398173;4;4000;5;4990;0;0;0;0;23;27460;10;10350;62;815592;135;1339480;0;3600000;0;3600000
02.03.2022 21:00;4;3990;4;4000;23;80420;190;754646;67;691056;46;356990;4;4000;4;3990;0;0;0;0;15;21160;4;4000;34;376411;141;1069912;0;3600000;0;3600000
02.03.2022 22:00;4;3990;4;4000;23;63700;160;612430;56;509750;40;325200;4;4000;4;4000;0;0;0;0;7;8290;3;3220;36;392893;121;795442;0;3600000;0;3600000
02.03.2022 23:00;2;1990;2;2037;13;98830;93;381782;37;324024;27;224330;2;2000;2;2000;0;0;0;0;12;13020;0;0;16;201995;80;487247;0;3600000;0;3600000
03.03.2022 00:00;2;2000;3;2990;7;71240;35;60760;10;187439;6;149585;2;1990;3;2990;0;0;0;0;0;0;0;0;7;90750;32;114503;0;3600000;0;3600000
03.03.2022 01:00;0;0;1;1000;1;1830;16;28640;5;100180;1;16820;0;0;1;1000;0;0;0;0;0;0;0;0;4;83030;14;44300;1;1852483;5;1864233
03.03.2022 02:00;0;0;0;0;3;70086;16;11520;4;87640;1;15860;0;0;0;0;0;0;0;0;0;0;0;0;4;53840;9;28960;3;432640;19;484980
03.03.2022 03:00;1;1000;0;0;3;1830;15;46020;3;40020;2;18580;1;1000;0;0;0;0;0;0;0;0;0;0;2;23730;15;58460;1;3361444;2;3365584
03.03.2022 04:00;3;2990;2;2000;5;79764;33;55580;5;86600;4;104805;3;3000;2;2000;0;0;0;0;0;0;0;0;10;79700;28;120520;6;5660;24;100448
03.03.2022 05:00;4;4000;4;4000;10;98350;161;295425;21;159462;15;202120;4;3990;4;4000;0;0;0;0;0;0;2;2000;15;231131;107;828288;38;77440;52;339901
03.03.2022 06:00;4;4000;5;5000;25;501656;371;970989;60;747218;59;880975;4;3990;5;5000;0;0;0;0;8;8030;6;6160;24;318347;132;1861108;92;355580;87;1173005
03.03.2022 07:00;6;6000;4;3990;61;616564;555;1528779;160;1809327;137;1877019;6;5990;5;5000;0;0;0;0;24;27380;34;35110;60;1278973;200;3154384;35;140936;81;2531681
03.03.2022 08:00;7;6990;8;7990;86;802281;518;1451528;156;1817472;133;2103966;7;6980;7;7000;0;0;0;0;28;31726;10;10730;90;1199358;217;3024288;22;85710;85;2526285
03.03.2022 09:00;3;3000;4;4000;63;753820;439;1554130;146;1359065;153;1635515;3;2990;4;4000;0;0;0;0;37;45140;11;11440;69;1324537;210;2511343;31;141480;94;2453926
03.03.2022 10:00;6;5990;4;4000;84;611376;402;1628244;158;1244185;146;1529529;6;6000;5;4990;0;0;0;0;38;40760;15;15231;84;1146260;176;2533848;4;3335410;15;3493084
03.03.2022 11:00;4;4000;4;4000;72;592011;382;1493611;161;1509717;138;1392849;4;4000;4;3990;0;0;0;0;30;34570;14;15020;70;1214442;165;2464228;9;2363103;30;3320357
03.03.2022 12:00;5;4990;6;6000;91;546772;368;1540364;185;1663593;141;1327563;5;4990;5;5000;0;0;0;0;50;55020;14;14070;106;1182487;160;2405627;11;2523954;42;3413154
03.03.2022 13:00;7;6990;8;7990;78;615069;392;1469037;165;1523777;148;1603337;7;6990;8;7990;0;0;0;0;42;47890;22;22480;80;1497731;179;2490668;38;1448465;51;3027390
03.03.2022 14:00;5;4990;6;5990;90;667633;442;1883256;206;1608313;153;1413729;5;5000;6;6000;0;0;0;0;47;53040;21;22224;93;1330360;176;2842434;0;3600000;0;3600000
03.03.2022 15:00;4;4000;3;3000;89;746585;448;1496001;200;1987253;147;1802227;4;4000;3;2990;0;0;0;0;54;66550;21;21430;104;1323512;200;2701573;0;3600000;0;3600000
03.03.2022 16:00;4;4000;5;4990;98;751400;445;1715167;184;1795259;151;1951580;4;3990;5;4970;0;0;0;0;63;74530;16;18060;107;1592971;219;2945401;0;3600000;0;3600000
03.03.2022 17:00;4;3990;4;3990;101;685627;465;1824338;192;2254469;150;2172032;4;4000;4;4000;0;0;0;0;54;68910;23;23706;104;1688546;214;2893359;6;3028757;12;3545557
03.03.2022 18:00;4;3980;4;3990;100;882945;421;1501717;190;1863411;147;1877584;4;4000;4;3990;0;0;0;0;53;60725;21;22150;92;1625432;159;2784294;0;3600000;0;3600000
03.03.2022 19:00;5;5000;4;4000;79;805600;323;1301697;111;1400593;96;1172365;5;5000;4;3990;0;0;0;0;27;32290;15;15130;78;1270921;164;1832321;0;3600000;0;3600000
03.03.2022 20:00;4;3990;4;4000;44;274674;195;943678;83;751763;61;586691;4;3990;4;4000;0;0;0;0;23;25883;8;8630;52;1117437;151;1283988;0;3600000;0;3600000
03.03.2022 21:00;4;3980;4;4000;35;115212;182;702251;53;486605;43;413690;4;3990;4;4000;0;0;0;0;15;16583;4;4110;52;592040;144;1227390;0;3600000;0;3600000
03.03.2022 22:00;4;4000;4;4000;20;86760;137;570600;44;302003;41;488683;4;4000;4;4000;0;0;0;0;10;11050;2;2000;37;414370;108;675076;0;3600000;0;3600000
03.03.2022 23:00;2;2000;2;1990;12;8990;76;427357;28;344042;16;189100;2;2000;2;2000;0;0;0;0;9;9330;3;3010;21;256136;66;385327;0;3600000;0;3600000
04.03.2022 00:00;2;2000;3;3000;9;92783;36;289653;21;265330;13;97256;2;2000;3;3000;0;0;0;0;2;2410;3;3010;12;204130;35;151783;0;3600000;0;3600000
04.03.2022 01:00;0;0;1;1000;3;24330;25;98603;4;56990;8;153070;0;0;1;1000;0;0;0;0;1;1010;5;5000;8;154663;24;78344;0;3600000;0;3600000
04.03.2022 02:00;0;0;0;0;1;710;8;16460;6;94690;6;121130;0;0;0;0;0;0;0;0;0;0;0;0;1;16380;6;24210;4;2653729;6;2661329
04.03.2022 03:00;1;1000;0;0;2;2710;12;36960;5;49700;2;34680;1;1000;0;0;0;0;0;0;0;0;0;0;1;5810;12;47290;3;546795;5;553675
04.03.2022 04:00;3;3000;2;1990;7;75830;36;50230;3;52190;4;125620;3;2990;2;2000;0;0;0;0;0;0;0;0;7;129629;33;127990;2;2811860;7;2830540
04.03.2022 05:00;4;4000;5;4980;14;62180;150;435672;22;376510;16;216010;4;4000;5;5000;0;0;0;0;0;0;2;2300;21;276041;119;634370;0;3600000;0;3600000
04.03.2022 06:00;4;3990;3;3000;20;212331;308;890246;56;785051;59;1046964;4;4000;4;4000;0;0;0;0;5;5800;1;1000;28;532753;138;1748613;0;3600000;0;3600000
04.03.2022 07:00;7;7000;6;6000;66;671390;485;1444960;187;1782096;145;1884238;7;7000;5;5000;0;0;0;0;30;33370;38;40440;74;1013094;201;2896712;0;3600000;0;3600000
04.03.2022 08:00;7;6980;9;9000;66;700581;441;1326962;159;1781717;138;2025402;8;7990;9;8980;0;0;0;0;38;48328;10;10150;60;1237856;218;2698650;7;3076624;10;3504900
04.03.2022 09:00;5;5000;3;3000;47;515881;402;1367999;178;1485227;146;1635086;4;3990;4;4000;0;0;0;0;34;40100;12;12280;68;1094171;190;2408472;0;3600000;0;3600000
04.03.2022 10:00;4;4000;4;4000;69;582294;348;1639066;161;1269383;144;1408035;4;4000;4;4000;0;0;0;0;38;42620;22;22550;76;1053098;177;2446763;0;3600000;0;3600000
04.03.2022 11:00;4;3990;4;3990;85;547959;336;1679070;191;1435923;178;1516568;4;4000;4;4000;0;0;0;0;29;30650;10;10030;90;1385352;167;2454051;0;3600000;0;3600000
04.03.2022 12:00;5;5000;6;6000;120;813947;359;1481639;178;1720401;157;1584232;5;4990;5;5000;0;0;0;0;47;51575;13;13050;95;1577362;233;2290598;21;1538374;61;3018427
04.03.2022 13:00;8;7980;7;7000;136;770918;462;1652551;181;1997060;159;1930430;8;7990;7;6990;0;0;0;0;77;97825;24;24290;95;1748584;202;2888111;25;2132137;30;3483020
04.03.2022 14:00;5;4990;6;6000;96;720409;449;1748748;174;2148345;133;2065294;5;4990;7;6990;0;0;0;0;43;53515;11;11060;83;1588045;250;2546376;26;2081348;37;3307358
04.03.2022 15:00;4;3990;5;5000;106;849348;464;1698850;157;1997081;156;1947540;4;4000;4;3990;0;0;0;0;62;65430;19;20589;90;1646801;285;2417786;16;2294015;36;3352356
04.03.2022 16:00;3;3000;3;2990;105;795541;445;2058507;159;1918798;132;1917216;3;3000;4;4000;0;0;0;0;41;50010;7;7030;112;1478310;218;2762814;0;3600000;0;3600000
04.03.2022 17:00;5;4990;5;5000;118;879504;382;2148263;165;1759675;129;1681581;5;5000;4;3980;0;0;0;0;50;65658;19;20060;114;1722197;203;2670777;0;3600000;0;3600000
04.03.2022 18:00;4;4000;3;3000;90;771055;433;1323393;168;1760662;131;1810192;4;4000;3;3000;0;0;0;0;49;56424;24;25490;78;1160953;150;2717056;0;3600000;0;3600000
04.03.2022 19:00;5;4990;5;4990;70;558328;314;1120516;108;1471236;78;1307511;5;5000;5;5000;0;0;0;0;34;36630;16;16350;76;1813187;169;1942159;22;1064834;85;2441205
04.03.2022 20:00;4;4000;4;3980;58;533232;315;1272723;158;1040442;144;1047274;4;4000;4;4000;0;0;0;0;27;29300;10;10280;62;699875;166;1931248;19;72660;143;1296190
04.03.2022 21:00;4;4000;4;4000;43;292279;292;1112511;133;959437;139;1069517;4;4000;4;4000;0;0;0;0;19;21610;3;3000;47;579599;171;1676334;13;10120;139;1054226
04.03.2022 22:00;4;3990;4;3990;24;172800;189;629245;38;287753;36;393233;4;4000;4;4000;0;0;0;0;18;18730;5;5060;44;631964;134;1094743;8;9030;116;990574
04.03.2022 23:00;2;2000;2;2000;14;19430;119;385075;32;327885;35;461580;2;2000;2;2000;0;0;0;0;8;8610;3;3120;27;270087;92;785892;10;470986;72;941566
05.03.2022 00:00;2;1990;2;1990;9;49418;77;246150;20;174010;22;373820;2;2000;2;1990;0;0;0;0;6;7530;6;7300;19;209080;67;271678;15;1741185;42;1862829
05.03.2022 01:00;2;2048;2;1990;10;69600;34;140010;18;138684;11;215000;2;1990;2;2000;0;0;0;0;1;1000;1;1200;13;185540;38;194834;9;1391622;30;1487732
05.03.2022 02:00;2;2000;2;2000;6;81971;28;64160;14;119660;17;187690;2;2000;2;2000;0;0;0;0;0;0;1;1000;9;190370;21;90811;5;2686590;9;2711150
05.03.2022 03:00;2;2000;2;2000;4;22620;25;14850;4;65160;5;97650;2;2000;2;2000;0;0;0;0;0;0;0;0;7;62310;22;84730;0;3600000;0;3600000
05.03.2022 04:00;3;3000;2;1990;12;93823;26;79680;7;79720;10;164210;3;2990;3;3000;0;0;0;0;1;1010;0;0;14;142208;25;133460;0;3600000;0;3600000
05.03.2022 05:00;4;4000;5;4990;8;33350;58;161260;14;216252;9;169570;4;4000;4;4000;0;0;0;0;5;7280;2;2020;11;531098;53;243834;0;3600000;0;3600000
05.03.2022 06:00;4;4000;4;4000;10;128400;94;318944;12;119527;10;176310;4;4000;4;3990;0;0;0;0;4;4320;1;1000;8;79150;81;363383;0;3600000;0;3600000
05.03.2022 07:00;4;3990;4;4000;10;157170;117;387913;34;481046;30;330426;4;3980;4;4000;0;0;0;0;7;7090;2;2100;16;165940;96;613973;0;3600000;0;3600000
05.03.2022 08:00;4;4000;4;4000;22;80525;205;625093;76;482287;48;416272;4;3990;4;4000;0;0;0;0;19;22190;1;1010;35;362019;144;849210;0;3600000;0;3600000
05.03.2022 09:00;4;4000;4;3990;43;398099;323;935194;110;1040732;94;1180042;4;4000;4;4000;0;0;0;0;32;33360;10;10040;47;809561;176;1819822;9;1994920;67;2763406
05.03.2022 10:00;4;3990;4;4000;32;182715;370;1343082;154;1221315;118;1192092;4;3990;4;4000;0;0;0;0;42;50820;12;12050;64;895520;158;2325496;0;3600000;0;3600000
05.03.2022 11:00;4;4000;4;4000;67;677348;362;1490800;146;1130127;121;1033768;4;3990;4;4000;0;0;0;0;44;49260;13;13850;69;1019822;157;2320695;0;3600000;0;3600000
05.03.2022 12:00;4;4000;4;4000;74;568220;364;1425647;155;1278308;123;1270199;4;3990;4;4000;0;0;0;0;43;48610;14;14580;87;1379630;189;2337588;14;2136472;45;3154472
05.03.2022 13:00;4;4000;4;3990;80;638743;405;1455977;144;1312195;131;1323926;4;4000;4;4000;0;0;0;0;45;48533;10;10030;80;1372512;198;2358709;40;343264;101;2610516
05.03.2022 14:00;4;4000;4;4000;67;622451;403;1294850;154;1638570;120;1298502;4;3990;4;4000;0;0;0;0;36;38800;9;9040;81;1214003;205;2371155;40;301100;103;2629515
05.03.2022 15:00;4;4000;4;4000;65;452419;366;1315026;101;898563;84;885820;4;4000;4;4000;0;0;0;0;45;49152;11;11785;82;1270748;182;2221474;22;121278;122;2457355
05.03.2022 16:00;4;4000;4;4000;71;542525;379;1360128;138;1342818;107;965389;4;3990;4;4000;0;0;0;0;57;58566;9;9070;86;1337483;175;2244879;44;592941;116;2528487
05.03.2022 17:00;4;4000;4;4000;90;684440;461;1414202;125;1492817;112;1428256;4;3990;4;4000;0;0;0;0;44;47079;17;18220;76;1401095;194;2628788;16;468557;96;2707373
05.03.2022 18:00;4;4000;4;4000;63;508671;389;1438358;126;1216454;108;1171637;4;4000;4;4000;0;0;0;0;48;53570;11;11230;92;1009318;134;2463643;21;129750;144;2334689
05.03.2022 19:00;4;3990;4;4000;52;444134;351;1447945;101;1121482;86;857183;4;4000;4;3990;0;0;0;0;41;45380;7;7160;78;1211706;152;2095075;10;1746193;71;2551955
05.03.2022 20:00;4;4000;4;4000;42;260427;234;963297;78;632166;58;687012;4;4000;4;4000;0;0;0;0;29;30039;6;6450;58;610948;161;1530633;14;1835433;76;2482264
05.03.2022 21:00;4;4000;4;4000;19;146628;200;797558;48;619568;40;487538;4;3990;4;4000;0;0;0;0;15;18960;5;5030;45;467006;150;1211533;3;3077510;25;3234290
05.03.2022 22:00;4;4000;4;4035;30;140975;201;697595;70;540651;57;485396;4;3990;4;4000;0;0;0;0;13;15630;3;3010;45;486908;141;1003396;0;3600000;0;3600000
05.03.2022 23:00;2;2000;2;1990;20;153383;154;578642;23;184950;29;355338;2;2000;2;2000;0;0;0;0;12;14620;3;3260;23;232780;132;736621;0;3600000;0;3600000
06.03.2022 00:00;2;2000;2;2000;13;39050;86;306086;32;388930;24;219630;2;2000;2;2000;0;0;0;0;4;5190;4;4020;20;214057;82;381380;0;3600000;0;3600000
06.03.2022 01:00;2;2000;2;2000;11;59860;59;110130;9;95260;10;176830;2;2000;2;2000;0;0;0;0;7;7500;1;1010;14;262590;59;287000;0;3600000;0;3600000
06.03.2022 02:00;2;2000;2;1990;7;27250;37;150919;14;166977;8;96700;2;2000;2;2000;0;0;0;0;1;1570;0;0;10;147330;36;120640;0;3600000;0;3600000
06.03.2022 03:00;2;2000;2;2000;6;5830;24;215981;15;158134;14;207180;2;2000;2;1990;0;0;0;0;0;0;0;0;9;153440;22;90260;3;3125463;6;3132163
06.03.2022 04:00;2;2000;2;2000;8;80680;33;42180;6;65159;6;119898;2;2000;2;2000;0;0;0;0;2;2300;0;0;6;129727;28;122310;0;3600000;0;3600000
06.03.2022 05:00;2;2000;2;2000;3;3820;30;68000;3;51420;3;66980;2;1990;2;2000;0;0;0;0;0;0;0;0;5;86255;25;137600;0;3600000;0;3600000
06.03.2022 06:00;2;2000;2;1990;2;2220;28;90510;10;171338;4;38140;2;1990;2;2000;0;0;0;0;0;0;0;0;5;42350;26;77680;0;3600000;0;3600000
06.03.2022 07:00;2;2000;2;2000;3;40730;34;30110;26;241546;16;224155;2;2000;2;2000;0;0;0;0;1;1000;1;1000;8;189417;34;80260;0;3600000;0;3600000
06.03.2022 08:00;2;2000;2;2000;11;95120;85;320650;34;210015;34;445334;2;2000;2;2000;0;0;0;0;7;7860;0;0;13;95163;63;371670;0;3600000;0;3600000
06.03.2022 09:00;4;3990;4;4000;24;110430;155;571779;65;572963;45;425444;4;3990;4;3990;0;0;0;0;14;15750;6;6010;20;197280;137;836884;0;3600000;0;3600000
06.03.2022 10:00;4;3990;4;4000;36;265043;222;766048;79;648986;52;482790;4;3990;4;3990;0;0;0;0;10;11990;5;5870;41;534024;173;1311706;0;3600000;0;3600000
06.03.2022 11:00;4;4000;4;4000;32;235490;265;1107351;111;911591;88;767078;4;3990;4;3990;0;0;0;0;17;19720;8;8040;47;610101;173;1545526;0;3600000;0;3600000
06.03.2022 12:00;4;3990;4;4000;52;314974;288;1196428;116;806272;94;871435;4;4000;4;3990;0;0;0;0;16;16200;5;5660;52;568098;185;1626355;0;3600000;0;3600000
06.03.2022 13:00;4;3990;4;3990;49;382523;321;1199522;139;1097598;91;787280;4;4000;4;4000;0;0;0;0;24;24570;7;7010;61;829570;192;1762697;0;3600000;0;3600000
06.03.2022 14:00;4;3990;4;4000;55;426894;327;1332934;131;993722;101;989649;4;4000;4;3990;0;0;0;0;28;30380;6;6010;61;793173;191;1941411;0;3600000;0;3600000
06.03.2022 15:00;4;4000;4;4000;46;255120;305;1368091;121;1037500;106;1005271;4;3990;4;4000;0;0;0;0;39;41880;19;20140;65;748792;167;2074198;0;3600000;0;3600000
06.03.2022 16:00;4;4000;4;4000;56;404995;363;1261105;139;1043579;105;1116121;4;4000;4;4000;0;0;0;0;14;15580;7;8140;52;785053;182;1967659;0;3600000;0;3600000
06.03.2022 17:00;4;4000;4;4000;46;378273;375;1191096;100;875300;87;935584;4;4000;4;4000;0;0;0;0;21;21160;11;11780;55;804419;207;2020781;0;3600000;0;3600000
06.03.2022 18:00;4;4000;4;3990;36;156040;321;1092808;107;861695;90;639905;4;3980;4;3990;0;0;0;0;21;24260;10;10080;55;778995;147;1921530;0;3600000;0;3600000
06.03.2022 19:00;4;3990;4;3990;36;179140;263;871232;86;836473;55;480253;4;4000;4;4000;0;0;0;0;16;20490;1;1000;46;481205;157;1552945;0;3600000;0;3600000
06.03.2022 20:00;4;4000;4;4000;30;272950;207;757232;61;639710;49;529448;4;4000;4;3990;0;0;0;0;3;3020;2;2000;54;711025;133;1154708;0;3600000;0;3600000
06.03.2022 21:00;4;4000;4;3990;23;159493;174;497524;46;390670;28;211890;4;4000;4;4000;0;0;0;0;13;14317;3;3500;35;473790;143;963392;0;3600000;0;3600000
06.03.2022 22:00;4;4000;4;4036;19;85670;87;435470;32;353253;20;262516;4;4000;4;4000;0;0;0;0;4;4280;5;5760;30;295742;72;491819;0;3600000;0;3600000
06.03.2022 23:00;2;2000;2;2000;12;42470;57;164400;13;225806;10;170407;2;2000;2;2000;0;0;0;0;1;1010;3;3050;9;106740;57;248040;0;3600000;0;3600000
07.03.2022 00:00;2;1990;3;3000;6;20700;26;65710;8;125810;6;97560;2;2000;3;3000;0;0;0;0;0;0;0;0;10;73150;21;85861;4;1575163;16;1611823
07.03.2022 01:00;0;0;1;1000;1;46610;15;32910;7;101614;4;80574;0;0;1;1000;0;0;0;0;0;0;0;0;1;17260;8;33740;0;3600000;0;3600000
07.03.2022 02:00;0;0;0;0;1;640;11;5750;2;36450;4;59000;0;0;0;0;0;0;0;0;0;0;0;0;1;16460;10;28930;0;3600000;0;3600000
07.03.2022 03:00;1;1000;0;0;1;1750;7;4070;4;74600;3;34950;1;1000;0;0;0;0;0;0;0;0;0;0;5;41940;8;28620;0;3600000;0;3600000
07.03.2022 04:00;3;3000;2;2000;10;72250;24;28839;8;128400;6;130310;3;2990;2;2000;0;0;0;0;0;0;0;0;10;75076;23;88740;0;3600000;0;3600000
07.03.2022 05:00;4;4000;5;4980;12;100050;150;394694;28;309513;23;316478;4;3990;5;5000;0;0;0;0;2;2010;1;1000;16;166080;105;720261;0;3600000;0;3600000
07.03.2022 06:00;4;4000;3;3000;17;295963;398;837187;71;836830;51;723711;4;3990;4;4000;0;0;0;0;8;8430;2;2100;20;209163;134;2112489;0;3600000;0;3600000
07.03.2022 07:00;5;4990;5;5000;66;485427;561;1490586;157;1558028;149;1727988;6;5980;5;4990;0;0;0;0;26;27030;25;27970;81;1308944;195;3065655;0;3600000;0;3600000
07.03.2022 08:00;8;7980;8;8000;83;769195;516;1636348;170;1723128;150;2085311;7;6990;7;7000;0;0;0;0;32;34550;13;13050;72;1169650;205;2976907;0;3600000;0;3600000
07.03.2022 09:00;4;4000;3;2990;54;413580;378;1148144;162;1259998;136;1409652;4;3990;4;3990;0;0;0;0;30;33516;20;20570;79;1131398;173;2299898;0;3600000;0;3600000
07.03.2022 10:00;4;3980;5;4990;65;478360;344;1501163;155;1315666;135;1372112;4;4000;4;3990;0;0;0;0;26;27740;15;15160;53;1452590;176;2284362;15;2721164;34;3232381
07.03.2022 11:00;4;3990;4;4000;77;473304;358;1450645;155;1155772;151;1409733;4;4000;4;4000;0;0;0;0;30;33683;7;7370;100;1330745;181;2205917;11;2866214;36;3261080
07.03.2022 12:00;4;3990;5;4720;75;714054;358;1538149;159;1254314;120;1376784;4;4000;5;4980;0;0;0;0;48;56922;17;17050;83;1454208;177;2478496;42;887694;86;2706440
07.03.2022 13:00;5;4980;4;4260;93;654604;343;1344036;171;1531714;130;1246873;5;4990;5;5000;0;0;0;0;37;44920;18;18060;96;1402547;174;2348953;14;2612880;35;3307880
07.03.2022 14:00;5;5000;6;5980;82;507968;367;1776709;151;1084773;110;979473;5;5000;5;4990;0;0;0;0;42;45390;16;16060;80;1319589;153;2345748;0;3600000;0;3600000
07.03.2022 15:00;4;4000;3;2990;101;714412;405;1625809;168;1565517;137;1493132;4;3990;4;3990;0;0;0;0;71;91760;17;17670;87;1206768;236;2541932;0;3600000;0;3600000
07.03.2022 16:00;4;3990;4;4000;94;729999;468;1593183;166;1964028;139;1844240;4;4000;3;3000;0;0;0;0;40;44210;7;7050;115;1564849;249;2656529;0;3600000;0;3600000
07.03.2022 17:00;4;3990;5;4990;100;884998;439;1735800;168;2216830;120;1742800;4;4000;5;4990;0;0;0;0;52;59950;11;11360;95;1644602;234;2784359;10;1965840;46;3392161
07.03.2022 18:00;4;3990;4;4000;83;714393;392;1329908;116;1486321;99;1591737;4;3990;4;3980;0;0;0;0;45;48438;10;10030;95;1502900;222;2283606;23;2156506;51;3268240
07.03.2022 19:00;5;4980;3;2990;79;870656;281;1026879;80;1113908;67;833305;5;4990;3;3000;0;0;0;0;28;31903;8;8070;64;1194700;175;1422858;15;342591;119;2037366
07.03.2022 20:00;4;4000;5;4990;33;309490;173;987757;66;575116;53;522208;4;4000;5;4990;0;0;0;0;18;19760;6;6120;41;611973;132;1117121;35;106400;129;1275564
07.03.2022 21:00;4;4000;4;4000;22;140610;138;560434;42;425510;26;232585;4;3990;4;4000;0;0;0;0;16;17590;2;2010;38;437977;117;765106;9;270185;81;760295
07.03.2022 22:00;4;3990;4;4000;20;161430;132;540339;47;468534;26;304520;4;4000;4;4000;0;0;0;0;9;9980;2;2110;36;543252;116;643901;17;1502330;73;2010933
07.03.2022 23:00;2;2000;2;2000;9;39320;59;220870;18;141300;16;242055;2;2000;2;2044;0;0;0;0;2;2670;0;0;26;334368;56;238501;3;3168041;10;3203751
08.03.2022 00:00;2;2000;3;3000;3;3390;33;61710;10;172987;10;170960;2;2000;3;3000;0;0;0;0;0;0;0;0;3;33480;26;93485;0;3600000;0;3600000
08.03.2022 01:00;0;0;1;1000;1;1460;12;12620;3;81378;2;34060;0;0;1;1000;0;0;0;0;0;0;0;0;5;66874;9;30610;0;3600000;0;3600000
08.03.2022 02:00;0;0;0;0;2;16526;12;7590;2;37380;2;17420;0;0;0;0;0;0;0;0;1;1010;0;0;1;21580;7;25660;0;3600000;0;3600000
08.03.2022 03:00;1;1000;0;0;1;1450;10;4860;4;68040;3;64900;1;1000;0;0;0;0;0;0;0;0;0;0;3;49380;10;33580;0;3600000;0;3600000
08.03.2022 04:00;3;3000;2;2000;5;21870;29;29530;6;97470;7;148470;3;3000;2;1990;0;0;0;0;0;0;0;0;9;141720;22;102860;0;3600000;0;3600000
08.03.2022 05:00;4;4000;5;5000;11;31590;149;261570;30;414430;26;401630;4;4000;5;5000;0;0;0;0;3;3900;2;2000;14;175352;100;769353;0;3600000;0;3600000
08.03.2022 06:00;4;4000;3;3000;20;209676;396;728228;55;859108;56;763052;4;4000;3;3000;0;0;0;0;4;4040;3;3070;24;428518;175;1898517;11;2634473;27;3021394
08.03.2022 07:00;5;5000;4;4000;75;859174;532;1655380;162;1751710;138;1567061;5;4990;4;4000;0;0;0;0;35;41840;19;19080;66;1279060;197;3083867;50;287530;91;2634268
08.03.2022 08:00;6;5990;6;5990;85;829694;504;1670617;162;1690094;151;2227178;6;6000;6;5990;0;0;0;0;37;41466;13;14100;70;1386293;183;2904285;22;135010;89;2494824
08.03.2022 09:00;3;2990;5;5000;69;527197;414;1433075;175;1516054;158;1696374;3;3000;5;5000;0;0;0;0;34;37200;11;11170;83;1255793;198;2377397;1;3559050;0;3600000
08.03.2022 10:00;4;3990;3;3000;76;612825;327;1490157;156;1226359;131;1368305;4;4000;4;3990;0;0;0;0;35;39090;17;17050;75;1023791;161;2360260;0;3600000;0;3600000
08.03.2022 11:00;4;3990;5;4990;70;468390;355;1633505;153;1426520;148;1153306;4;4000;4;3990;0;0;0;0;36;37327;14;14540;94;1189102;160;2493291;51;1560027;93;2515963
08.03.2022 12:00;5;5000;5;5000;87;980539;386;1522244;158;1293577;119;1208142;5;5000;5;5000;0;0;0;0;37;39820;11;11340;99;1696053;196;2451118;84;546184;126;2514499
08.03.2022 13:00;5;4990;4;3990;80;627920;375;1518338;176;1358569;137;1138851;5;4990;4;3990;0;0;0;0;58;65830;12;12680;102;1640360;172;2489960;78;349320;115;2630723
08.03.2022 14:00;5;4990;6;6000;88;809402;352;1672236;165;1564620;126;1167250;5;4990;6;5990;0;0;1;290;48;57480;18;19460;87;1492671;191;2558411;71;545409;65;3105883
08.03.2022 15:00;4;3990;3;2990;99;695425;463;1611679;167;1883599;152;1958012;4;4000;4;4000;0;0;0;0;59;68150;19;20187;88;1365194;240;2670026;108;669905;71;2887519
08.03.2022 16:00;3;2990;4;4000;130;939173;514;1759946;159;2004874;140;2031199;3;2990;4;3980;0;0;0;0;46;51180;19;20090;100;1604854;296;2686292;54;318820;88;3328237
08.03.2022 17:00;4;3990;5;5000;117;760374;434;1966710;166;2181810;136;1753235;4;4000;4;3990;0;0;0;0;59;66740;28;28140;104;1781096;277;2515131;19;124480;102;3234769
08.03.2022 18:00;5;4990;3;2990;104;896520;427;1601614;155;1909382;127;1879956;5;5000;4;4000;0;0;0;0;46;48439;17;18020;92;1842846;204;2304023;43;405851;92;2867855
08.03.2022 19:00;5;5000;5;5000;71;672290;337;1132769;108;1579520;93;1214868;5;4990;4;3990;0;0;0;0;52;71780;14;14800;78;1345782;142;1725939;7;3132878;17;3446295
08.03.2022 20:00;4;4000;4;3990;30;313607;200;878694;75;588931;60;604133;4;4000;4;4000;0;0;0;0;25;29100;5;5323;55;587750;135;1306788;0;3600000;0;3600000
08.03.2022 21:00;4;3990;4;3990;31;241470;189;947422;54;465605;59;630387;4;3990;4;4000;0;0;0;0;23;30310;2;2010;43;718413;143;1180051;0;3600000;0;3600000
08.03.2022 22:00;4;4000;4;4000;25;149593;159;654605;49;464975;43;512127;4;4000;4;3990;0;0;0;0;13;14670;2;2000;38;359194;123;817782;9;1144157;78;1667607
08.03.2022 23:00;2;2000;2;1990;9;89530;86;271831;12;143522;13;225910;2;1990;2;2000;0;0;0;0;4;4370;5;6120;21;165070;77;335800;7;322443;63;624060
09.03.2022 00:00;2;2000;3;3000;11;28000;32;72510;6;48620;13;352897;2;2000;3;2980;0;0;0;0;2;2010;0;0;12;161265;27;107480;9;2195927;18;2199007
09.03.2022 01:00;0;0;1;1000;2;16100;18;32994;4;66470;2;32140;0;0;1;1000;0;0;0;0;0;0;0;0;2;16150;14;55994;0;3600000;0;3600000
09.03.2022 02:00;0;0;0;0;2;27090;13;6250;6;129790;2;34620;0;0;0;0;0;0;0;0;0;0;0;0;0;0;14;43330;0;3600000;0;3600000
09.03.2022 03:00;1;1000;0;0;2;4680;10;7187;2;60110;1;14610;1;990;0;0;0;0;0;0;0;0;0;0;1;4870;7;28890;0;3600000;0;3600000
09.03.2022 04:00;3;2990;2;2000;6;101410;28;52220;4;79470;6;102457;3;3000;2;2000;0;0;0;0;0;0;0;0;12;159306;23;82147;5;517301;24;592709
09.03.2022 05:00;4;4000;4;3990;13;146900;149;570458;25;340060;23;426670;4;4000;5;5000;0;0;0;0;0;0;4;4000;16;206871;97;819532;4;1369440;32;1542790
09.03.2022 06:00;4;3990;5;5000;20;239274;357;1030125;59;683910;59;842964;4;4000;4;3990;0;0;0;0;6;7410;1;1010;28;223477;174;2024731;0;3600000;0;3600000
09.03.2022 07:00;5;4990;3;2980;75;685027;546;1336584;178;1497867;149;1670697;5;5000;4;4000;0;0;0;0;30;36130;21;21970;75;1296290;175;3059356;0;3600000;0;3600000
09.03.2022 08:00;6;5990;6;5990;76;745813;526;1321300;154;1614113;147;1683912;6;6000;6;6000;0;0;0;0;32;40030;12;12640;53;778220;197;2803356;51;2498620;58;3051626
09.03.2022 09:00;3;3000;5;4990;67;638509;403;1429187;151;1192938;145;1430836;4;3990;4;3990;0;0;0;0;30;32600;20;20310;90;1154580;186;2303257;79;831807;104;2150520
09.03.2022 10:00;5;5000;4;3980;62;598838;366;1391945;135;1280473;115;1272079;4;4000;4;3990;0;0;0;0;39;40670;12;12460;82;1058303;160;2277257;44;290085;117;2307835
09.03.2022 11:00;3;3000;4;4000;65;339624;331;1277177;155;1503105;142;1407691;3;3000;4;4000;0;0;0;0;27;30763;16;16910;82;1238022;189;2058811;44;996558;115;2237335
09.03.2022 12:00;5;5000;5;5000;86;518920;360;1355305;154;1229718;119;1162483;5;4990;5;5000;0;0;0;0;44;51570;10;10060;92;1257504;175;2387624;7;2222570;54;3129653
09.03.2022 13:00;5;5000;4;4000;99;736162;389;1511496;174;1296906;152;1235995;5;4990;4;4000;0;0;0;0;49;52240;30;32687;91;1170470;185;2562227;0;3600000;0;3600000
09.03.2022 14:00;5;5000;5;5000;89;689440;374;1602620;141;1409374;125;1368862;5;5000;6;5990;0;0;0;0;38;46927;10;10060;84;1362540;210;2239945;54;940908;90;2798025
09.03.2022 15:00;4;3990;5;4970;92;660640;394;1478617;159;1584588;140;1631197;4;4000;4;4000;0;0;0;0;46;59530;21;22780;80;1234196;234;2276868;49;1162440;85;3179127
09.03.2022 16:00;3;3000;4;4000;87;819697;463;1467041;148;1818547;135;1658002;4;4000;4;4000;0;0;0;0;33;36380;14;14720;102;1740477;254;2427683;0;3600000;0;3600000
09.03.2022 17:00;5;5000;3;3000;95;938685;457;1583939;167;1728330;129;1872477;4;4000;4;3980;0;0;0;0;43;49220;12;12050;98;1890666;275;2642636;7;2101938;42;3544246
09.03.2022 18:00;4;4000;5;5000;87;858360;389;1477516;155;1748580;115;1634474;4;4000;4;3980;0;0;0;0;36;41650;22;23210;99;1338542;182;2318501;5;3125735;16;3430735
09.03.2022 19:00;5;4990;4;4000;66;426820;297;1155104;118;1115379;96;1247090;5;4990;4;3990;0;0;0;0;33;37286;12;12040;70;884585;153;1689326;0;3600000;0;3600000
09.03.2022 20:00;4;3990;4;4000;55;341943;196;1124904;91;706775;65;415095;4;4000;4;3990;0;0;0;0;19;20733;7;7050;76;820268;140;1388866;0;3600000;0;3600000
09.03.2022 21:00;4;4000;4;3990;29;203434;211;970830;65;527100;33;452205;4;3990;4;3990;0;0;0;0;24;27280;3;3000;41;542629;145;1169663;1;3509240;3;3525450
09.03.2022 22:00;4;4000;4;4000;30;82760;143;525422;47;348150;26;452252;4;4000;4;3990;0;0;0;0;11;11150;5;5030;37;334673;123;765405;13;230540;89;872227
09.03.2022 23:00;2;2000;2;1990;8;15170;82;352791;20;205421;14;144530;2;2000;2;2000;0;0;0;0;6;6680;3;3150;27;288137;80;377752;7;10440;65;349230
10.03.2022 00:00;2;2000;3;2990;12;13130;37;132810;10;131870;8;126597;2;2000;3;2990;0;0;0;0;1;1070;1;1000;10;143059;30;100030;9;10000;27;112660
10.03.2022 01:00;0;0;1;1000;3;36580;15;15890;5;77801;5;100471;0;0;1;1000;0;0;0;0;1;1190;0;0;0;0;15;49420;7;56790;15;53960
10.03.2022 02:00;0;0;0;0;1;400;9;5450;4;38570;3;71090;0;0;0;0;0;0;0;0;0;0;0;0;1;19135;8;31560;3;2510140;3;2510130
10.03.2022 03:00;1;1000;0;0;4;49750;9;12880;4;39330;3;4790;1;1000;0;0;0;0;0;0;0;0;0;0;1;5270;7;29970;0;3600000;0;3600000
10.03.2022 04:00;3;3000;2;2000;7;98070;19;36210;1;2440;7;188120;3;2990;2;2000;0;0;0;0;0;0;0;0;9;60650;19;71550;0;3600000;0;3600000
10.03.2022 05:00;4;4000;6;5960;9;138240;137;349961;25;262835;19;344760;4;4000;5;4990;0;0;1;1470;1;1170;0;0;11;152260;104;776036;0;3600000;0;3600000
10.03.2022 06:00;4;3990;4;4040;21;341560;369;813776;66;683394;62;967070;4;3990;4;4000;0;0;0;0;10;11900;4;4500;29;624315;157;1998937;1;3479618;5;3532508
10.03.2022 07:00;5;4990;3;2980;74;642809;568;1494785;163;1808835;142;1844501;5;4990;3;3000;0;0;0;0;39;47870;57;62199;67;1298455;266;2804445;36;1858510;49;2903620
10.03.2022 08:00;5;4990;7;6980;72;791555;550;1366659;164;1674292;146;1947609;6;5990;7;6990;0;0;0;0;36;39920;13;13030;82;1200631;217;2873498;0;3600000;0;3600000
10.03.2022 09:00;4;3990;4;4000;76;485464;415;1289697;119;1071890;124;1363782;4;4000;4;4000;0;0;0;0;34;38470;11;11050;84;1169161;222;2387388;45;2271949;43;3062367
10.03.2022 10:00;5;5000;4;4000;75;736141;363;1171020;137;1171656;137;1221465;4;3960;4;4000;0;0;0;0;24;25400;12;12050;88;1136456;201;2218775;52;957002;107;2318268
10.03.2022 11:00;3;3000;4;4000;59;548560;332;1311420;155;1124612;123;1309343;3;3000;4;4000;0;0;0;0;46;49440;19;19850;77;1210361;175;2150634;52;472255;125;2135572
10.03.2022 12:00;5;5000;4;3990;80;602175;342;1412299;150;1283199;124;1342596;5;4990;5;4990;0;0;0;0;37;45730;13;13400;85;1418113;175;2286192;38;964708;100;2693684
10.03.2022 13:00;5;5000;5;5000;75;516563;366;1378478;170;1316419;173;1581580;5;5000;4;4000;0;0;0;0;43;60650;33;35930;84;1448579;202;2470804;34;938632;84;2780399
10.03.2022 14:00;5;5000;5;5000;82;865900;376;1473126;148;1523834;118;1466997;5;5000;6;5990;0;0;0;0;37;45600;20;21980;94;1378184;174;2352432;44;1134323;93;2910885
10.03.2022 15:00;4;3990;5;4000;91;788636;409;1492068;181;2099684;162;1827511;4;4000;4;4000;0;0;0;0;56;80565;42;43240;111;1582300;242;2291064;31;1911086;53;3223443
10.03.2022 16:00;3;2990;3;3980;113;936035;416;1627144;180;2056061;137;1641135;3;3000;4;4000;0;0;0;0;52;61250;20;20080;101;1628449;239;2414048;4;3511579;4;3578649
10.03.2022 17:00;4;3980;5;5000;104;907477;421;2002237;187;1776570;140;1678436;5;5000;4;4000;0;0;0;0;58;69610;17;17210;109;1471660;260;2690433;0;3600000;0;3600000
10.03.2022 18:00;5;4990;3;2990;80;646744;484;1424552;164;1867153;126;1725329;4;4000;4;4000;0;0;0;0;47;54400;24;24350;95;1344594;221;2590890;0;3600000;0;3600000
10.03.2022 19:00;5;4990;4;4000;70;685685;337;1021170;126;1264517;89;1111097;5;5000;3;3000;0;0;0;0;45;53730;13;13900;73;1322768;169;1898749;2;3166211;22;3375926
10.03.2022 20:00;4;3990;5;5000;49;412396;214;1001579;91;595343;66;621331;4;4000;5;4990;0;0;0;0;16;16640;7;7075;44;489509;138;1393535;43;364206;121;1464795
10.03.2022 21:00;4;3990;4;3990;35;229480;218;787046;73;570538;52;494154;4;4000;4;4000;0;0;0;0;16;18590;2;2000;44;485804;151;1221169;35;341761;96;1197629
10.03.2022 22:00;4;4000;4;4000;24;181730;145;618130;49;372817;48;452799;4;4000;4;4000;0;0;0;0;13;13110;5;5000;24;329339;116;841329;25;30460;117;856347
10.03.2022 23:00;2;2000;2;2000;15;13800;101;282776;23;123957;17;216372;2;2000;2;1990;0;0;0;0;9;10480;1;1000;19;202018;81;432796;24;25980;67;434667
11.03.2022 00:00;2;2000;3;3000;7;20390;41;191594;8;37120;11;187495;2;2000;3;3000;0;0;0;0;1;1050;1;1010;7;73980;38;179640;5;7360;25;95630
11.03.2022 01:00;0;0;1;1000;4;57510;15;78650;3;40070;4;71990;0;0;1;1000;0;0;0;0;1;1380;0;0;1;560;12;36930;4;328744;14;359074
11.03.2022 02:00;0;0;0;0;2;27620;8;3730;2;42330;2;55900;0;0;0;0;0;0;0;0;0;0;1;1000;2;16390;9;34120;0;26250;4;38160
11.03.2022 03:00;1;990;0;0;4;75280;16;8100;4;58620;4;57030;1;1000;0;0;0;0;0;0;0;0;0;0;1;4880;12;51290;2;800;5;20680
11.03.2022 04:00;3;3000;2;2000;7;46280;25;77667;5;121360;8;195960;3;2990;2;2000;0;0;0;0;2;2010;0;0;5;57880;23;103434;6;38909;18;65509
11.03.2022 05:00;4;4000;5;5000;13;144812;111;417280;25;262534;20;326069;4;3990;5;5000;0;0;0;0;0;0;1;1010;19;190641;75;539381;21;27340;59;337140
11.03.2022 06:00;4;3990;4;3990;25;285376;312;749218;56;815989;56;845849;4;4000;4;3990;0;0;0;0;6;6050;8;8410;26;497792;162;1601669;10;24600;97;1029266
11.03.2022 07:00;5;4990;4;4000;66;797311;515;1341579;174;1660534;145;1907499;5;5000;4;4000;0;0;0;0;35;63140;25;27360;73;933581;192;2802899;32;83490;100;2183084
11.03.2022 08:00;6;5990;6;6000;65;731925;437;1236804;169;1458574;145;1809098;6;5990;6;5990;0;0;0;0;24;26360;13;13130;75;1049792;185;2554065;30;210420;119;2321026
11.03.2022 09:00;4;3990;4;3990;57;509811;396;1374353;145;1223304;145;1491412;4;4000;4;4000;0;0;0;0;36;41970;14;14850;76;1006146;192;2390096;0;3600000;0;3600000
11.03.2022 10:00;5;4990;5;4990;70;558360;375;1527470;144;1116658;123;1230967;5;5000;5;5000;0;0;0;0;29;31160;7;7030;83;1317798;168;2587888;0;3600000;0;3600000
11.03.2022 11:00;5;5000;4;4000;94;640978;381;1481228;155;1485391;141;1404866;5;4980;5;5000;0;0;0;0;48;54301;11;11060;96;1506293;180;2566250;7;1717350;60;3024564
11.03.2022 12:00;4;4000;6;6000;81;409220;408;1523383;171;1890480;145;1717783;4;4000;5;5000;0;0;0;0;46;51583;20;21680;95;1605857;227;2392059;26;82420;102;2807915
11.03.2022 13:00;5;5000;4;3990;122;977624;408;1572100;185;2186544;142;1577647;5;4980;4;4000;0;0;3;1390;97;116530;29;30370;77;1768376;236;2352802;13;2175336;28;3390327
11.03.2022 14:00;5;4990;5;5000;88;664205;447;1618507;182;1713207;146;1639487;5;5000;5;4990;0;0;0;0;41;50220;13;13360;111;1268836;255;2468774;0;3600000;0;3600000
11.03.2022 15:00;4;4000;4;4000;92;973224;411;1682267;156;1801193;122;1291537;4;3990;4;4000;0;0;0;0;47;52470;37;39330;98;1314394;237;2442733;2;3236164;8;3516106
11.03.2022 16:00;4;4000;4;4000;112;892692;443;1298461;168;1786791;127;1879697;4;4000;5;4990;0;0;0;0;41;45720;31;33720;108;1546507;269;2435242;30;444995;88;3114840
11.03.2022 17:00;3;3000;5;5000;113;691492;426;1527365;173;2170280;125;1740391;3;3000;4;4000;0;0;0;0;46;53530;22;22930;122;1652793;253;2489615;3;3362012;3;3579481
11.03.2022 18:00;5;5000;4;4000;93;626512;385;1610022;164;1594880;134;1388552;5;5000;4;4000;0;0;0;0;45;50760;22;22500;81;915933;175;2693333;0;3600000;0;3600000
11.03.2022 19:00;5;5000;3;3000;84;841494;363;1241306;101;1143721;88;1293360;5;5000;4;4000;0;0;0;0;34;37430;11;11360;75;1075574;155;1830266;0;3600000;0;3600000
11.03.2022 20:00;4;4000;5;5000;51;252095;308;1212894;160;1139457;163;1142781;4;3990;4;3990;0;0;0;0;31;38280;7;7700;61;784858;125;1832878;38;300642;117;1581501
11.03.2022 21:00;4;4000;4;4000;39;217543;245;929654;95;777616;95;662876;4;4000;4;4000;0;0;0;0;27;29400;3;3010;49;572489;175;1445415;11;2149550;61;2526271
11.03.2022 22:00;3;3000;4;4000;21;481504;213;901131;66;534506;44;467962;3;3000;4;3990;0;0;0;0;12;13180;2;2110;49;682571;172;1249901;0;3600000;0;3600000
11.03.2022 23:00;2;2000;1;1000;23;82260;143;482275;33;243886;36;520053;2;2000;1;1000;0;0;0;0;25;35849;8;8720;25;318199;107;806294;0;3600000;0;3600000
12.03.2022 00:00;2;1990;2;2000;17;44530;78;250520;31;222200;20;275140;2;1990;2;2000;0;0;0;0;4;4100;4;4010;19;258215;67;317444;0;3600000;0;3600000
12.03.2022 01:00;2;1990;2;1990;12;138070;52;193273;13;65710;9;138420;2;2000;2;2000;0;0;0;0;5;6900;4;4310;7;102313;48;176210;0;3600000;0;3600000
12.03.2022 02:00;2;1990;2;2000;8;7480;35;128910;11;192410;3;53460;2;2000;2;2000;0;0;0;0;2;2030;1;2260;6;90553;23;94300;0;3600000;0;3600000
12.03.2022 03:00;2;2000;2;1990;8;25310;26;15170;2;17893;2;17080;2;2000;2;2000;0;0;0;0;0;0;0;0;6;57543;18;67243;0;3600000;0;3600000
12.03.2022 04:00;2;2000;2;2000;4;25020;32;89400;10;237490;8;125870;2;2000;2;1990;0;0;0;0;0;0;1;1760;10;85514;25;91553;0;3600000;0;3600000
12.03.2022 05:00;4;3990;4;3990;12;42590;66;154170;12;178050;5;61734;4;4000;4;4000;0;0;0;0;0;0;1;1010;11;86730;50;256707;0;3600000;0;3600000
12.03.2022 06:00;4;3980;4;4000;10;69080;90;182520;9;206999;9;180270;4;4000;4;4000;0;0;0;0;3;3770;2;2010;10;151233;78;408793;0;3600000;0;3600000
12.03.2022 07:00;4;4000;4;4000;11;83420;117;358410;33;352054;29;365180;4;4000;4;4000;0;0;0;0;4;4040;4;4030;10;116650;90;519750;0;3600000;0;3600000
12.03.2022 08:00;4;3990;4;4000;22;169119;168;845649;69;533293;54;531223;4;4000;4;4000;0;0;0;0;10;10860;1;1000;32;299933;116;1146641;0;3600000;0;3600000
12.03.2022 09:00;4;4000;4;4000;28;205273;298;1125813;117;1105831;98;1073242;4;4000;4;4000;0;0;0;0;31;37100;5;5020;40;446282;181;1721389;0;3600000;0;3600000
12.03.2022 10:00;4;4000;4;3990;51;397252;365;1182858;136;991295;122;1108461;4;4000;4;4000;0;0;0;0;35;37540;12;12590;66;937884;174;2030633;11;1248027;83;2427746
12.03.2022 11:00;4;3990;4;3980;62;478264;356;1266644;148;1154588;119;1243686;4;4000;4;4000;0;0;0;0;58;66253;10;10120;72;1071694;175;2045140;0;3600000;0;3600000
12.03.2022 12:00;5;4980;5;4990;71;493085;353;1500677;150;1286912;108;1232361;5;4990;5;4990;0;0;0;0;42;47130;14;15830;84;1191551;162;2250075;0;3600000;0;3600000
12.03.2022 13:00;4;4000;4;4000;72;465926;346;1335500;171;1177145;121;1149255;4;4000;4;4000;0;0;0;0;52;61015;8;8020;81;1232097;185;2279915;0;3600000;0;3600000
12.03.2022 14:00;4;3990;4;4000;68;731758;389;1261593;173;1181576;140;1154530;4;3990;4;4000;0;0;0;0;44;47220;12;12930;80;1095565;183;2268191;0;3600000;0;3600000
12.03.2022 15:00;3;2990;4;4000;68;486160;358;1245283;135;1115817;106;1217124;4;3990;4;4000;0;0;0;0;43;45950;16;16390;71;1160578;191;2090287;13;2811774;19;3437209
12.03.2022 16:00;5;4990;4;3990;56;438071;354;1170951;111;916995;90;1048139;4;4000;4;4000;0;0;0;0;42;46030;15;16060;73;1025653;194;2140308;4;2926971;19;3451051
12.03.2022 17:00;4;3990;4;4000;75;642758;424;1424024;124;1284866;107;1160968;4;4000;4;3990;0;0;0;0;42;45280;15;15320;83;1263739;172;2530155;4;3493600;5;3562950
12.03.2022 18:00;4;4000;4;4000;62;385930;368;1554243;129;1162160;99;1028320;4;4000;4;4000;0;0;0;0;45;47910;13;13040;87;1105972;131;2601762;0;3600000;0;3600000
12.03.2022 19:00;4;4000;4;3990;41;264373;293;1152304;95;736492;63;725160;4;4000;4;4000;0;0;0;0;34;41220;7;7550;72;1162845;141;1923488;0;3600000;0;3600000
12.03.2022 20:00;4;4000;4;3990;34;374457;270;1113360;73;739654;64;745640;4;4000;4;4000;0;0;0;0;40;49620;8;8120;46;568107;157;1489238;26;1536499;82;2221341
12.03.2022 21:00;4;4000;4;4000;31;255245;195;841994;60;737840;55;818566;4;3990;4;3990;0;0;0;0;28;40129;2;2000;46;706255;131;1084230;31;1117609;94;1793720
12.03.2022 22:00;4;3990;4;4000;26;158290;194;769376;55;385580;36;319751;4;4000;4;3980;0;0;0;0;13;15130;4;4010;37;1485711;132;1090956;40;493552;116;1249988
12.03.2022 23:00;2;2000;2;2000;10;17560;122;615852;53;476249;39;605568;2;2000;2;1990;0;0;0;0;8;11080;6;6020;25;215720;110;625948;0;3600000;0;3600000
13.03.2022 00:00;2;2000;2;2000;8;8075;81;235610;19;168033;21;379550;2;1990;2;2000;0;0;0;0;4;4130;3;3150;13;257665;60;717711;0;3600000;0;3600000
13.03.2022 01:00;2;2000;2;2000;11;66050;57;165900;15;210910;9;160574;2;2000;2;1990;0;0;0;0;1;1380;1;1000;12;388693;42;305506;0;3600000;0;3600000
13.03.2022 02:00;2;2000;2;2000;9;13930;37;111287;9;105520;10;153810;2;2000;2;2000;0;0;0;0;2;2020;1;1010;8;132940;35;128584;0;3600000;0;3600000
13.03.2022 03:00;2;2000;2;2000;7;39390;31;67400;7;57480;7;157940;2;2000;2;2000;0;0;0;0;2;2010;1;1000;4;24930;27;131310;0;3600000;0;3600000
13.03.2022 04:00;2;2000;2;2000;8;34010;21;29420;6;111110;5;51690;2;1990;2;1990;0;0;0;0;0;0;0;0;8;101510;15;58530;3;2737236;5;2746176
13.03.2022 05:00;2;1990;2;2000;5;20246;25;14470;6;76180;5;56530;2;2000;2;1990;0;0;0;0;0;0;0;0;4;57880;23;84140;8;318557;22;374737
13.03.2022 06:00;2;1990;2;2000;6;36720;34;30065;5;100480;4;86580;2;2000;2;2000;0;0;0;0;3;3090;0;0;7;68450;28;73638;5;3410;24;75250
13.03.2022 07:00;2;2000;2;2000;11;110090;48;178070;14;139797;15;258025;2;2000;2;2000;0;0;0;0;1;1010;0;0;18;245875;37;122577;7;749615;21;855543
13.03.2022 08:00;2;2000;2;2000;10;102230;82;875071;37;362963;22;266390;2;2000;2;2000;0;0;0;0;5;6740;1;1000;20;346518;76;410340;5;1173395;37;1374655
13.03.2022 09:00;4;3990;4;4000;31;179590;174;617992;67;452598;60;616009;4;3990;4;4000;0;0;0;0;12;13420;7;7270;30;266369;132;991589;0;3600000;0;3600000
13.03.2022 10:00;4;4000;4;4000;37;218530;240;818975;84;564368;59;506560;4;3990;4;3990;0;0;0;0;16;16260;3;3010;42;511420;188;1379624;0;3600000;0;3600000
13.03.2022 11:00;4;4000;4;4000;44;245196;264;1110847;88;866665;70;554463;4;4000;4;4000;0;0;0;0;19;21130;12;12940;53;578048;174;1404222;1;3599240;1;3599270
13.03.2022 12:00;4;4000;4;4000;50;369268;329;1188625;111;949225;90;740549;4;4000;4;4000;0;0;0;0;15;15690;6;6330;49;650853;213;1757478;14;2180005;63;2877576
13.03.2022 13:00;4;3970;4;4000;51;312738;317;812537;133;943193;105;970604;4;4000;4;4000;0;0;0;0;24;25460;5;5229;56;652995;198;1652095;0;3600000;0;3600000
13.03.2022 14:00;4;3990;4;4000;45;351276;363;1363316;126;1066958;97;857356;4;3990;4;3990;0;0;0;0;29;34500;10;10920;56;631227;183;2019771;0;3600000;0;3600000
13.03.2022 15:00;4;4000;4;4000;35;235190;333;1328482;115;836570;92;741376;4;4000;4;3980;0;0;0;0;24;27960;13;14890;55;687950;202;1841871;18;672273;118;2095278
13.03.2022 16:00;4;4042;4;3990;48;328343;333;1029267;125;791859;108;1053584;4;4000;4;4000;0;0;0;0;29;32510;9;9490;50;661304;193;1626610;15;73380;151;1665320
13.03.2022 17:00;4;4000;4;4000;43;166090;382;1283025;137;1009899;104;846095;4;4000;4;4000;0;0;0;0;25;27180;9;9390;75;992626;196;2202386;11;440420;126;1928401
13.03.2022 18:00;4;3990;4;4000;52;395408;345;1097679;115;940397;100;1241766;4;4000;4;3980;0;0;0;0;18;20930;11;12150;55;744012;153;2228164;0;3600000;0;3600000
13.03.2022 19:00;4;4000;4;3990;40;277206;243;946032;95;794403;76;612429;4;3980;4;4000;0;0;0;0;19;21930;8;8040;62;527959;149;1627737;0;3600000;0;3600000
13.03.2022 20:00;4;4000;4;3990;31;132184;200;662511;58;542213;51;635832;4;3990;4;3990;0;0;0;0;14;14960;5;5130;42;512008;141;1121041;1;3325378;7;3355968
13.03.2022 21:00;4;4000;4;4000;37;158345;142;610262;41;383892;36;340809;4;3980;4;4000;0;0;0;0;8;8120;6;6170;32;456642;108;801502;13;115320;96;607706
13.03.2022 22:00;4;4000;4;4000;21;131408;86;289831;29;269950;25;304190;4;4000;4;4000;0;0;0;0;2;2220;2;2000;16;237220;77;327432;6;9230;69;472823
13.03.2022 23:00;2;2000;2;2000;13;35050;50;136990;11;238531;9;99390;2;2000;2;2000;0;0;0;0;3;3380;1;1000;9;167400;40;195930;9;1865251;21;1925828
14.03.2022 00:00;2;1990;3;3000;10;35840;23;43810;9;120960;5;127060;2;2000;3;3000;0;0;0;0;1;1000;0;0;5;79280;25;73994;0;3600000;0;3600000
14.03.2022 01:00;0;0;1;1000;0;0;8;29440;2;33250;3;80360;0;0;1;1000;0;0;1;3050;0;0;0;0;2;32760;5;20610;0;3600000;0;3600000
14.03.2022 02:00;0;0;0;0;0;0;16;6810;2;17510;0;0;0;0;0;0;0;0;0;0;0;0;0;0;1;17580;14;46600;2;2841664;2;2841764
14.03.2022 03:00;1;1000;0;0;3;43060;17;27320;4;52690;1;950;1;990;0;0;0;0;0;0;0;0;0;0;1;5920;15;52150;5;257291;15;293477
14.03.2022 04:00;3;2990;2;2000;10;119750;23;82510;6;168004;6;111640;3;3000;2;1990;0;0;0;0;0;0;0;0;9;256760;21;127830;18;1513135;19;1556045
14.03.2022 05:00;4;3990;5;4990;8;20430;158;467836;24;335906;23;263355;4;4000;5;5000;0;0;0;0;0;0;1;1000;16;196620;100;847910;15;2148650;12;2216940
14.03.2022 06:00;4;3990;4;3990;22;196130;399;857508;64;841897;45;904777;4;4000;4;3990;0;0;0;0;5;5030;4;4020;30;477796;104;2059634;0;3600000;0;3600000
14.03.2022 07:00;5;4990;3;2990;71;667323;567;1403530;166;1582141;149;1829378;5;5000;3;3000;0;0;0;0;37;47940;11;11600;70;1247906;151;3101396;17;2511651;14;3508879
14.03.2022 08:00;6;5990;6;6000;80;734297;587;1355297;155;2048310;119;1722080;6;5990;7;6990;0;0;0;0;36;39920;13;13050;60;827385;205;2995460;15;2194810;41;3262092
14.03.2022 09:00;3;3000;4;3990;58;675976;369;1431069;151;1447734;118;1532820;4;4000;3;2990;0;0;0;0;38;41360;8;8030;66;1109436;195;2377804;0;3600000;0;3600000
14.03.2022 10:00;5;5000;5;5000;66;442769;353;1512355;140;1135687;103;1113046;4;4000;5;4990;0;0;0;0;41;50650;19;19830;70;1098364;153;2258308;0;3600000;0;3600000
14.03.2022 11:00;4;4000;3;3000;79;508119;360;1540534;167;1393327;121;1146604;4;3990;3;3000;0;0;0;0;36;40390;12;13050;86;1281523;158;2442069;0;3600000;0;3600000
14.03.2022 12:00;3;2990;5;5000;86;646469;329;1423726;146;1217247;115;1169591;4;3990;6;6000;0;0;0;0;37;41239;14;14130;89;1155591;166;2188120;20;2370810;46;3124163
14.03.2022 13:00;6;5990;5;4990;90;671349;363;1588613;166;1522219;159;1577352;5;5000;5;4990;0;0;0;0;45;56210;19;20170;93;1571939;169;2445741;28;469357;117;2528236
14.03.2022 14:00;5;4990;5;5000;92;861647;405;1534806;174;1406360;137;1599872;5;4990;5;4980;0;0;0;0;37;44843;11;11000;89;1308973;199;2463714;18;398417;103;2608010
14.03.2022 15:00;4;4000;4;3990;82;655370;382;1433093;166;1595196;134;1641950;4;4000;4;4000;0;0;0;0;39;45470;31;34720;94;1509259;230;2216065;22;1119674;57;3109455
14.03.2022 16:00;3;2990;4;4000;109;938982;461;1486046;179;2082474;136;1712540;4;3990;3;3000;0;0;0;0;54;61130;13;13620;84;1621322;268;2509740;2;3183740;10;3550739
14.03.2022 17:00;5;4990;5;5000;100;846898;415;1392256;165;1833494;134;1404205;4;4000;5;5000;0;0;0;0;51;54570;19;20070;97;1548057;213;2607022;0;3600000;0;3600000
14.03.2022 18:00;4;4000;4;4000;96;611854;400;1351127;132;1607658;107;1314489;4;4000;4;4000;0;0;0;0;66;78660;16;17360;88;1476884;200;2305131;16;2696779;32;3284901
14.03.2022 19:00;5;5000;3;3000;87;647159;319;1053369;85;1121289;79;1212655;5;4990;3;3000;0;0;0;0;42;53310;11;11740;81;1138995;170;1541232;43;1945960;58;2987583
14.03.2022 20:00;4;4000;5;4990;37;292660;199;931336;78;539206;66;559140;4;3990;5;5000;0;0;0;0;19;20900;2;2010;58;658974;129;1268883;0;3600000;0;3600000
14.03.2022 21:00;4;4000;4;4000;25;88630;142;562785;57;477697;40;488609;4;4000;4;4000;0;0;0;0;13;13540;6;6010;37;493313;127;872022;33;1108558;76;1638051
14.03.2022 22:00;4;4000;4;4000;22;158433;108;522766;47;450970;30;346224;4;4000;4;3990;0;0;0;0;15;15160;0;0;39;371316;94;528898;0;3600000;0;3600000
14.03.2022 23:00;2;2000;2;2000;5;54860;74;255630;8;41570;11;236434;2;2000;2;2000;0;0;0;0;2;2000;0;0;15;207016;56;246250;9;470040;50;663294
15.03.2022 00:00;2;2000;3;3000;8;94270;28;52780;10;140580;4;61680;2;2000;3;3000;0;0;0;0;0;0;0;0;7;172223;29;100160;4;3990;17;83970
15.03.2022 01:00;0;0;1;1000;2;1300;12;7710;0;0;2;33950;0;0;1;1000;0;0;0;0;1;1040;0;0;3;23630;11;39010;3;268271;12;297871
15.03.2022 02:00;0;0;0;0;2;1870;19;9350;4;65236;2;26956;0;0;0;0;0;0;0;0;1;1010;0;0;4;44540;11;43964;3;1760;11;36260
15.03.2022 03:00;1;1000;0;0;3;42500;5;3350;5;105480;2;40550;1;1000;0;0;0;0;0;0;0;0;0;0;1;5190;6;18670;0;0;0;0
15.03.2022 04:00;3;2980;2;2000;8;119500;37;89030;6;102350;8;90980;3;3000;2;2000;0;0;0;0;0;0;0;0;9;152185;34;133318;4;2630903;12;2659523
15.03.2022 05:00;4;3990;5;4990;7;82970;148;268457;29;309120;30;441650;4;4000;5;5000;0;0;0;0;2;2020;1;1000;16;136900;96;715100;0;3600000;0;3600000
15.03.2022 06:00;4;4000;4;3990;24;259121;374;834192;50;625969;46;853839;4;4000;4;4000;0;0;0;0;5;5040;7;8040;26;379970;195;1688128;14;2226099;46;2552046
15.03.2022 07:00;5;4980;3;3000;67;698341;514;1512422;167;1745844;148;1681632;5;4990;3;3000;0;0;0;0;32;41579;8;8150;73;1308107;185;2803732;0;3600000;0;3600000
15.03.2022 08:00;6;6044;6;6000;97;831601;501;1198691;176;1684922;142;1806679;6;6000;6;5980;0;0;0;0;38;42350;12;12620;78;1250101;184;2895717;0;3600000;0;3600000
15.03.2022 09:00;4;4000;5;4990;55;396612;414;1394550;180;1229793;141;1509161;4;4000;5;5000;0;0;0;0;34;38810;18;18230;82;1060182;155;2606814;0;3600000;0;3600000
15.03.2022 10:00;4;3990;4;4000;71;502660;316;1226885;142;1205302;136;1438456;4;4000;4;3990;0;0;0;0;33;37970;15;15810;73;1112589;149;2236852;5;3297692;6;3512870
15.03.2022 11:00;3;2990;4;4000;87;693262;332;1388266;164;1171297;154;1306447;4;4000;4;4000;0;0;0;0;37;38450;12;12050;89;1307167;173;2476615;3;3338750;9;3421360
15.03.2022 12:00;5;5000;5;4990;82;651414;401;1733285;154;1317984;143;1249324;4;4000;5;5000;0;0;0;0;25;30270;14;14180;104;1308622;177;2588684;0;3600000;0;3600000
15.03.2022 13:00;5;5000;5;4990;77;418190;385;1821580;194;1659030;154;1526947;5;5000;5;4990;0;0;0;0;35;40760;15;15040;96;1232978;137;2684373;12;1602161;46;3108189
15.03.2022 14:00;5;4990;4;4000;85;788804;332;1527136;170;1071819;153;1459605;5;5000;4;3980;0;0;0;0;28;32620;12;12040;92;1452704;148;2533877;0;3600000;0;3600000
15.03.2022 15:00;4;4000;4;4000;88;671319;382;1784938;186;1880619;146;1540915;4;3990;4;4000;0;0;0;0;34;36610;14;14660;98;1512176;120;2821654;4;3250177;3;3570179
15.03.2022 16:00;4;4000;5;4990;98;883817;479;1493070;153;1948233;129;1804496;4;4000;5;4990;0;0;0;0;37;42000;15;15130;95;2009000;174;2693513;35;472092;53;3199894
15.03.2022 17:00;4;4000;4;4000;89;931149;407;1404462;158;1976494;126;1954265;4;3990;4;3990;0;0;0;0;38;39490;15;15550;99;1777821;172;2489831;30;380236;49;3134525
15.03.2022 18:00;4;4000;4;4000;74;643028;389;1327365;143;2040940;105;1526666;4;4000;4;3990;0;0;0;0;40;45500;14;14560;95;1582611;148;2474603;72;419345;68;2964781
15.03.2022 19:00;5;4990;4;3990;60;453218;294;1041742;104;1233976;83;1115720;5;4990;4;4000;0;0;0;0;44;49130;8;8050;78;969735;128;1950134;45;1842160;43;3021732
15.03.2022 20:00;4;4000;4;3980;33;88842;183;763575;90;862191;61;528671;4;4000;4;3990;0;0;0;0;22;25100;8;8010;64;735399;127;1108561;0;3600000;0;3600000
15.03.2022 21:00;4;4000;4;3990;19;58270;190;739312;54;554801;49;485896;4;3980;4;4000;0;0;0;0;7;7150;4;4010;41;441555;124;1137940;0;3600000;0;3600000
15.03.2022 22:00;4;4000;4;4000;20;171334;116;622675;28;196180;28;383350;4;4000;4;3990;0;0;0;0;9;10470;4;4010;35;419817;100;696034;0;3600000;0;3600000
15.03.2022 23:00;2;2000;2;2000;8;8480;69;221840;30;383040;26;348055;2;2000;2;2000;0;0;0;0;5;5270;2;2010;16;244565;54;292719;0;3600000;0;3600000
16.03.2022 00:00;2;1980;3;3000;10;13360;35;63890;4;37630;7;117390;2;2000;3;3000;0;0;0;0;0;0;1;1550;6;87990;35;159230;0;3600000;0;3600000
16.03.2022 01:00;0;0;1;1000;3;71460;14;7720;4;21580;5;106873;0;0;1;1000;0;0;0;0;0;0;0;0;5;69660;11;41906;0;3600000;0;3600000
16.03.2022 02:00;0;0;0;0;1;650;12;5300;3;75010;2;57700;0;0;0;0;0;0;0;0;1;1010;0;0;3;93170;11;40510;7;2531850;9;2544600
16.03.2022 03:00;1;1000;0;0;1;410;11;38560;5;96230;1;1140;1;1000;0;0;0;0;0;0;0;0;0;0;2;22601;12;53830;0;3600000;0;3600000
16.03.2022 04:00;3;3000;2;2000;8;66720;28;54990;4;66760;5;90450;3;3000;2;2000;0;0;0;0;0;0;0;0;8;55593;24;108180;0;3600000;0;3600000
16.03.2022 05:00;4;4000;4;3990;13;164310;144;371870;26;317830;21;310770;4;4000;4;3990;0;0;0;0;3;3010;1;1000;17;179879;92;765055;0;3600000;0;3600000
16.03.2022 06:00;4;3990;5;5000;20;165653;371;867322;50;677712;46;937263;4;4000;5;5000;0;0;0;0;5;6020;4;4010;28;432313;157;1866597;2;3283841;7;3475961
16.03.2022 07:00;5;4990;5;5000;72;810993;525;1409993;174;1772990;161;2007094;5;5000;5;5000;0;0;0;0;26;29204;17;18240;79;1319157;230;2890885;40;138270;99;2381679
16.03.2022 08:00;5;4990;4;4000;70;561702;531;1457159;161;1775945;139;1692690;5;4980;4;4000;0;0;0;0;26;29920;14;14850;61;1083088;231;2799405;42;465706;84;2575678
16.03.2022 09:00;4;4000;4;3990;66;806397;414;1296225;165;1416233;142;1485891;4;4000;4;3980;0;0;0;0;32;37100;14;14090;65;1208599;200;2397824;58;1017068;126;2448237
16.03.2022 10:00;4;4000;3;3000;83;759733;372;1209899;141;1270756;111;1246113;4;4000;4;3990;0;0;0;0;29;36240;14;14330;84;1383961;203;2140527;69;2138645;163;1312747
16.03.2022 11:00;4;4000;4;3990;72;761104;374;1393942;164;1413362;123;1313587;4;3990;4;3990;0;0;0;0;46;52599;13;13020;78;1130023;198;2191230;45;3168060;44;3183196
16.03.2022 12:00;3;3000;5;4990;74;520144;366;1621433;178;1285206;140;1228582;4;4000;4;4000;0;0;0;0;41;43280;14;14150;81;1006255;147;2346819;0;3600000;0;3600000
16.03.2022 13:00;4;3990;4;4054;72;555889;397;1469487;147;1426834;123;1334162;3;3000;4;3990;0;0;1;1250;50;60400;11;11050;91;1415464;175;2442665;101;2272409;101;1899052
16.03.2022 14:00;4;3990;4;4000;69;508411;374;1252935;158;1356652;120;1537333;5;4990;4;4000;0;0;0;0;43;61800;13;14110;88;1538189;202;2178094;38;2708798;76;2948086
16.03.2022 15:00;5;4990;4;3990;87;579724;401;1601454;176;1673433;139;1425331;4;3980;4;4000;0;0;0;0;49;71310;24;27660;98;1461702;181;2418605;0;3600000;0;3600000
16.03.2022 16:00;3;2990;3;3000;98;833260;512;1475297;194;1822875;144;1580695;3;3000;4;3990;0;0;0;0;48;56210;12;13430;91;1779124;191;2700552;0;3600000;0;3600000
16.03.2022 17:00;4;4000;5;5000;88;481237;479;1616416;160;1731195;125;1462798;5;4990;4;4000;0;0;0;0;52;58366;21;22530;93;1539386;199;2705501;35;3110433;44;2959247
16.03.2022 18:00;4;3990;4;4000;75;512961;446;1467842;152;1505771;118;1524484;3;3000;4;4000;0;0;0;0;47;54750;17;17500;96;1090970;178;2416009;151;1943351;156;1405976
16.03.2022 19:00;5;4990;4;4000;69;670593;352;882432;94;1294716;84;1274272;5;5000;4;3990;0;0;0;0;40;46500;15;15150;76;1249330;175;1552587;128;1404325;107;967097
16.03.2022 20:00;4;3980;4;4000;37;222830;221;1132135;83;731062;56;519720;4;4000;4;3990;0;0;0;0;26;28470;4;4020;53;875595;151;1472814;83;1145162;89;1134806
16.03.2022 21:00;4;4000;4;3990;30;211300;205;609589;60;532764;35;393048;4;4000;4;4000;0;0;0;0;19;22170;5;5020;39;433393;130;928732;27;2728030;23;2749280
16.03.2022 22:00;4;4000;4;4000;24;86430;159;854064;39;469055;33;339630;4;4000;4;4000;0;0;0;0;15;16120;5;5020;35;371785;109;850435;0;3600000;0;3600000
16.03.2022 23:00;2;1990;2;2000;21;156004;89;345046;26;171061;15;187290;2;2000;2;2000;0;0;0;0;9;9230;1;1010;17;138430;73;376323;0;3600000;0;3600000
17.03.2022 00:00;2;2000;3;3000;9;60720;33;29180;8;68880;7;156000;2;2000;3;3000;0;0;0;0;0;0;0;0;12;141881;29;82050;0;3600000;0;3600000
17.03.2022 01:00;0;0;1;1000;3;63610;24;23220;5;28421;5;80386;0;0;1;990;0;0;0;0;1;1010;1;1590;7;48520;14;46040;2;2714056;3;2718596
17.03.2022 02:00;0;0;0;0;1;160;10;5600;4;48920;4;69090;0;0;0;0;0;0;0;0;0;0;0;0;0;0;5;18830;7;543044;8;551684
17.03.2022 03:00;1;990;0;0;3;5120;10;5120;3;24750;3;70174;1;1000;0;0;0;0;0;0;1;1010;0;0;2;40430;13;37510;6;2208822;6;2208822
17.03.2022 04:00;3;3000;2;1990;10;35030;33;87090;6;58186;5;96457;3;2990;2;2000;0;0;0;0;0;0;0;0;9;136156;27;129490;0;3600000;0;3600000
17.03.2022 05:00;4;3990;4;4000;13;181450;150;313425;29;341757;20;270360;4;4000;4;4000;0;0;0;0;0;0;1;1000;14;148581;101;705150;0;3600000;0;3600000
17.03.2022 06:00;4;4000;5;4980;18;167140;368;673386;64;698387;52;895482;4;4000;5;5000;0;0;0;0;9;11610;6;6780;19;332322;170;1673961;0;3600000;0;3600000
17.03.2022 07:00;5;4990;5;4990;60;538130;566;1497498;158;1434119;144;1976567;5;5000;5;5000;0;0;0;0;23;23940;31;32050;81;1253993;214;2913737;30;3077418;32;2853187
17.03.2022 08:00;4;3990;3;2990;80;878093;535;1501449;176;1775814;131;1652150;5;5000;4;3990;0;0;0;0;40;45448;8;8740;79;1392595;212;2808432;107;1772268;111;1471483
17.03.2022 09:00;4;3990;4;3980;66;506621;436;1257241;142;1502399;139;1613988;4;3990;4;3990;0;0;0;0;35;36610;14;15270;61;1153182;183;2399143;101;1622216;102;1234564
17.03.2022 10:00;6;6000;4;4000;73;476981;349;1383140;161;1278671;139;1475549;5;5000;3;3000;0;0;0;0;24;26269;14;14080;71;1025004;139;2284319;0;3600000;0;3600000
17.03.2022 11:00;3;3000;6;6000;75;616403;375;1452800;171;1401898;137;1211488;4;4000;6;6055;0;0;0;0;36;43270;11;11350;76;1140048;160;2354714;22;3137462;26;3106306
17.03.2022 12:00;4;4000;3;3000;72;552161;377;1409001;157;1003444;130;1359491;4;4000;3;3000;0;0;0;0;39;40620;16;16870;98;1262799;151;2285209;0;3600000;0;3600000
17.03.2022 13:00;4;3990;4;4000;85;492758;387;1605503;185;1330688;150;1388015;3;3000;4;3980;0;0;0;0;36;41970;24;24560;90;1126488;146;2463864;0;3600000;0;3600000
17.03.2022 14:00;5;5000;4;4000;86;705284;392;1473012;177;1395184;139;1119257;5;5000;5;5000;0;0;0;0;39;42428;8;8020;98;1111889;142;2573925;55;2955502;76;2620157
17.03.2022 15:00;3;3000;4;4000;104;603500;480;1650258;167;1718272;132;1718441;4;4000;4;4000;0;0;0;0;43;45440;26;27240;79;1341613;198;2611872;125;2276128;130;1690511
17.03.2022 16:00;5;5000;4;4000;93;489376;497;1639208;171;1965144;125;1526305;4;4000;4;3980;0;0;0;0;37;42120;16;16560;95;1533039;213;2756584;0;3600000;0;3600000
17.03.2022 17:00;3;2990;4;4000;99;820762;453;1377745;163;1814138;133;1622690;3;3000;4;4000;0;0;0;0;36;37900;22;22290;96;1260995;214;2412373;0;3600000;0;3600000
17.03.2022 18:00;4;3990;4;4000;111;901987;381;1661897;162;1396809;123;1465700;4;4000;4;3990;0;0;0;0;44;50040;30;31450;95;1368920;138;2480139;0;3600000;0;3600000
17.03.2022 19:00;5;5045;4;3990;63;742091;327;991580;109;1458654;97;1431983;5;5000;4;4000;0;0;0;0;38;41950;26;27490;87;1303115;160;1459882;70;2208648;63;2142868
17.03.2022 20:00;4;4000;5;4990;42;374309;211;873553;83;613643;70;644564;4;4000;4;4000;0;0;0;0;25;29520;6;6020;55;747599;138;1183896;90;1115867;81;889999
17.03.2022 21:00;4;4000;4;4000;42;212673;166;825812;55;531599;37;417429;4;4000;4;4000;0;0;0;0;9;9940;6;6020;45;519182;123;955751;83;619546;70;484926
17.03.2022 22:00;4;4000;4;4000;23;110250;164;848329;69;665412;45;559014;4;4000;4;3990;0;0;0;0;14;15730;2;2000;29;431126;123;773678;62;1547714;45;1442168
17.03.2022 23:00;2;2000;2;2000;11;15570;92;419012;21;329791;17;309820;2;1980;2;1990;0;0;0;0;5;5830;3;3200;27;396186;76;478912;40;1619760;33;1545550
18.03.2022 00:00;2;2000;3;3000;15;70020;35;250610;14;98557;10;200730;2;2000;3;2990;0;0;0;0;2;2200;3;2990;11;123041;31;137240;13;2173822;14;2179142
18.03.2022 01:00;0;0;1;1000;4;82894;25;19110;2;18912;4;111020;0;0;1;1000;0;0;1;600;0;0;0;0;8;111835;17;64310;12;379628;7;379158
18.03.2022 02:00;0;0;0;0;1;1620;14;7540;6;62750;6;174222;0;0;0;0;0;0;0;0;0;0;0;0;2;36783;6;19960;1;1670;9;27180
18.03.2022 03:00;1;1000;0;0;5;53834;16;24960;4;46760;2;17940;1;1000;0;0;0;0;0;0;0;0;0;0;1;5490;16;62000;4;8280;1;2800
18.03.2022 04:00;3;3000;2;2000;9;63130;31;58100;5;15420;7;94470;3;2990;2;2000;0;0;0;0;0;0;0;0;8;108620;29;100200;12;37210;17;42600
18.03.2022 05:00;4;3990;4;4000;11;57482;148;416934;27;369910;18;340380;4;3990;4;4000;0;0;0;0;0;0;1;1010;16;182054;89;702065;2;3280570;2;3280970
18.03.2022 06:00;4;4000;5;5000;22;185473;357;960945;50;715785;40;970435;4;4000;5;5000;0;0;0;0;4;4020;2;2000;25;390540;176;1651375;0;3600000;0;3600000
18.03.2022 07:00;5;5000;5;4990;54;622392;482;1471912;149;1447258;127;1731282;5;5000;5;4990;0;0;0;0;28;30270;21;21290;67;1280105;201;2677202;0;3600000;0;3600000
18.03.2022 08:00;5;4990;3;3000;48;525160;496;1344920;170;1752128;135;1754804;5;4990;4;4000;0;0;0;0;36;41350;11;11030;58;657304;212;2456109;27;3168440;17;3024942
18.03.2022 09:00;5;4990;5;4990;74;622785;422;1186773;163;1518157;145;1663621;5;5000;4;4000;0;0;0;0;41;44180;12;12250;59;1039681;198;2318039;54;2510641;73;2030411
18.03.2022 10:00;4;3990;4;3990;60;418853;401;1411547;175;1075812;146;1263150;4;3990;4;4000;0;0;0;0;39;45375;17;17363;75;1159479;161;2524745;125;1411808;124;1018957
18.03.2022 11:00;3;3000;5;4990;64;621346;371;1249189;145;1280724;128;1282209;3;3000;5;5000;0;0;0;0;41;50440;17;18283;83;1121501;178;2115088;28;3229644;26;3141940
18.03.2022 12:00;4;3980;4;3760;98;653548;436;1521962;186;1508356;142;1441815;4;4000;4;3990;0;0;0;0;41;49820;19;19334;102;1458240;197;2421978;3;3557339;15;3428659
18.03.2022 13:00;4;4000;3;3240;89;703844;455;1483770;183;2102083;148;1859493;4;3990;4;3990;0;0;0;0;49;54033;20;20640;103;1447334;238;2574367;87;2607660;100;1889140
18.03.2022 14:00;4;3990;4;4000;101;855977;541;1410472;170;1511132;137;1778566;5;5000;4;3980;0;0;0;0;58;80060;14;14990;94;1393246;270;2556318;0;3600000;0;3600000
18.03.2022 15:00;5;5000;5;5000;94;578611;483;1513880;181;1640905;144;1856273;4;4000;4;3990;0;0;0;0;42;70758;24;24650;95;982305;263;2274679;0;3600000;0;3600000
18.03.2022 16:00;4;4000;3;2990;100;762609;489;1536042;155;1449366;127;1821262;4;3980;4;3990;0;0;0;0;56;73696;18;18730;94;1630902;258;2144333;117;2173313;82;1870877
18.03.2022 17:00;4;3990;5;4990;92;852634;448;1453209;166;1679356;127;1541285;4;3990;4;4000;0;0;0;0;43;45750;12;12250;89;1404832;265;2337069;139;2031556;148;1495942
18.03.2022 18:00;4;4000;4;4000;91;956565;481;1407357;177;1743874;139;1744366;4;4000;4;3990;0;0;0;0;55;66960;25;25060;78;1734117;250;2320268;121;1948129;117;1729358
18.03.2022 19:00;3;3000;4;4000;75;874979;408;1069140;127;1124940;109;1463245;3;3000;4;4000;0;0;0;0;38;47210;10;10210;87;1335013;171;1985545;106;2005925;92;1604348
18.03.2022 20:00;5;4990;4;4000;55;233601;257;894726;100;910514;67;702345;5;5000;4;4000;0;0;0;0;25;28750;8;9050;54;725852;142;1530490;31;3233296;30;3253092
18.03.2022 21:00;4;4000;4;4000;41;322434;210;725858;57;472119;50;442292;4;4000;4;4000;0;0;0;0;28;30098;4;4020;47;529820;139;1152657;0;3600000;0;3600000
18.03.2022 22:00;4;3990;4;4000;36;222920;203;680794;45;312411;38;308107;4;4000;4;3990;0;0;0;0;20;23000;6;6010;51;475682;131;1140996;0;3600000;0;3600000
18.03.2022 23:00;2;2000;2;2000;10;25760;161;552152;40;523990;31;374281;2;1990;2;1990;0;0;0;0;9;12220;3;3010;27;207661;115;694540;0;3600000;0;3600000
19.03.2022 00:00;2;2000;2;2000;13;44530;88;151186;13;196185;14;177710;2;1990;2;2000;0;0;0;0;1;1000;4;4980;15;171814;76;304927;0;3600000;0;3600000
19.03.2022 01:00;2;2000;2;2000;15;96070;45;140240;11;194440;10;106820;2;2000;2;2000;0;0;1;1440;1;1110;4;4000;9;90720;35;129620;0;3600000;0;3600000
19.03.2022 02:00;2;2000;2;2000;10;75900;23;12040;9;81700;7;66920;2;2000;2;2000;0;0;0;0;0;0;0;0;6;77440;19;69030;0;3600000;0;3600000
19.03.2022 03:00;2;2000;2;2000;6;6810;26;54495;7;102730;4;64560;2;2000;2;2000;0;0;0;0;0;0;0;0;10;113731;25;118080;6;2760053;4;2753493
19.03.2022 04:00;2;2000;2;1990;7;30770;28;82310;9;153930;11;211270;2;1990;2;1990;0;0;0;0;2;2410;0;0;7;74000;20;104600;0;3600000;0;3600000
19.03.2022 05:00;4;3990;4;4000;6;35570;52;73817;16;75280;11;96740;4;3990;4;4000;0;0;0;0;0;0;0;0;13;98750;42;160682;0;3600000;0;3600000
19.03.2022 06:00;4;3990;4;4000;12;96675;82;157180;10;160390;10;231401;4;3990;4;4000;0;0;0;0;0;0;0;0;10;185149;73;308035;21;2110852;13;2056592
19.03.2022 07:00;5;4990;5;4990;13;218710;116;335309;39;623578;24;333230;5;5000;5;5000;0;0;0;0;2;2290;0;0;21;394715;96;488013;27;2044981;24;1723630
19.03.2022 08:00;4;4000;4;3990;22;163681;174;602421;69;680104;61;878759;4;4000;4;4000;0;0;0;0;20;20290;2;2010;20;369519;123;973409;47;2425893;50;2391143
19.03.2022 09:00;5;4990;5;5000;33;349630;338;1100115;133;999422;104;1022444;5;4990;5;5000;0;0;0;0;33;36554;10;10070;45;662770;181;1858624;99;1316692;103;884996
19.03.2022 10:00;4;4000;4;4000;41;290259;367;1079893;135;1057737;123;1432842;4;3990;4;4000;0;0;0;0;42;44730;9;10400;73;919814;168;2020139;75;2066399;86;1903784
19.03.2022 11:00;4;3990;4;4000;81;445560;367;1473723;144;996066;119;1108272;4;3990;4;3990;0;0;0;0;47;51910;20;21035;76;1258657;186;2076193;94;1825808;96;1305428
19.03.2022 12:00;4;3990;4;4000;74;519828;401;1375032;147;1260321;134;1380697;4;4000;4;4000;0;0;0;0;51;59780;10;10904;69;939359;181;2183592;90;2486391;90;1948502
19.03.2022 13:00;4;3990;4;4000;58;514401;395;1171206;169;1261736;124;1222157;4;3990;4;4000;0;0;0;0;59;67505;13;14070;74;1385834;198;1963558;50;3011834;52;2713902
19.03.2022 14:00;2;2000;4;4056;66;513462;415;1253934;162;1332609;125;1497679;2;2000;4;4000;0;0;0;0;56;72999;11;11030;70;905721;184;2185422;0;3600000;0;3600000
19.03.2022 15:00;5;4990;3;2990;84;760451;378;1470389;111;999996;105;1216870;5;5000;3;3000;0;0;0;0;44;52241;10;10460;97;1333382;174;2259442;1;3575016;1;3599591
19.03.2022 16:00;4;4000;4;4000;87;799944;375;1419209;128;910563;112;1016501;4;3990;4;4000;0;0;0;0;51;59760;11;12120;73;1314120;179;2244512;112;1687666;106;1464202
19.03.2022 17:00;4;3990;4;4000;72;569096;409;1355231;112;1140744;101;1030049;4;3990;4;3990;0;0;0;0;48;60760;14;14480;75;1126043;186;2248244;0;3600000;0;3600000
19.03.2022 18:00;4;4000;4;3980;50;362105;380;1283937;117;1115033;98;1154908;4;3990;4;4000;0;0;0;0;34;39510;16;16390;69;1042282;158;2373392;0;3600000;0;3600000
19.03.2022 19:00;4;4000;4;3990;43;389924;329;1082883;106;865904;92;1041074;4;4000;4;3990;0;0;0;0;28;33785;11;11130;49;869614;154;1892494;0;3600000;0;3600000
19.03.2022 20:00;4;3980;4;4000;28;192973;262;1089810;76;658369;57;488943;4;4000;4;4000;0;0;0;0;26;38450;4;4010;50;604383;152;1434915;0;3600000;0;3600000
19.03.2022 21:00;4;4000;4;4000;28;307718;193;979139;60;474450;50;472360;4;4000;4;3990;0;0;0;0;19;21610;7;8260;44;616740;140;1077805;0;3600000;0;3600000
19.03.2022 22:00;4;4000;4;4000;26;207194;224;721121;50;348777;39;483483;4;4069;4;4000;0;0;0;0;19;23370;6;8520;40;561208;131;1266743;0;3600000;0;3600000
19.03.2022 23:00;2;1990;2;1990;21;181090;151;559300;33;371752;25;263080;2;1990;2;2000;0;0;0;0;13;15070;4;4620;18;197912;121;802953;0;3600000;0;3600000
20.03.2022 00:00;2;2000;2;1990;6;53900;78;241820;20;158457;20;205970;2;1990;2;2000;0;0;0;0;8;8380;3;3310;9;113470;56;237160;0;3600000;0;3600000
20.03.2022 01:00;2;2000;2;2000;11;57925;69;155705;18;256295;11;172810;2;2000;2;1990;0;0;0;0;3;3570;1;1000;9;53860;49;362600;0;3600000;0;3600000
20.03.2022 02:00;2;2000;2;2000;11;33800;51;134900;15;196442;14;194626;2;2000;2;2000;0;0;0;0;0;0;0;0;8;30220;34;165650;0;3600000;0;3600000
20.03.2022 03:00;2;1990;2;2000;12;96320;34;128630;16;194855;13;261970;2;2000;2;2000;0;0;0;0;2;2090;0;0;10;79950;28;136670;2;2893029;2;2894869
20.03.2022 04:00;2;2000;2;2000;7;69230;19;84600;6;74140;7;110820;2;2000;2;1990;0;0;0;0;1;1010;0;0;10;98290;15;55460;14;28720;15;39440
20.03.2022 05:00;2;2000;2;1990;5;5020;31;109780;10;208214;11;246954;2;1990;2;2000;0;0;0;0;0;0;0;0;7;123980;30;103740;17;191467;16;191844
20.03.2022 06:00;2;2000;2;2000;2;18280;34;106190;9;159894;9;204016;2;2000;2;2000;0;0;0;0;1;1120;1;1000;8;176910;30;83020;19;56630;7;14850
20.03.2022 07:00;2;2000;2;2000;5;5314;40;108750;10;85240;10;133625;2;2000;2;2000;0;0;0;0;0;0;0;0;13;203714;38;93540;15;1402510;8;1386720
20.03.2022 08:00;2;2000;2;2000;9;42730;78;237674;39;328230;26;377944;2;1990;2;2000;0;0;0;0;5;5380;5;5010;6;97120;70;258326;0;3600000;0;3600000
20.03.2022 09:00;4;4000;4;4000;17;115697;182;543085;51;512928;50;525290;4;3990;4;4000;0;0;0;0;18;19010;5;4580;27;400100;114;958792;64;949224;53;822407
20.03.2022 10:00;4;3980;4;4000;30;222710;237;863033;74;645398;69;569435;4;4000;4;4000;0;0;0;0;18;22080;5;6060;38;519672;160;1228839;26;2704624;29;2571150
20.03.2022 11:00;4;4000;4;3990;35;185500;262;1128545;103;1023755;85;716787;4;3970;4;3990;0;0;0;0;23;26880;5;5010;43;597950;164;1239486;0;3600000;0;3600000
20.03.2022 12:00;4;3980;4;4000;39;170940;293;934555;104;987619;60;541167;4;3990;4;4000;0;0;0;0;9;10470;4;4010;42;565899;180;1405654;14;3267114;20;3230534
20.03.2022 13:00;4;4000;4;4000;45;519271;361;1127739;113;888810;99;986380;4;4000;4;4000;0;0;0;0;18;20400;9;9386;45;660309;186;1727735;107;1137897;100;942464
20.03.2022 14:00;4;3990;4;3990;53;251780;324;1290998;114;964107;83;743240;4;3990;4;4000;0;0;0;0;28;36170;18;18300;58;733422;183;1886976;0;3600000;0;3600000
20.03.2022 15:00;4;3990;4;4000;38;346516;330;1272017;116;794183;102;973236;4;3990;4;3980;0;0;0;0;29;30160;8;8020;45;580171;196;1755394;25;3056767;28;3011067
20.03.2022 16:00;4;3990;4;3990;38;374542;319;1012011;100;835640;65;486570;4;4000;4;4000;0;0;0;0;30;32729;10;10030;55;794212;180;1650755;99;1436401;90;1058355
20.03.2022 17:00;4;4000;4;4000;37;273477;384;1090315;118;839000;101;1038076;4;4000;4;4000;0;0;0;0;36;39970;9;9270;67;965406;188;1929110;125;1209844;118;748181
20.03.2022 18:00;4;4000;4;4000;42;274446;315;1210920;115;911146;94;905296;4;4000;4;4000;0;0;0;0;19;22090;15;15820;56;755317;154;1933673;110;1506531;101;854825
20.03.2022 19:00;4;4000;4;4000;37;255880;275;1130534;74;626540;68;680769;4;4000;4;4000;0;0;0;0;14;16070;11;11540;64;752140;152;1430629;136;791690;97;535137
20.03.2022 20:00;4;3990;4;4000;35;151563;216;738170;69;591878;62;563154;4;4000;4;4000;0;0;0;0;9;10330;2;2010;45;523181;137;1227501;96;545949;100;449309
20.03.2022 21:00;4;4000;4;3990;23;124564;153;671533;35;294607;36;428450;4;3980;4;4000;0;0;0;0;13;14290;5;5460;28;724478;116;840005;82;960241;57;721186
20.03.2022 22:00;4;4000;4;4000;23;105360;94;407120;21;162580;33;395135;4;4000;4;3990;0;0;0;0;3;4830;4;4010;28;343362;70;318348;64;189716;41;163486
20.03.2022 23:00;2;2000;2;2000;16;32540;49;125720;12;82890;12;172790;2;2000;2;2000;0;0;0;0;0;0;0;0;9;124540;45;169940;25;854705;18;845445
21.03.2022 00:00;2;2000;3;2980;8;34780;22;24560;8;66857;7;92046;2;1990;3;3000;0;0;0;0;1;1010;1;990;5;55573;19;87850;13;895371;19;923701
21.03.2022 01:00;0;0;1;990;2;34760;18;8990;3;51540;5;134860;0;0;1;1000;0;0;0;0;0;0;0;0;5;80945;14;76920;9;826080;11;833560
21.03.2022 02:00;0;0;0;0;1;30100;4;2110;3;37143;2;51593;0;0;0;0;0;0;0;0;1;1000;0;0;1;17980;4;16030;5;247559;7;255659
21.03.2022 03:00;1;1000;0;0;4;49870;14;8230;4;76870;3;62180;1;1000;0;0;0;0;0;0;0;0;0;0;5;35380;12;41455;8;1352310;11;1360330
21.03.2022 04:00;3;3000;2;2000;6;33810;22;54184;7;80572;11;161266;3;3000;2;2000;0;0;0;0;0;0;0;0;10;72610;28;92930;0;3600000;0;3600000
21.03.2022 05:00;4;4000;4;4069;12;55660;156;470586;25;212799;28;368073;4;4000;4;3980;0;0;0;0;3;3160;0;0;13;138590;94;786786;0;3600000;0;3600000
21.03.2022 06:00;4;3990;5;5000;22;257254;385;851563;71;932436;55;863434;4;4000;5;4980;0;0;0;0;7;7380;9;9010;31;558396;180;1875400;66;1629687;55;1290634
21.03.2022 07:00;5;4980;5;4980;70;762794;592;1392141;154;1653393;151;1966776;5;5000;5;5000;0;0;0;0;26;29110;16;16430;83;1433015;194;2934028;96;1700145;99;1103446
21.03.2022 08:00;5;5000;3;3000;64;689671;539;1475838;163;1481784;124;1566727;5;4990;3;2990;0;0;0;0;34;41890;12;12180;60;1280205;227;2827148;110;1750697;118;1225831
21.03.2022 09:00;4;3980;4;4000;66;561589;425;1127379;133;1521331;112;1710733;4;3990;4;3990;0;0;0;0;42;46030;17;17440;81;1287037;220;2271415;73;1905585;80;1829462
21.03.2022 10:00;4;4000;4;4000;66;687360;378;1466804;127;1015888;136;1145525;4;4000;4;4000;0;0;0;0;38;41630;22;23570;95;1290421;166;2489057;0;3600000;0;3600000
21.03.2022 11:00;4;4000;4;4000;66;411342;363;1387662;163;1454507;138;1508726;4;4000;5;5000;0;0;0;0;41;45510;12;12289;76;1060256;182;2381295;69;2160643;74;1964547
21.03.2022 12:00;3;3000;5;5000;62;552524;387;1432580;144;1240038;111;1126193;3;3000;4;4000;0;0;0;0;37;50020;19;19160;65;970553;178;2325175;0;3600000;0;3600000
21.03.2022 13:00;4;4000;4;4000;77;542982;350;1270958;147;1430257;116;1311303;5;4990;4;4000;0;0;0;0;62;77580;15;15400;89;1454762;167;2389248;14;3456321;18;3470107
21.03.2022 14:00;5;4990;4;3990;80;560137;375;1413477;166;1284240;133;1236721;4;3990;4;4000;0;0;0;0;48;75140;17;17040;85;1493143;173;2113211;100;2858262;99;2158310
21.03.2022 15:00;4;3990;4;3980;83;632120;451;1506866;155;1467687;127;1303843;4;3990;4;4000;0;0;0;0;54;60270;18;20290;93;1131462;208;2468022;0;3600000;0;3600000
21.03.2022 16:00;4;3990;3;3000;88;636408;472;1392424;167;1624658;149;1491791;4;4000;4;3980;0;0;0;0;49;57320;19;20300;90;1348974;231;2516991;0;3600000;0;3600000
21.03.2022 17:00;4;3980;4;4000;96;967414;470;1549102;155;1607996;137;1691259;4;4000;3;3000;0;0;0;0;46;52220;19;20140;101;1829521;242;2429376;0;3600000;0;3600000
21.03.2022 18:00;4;4000;4;4000;104;493266;408;1560946;136;1568855;94;1222637;4;4000;5;4990;0;0;0;0;47;52289;20;20720;83;1286878;185;2330825;0;3600000;0;3600000
21.03.2022 19:00;4;3990;5;4990;77;635239;336;1071330;104;1079395;90;1025011;4;4000;4;4000;0;0;0;0;38;41660;8;8430;81;1368251;155;1569929;40;2878549;30;2678734
21.03.2022 20:00;4;3980;4;4000;46;309399;203;851929;65;408950;58;625850;4;4000;4;4000;0;0;0;0;9;9830;8;8330;47;490863;135;1074610;24;2912794;26;2933740
21.03.2022 21:00;4;3990;4;3990;33;128870;151;460878;66;548353;64;588003;4;4000;4;3990;0;0;0;0;16;16150;3;3010;45;492870;109;789112;0;3600000;0;3600000
21.03.2022 22:00;4;3990;4;4000;30;186040;123;452734;40;401368;31;302950;4;4000;4;3990;0;0;0;0;9;9600;5;5000;28;343970;104;592369;2;3545162;1;3542122
21.03.2022 23:00;2;2000;2;2000;11;121560;76;215640;32;256440;24;486440;2;2000;2;2000;0;0;0;0;7;7540;1;1010;18;469837;61;248955;33;1918025;28;1910065
22.03.2022 00:00;2;2000;3;3000;9;46490;30;25030;6;58840;10;202460;2;2000;3;3000;0;0;0;0;0;0;0;0;8;59070;24;95630;0;3600000;0;3600000
22.03.2022 01:00;0;0;1;1000;0;0;4;2190;6;123400;2;20660;0;0;1;1000;0;0;0;0;0;0;1;1000;4;44350;4;15490;0;3600000;0;3600000
22.03.2022 02:00;0;0;0;0;3;77930;13;9500;5;44570;3;2270;0;0;0;0;0;0;0;0;1;1010;1;1010;4;92960;9;30406;3;1745305;5;1756505
22.03.2022 03:00;1;1000;0;0;2;1870;11;37880;3;22390;2;37290;1;990;0;0;0;0;0;0;0;0;0;0;4;35140;11;47170;6;14180;3;4160
22.03.2022 04:00;3;2990;2;2000;8;69500;24;67140;2;31440;2;47470;3;3000;2;2000;0;0;0;0;0;0;0;0;6;60170;24;93400;13;910378;11;908818
22.03.2022 05:00;4;3990;4;4000;11;200550;152;463214;27;406145;23;400142;4;4000;4;4000;0;0;0;0;0;0;1;1010;15;221516;107;786165;0;3600000;0;3600000
22.03.2022 06:00;4;4000;5;5000;29;360760;392;857622;52;674529;54;938100;4;4000;5;5000;0;0;0;0;11;11960;4;4010;23;762565;205;1824504;0;3600000;0;3600000
22.03.2022 07:00;4;3990;4;4055;82;912742;553;1513197;170;1511511;159;1792726;5;4990;5;4990;0;0;0;0;25;27780;13;14180;72;1176641;199;3010151;44;2947036;68;2272421
22.03.2022 08:00;6;5980;4;3990;78;719926;503;1389600;173;1704230;148;1773377;5;4990;4;4000;0;0;0;0;38;44690;12;12050;83;1441926;196;2672229;81;2219863;120;1714542
22.03.2022 09:00;3;3000;4;4000;79;893950;420;1143292;191;1328718;148;1697725;4;4000;3;3000;0;0;0;0;30;33410;8;8160;70;1095897;232;2327473;109;1948385;99;1242540
22.03.2022 10:00;5;5000;4;3990;61;571698;371;1485619;137;1185130;148;1163514;4;4000;5;5000;0;0;0;0;40;44450;11;11030;130;1442747;144;2517516;0;3600000;0;3600000
22.03.2022 11:00;3;2990;5;5000;63;580618;380;1551616;159;1458767;144;1559324;3;3000;4;4000;0;0;0;0;37;45540;6;6030;67;1361340;185;2394173;69;2305975;63;2076277
22.03.2022 12:00;4;4000;4;4000;62;577775;380;1444249;149;1404086;134;1213410;5;5000;4;4000;0;0;0;0;39;48400;13;13080;83;1245958;173;2276528;115;2240480;118;1533539
22.03.2022 13:00;4;4000;4;4000;83;668220;433;1493837;186;1200625;166;1416365;4;3990;4;3990;0;0;0;0;44;49700;13;13170;103;1524310;197;2644295;104;2260373;129;1180710
22.03.2022 14:00;5;5000;3;3000;72;436171;402;1376798;158;1338982;151;1371264;4;4054;4;3990;0;0;0;0;38;45395;10;10020;86;1334987;194;2263005;119;2340156;101;1404615
22.03.2022 15:00;4;4000;5;5000;88;604932;410;1735840;185;1441367;160;1627523;4;4194;4;4000;0;0;0;0;47;81663;25;27710;88;1266351;196;2395322;111;2117459;124;1083217
22.03.2022 16:00;3;3000;3;2990;121;905873;511;1461202;173;1811514;146;1532680;4;3990;4;4000;0;0;0;0;47;53300;13;13280;104;1637563;281;2553491;53;2999109;57;2555535
22.03.2022 17:00;5;5000;4;3990;109;805017;511;1647928;180;1771079;149;1601236;4;3990;3;3059;0;0;0;0;64;73380;16;17070;99;1637244;253;2640470;24;3274524;33;3232174
22.03.2022 18:00;3;3000;5;5000;94;612575;468;1244243;173;1881586;142;1974608;4;4000;5;5000;0;0;0;0;44;52743;20;20200;81;1360831;232;2110199;73;2580027;73;2406654
22.03.2022 19:00;5;4980;4;4000;66;497298;321;857773;100;1009730;87;1335859;4;4000;4;3970;0;0;0;0;52;69650;9;9140;80;1416751;180;1261126;16;3409824;20;3422794
22.03.2022 20:00;4;4000;4;3990;43;179390;223;814743;77;606251;68;553940;4;3990;4;3990;0;0;0;0;23;28460;8;8130;49;549493;142;1198237;0;3600000;0;3600000
22.03.2022 21:00;4;4000;4;4000;46;284877;181;503570;68;461513;53;446100;4;4000;4;4000;0;0;0;0;17;20040;3;3260;37;506887;118;970573;0;3600000;0;3600000
22.03.2022 22:00;4;3990;4;4000;29;70190;128;596749;42;413000;33;494725;4;3990;4;3990;0;0;0;0;16;17410;5;5150;25;255389;102;762053;0;3600000;0;3600000
22.03.2022 23:00;2;2000;2;2000;12;44750;84;292600;23;383319;15;337049;2;2000;2;2000;0;0;0;0;3;3110;5;5010;16;225360;66;413280;38;1205785;23;1189135
23.03.2022 00:00;2;2000;3;3000;8;74530;33;131622;5;58350;5;181531;2;2000;3;3000;0;0;0;0;0;0;0;0;9;127980;38;155495;21;134615;16;105595
23.03.2022 01:00;0;0;1;1000;6;80550;15;18730;4;64090;5;64277;0;0;1;1000;0;0;0;0;0;0;1;1150;6;83050;12;40310;14;198420;9;192340
23.03.2022 02:00;0;0;0;0;2;16180;14;5950;3;35370;1;17480;0;0;0;0;0;0;0;0;0;0;0;0;1;58220;11;38536;6;859144;12;876174
23.03.2022 03:00;1;1000;0;0;1;2020;17;11610;4;37560;2;43630;1;1000;0;0;0;0;0;0;0;0;0;0;3;22050;13;45820;0;3600000;0;3600000
23.03.2022 04:00;3;2990;2;1990;9;91800;36;91610;3;42590;4;75620;3;3000;2;2000;0;0;0;0;0;0;0;0;6;56060;31;133700;0;3600000;0;3600000
23.03.2022 05:00;4;4000;4;4000;10;60090;159;421461;22;358771;20;297780;4;4000;4;3990;0;0;0;0;1;1000;0;0;12;148950;115;754102;0;3600000;0;3600000
23.03.2022 06:00;4;4000;5;5000;20;397024;402;832780;51;743655;52;973138;4;4000;5;4990;0;0;0;0;6;6432;4;4010;24;420434;212;1620393;14;3144022;15;3027512
23.03.2022 07:00;5;4990;5;5000;72;849760;547;1563208;154;1631221;131;1556308;5;4990;5;4990;0;0;0;0;39;44485;20;22100;60;1247178;167;2955528;0;3600000;0;3600000
23.03.2022 08:00;5;5000;3;3000;67;585871;511;1318472;154;1603945;143;1732577;5;5000;4;4000;0;0;0;0;36;41610;9;9790;66;955639;220;2737453;0;3600000;0;3600000
23.03.2022 09:00;3;2990;4;4000;58;426247;435;1236749;160;1428398;138;1433036;3;3000;4;4000;0;0;0;0;36;44139;11;11320;75;1283535;225;2285876;26;3226154;22;3110401
23.03.2022 10:00;4;4000;5;5000;64;570201;358;1403611;165;1202186;149;1307324;5;5000;4;3990;0;0;0;0;41;43610;12;12290;83;847736;179;2432036;0;3600000;0;3600000
23.03.2022 11:00;4;4000;4;3980;60;601971;388;1369751;177;1167566;135;1601427;2;2000;4;4000;0;0;0;0;31;33920;7;7200;73;1049720;170;2339521;13;3401299;16;3376659
23.03.2022 12:00;5;5000;4;4000;73;490970;371;1645346;149;1095191;137;1381371;5;5000;4;4000;0;0;0;0;41;44610;11;11400;93;1257330;171;2405200;0;3600000;0;3600000
23.03.2022 13:00;3;2990;4;4000;54;177236;395;1215880;144;1116467;127;1084156;3;3000;4;4000;0;0;0;0;50;63080;11;11900;91;1307186;185;2180617;90;2413814;87;2068560
23.03.2022 14:00;5;4990;4;4000;90;811508;413;1542904;143;1070158;115;1296359;5;5319;4;4000;0;0;0;0;39;45780;19;19120;87;1044119;205;2462966;114;2381280;99;1950129
23.03.2022 15:00;4;4000;4;4000;87;773588;484;1356849;172;1835262;150;1640937;4;4000;4;3990;0;0;0;0;47;53730;26;26959;96;1259271;213;2586742;126;2130471;128;1501610
23.03.2022 16:00;4;4000;4;4000;95;906595;494;1202832;163;1866300;116;1655990;4;4000;4;4000;0;0;0;0;74;90360;10;10930;96;1492424;263;2128292;109;2731569;113;2407876
23.03.2022 17:00;4;3990;4;3990;89;520098;464;1457220;161;1506601;129;1558308;4;4000;4;4000;0;0;0;0;53;60050;19;19410;95;1351329;252;2232686;94;2771486;119;1652557
23.03.2022 18:00;4;4000;3;3000;84;535277;462;1423293;171;1941708;132;1904571;4;4000;4;4000;0;0;0;0;44;48570;13;13250;92;1685517;242;2339589;120;2069913;132;1383176
23.03.2022 19:00;4;3980;5;5000;57;571830;350;993313;124;1353823;84;1283436;4;3990;4;3990;0;0;0;0;38;51334;12;12280;66;1241628;167;1507105;133;1545341;143;1186913
23.03.2022 20:00;4;4000;4;4000;46;527939;243;892178;91;908449;67;451734;4;4000;4;4000;0;0;0;0;20;23040;7;7030;69;1015358;145;1234851;114;1282045;88;1126829
23.03.2022 21:00;4;3990;4;3990;42;292540;157;699685;60;495684;46;432035;4;4000;4;3990;0;0;0;0;16;19810;3;3010;41;600732;108;912127;96;943925;58;717892
23.03.2022 22:00;4;4000;4;4000;29;224940;163;696019;40;269300;29;320305;4;4000;4;4000;0;0;0;0;21;25204;4;4000;32;451614;109;707800;64;217860;50;208830
23.03.2022 23:00;2;2000;2;1990;13;63200;78;286870;21;229130;14;187740;2;2000;2;2000;0;0;0;0;9;12983;3;3000;20;228403;64;323050;40;284655;27;102110
24.03.2022 00:00;2;2000;3;3000;9;58926;28;46250;9;80010;9;192450;2;2000;3;3000;0;0;0;0;1;1010;0;0;8;147980;25;93170;25;578123;20;566043
24.03.2022 01:00;0;0;1;1000;5;27770;18;68260;10;66330;5;101231;0;0;1;990;0;0;0;0;0;0;0;0;2;17120;15;60300;13;628803;9;618717
24.03.2022 02:00;0;0;0;0;0;0;11;17880;2;53450;1;16670;0;0;0;0;0;0;0;0;1;1010;0;0;2;39160;10;36638;2;5840;4;6000
24.03.2022 03:00;1;1000;0;0;0;0;13;7130;4;48323;4;32600;1;1000;0;0;0;0;0;0;0;0;0;0;1;5680;13;38300;7;18500;4;4950
24.03.2022 04:00;3;3000;2;2068;10;58700;28;71730;2;27950;7;124815;3;3000;2;2000;0;0;0;0;0;0;0;0;7;67510;26;105079;4;2948814;5;2950064
24.03.2022 05:00;3;3000;3;3000;11;87180;155;410180;32;320115;29;337865;3;2980;3;2970;0;0;0;0;2;2010;0;0;10;77570;93;746103;0;3600000;0;3600000
24.03.2022 06:00;4;4000;5;4990;17;179908;394;979851;61;690634;50;915403;4;4000;5;4990;0;0;0;0;9;9070;5;5000;26;385428;174;1955008;0;3600000;0;3600000
24.03.2022 07:00;5;4990;4;3990;74;729334;577;1486768;164;1363701;150;1979239;5;4990;4;3990;0;0;0;0;37;44450;21;22090;60;1263016;152;3057593;0;3600000;0;3600000
24.03.2022 08:00;5;5000;5;5000;78;677147;522;1419545;176;1670539;152;1774138;5;4990;5;4990;0;0;0;0;27;29970;8;8220;81;1172048;212;2811744;0;3600000;0;3600000
24.03.2022 09:00;4;3990;3;3000;77;772619;446;1316517;120;1151604;120;1384577;4;4000;3;3000;0;0;0;0;33;35800;15;15130;65;1159282;196;2488685;14;3372656;16;3333666
24.03.2022 10:00;4;4000;4;4000;59;536832;357;1219372;151;1022706;132;1474496;4;4000;4;4000;0;0;0;0;37;42450;15;15410;81;1179305;165;2279605;127;1578017;112;1111907
24.03.2022 11:00;3;3000;5;4990;67;419610;376;1417403;138;1078732;148;1358348;3;2990;5;4990;0;0;0;0;38;41090;19;19120;83;1109536;160;2210117;128;1785019;127;1022943
24.03.2022 12:00;5;4990;3;2990;79;581139;418;1633221;157;1297810;142;1324317;5;4990;3;2990;0;0;0;0;48;56871;17;17310;97;1639903;193;2481279;123;2100635;126;1487981
24.03.2022 13:00;4;4000;4;4000;80;417710;383;1645490;191;1605070;144;1256621;4;4000;5;5000;0;0;0;0;47;50870;38;38440;78;1385318;157;2498687;3;3584437;4;3554420
24.03.2022 14:00;4;3980;4;3990;80;546030;422;1546045;178;1553424;148;1645250;4;4000;4;4000;0;0;0;0;43;45900;21;21950;86;1378059;198;2521659;99;2563224;114;1869151
24.03.2022 15:00;4;4000;4;3990;89;905314;434;1574673;166;1728061;139;1659479;4;3980;3;3000;0;0;0;0;65;81505;24;24920;90;1627569;233;2512136;135;2013113;141;1428839
24.03.2022 16:00;3;2990;5;4980;100;806708;498;1688635;169;2081984;133;2133638;4;3990;5;4990;0;0;0;0;52;55950;20;20380;85;1684688;255;2603066;105;2338084;144;1600711
24.03.2022 17:00;4;4000;3;3000;92;774926;484;1531283;174;2113316;144;1617270;4;4000;3;3000;0;0;0;0;53;59540;28;30120;105;1605340;257;2524174;29;3379906;34;3114377
24.03.2022 18:00;5;4990;5;5000;105;690788;435;1684865;166;1489992;119;1659530;4;4000;5;4990;0;0;0;0;43;48460;16;17630;110;1650827;184;2621550;62;2864268;61;2543094
24.03.2022 19:00;4;4000;3;3000;64;491962;347;1026213;133;1369424;84;1318106;4;3990;3;2990;0;0;0;0;31;39100;10;10050;73;946458;171;1752112;83;2045543;94;1654031
24.03.2022 20:00;4;4000;5;5000;43;162090;207;855446;94;745420;73;939595;4;4000;5;4990;0;0;0;0;37;46050;6;6030;53;739165;123;1004397;114;867211;65;666687
24.03.2022 21:00;4;3990;4;3980;36;169235;199;862111;70;495053;69;611976;4;4000;4;4000;0;0;0;0;14;14710;3;3110;42;572917;118;1035143;90;646502;68;462556
24.03.2022 22:00;4;3990;4;4000;41;181764;166;553556;46;342829;46;387993;4;4000;4;4000;0;0;0;0;13;15000;0;0;39;412292;119;800514;72;265444;64;229260
24.03.2022 23:00;2;1990;2;2000;13;66130;97;241165;32;245030;19;318170;2;1990;2;2000;0;0;0;0;6;6070;1;1010;17;309053;77;342430;30;2399938;18;2339718
25.03.2022 00:00;2;1990;3;3000;14;89560;49;239855;11;93330;9;76540;2;2000;3;3000;0;0;0;0;2;2070;1;1000;18;227904;35;169640;0;3600000;0;3600000
25.03.2022 01:00;0;0;1;1000;3;60755;20;26020;7;144610;5;113111;0;0;1;1000;0;0;1;1410;4;4030;0;0;0;0;20;63154;2;2557289;3;2561699
25.03.2022 02:00;0;0;0;0;3;34720;9;30010;3;62045;1;760;0;0;0;0;0;0;0;0;0;0;0;0;2;16596;4;20520;2;3329250;2;3329250
25.03.2022 03:00;1;1000;0;0;4;17540;9;4800;2;19573;2;5943;1;1000;0;0;0;0;0;0;0;0;0;0;3;23570;9;29740;0;3600000;0;3600000
25.03.2022 04:00;3;2990;2;2000;8;21760;30;47380;8;115960;6;96130;3;3000;2;2000;0;0;0;0;0;0;0;0;7;123630;34;119380;0;3600000;0;3600000
25.03.2022 05:00;4;4000;4;4000;11;41262;155;436693;30;317314;23;299609;4;3990;4;3990;0;0;0;0;1;1010;0;0;20;223202;102;933418;1;3599634;1;3599634
25.03.2022 06:00;4;4000;5;4990;24;176875;337;895525;61;956637;57;982665;4;4000;5;5000;0;0;0;0;10;10210;6;6650;29;528376;185;1683099;77;1036572;56;462127
25.03.2022 07:00;5;4980;4;3990;74;787424;504;1331713;170;1459394;146;1764775;5;5000;5;4990;0;0;0;0;30;42290;34;37620;65;956864;210;2579191;90;1885235;107;1158937
25.03.2022 08:00;5;4990;5;4990;60;684136;493;1171106;154;1676041;139;1919821;5;4990;4;4000;0;0;0;0;27;32950;9;10670;70;1203006;200;2477137;106;1625948;117;1193044
25.03.2022 09:00;4;4000;3;3000;82;865494;421;1137336;179;1638785;154;1679035;4;3980;3;3000;0;0;0;0;28;29300;12;12390;71;1107830;177;2464271;105;1731372;102;1194467
25.03.2022 10:00;3;3000;4;4000;70;590085;408;1485355;157;1384819;124;1240012;3;3000;5;5000;0;0;0;0;37;40380;15;15860;86;1234655;166;2554705;68;2359528;73;2295188
25.03.2022 11:00;5;4990;4;3990;73;491395;396;1644575;197;1506092;160;1280420;5;5000;3;2990;0;0;0;0;40;49450;20;24070;84;1046883;162;2429169;18;3346625;31;2982902
25.03.2022 12:00;3;3000;5;5000;110;908837;471;1495142;209;1710430;146;1564305;3;3000;5;5000;0;0;0;0;33;35955;10;10280;103;1658433;209;2700313;122;2320179;126;1306710
25.03.2022 13:00;4;4000;3;2990;103;871490;524;1535645;174;1888779;135;1994307;4;3990;3;3000;0;0;0;0;45;50280;15;16020;104;1400705;247;2883831;124;2196916;126;1483028
25.03.2022 14:00;4;3990;3;2990;112;974545;533;1593074;188;2381471;151;2133233;4;3990;3;3000;0;0;0;0;54;74640;20;20450;95;1462329;265;2811650;114;2578520;125;1825582
25.03.2022 15:00;1;1000;3;2990;81;650009;479;1333380;183;1883612;146;1594303;1;1000;3;3000;0;0;0;0;50;79290;26;26680;94;1544336;267;2235437;136;2150998;131;1384549
25.03.2022 16:00;6;5970;4;4000;95;857153;482;1755928;158;1651802;113;1468726;6;6000;5;5000;0;0;0;0;64;83690;31;32840;108;1383253;237;2611863;116;2279630;122;1649993
25.03.2022 17:00;4;4000;5;5000;89;527103;467;1409403;172;1803178;114;1607037;4;3990;4;3990;0;0;0;0;53;59420;13;13690;97;1426858;269;2137364;127;2166687;133;1528293
25.03.2022 18:00;4;4000;4;4000;81;652860;471;1443475;152;1477374;126;1544724;4;4000;4;4000;0;0;0;0;53;57950;11;11210;81;1270272;234;2549565;121;1851364;152;1546025
25.03.2022 19:00;4;4000;4;3990;67;551456;410;1074153;122;1442645;107;1399406;4;4000;4;4000;0;0;0;0;60;69770;27;27266;78;1409394;179;2059546;154;1009301;135;798094
25.03.2022 20:00;4;4000;4;4000;38;254965;255;1144066;83;606138;88;846117;4;3990;4;4000;0;0;0;0;23;25310;2;2000;58;765423;157;1481479;127;774011;111;436956
25.03.2022 21:00;4;4000;4;3980;31;182251;231;817968;85;504140;65;732031;4;3980;4;4000;0;0;0;0;24;28130;7;7390;45;498681;146;1127365;75;1305046;71;1231801
25.03.2022 22:00;4;4000;4;4053;29;201291;172;639027;55;401820;46;423380;4;4000;4;3990;0;0;0;0;14;16250;7;7530;41;521917;124;878909;0;3600000;0;3600000
25.03.2022 23:00;2;2000;2;2000;16;126304;145;622064;27;176350;27;381070;2;2000;2;2000;0;0;0;0;12;13600;6;6250;30;323267;118;616009;12;2358514;11;2355938
26.03.2022 00:00;2;1990;2;2000;16;37710;73;275520;24;276890;21;282589;2;2000;2;1990;0;0;0;0;12;14417;5;5130;12;182006;65;304050;42;1200410;42;1251865
26.03.2022 01:00;2;2000;2;2000;19;143404;55;171650;15;169420;10;166850;2;2000;2;2000;0;0;1;1000;2;2050;2;2160;9;155732;40;210674;24;288482;17;299333
26.03.2022 02:00;2;2000;2;2000;10;90480;31;110640;10;67524;5;53700;2;1990;2;2000;0;0;0;0;3;3120;1;1000;5;62215;21;80360;16;259819;23;282319
26.03.2022 03:00;2;2000;2;2000;4;3650;25;91580;9;104820;10;189990;2;2000;2;2000;0;0;0;0;0;0;1;1110;4;13060;24;88170;11;457378;10;456718
26.03.2022 04:00;2;1990;2;2000;7;10050;28;45210;10;51200;6;86400;2;2000;2;2000;0;0;0;0;0;0;0;0;9;56180;26;96220;11;311024;21;433304
26.03.2022 05:00;4;3990;4;4048;13;80850;64;252210;10;145010;9;153993;4;4000;4;3990;0;0;0;0;0;0;1;1000;14;131700;50;257520;17;47460;21;67930
26.03.2022 06:00;4;3990;4;4000;6;22580;87;252190;13;249110;8;164414;4;4000;4;4000;0;0;0;0;4;4470;0;0;7;99141;76;306540;27;520941;23;484671
26.03.2022 07:00;6;5990;5;5000;12;107479;129;318550;50;330204;42;625868;6;5990;5;4990;0;0;0;0;5;5140;4;4010;15;249343;101;521011;20;2392244;18;2407444
26.03.2022 08:00;5;5000;6;6000;34;136370;221;659846;70;671820;60;849290;5;5000;6;5990;0;0;0;0;16;17920;10;10100;29;352284;164;1202286;0;3600000;0;3600000
26.03.2022 09:00;5;5000;4;3990;44;306943;323;1088753;154;1053471;99;976738;5;5000;5;4990;0;0;0;0;25;26780;8;8040;57;784237;168;1973567;7;3491497;7;3380791
26.03.2022 10:00;4;3980;5;5000;44;370982;375;1132654;146;1254846;134;1323774;4;3990;4;4000;0;0;0;0;43;50050;14;14479;58;875020;161;2125080;114;1809036;112;1358176
26.03.2022 11:00;5;4990;5;5000;72;624662;357;1344515;144;1144576;114;996910;5;4980;5;5000;0;0;0;0;34;36890;11;12240;85;1327399;173;2167853;104;1920389;103;1447439
26.03.2022 12:00;4;4000;4;4000;53;545990;410;1253547;155;1192006;118;1273942;4;4000;4;4000;0;0;0;0;52;55169;16;16390;78;1184585;196;2244075;133;1617468;130;1338305
26.03.2022 13:00;4;3990;4;4000;66;530085;438;1408230;170;1149729;134;1216134;4;4000;4;4000;0;0;0;0;47;54986;15;16060;82;1008144;200;2468265;126;1718193;149;1258758
26.03.2022 14:00;4;3980;4;4000;72;470421;418;1263114;141;1060775;131;1173959;4;4000;4;3990;0;0;0;0;48;54989;11;11050;81;933090;197;2426861;108;1853409;114;1417843
26.03.2022 15:00;4;4000;4;4000;69;541284;391;1303007;145;1069634;118;1106123;4;4000;4;4000;0;0;0;0;40;43310;9;9510;70;1097289;190;2272280;148;1791283;125;1283632
26.03.2022 16:00;4;3990;4;4000;63;608429;348;1327397;113;1129625;103;1122931;4;4000;4;3990;0;0;0;0;45;55370;12;12100;70;869065;191;2029816;120;1990054;111;1602339
26.03.2022 17:00;4;4000;4;4000;58;294090;388;1437046;129;1000451;119;1120277;4;4000;4;3990;0;0;0;0;38;41410;7;7350;88;1269609;199;2315640;91;2135604;85;1728982
26.03.2022 18:00;4;4051;4;4000;66;564050;388;1306983;139;1213555;111;944068;4;4000;4;4000;0;0;0;0;54;73770;17;17180;87;1311743;184;2288286;0;3600000;0;3600000
26.03.2022 19:00;4;3990;4;3990;56;421460;318;1330006;106;771775;75;677240;4;4044;4;4000;0;0;0;0;41;44530;8;8050;66;795105;150;1948220;59;2467352;63;2323008
26.03.2022 20:00;4;4000;4;4000;54;318856;263;879589;74;526644;49;434794;4;4000;4;4000;0;0;0;0;30;33356;14;14030;54;613269;148;1313574;116;1159421;96;894164
26.03.2022 21:00;4;3990;4;3990;31;210600;219;657040;52;353341;45;332500;4;4000;4;4000;0;0;0;0;24;26100;12;12510;34;943260;131;1211754;123;763317;83;747756
26.03.2022 22:00;4;3990;4;4000;33;36190;214;618782;56;567725;49;451018;4;4000;4;3980;0;0;0;0;19;21160;8;8200;33;439929;146;1208034;81;1176018;64;1055370
26.03.2022 23:00;2;2000;2;2000;25;116520;147;537430;42;560631;31;341241;2;2000;2;2000;0;0;0;0;8;8150;7;7290;31;477102;110;659977;68;1327563;53;1219533
27.03.2022 00:00;2;1990;2;2000;12;38450;89;418579;17;190040;15;273500;2;2000;2;2000;0;0;0;0;3;3030;4;4010;16;464519;70;440973;50;671200;38;590750
27.03.2022 01:00;2;1990;2;2000;15;144055;60;194570;11;73046;14;276880;2;2000;2;2000;0;0;0;0;5;7980;1;1000;8;86390;49;164272;8;3151890;8;3153550
27.03.2022 03:00;-1;-1;-1;-1;-1;-1;-1;-1;-1;-1;-1;-1;-1;-1;-1;-1;-1;-1;-1;-1;-1;-1;-1;-1;-1;-1;-1;-1;-1;-1;-1;-1
27.03.2022 04:00;2;1990;2;2000;9;75170;30;101229;10;79310;16;171760;2;2000;2;2000;0;0;0;0;3;3310;3;3850;7;55920;19;70410;11;381707;20;382854
27.03.2022 05:00;2;1990;2;2000;7;52400;31;55260;6;128680;11;275350;2;2000;2;2000;0;0;0;0;0;0;0;0;6;91630;24;86985;18;1740669;18;1750569
27.03.2022 06:00;2;2000;2;2000;7;49960;42;32370;7;110150;6;103590;2;2000;2;2000;0;0;0;0;0;0;0;0;7;72613;33;111000;0;3600000;0;3600000
27.03.2022 07:00;2;2000;2;2000;5;21200;31;141180;11;88050;10;221924;2;2000;2;1990;0;0;0;0;1;1000;0;0;2;13980;23;93510;0;3600000;0;3600000
27.03.2022 08:00;2;1990;2;2000;9;47380;68;155679;40;387327;24;346650;2;2000;2;1990;0;0;0;0;3;3600;4;4020;11;188950;58;283310;0;3600000;0;3600000
27.03.2022 09:00;4;3990;4;4000;23;87096;155;616087;69;462936;48;527780;4;4000;4;3980;0;0;0;0;9;10940;5;5030;12;142753;109;955814;11;3354024;14;3274137
27.03.2022 10:00;4;3990;4;4000;31;100000;215;740184;72;495120;51;588270;4;4000;4;3990;0;0;0;0;14;21150;5;5030;30;330568;143;1237548;0;3600000;0;3600000
27.03.2022 11:00;4;3990;4;4000;38;295767;261;778214;77;731832;71;680707;4;4000;4;4000;0;0;0;0;19;22940;11;11420;35;393605;175;1277833;68;2479510;56;2075286
27.03.2022 12:00;4;3990;4;4000;47;256881;283;1054438;92;670789;85;780440;4;4000;4;4000;0;0;0;0;13;14590;6;6390;49;690891;196;1375927;134;1168238;130;888464
27.03.2022 13:00;4;3990;4;4000;44;223388;370;1050068;130;997136;92;888559;4;4000;4;4000;0;0;0;0;28;31450;8;8040;53;546311;191;1947789;115;1480944;102;1091881
27.03.2022 14:00;4;4000;4;3990;38;323740;340;1129106;127;925829;99;885737;4;4000;4;3990;0;0;0;0;28;31540;11;11300;47;675321;189;1622252;133;1265944;119;889546
27.03.2022 15:00;4;3990;4;3990;50;352657;336;1145913;126;759363;80;759461;4;4000;4;4000;0;0;0;0;17;17780;12;12250;54;610987;209;1710508;114;1142331;122;1017120
27.03.2022 16:00;4;3990;4;4000;37;222460;334;1137720;126;1072014;83;899934;4;4000;4;3990;0;0;0;0;26;30467;11;11070;57;831666;177;1709951;41;2788548;43;2715548
27.03.2022 17:00;4;3990;4;3990;46;226690;370;1453237;148;918159;111;1001186;4;4000;4;4000;0;0;0;0;27;32840;13;13270;61;741322;202;2111889;35;3134778;29;3137308
27.03.2022 18:00;4;4000;4;4000;52;398479;365;1237362;147;1094271;104;1011025;4;3990;4;4000;0;0;0;0;26;38950;7;7040;70;791755;178;1763862;138;1302775;122;871591
27.03.2022 19:00;4;3990;4;3990;31;98440;279;1048083;105;734937;87;847031;4;4000;4;4000;0;0;0;0;24;28330;8;8730;53;549207;139;1494567;102;1312464;92;1045170
27.03.2022 20:00;4;4000;4;4000;34;206660;251;982565;74;749744;62;470246;4;4000;4;4000;0;0;0;0;16;16160;6;6270;55;592367;146;1364010;106;766001;90;721574
27.03.2022 21:00;4;4000;4;3980;33;227375;192;879925;42;332693;30;385293;4;4000;4;4000;0;0;0;0;10;12100;2;2010;36;271635;131;1194514;111;496114;57;178500
27.03.2022 22:00;4;3990;4;4000;20;134220;108;442293;45;320635;24;196825;4;4000;4;4000;0;0;0;0;4;4980;2;1990;31;362570;85;474886;46;171280;48;144480
27.03.2022 23:00;2;2000;2;2000;8;33549;53;152770;11;178770;11;147120;2;2000;2;1990;0;0;0;0;1;1080;3;3020;17;176820;43;193980;38;92670;27;75937
28.03.2022 00:00;2;2000;3;3000;8;50220;41;115590;9;95170;10;196840;2;2000;3;3000;0;0;0;0;0;0;0;0;11;150757;40;138860;11;30670;20;53440
28.03.2022 01:00;0;0;1;1000;3;28860;18;635642;3;54810;6;121160;0;0;1;1000;0;0;0;0;0;0;0;0;3;61970;16;54890;12;181060;9;175940
28.03.2022 02:00;0;0;0;0;4;34320;15;9020;3;32000;4;62570;0;0;0;0;0;0;0;0;1;1010;0;0;4;89030;14;52475;9;50470;6;16420
28.03.2022 03:00;1;1000;0;0;2;3890;9;21810;4;58470;2;15680;1;990;0;0;0;0;0;0;0;0;0;0;2;22733;8;32643;4;11250;2;4000
28.03.2022 04:00;3;2990;2;2000;11;62700;21;66600;5;24420;7;116714;3;2990;2;2000;0;0;0;0;0;0;0;0;7;121600;25;98350;19;1165995;22;1177445
28.03.2022 05:00;4;3980;4;4000;11;68840;147;398170;18;268610;23;383635;4;4000;4;3990;0;0;0;0;2;2010;1;1000;18;126560;108;760169;0;3600000;0;3600000
28.03.2022 06:00;4;3990;5;4990;17;92300;394;748996;57;551788;56;943613;4;3990;5;5000;0;0;0;0;6;6670;5;5410;30;418030;157;1865379;0;3600000;0;3600000
28.03.2022 07:00;5;5000;4;3990;68;563843;523;1289461;154;1330271;139;1670255;5;4990;4;4000;0;0;0;0;33;44320;17;17590;60;972823;185;2747344;99;1978902;94;1053502
28.03.2022 08:00;5;5000;4;3990;80;815735;546;1245083;161;1887760;147;1816626;5;5000;4;4000;0;0;0;0;34;37680;6;6030;66;989191;239;2643122;68;2261245;119;1609191
28.03.2022 09:00;3;3000;4;4000;71;661648;422;1226133;171;1354412;156;1405335;4;4000;4;4000;0;0;0;0;22;23520;22;23620;66;1159768;202;2398109;118;1616420;129;1124906
28.03.2022 10:00;5;4980;4;3990;67;491158;362;1347468;172;1458945;151;1288735;4;4000;5;5000;0;0;0;0;41;53880;8;9450;78;932610;167;2186874;100;1573090;90;1132875
28.03.2022 11:00;4;4000;4;3990;89;731756;381;1352440;171;1291265;148;1450295;4;3990;4;3980;0;0;0;0;55;60670;9;9400;92;1192037;186;2131770;83;2188120;116;1411746
28.03.2022 12:00;5;4980;4;3990;95;699599;362;1346882;155;1306240;138;1435804;5;5000;3;2990;0;0;0;0;38;39470;15;15050;92;1445574;184;2212429;108;1824034;99;1425335
28.03.2022 13:00;3;2990;5;4990;73;441126;394;1497454;177;1353738;146;1387275;3;2990;5;4990;0;0;0;0;62;74300;22;22270;90;1179725;160;2564762;113;1989769;143;1359082
28.03.2022 14:00;5;4990;5;5000;89;749413;410;1488588;156;1197500;127;1073483;5;5000;5;5000;0;0;0;0;55;62810;10;10190;93;1565545;180;2575768;121;2434331;107;1751237
28.03.2022 15:00;3;3000;3;3000;90;678031;473;1462926;160;1733500;138;1288061;3;3000;4;4000;0;0;0;0;44;47516;24;24960;75;1333002;231;2371132;117;2308123;138;1515510
28.03.2022 16:00;4;4000;5;5000;109;1025227;479;1363049;182;2032573;144;1693432;4;4000;4;4000;0;0;0;0;45;54450;21;21200;88;1470042;252;2337585;144;2514114;137;1841795
28.03.2022 17:00;3;3000;3;2990;104;1126866;486;1486559;156;1636219;131;1628894;3;2990;3;3000;0;0;0;0;72;86910;45;47800;107;1689670;263;2187392;1;3597380;2;3594310
28.03.2022 18:00;5;5000;4;4000;83;883552;426;1279049;116;1512673;97;1246544;5;5000;4;3990;0;0;0;0;49;62780;21;21590;73;1436189;236;1973903;81;2449821;88;2194016
28.03.2022 19:00;3;3000;4;3990;60;513980;352;1081135;108;1179270;86;1318249;4;4000;4;4000;0;0;0;0;55;61160;13;13310;82;1399490;214;1499816;97;1857728;101;1671204
28.03.2022 20:00;5;5000;4;4000;38;458838;226;1311996;91;761029;70;404830;4;3990;4;4000;0;0;0;0;31;43670;14;14060;47;807660;134;1675377;123;1187000;92;983371
28.03.2022 21:00;4;4000;4;3990;30;285965;191;688624;67;525718;46;390784;4;4000;4;4000;0;0;0;0;18;18830;9;9180;49;627801;118;883847;68;1663312;58;1695130
28.03.2022 22:00;4;3990;4;4000;24;212570;125;670842;52;374249;33;441830;4;4000;4;4000;0;0;0;0;7;9150;2;2120;49;771568;99;733420;53;2011935;44;1997655
28.03.2022 23:00;2;2000;2;2000;14;32590;111;350251;35;291880;22;305630;2;2000;2;1990;0;0;0;0;5;5210;1;1000;21;274700;109;474159;0;3600000;0;3600000
29.03.2022 00:00;2;1990;3;3000;9;21900;37;95320;12;107100;9;152630;2;2000;3;2980;0;0;0;0;2;2020;2;2110;9;97730;41;161062;17;675131;10;649911
29.03.2022 01:00;0;0;1;1000;2;38580;20;12280;2;18440;3;51040;0;0;1;1000;0;0;0;0;1;1000;1;1210;4;47790;16;80810;6;67410;10;30120
29.03.2022 02:00;0;0;0;0;2;3065;11;4850;7;108655;4;104940;0;0;0;0;0;0;0;0;0;0;1;1000;2;34250;9;26550;8;1325160;6;1322430
29.03.2022 03:00;1;1000;0;0;4;38090;16;19780;3;38200;1;950;1;1000;0;0;0;0;0;0;0;0;0;0;1;5670;16;54320;0;3600000;0;3600000
29.03.2022 04:00;3;2980;2;2000;10;36264;24;54940;5;26380;8;118030;3;3000;2;2000;0;0;0;0;0;0;0;0;10;128982;25;130140;9;2152708;7;2141438
29.03.2022 05:00;4;4000;4;4000;10;25600;152;479640;26;323904;27;415291;4;3990;4;4000;0;0;0;0;1;1000;1;1010;15;184710;90;809519;49;993830;30;927415
29.03.2022 06:00;4;3980;5;4980;19;201654;409;981188;50;457724;61;842794;4;4000;5;4990;0;0;0;0;5;5040;5;5210;28;935782;125;1963612;84;983174;60;588148
29.03.2022 07:00;5;5000;5;4990;75;821398;520;1327316;161;1373712;139;1852450;5;5000;5;5000;0;0;0;0;31;37420;26;27460;76;1157544;169;2896883;91;2168363;99;1524943
29.03.2022 08:00;5;5000;4;4000;77;828405;546;1717226;162;1732122;144;1824244;5;5000;4;4000;0;0;0;0;40;45940;19;19451;92;1322663;200;2994093;103;2074677;117;1935095
29.03.2022 09:00;4;4000;4;4000;77;690902;425;1386059;169;1481692;145;1619646;4;3990;4;3990;0;0;0;0;28;29460;11;11360;80;1369123;164;2516423;105;1635770;132;1779464
29.03.2022 10:00;4;4000;4;3990;70;513082;353;1644231;167;1604620;147;1543949;4;4000;4;4000;0;0;0;0;39;43100;12;12130;57;1013329;161;2388801;0;3600000;0;3600000
29.03.2022 11:00;4;4000;4;4000;81;561712;371;1562622;150;1023727;147;1340320;4;4000;4;3980;0;0;0;0;50;55423;14;14180;79;1080132;172;2458711;0;3600000;0;3600000
29.03.2022 12:00;4;3990;3;2990;81;583869;363;1405680;156;1461297;129;1522126;4;3990;3;2990;0;0;0;0;33;36080;13;13280;81;1354387;163;2309987;115;1704417;130;2088886
29.03.2022 13:00;3;2990;4;3990;73;546963;440;1486938;168;1519751;128;1491025;4;4000;4;3990;0;0;0;0;44;51090;12;12720;85;1381285;168;2547889;91;2304347;119;2112715
29.03.2022 14:00;5;4980;4;3990;78;458270;382;1777226;163;1336632;130;1310747;4;4000;5;4990;0;0;0;0;52;58744;20;22855;88;1108720;166;2427159;0;3600000;0;3600000
29.03.2022 15:00;3;2990;5;5000;80;747520;446;1511246;189;1562009;144;1254597;3;3000;4;3990;0;0;0;0;47;52710;21;23020;83;1239084;197;2693592;51;2861191;65;2645900
29.03.2022 16:00;3;2980;3;3000;104;895949;524;1413951;162;2154601;132;1914006;4;4000;3;3000;0;0;1;640;63;87907;22;23050;99;1915557;253;2438283;91;2831008;145;1992586
29.03.2022 17:00;6;5980;5;5000;86;758419;499;1475680;151;1724439;116;1678598;5;4990;5;5000;0;0;0;0;47;51290;14;15330;121;1961364;226;2575834;135;2324641;124;1825242
29.03.2022 18:00;4;3990;4;4000;81;723831;433;1240319;179;1455239;112;1535166;4;3980;4;4000;0;0;0;0;45;54410;13;13940;95;1531957;240;2045431;130;2124318;135;1454366
29.03.2022 19:00;3;3000;4;4000;71;546213;388;862063;119;1557802;100;1487166;3;3000;4;3990;0;0;0;0;39;40280;12;12120;87;1183075;238;1666988;132;1639922;122;1041773
29.03.2022 20:00;4;4000;4;4000;47;242500;248;1235954;87;765147;74;749854;4;4000;4;4000;0;0;0;0;22;22750;6;6050;64;887299;143;1541536;132;588535;101;482524
29.03.2022 21:00;5;4990;4;3980;37;187903;203;767502;64;367350;48;493450;5;5000;4;3990;0;0;0;0;11;11860;4;4020;45;568740;138;1046967;87;319266;71;315940
29.03.2022 22:00;4;4000;4;4000;32;127504;166;626966;45;338878;31;253588;4;4000;4;3990;0;0;0;0;12;12430;4;4020;35;373222;123;744569;94;353733;71;220590
29.03.2022 23:00;2;2000;2;1990;21;64290;87;254900;22;308201;15;244271;2;1990;2;2000;0;0;0;0;2;2290;2;2210;22;322064;65;294798;41;131030;40;138690
30.03.2022 00:00;2;2000;3;2990;8;75760;47;122850;12;45290;10;119500;2;2000;3;2990;0;0;0;0;1;1010;0;0;10;178800;39;139350;18;39450;19;37529
30.03.2022 01:00;0;0;1;1000;1;25870;14;71002;5;110800;4;104660;0;0;1;1000;0;0;0;0;0;0;0;0;2;26040;11;45250;10;138468;4;6380
30.03.2022 02:00;0;0;0;0;1;320;11;4980;3;36170;2;31440;0;0;0;0;0;0;0;0;0;0;0;0;3;52590;11;40810;6;27330;9;15210
30.03.2022 03:00;1;1000;0;0;3;1290;12;7610;2;30900;4;48133;1;1000;0;0;0;0;0;0;0;0;0;0;3;48680;11;40200;10;700330;14;711390
30.03.2022 04:00;3;2990;2;1990;7;24090;32;45910;5;48450;7;126660;3;3000;2;2000;0;0;0;0;0;0;0;0;7;72450;25;97610;16;1220937;13;1211817
30.03.2022 05:00;4;3990;4;4000;8;35040;169;266695;25;205704;16;256894;4;4000;4;3980;0;0;0;0;0;0;2;2000;18;225555;81;852690;51;605202;43;526897
30.03.2022 06:00;4;3990;5;4980;21;67984;383;770950;61;985102;46;953044;4;4000;5;4990;0;0;0;0;12;12430;0;0;28;409387;124;2028472;88;923684;72;538016
30.03.2022 07:00;5;4990;5;4990;68;536225;585;1558394;160;1293319;163;1900017;5;5000;5;4990;0;0;0;0;20;22210;27;29520;70;987286;67;3293664;94;2146308;105;1340700
30.03.2022 08:00;5;4990;4;4000;85;738702;618;1731187;178;1703868;143;1876727;5;5000;4;3990;0;0;0;0;30;32919;10;10158;74;1196949;85;3356283;92;1889100;103;1380039
30.03.2022 09:00;3;3000;4;3990;55;587183;479;1326054;168;1512401;139;1692924;3;3000;4;4000;0;0;0;0;37;39680;10;10020;73;1412323;170;2562505;55;2556444;60;2210225
30.03.2022 10:00;4;4000;3;3000;68;680197;348;1342394;151;1561719;143;1487132;4;4000;3;3000;0;0;0;0;34;35360;14;14219;83;1436132;176;2035367;66;2429626;102;2375121
30.03.2022 11:00;3;3000;4;4000;74;616208;404;1564867;149;1285452;140;1287020;3;3000;4;4000;0;0;0;0;23;25390;10;10030;100;1382060;166;2507723;105;1870157;128;1435397
30.03.2022 12:00;5;4990;4;3970;74;444090;423;1643452;161;1341019;156;1563472;5;5000;4;4000;0;0;0;0;37;41950;4;4010;93;1391108;158;2639086;114;2036157;137;1158313
30.03.2022 13:00;3;3000;4;3990;80;425312;404;1573465;155;1378290;139;1340804;3;3000;4;4000;0;0;0;0;38;42350;20;21620;82;1334883;159;2586099;141;1795791;146;1257226
30.03.2022 14:00;4;3990;4;4000;88;641072;410;1543188;157;1259360;131;1408550;4;4000;4;4000;0;0;0;0;52;68680;12;12030;92;1259380;171;2396701;128;2177359;133;1472252
30.03.2022 15:00;4;4000;4;4000;77;492986;409;1560372;180;1853615;163;1758254;5;4990;4;4000;0;0;1;1130;46;53180;40;42640;84;1316986;188;2496079;111;2773008;116;2078397
30.03.2022 16:00;5;5000;4;3990;78;576980;471;1571110;157;1541628;140;1519742;4;4000;4;4000;0;0;0;0;57;65820;17;18700;88;1322617;232;2502318;127;2326288;137;1601538
30.03.2022 17:00;4;3990;4;4000;98;694730;497;1535668;150;1750344;131;1729724;4;4000;4;4000;0;0;0;0;53;59150;14;15070;110;1783034;225;2204690;0;3600000;0;3600000
30.03.2022 18:00;4;4000;4;4000;90;764821;427;1493455;162;1697000;111;1450179;4;4000;4;3990;0;0;0;0;38;41280;11;11190;88;1534141;224;2151482;2;3596162;9;3473262
30.03.2022 19:00;4;4000;4;4000;83;925825;351;1029417;109;1501714;95;1464326;4;4000;4;4000;0;0;0;0;23;26930;13;14040;81;1425075;215;1551225;13;3348209;24;3168895
30.03.2022 20:00;4;4000;4;3990;41;250129;227;1154009;72;627970;56;520970;4;4000;4;4000;0;0;0;0;28;31260;10;11020;65;804532;134;1496448;0;3600000;0;3600000
30.03.2022 21:00;4;3990;4;3927;36;175232;215;972704;64;428324;42;445276;4;3990;4;3980;0;0;0;0;22;25020;6;6480;45;623865;146;1193299;0;3600000;0;3600000
30.03.2022 22:00;4;4000;4;4000;31;224105;188;736247;45;433589;38;489944;4;3990;4;4000;0;0;0;0;14;15940;5;5070;35;439089;141;943718;0;3600000;0;3600000
30.03.2022 23:00;2;2000;2;2000;10;51496;97;310650;25;362397;16;281306;2;2000;2;2000;0;0;0;0;6;8440;4;4870;12;169260;83;478267;0;3600000;0;3600000
31.03.2022 00:00;2;1990;3;2990;8;46040;54;171650;11;105311;12;171228;2;1990;3;3060;0;0;0;0;0;0;0;0;9;147870;39;161405;16;639704;16;654638
31.03.2022 01:00;0;0;1;1000;1;30890;25;100140;3;34015;1;15800;0;0;1;1000;0;0;0;0;1;1350;0;0;4;99540;26;87940;6;12770;8;21840
31.03.2022 02:00;0;0;0;0;1;15886;6;3090;1;23020;2;59830;0;0;0;0;0;0;0;0;0;0;0;0;5;83690;6;20920;4;33090;3;5820
31.03.2022 03:00;1;1000;0;0;6;4690;13;11980;5;66117;2;1330;1;1000;0;0;0;0;0;0;0;0;0;0;5;44090;9;35828;2;2611530;4;2617580
31.03.2022 04:00;3;3000;2;2000;7;72268;30;44553;8;116800;11;123710;3;3000;2;2000;0;0;0;0;1;1010;0;0;8;112682;25;95050;0;3600000;0;3600000
31.03.2022 05:00;4;3990;4;3980;10;89040;163;321153;20;283944;19;218637;4;4000;4;4000;0;0;0;0;0;0;3;3020;16;141860;105;698463;0;3600000;0;3600000
31.03.2022 06:00;4;3980;5;4990;24;243182;388;834915;46;666547;51;686517;4;4000;5;5000;0;0;0;0;2;2020;4;4010;28;371180;137;1751761;0;3600000;0;3600000
31.03.2022 07:00;5;4990;5;4850;65;729194;585;1323157;142;1556008;142;1974237;5;5000;5;5000;0;0;0;0;32;37848;23;24660;64;961750;238;2763856;58;2439619;65;1774203
31.03.2022 08:00;5;5000;4;4140;55;264866;540;1416190;158;1735022;145;2073125;5;5000;4;3990;0;0;0;0;22;22880;20;21370;76;1022060;225;2671849;7;3520866;13;3353016
31.03.2022 09:00;5;4990;4;4000;62;476771;460;1423524;153;1495540;140;1514406;5;5000;4;3990;0;0;0;0;34;37370;9;9030;77;1189860;219;2563264;0;3600000;0;3600000
31.03.2022 10:00;3;2990;5;4990;60;398644;365;1205426;148;1106566;140;1484739;3;2990;4;3980;0;0;1;280;38;41569;11;11050;69;1067174;144;2433783;0;3600000;0;3600000
31.03.2022 11:00;4;3990;4;3990;63;604109;388;1573120;158;1196149;148;1356830;4;3990;4;4000;0;0;0;0;34;47630;24;24720;89;1324659;137;2606678;86;2677730;80;2115980
31.03.2022 12:00;4;4000;3;2990;87;648463;406;1476114;162;1432466;145;1348690;4;4000;3;2990;0;0;0;0;35;53830;14;15730;89;1344782;171;2386288;136;2106584;119;1328307
31.03.2022 13:00;5;5000;4;4000;103;973471;349;1649864;163;1291551;141;1319874;5;4990;5;4990;0;0;0;0;57;69088;41;42459;101;1445474;166;2528862;119;2006333;138;1228025
31.03.2022 14:00;4;4000;5;5000;103;577747;428;1651928;175;1299121;141;1474577;4;3990;4;4000;0;0;0;0;36;39080;18;18220;104;1377614;146;2770719;128;2202133;163;1543923
31.03.2022 15:00;3;3000;4;4000;75;434791;464;1399114;166;1775480;154;1740716;4;4000;4;4000;0;0;0;0;55;75677;18;20760;100;1668356;198;2477278;162;2103666;162;1367099
31.03.2022 16:00;5;5000;4;4000;107;1056242;497;1638034;172;1759734;149;1839560;4;4000;4;4000;0;0;0;0;42;45869;38;39780;94;1756374;223;2727972;79;2643716;73;2329160
31.03.2022 17:00;4;3990;4;4000;116;972733;458;1896590;183;1675053;136;1508869;4;4000;4;4000;0;0;0;0;50;59930;27;27820;115;1847370;204;2762232;0;3600000;0;3600000
31.03.2022 18:00;4;3980;4;3990;91;952547;464;1390924;165;1511872;122;1714303;4;4000;4;4000;0;0;0;0;43;50015;12;13130;102;2019777;244;2217973;0;3600000;0;3600000
31.03.2022 19:00;4;3990;4;4000;70;755156;385;1176237;139;1477362;97;1489845;4;3990;4;4000;0;0;0;0;29;31420;9;9020;70;1176216;184;2008198;32;3401891;34;3389607
31.03.2022 20:00;4;4000;4;4000;44;499025;244;1143624;119;623180;58;536805;4;3990;4;4000;0;0;0;0;25;29026;5;5170;59;710836;143;1699728;103;1045983;86;822964
31.03.2022 21:00;4;4000;4;4000;32;176240;185;936405;77;577526;42;372264;4;4000;4;4000;0;0;0;0;11;13020;4;4110;47;542218;121;1267720;93;568778;58;316254
31.03.2022 22:00;4;3980;4;4000;24;161947;191;655401;69;521721;33;351514;4;3990;4;4000;0;0;0;0;11;12670;3;3000;35;371317;139;1203079;84;563197;78;453306
31.03.2022 23:00;2;1990;2;2000;7;66030;106;254122;27;246623;14;254786;2;2000;2;2000;0;0;0;0;2;3020;4;4010;15;207560;78;550667;44;240558;30;169356
01.04.2022 00:00;2;2000;3;3000;7;57780;36;21080;13;68860;11;275233;2;2000;3;3000;0;0;0;0;2;2020;1;1100;9;149934;34;152754;22;102360;19;78180
01.04.2022 01:00;0;0;1;1000;2;40110;26;70025;7;115388;7;126268;0;0;1;990;0;0;0;0;0;0;3;4020;6;120510;26;102784;4;2588420;8;2613580
01.04.2022 02:00;0;0;0;0;1;410;20;58990;6;86960;2;32460;0;0;0;0;0;0;0;0;2;2010;0;0;2;43470;18;66609;0;3600000;0;3600000
01.04.2022 03:00;1;1000;0;0;3;2420;13;27060;3;68560;2;16260;1;1000;0;0;0;0;0;0;0;0;0;0;2;26050;11;56044;0;3600000;0;3600000
01.04.2022 04:00;3;3000;2;2000;6;9380;37;41630;3;54810;7;210550;3;3000;2;2000;0;0;0;0;0;0;0;0;5;79910;35;138073;5;3262236;5;3263206
01.04.2022 05:00;4;3980;4;4000;9;98160;128;288288;16;268995;13;209706;4;3990;4;3990;0;0;0;0;0;0;2;2010;11;221230;101;586714;42;187040;20;84496
01.04.2022 06:00;4;3990;5;5000;24;356055;341;762976;67;704023;58;990074;4;4000;5;5000;0;0;0;0;5;5160;3;3010;25;457381;128;1673093;81;1122091;51;767946
01.04.2022 07:00;5;4990;4;4000;63;680415;565;1393548;180;1555436;153;1698101;5;4990;5;5000;0;0;0;0;31;36130;18;19470;66;1094075;151;3000045;0;3600000;0;3600000
01.04.2022 08:00;5;4990;4;4000;100;966697;522;1537668;169;1758884;148;1928746;5;5000;4;3900;0;0;0;0;33;36640;17;17348;81;1153303;214;2768666;0;3600000;0;3600000
01.04.2022 09:00;4;4000;5;5000;80;699204;437;1511522;166;1686940;148;1751631;4;4000;4;4100;0;0;0;0;36;41580;13;13170;89;1389088;171;2506503;0;3600000;0;3600000
01.04.2022 10:00;4;3990;4;4000;104;936894;370;1522462;157;1218512;166;1523736;4;4000;4;4000;0;0;0;0;25;27740;15;15510;104;1367698;141;2436377;0;3600000;0;3600000
01.04.2022 11:00;4;3990;3;2990;111;919135;366;1313371;142;1036601;143;1165352;4;4000;4;4000;0;0;0;0;37;39437;11;11080;102;1443619;163;2436073;75;2788287;73;2371991
01.04.2022 12:00;4;4000;5;4990;102;795480;427;1676877;186;1604866;164;1753218;4;4000;4;3990;0;0;0;0;30;31470;14;14560;124;1670877;179;2568104;30;3232114;30;2924894
01.04.2022 13:00;3;3000;3;3000;92;946432;454;1512366;173;1876538;179;1905804;3;3000;3;3000;0;0;0;0;48;55610;13;13340;100;1607166;200;2430350;0;3600000;0;3600000
01.04.2022 14:00;5;4990;5;5000;86;922324;482;1826668;176;1979617;151;1858813;5;5000;5;4990;0;0;0;0;36;48810;18;18090;105;1691670;151;2834850;0;3600000;0;3600000
01.04.2022 15:00;4;3970;4;3990;105;1221605;499;1854111;164;1961031;131;1544813;4;4000;4;3990;0;0;0;0;46;67580;7;7020;105;1715667;207;2460957;0;3600000;0;3600000
01.04.2022 16:00;4;3990;4;4000;100;943921;483;1706713;153;1963672;115;1935524;4;4000;4;3990;0;0;0;0;39;44070;10;11230;73;1299854;266;2429137;82;2649141;84;2292757
01.04.2022 17:00;4;3990;4;3990;65;296266;502;1546338;153;1720385;127;1552810;4;4000;4;3990;0;0;0;0;34;36720;7;7010;99;1625167;226;2630854;142;2214026;127;1471503
01.04.2022 18:00;4;3990;3;3000;79;773087;455;1385653;140;1429623;116;1574377;4;4000;4;3990;0;0;0;0;27;31062;18;18880;107;1707872;174;2414917;122;2077578;131;1473073
01.04.2022 19:00;4;3980;4;4000;58;401045;387;1181443;115;1527100;91;1455124;4;3990;4;4000;0;0;0;0;29;32350;6;6020;71;1183340;176;1932038;104;1845604;106;1113182
01.04.2022 20:00;4;4000;5;5000;49;357281;302;1171073;82;823438;58;777098;4;4000;4;4000;0;0;0;0;22;24950;4;4000;73;942581;126;2137637;122;1174248;108;902468
01.04.2022 21:00;4;4000;4;4000;39;289958;233;1007542;78;741685;61;688159;4;3980;4;3990;0;0;0;0;24;26960;4;4720;44;455572;135;1997558;97;768477;99;668780
01.04.2022 22:00;4;4000;4;4000;28;340790;221;900112;66;798882;46;474224;4;4000;4;3990;0;0;0;0;13;16960;7;7240;43;630962;130;1740430;84;640828;89;704129
01.04.2022 23:00;2;2000;2;2000;17;183480;177;617710;40;424055;26;310172;2;2000;2;1990;0;0;0;0;8;8310;5;5450;29;400782;113;1145697;63;350838;73;454530
02.04.2022 00:00;2;1990;2;2000;13;141680;86;297320;21;176915;16;174917;2;2000;2;2000;0;0;0;0;6;6050;5;5510;11;108160;71;383856;37;442958;34;201160
02.04.2022 01:00;2;1990;2;2000;4;32700;42;115420;14;123477;11;165264;2;2000;2;2000;0;0;0;0;1;1840;0;0;5;60940;36;161060;26;192570;29;130100
02.04.2022 02:00;2;2000;2;2000;15;156010;35;201990;16;126760;11;191350;2;2000;2;1990;0;0;0;0;3;3010;2;2000;11;138900;34;175239;104;728183;27;705600
02.04.2022 03:00;2;2000;2;2000;6;43450;22;73980;7;60075;8;151425;2;2000;2;2000;0;0;0;0;2;3080;0;0;6;124270;24;75470;14;565122;18;393332
02.04.2022 04:00;2;1990;2;2000;8;7360;33;17790;7;125090;5;133204;2;2000;2;2000;0;0;0;0;0;0;1;1010;7;74860;33;115960;13;70670;15;75560
02.04.2022 05:00;4;3980;4;4000;7;27460;52;132433;13;210730;12;235380;4;4000;4;3990;0;0;0;0;0;0;0;0;16;89070;56;251249;18;114430;30;227865
02.04.2022 06:00;-1;-1;-1;-1;-1;-1;-1;-1;-1;-1;-1;-1;-1;-1;-1;-1;-1;-1;-1;-1;-1;-1;-1;-1;-1;-1;-1;-1;-1;-1;-1;-1
02.04.2022 07:00;3;2990;4;3990;9;21330;140;375020;33;412798;25;382060;3;3000;4;3980;0;0;0;0;6;7440;1;1150;11;177766;112;570967;61;425589;55;218972
02.04.2022 08:00;4;4000;4;3990;21;186439;222;656177;65;679699;47;662764;4;3990;4;3980;0;0;0;0;23;25030;3;3010;37;426755;189;968749;72;620682;50;275604
02.04.2022 09:00;4;3990;4;4000;32;314025;284;1216095;100;832141;107;1147742;4;3990;4;4000;0;0;0;0;24;28930;8;8020;48;687525;238;1717558;46;2615378;38;2449910
02.04.2022 10:00;4;4000;4;4000;43;315650;324;1460867;135;1081587;118;1228291;4;4000;4;3990;0;0;0;0;31;35340;7;7320;67;1059109;197;2047031;0;3600000;0;3600000
02.04.2022 11:00;4;3970;4;4000;54;466324;336;1632099;120;1159807;102;1113629;4;4000;4;4000;0;0;0;0;33;36046;13;13540;81;931145;182;2226921;0;3600000;0;3600000
02.04.2022 12:00;4;4000;4;3980;77;671383;394;1655782;122;1271390;109;1210014;4;3990;4;3990;0;0;0;0;48;53900;9;9040;100;1561374;162;2501066;14;3409549;23;3244348
02.04.2022 13:00;4;3990;4;4000;52;389930;366;1417046;123;1088561;115;1383966;4;3990;4;4052;0;0;0;0;35;40680;9;9490;66;871450;175;2301154;96;2082454;91;1656044
02.04.2022 14:00;4;4000;4;4000;52;577445;389;1270486;129;1254057;106;976814;4;4000;4;3990;0;0;0;0;38;43750;6;6230;77;1081346;183;2020594;116;1880590;111;1271003
02.04.2022 15:00;4;3990;4;4000;56;569881;384;1283333;133;1021278;151;1380068;4;4000;4;3990;0;0;0;0;42;46850;13;12920;86;1413376;183;2226697;82;1892177;88;1416763
02.04.2022 16:00;4;4000;4;3990;71;566315;442;1335284;159;1475499;173;1692324;4;4000;4;3990;0;0;0;0;42;49470;12;12160;82;1195824;191;2424993;103;1991250;96;1581065
02.04.2022 17:00;4;4000;4;4000;52;686129;373;1530970;126;1201802;100;1228242;4;4000;4;4000;0;0;0;0;47;52450;10;10450;62;988947;171;2392797;91;2000275;104;1543754
02.04.2022 18:00;3;3000;3;2990;55;436513;363;1371148;108;1082047;87;958419;3;2990;3;3000;0;0;0;0;44;56600;9;8770;81;1217038;173;2314540;118;1137577;124;751352
02.04.2022 19:00;4;3990;4;4000;51;622933;317;1315510;81;561204;74;771923;4;4000;4;4000;0;0;0;0;35;35820;10;10940;69;893908;150;1968105;33;2967569;35;2795800
02.04.2022 20:00;4;4000;4;4000;35;258154;221;1131137;70;603650;57;666955;4;4000;4;4000;0;0;0;0;24;28560;7;7170;48;459161;133;1457012;0;3600000;0;3600000
02.04.2022 21:00;4;4000;4;4000;21;125790;243;762902;51;458892;43;493803;4;3990;4;4000;0;0;0;0;24;28510;10;11060;32;363285;166;1220097;0;3600000;0;3600000
02.04.2022 22:00;4;4000;4;3990;30;259365;228;969878;62;788640;50;507928;4;4000;4;3990;0;0;0;0;14;14990;3;3110;41;600984;142;1274144;81;671166;79;677053
02.04.2022 23:00;2;2000;2;2000;18;133500;150;500790;40;342171;31;357806;2;2000;2;2000;0;0;0;0;7;9930;6;6020;26;375376;110;649482;51;1081927;38;1030019
03.04.2022 00:00;2;1990;2;1990;9;102968;98;310530;14;273155;18;310541;2;2000;2;2000;0;0;0;0;6;8700;3;3020;15;179008;92;431940;59;368913;35;323323
03.04.2022 01:00;2;1990;2;2000;11;105600;62;190168;18;102520;15;231120;2;2000;2;2000;0;0;0;0;0;0;0;0;8;83247;54;258093;24;87780;30;86140
03.04.2022 02:00;2;2000;2;2000;7;45760;55;140530;14;122590;18;240966;2;1990;2;1990;0;0;0;0;2;2020;1;1000;6;71300;42;153110;20;60253;22;61010
03.04.2022 03:00;2;1990;2;2000;5;49850;38;136090;6;115374;5;84310;2;1990;2;2000;0;0;0;0;1;1070;0;0;11;58770;39;135320;17;38700;12;31640
03.04.2022 04:00;2;1990;2;1990;4;28570;22;31250;3;42090;5;110090;2;2000;2;2000;0;0;0;0;0;0;0;0;6;61770;19;71010;9;24130;10;26010
03.04.2022 05:00;2;2000;2;2000;3;3300;35;19160;10;171951;8;254366;2;1990;2;2000;0;0;0;0;1;1010;1;1000;6;93720;27;88049;16;833914;15;832354
03.04.2022 06:00;2;2000;2;1990;4;22440;35;24050;5;82414;2;69707;2;2000;2;2000;0;0;0;0;2;2020;0;0;8;164790;29;90320;20;751819;12;729439
03.04.2022 07:00;2;2000;2;2000;5;38020;34;133343;12;243550;19;350608;2;2000;2;1990;0;0;0;0;0;0;0;0;8;90329;27;90160;24;106770;13;38240
03.04.2022 08:00;2;2000;2;2000;5;38620;102;303245;28;422390;23;336230;2;2000;2;2000;0;0;0;0;3;4080;1;1010;9;101780;80;357938;33;114115;45;150690
03.04.2022 09:00;4;3990;4;4000;16;109980;169;609951;67;598500;57;549165;4;4000;4;4000;0;0;0;0;13;25710;4;4720;24;375753;131;815564;55;1058865;46;872365
03.04.2022 10:00;4;4000;4;3990;25;265337;217;725753;74;610040;57;632187;4;4000;4;4000;0;0;0;0;12;12300;9;9070;35;375455;152;1092525;82;1107810;65;738400
03.04.2022 11:00;4;3970;4;3990;31;143766;283;1159245;93;770260;112;1070529;4;3990;4;4000;0;0;0;0;22;26820;8;8150;47;479503;146;1723611;100;1389772;98;1064548
03.04.2022 12:00;4;3990;4;4000;40;197990;298;837994;100;832548;67;636178;4;4000;4;4000;0;0;0;0;16;16920;8;8420;48;590331;175;1398829;117;1082323;97;697443
03.04.2022 13:00;4;4000;4;4000;43;446473;356;1282171;123;966130;106;1019449;4;4000;4;3990;0;0;0;0;32;37270;9;9210;51;708934;177;1971890;110;1251311;110;879109
03.04.2022 14:00;4;3990;3;3000;53;326980;382;1188284;109;841631;85;939086;4;4000;4;4000;0;0;0;0;27;29700;11;11030;62;717311;200;1815922;71;2277824;57;2059370
03.04.2022 15:00;4;3980;4;4000;42;381455;386;1228156;116;860571;97;1049043;4;4000;4;4000;0;0;0;0;36;42840;4;4160;93;1285387;185;1984784;93;1781556;80;1486869
03.04.2022 16:00;4;3990;4;4000;45;210015;359;1166205;107;887962;98;979729;4;4000;4;4000;0;0;0;0;33;38400;8;8040;43;589677;184;1706704;29;3095784;28;3007520
03.04.2022 17:00;4;4000;4;4000;43;380784;400;1400768;108;784554;88;837186;4;4000;4;4000;0;0;0;0;24;26550;13;13325;62;906596;194;2138226;19;3280708;16;3208271
03.04.2022 18:00;4;3990;4;4000;33;165800;396;1178079;104;1018031;82;888943;4;4000;4;3990;0;0;0;0;25;29570;8;8490;60;636070;194;1923001;108;1479710;86;1025362
03.04.2022 19:00;4;4000;4;4000;35;158249;290;1022093;81;765059;55;517467;4;4000;4;3990;0;0;0;0;13;15300;3;3010;47;561854;175;1665956;121;1052563;90;499585
03.04.2022 20:00;4;3990;4;3990;29;199573;197;819766;50;604854;31;395119;4;4000;4;4000;0;0;0;0;10;10260;5;5130;41;548239;129;1076127;124;631962;84;455912
03.04.2022 21:00;4;3970;4;4000;25;331610;161;593316;48;536290;35;368330;4;4000;4;4000;0;0;0;0;6;7030;5;5900;35;421020;117;952536;78;1119130;49;1034487
03.04.2022 22:00;4;4000;4;4000;24;200354;113;440645;34;320240;39;496812;4;3990;4;4000;0;0;0;0;6;6480;1;1160;39;465672;91;480740;55;1856450;23;1715580
03.04.2022 23:00;2;2000;2;2000;7;47020;68;106250;25;402557;12;186849;2;2000;2;2000;0;0;0;0;2;2020;1;1010;15;177756;57;266510;0;3600000;0;3600000
04.04.2022 00:00;2;2000;3;3000;4;19900;45;73440;9;45440;11;192330;2;2000;3;3000;0;0;0;0;1;1010;0;0;12;94780;38;149515;0;3600000;0;3600000
04.04.2022 00:00;2;2000;3;3000;4;19900;45;73440;9;45440;11;192330;2;2000;3;3000;0;0;0;0;1;1010;0;0;12;94780;38;149515;0;3600000;0;3600000
04.04.2022 01:00;0;0;1;1000;2;16640;16;6320;4;39390;6;136621;0;0;1;1000;0;0;0;0;0;0;0;0;0;0;15;52907;5;936656;5;927266
04.04.2022 02:00;0;0;0;0;1;32480;14;21670;3;23570;3;60340;0;0;0;0;0;0;0;0;0;0;0;0;4;12520;10;35675;5;13190;3;6060
04.04.2022 03:00;1;1000;0;0;2;6140;17;30620;4;79100;2;15450;1;1000;0;0;0;0;0;0;0;0;0;0;3;88701;15;58040;2;3590530;2;3590520
04.04.2022 04:00;3;3000;2;2000;5;12440;36;162350;9;186940;6;140380;3;2990;2;2000;0;0;0;0;0;0;0;0;6;54210;39;144445;0;3600000;0;3600000
04.04.2022 05:00;4;3970;4;4000;14;96520;153;458920;29;323456;33;473931;4;4000;4;3990;0;0;0;0;1;1000;2;2000;19;226970;105;778341;0;3600000;0;3600000
04.04.2022 06:00;4;3990;5;5000;23;219650;406;869783;61;625377;56;895759;4;3990;5;4990;0;0;0;0;7;7080;5;5480;24;364396;141;1890284;71;1862622;47;1586284
04.04.2022 07:00;5;5052;4;3990;64;613080;617;1408479;167;1576526;160;1655355;5;4990;4;4000;0;0;0;0;18;21640;13;14540;64;1063730;198;3113614;98;1623291;88;997114
04.04.2022 08:00;4;3990;5;5000;81;894164;581;1369699;151;1328169;151;1847195;5;5000;5;4990;0;0;0;0;33;35980;13;13070;63;906735;213;2982274;104;1969186;123;1361676
04.04.2022 09:00;5;5000;4;4000;75;773498;454;1341856;160;1648606;141;1910482;4;4000;4;4000;0;0;0;0;23;25360;8;8030;75;1439736;211;2414992;68;2590220;87;2099193
04.04.2022 10:00;4;3990;5;5000;63;598224;385;1297925;152;1429938;162;1590309;4;3990;5;5000;0;0;0;0;46;48820;19;19570;83;1338070;158;2491659;110;1782246;123;1000272
04.04.2022 11:00;5;5000;4;4000;79;531109;359;1275168;164;1207902;148;1396554;4;3990;4;4000;0;0;0;0;38;43170;19;20020;87;1323737;158;2344950;97;2334997;68;1986643
04.04.2022 12:00;4;3990;4;4000;93;710880;379;1538117;147;1226964;122;1112579;4;4000;4;4000;0;0;0;0;38;44510;6;6000;89;1466537;167;2358001;47;2812706;49;2621554
04.04.2022 13:00;5;4990;5;5000;80;562036;393;1576944;155;1231627;146;1396487;5;5000;5;5000;0;0;0;0;44;48430;17;17860;85;1386353;157;2691066;117;2046288;113;1212619
04.04.2022 14:00;4;4000;4;4000;88;757020;384;1468516;143;1220672;124;1292930;4;4053;4;4000;0;0;0;0;41;42570;14;14430;93;1530956;180;2193042;89;2480685;113;1562853
04.04.2022 15:00;3;2980;4;4000;103;970815;430;1548657;155;1544480;154;1710704;4;4000;4;3980;0;0;0;0;57;67060;17;17460;93;1801714;185;2478610;88;2659843;110;1779136
04.04.2022 16:00;4;4000;4;4000;99;1037560;468;1394382;161;2334504;157;1905398;3;3000;4;4000;0;0;0;0;51;68350;22;23950;80;2151974;254;2432949;38;3358465;64;2934975
04.04.2022 17:00;3;3000;4;3980;103;933912;498;1310011;157;1941007;122;1700018;3;3000;4;3990;0;0;0;0;40;46780;18;18410;96;1873376;236;2297828;73;2831489;75;2548106
04.04.2022 18:00;5;5000;4;4000;88;893579;386;1286206;117;1251511;108;1763868;5;5000;4;4000;0;0;0;0;47;53731;12;12040;91;1510065;214;2037621;135;1985241;145;1298678
04.04.2022 19:00;4;4000;4;4000;65;820072;325;929308;112;1680026;85;1030622;4;3990;4;4000;0;0;0;0;23;24310;12;12440;63;995567;197;1365249;88;1867133;116;1276051
04.04.2022 20:00;4;4000;4;4000;42;287630;198;858018;72;591863;54;486787;4;3990;4;4000;0;0;0;0;25;31920;9;9065;56;547301;145;1069942;103;760515;71;605050
04.04.2022 21:00;4;3980;4;4000;28;124573;143;661030;57;548890;48;545259;4;4000;4;4000;0;0;0;0;20;22620;5;6930;34;283220;114;784394;94;616883;55;489807
04.04.2022 22:00;4;4000;4;4000;23;57940;134;457916;49;361603;39;455360;4;4000;4;4000;0;0;0;0;12;12380;5;5000;27;362160;90;466350;64;677280;49;616740
04.04.2022 23:00;2;1990;2;2000;11;111930;79;328719;14;58710;16;294611;2;2000;2;1990;0;0;0;0;5;5250;7;7343;22;211850;66;358846;39;221880;29;128090
05.04.2022 00:00;2;2000;3;3000;7;63490;40;56250;9;158270;8;168890;2;2000;3;2990;0;0;0;0;0;0;0;0;10;160064;35;178621;23;119960;11;47650
05.04.2022 01:00;0;0;1;1000;4;35240;10;5180;6;20580;4;45520;0;0;1;1000;0;0;0;0;0;0;0;0;4;99940;7;30700;14;625432;13;632282
05.04.2022 02:00;0;0;0;0;2;43930;8;33640;0;0;0;0;0;0;0;0;0;0;0;0;0;0;0;0;5;71692;7;32220;13;895835;11;884937
05.04.2022 03:00;1;1000;0;0;2;1620;14;36360;6;81860;3;19280;1;1000;0;0;0;0;0;0;0;0;0;0;1;8350;13;59660;9;846714;9;845034
05.04.2022 04:00;3;3054;2;2000;7;48580;30;42470;6;107450;8;156910;3;3000;2;2000;0;0;0;0;0;0;0;0;10;100500;27;124300;12;1884735;13;1888735
05.04.2022 05:00;4;4000;4;3980;12;91630;157;332570;23;270760;24;348750;4;4000;4;3990;0;0;0;0;3;3020;2;2000;11;79959;102;692680;29;648610;33;682340
05.04.2022 06:00;4;3990;5;5000;21;341836;409;836779;55;747823;47;768034;4;4000;5;5000;0;0;0;0;10;11850;7;7020;27;550833;110;2054564;99;776194;71;458137
05.04.2022 07:00;5;4990;4;3990;71;590847;576;1777365;174;1759134;149;1987558;5;4990;4;4000;0;0;0;0;26;35970;11;11040;78;1078226;106;3238831;96;1753713;104;1020656
05.04.2022 08:00;4;3990;4;4000;90;779375;613;1699187;156;1741435;163;1880092;5;5000;5;4990;0;0;0;0;17;17790;13;13700;85;1492269;108;3357209;97;1987312;128;1323483
05.04.2022 09:00;4;4000;5;4990;60;530738;545;1646615;162;1725316;150;1525124;3;2990;4;3990;0;0;0;0;36;45430;11;11080;65;1043245;144;3059113;104;1761051;103;1150265
05.04.2022 10:00;5;5000;4;4000;60;499549;403;1481850;161;1164380;157;1615589;5;5000;4;4000;0;0;0;0;33;39120;9;9360;81;1388028;150;2469638;120;1484776;144;1299805
05.04.2022 11:00;4;3990;4;4000;85;736723;391;1322788;157;1508950;172;1726911;4;4000;4;4000;0;0;0;0;39;43133;11;11510;87;1563747;175;2345893;60;2484076;90;2785507
05.04.2022 12:00;4;4000;3;2990;90;814298;357;1696350;128;1049990;178;1573290;4;4000;3;3000;0;0;0;0;45;49510;12;12870;84;1577355;157;2432903;92;2317739;97;1620179
05.04.2022 13:00;5;5000;4;4000;98;665672;379;1676917;158;1226726;155;1425496;5;4990;4;3980;0;0;0;0;40;46550;21;21160;89;1304267;144;2590696;121;1688366;118;1098403
05.04.2022 14:00;4;4000;5;4990;94;691131;386;1373528;159;1182442;148;1303585;4;4000;6;6000;0;0;0;0;43;47893;8;8240;91;1397792;146;2552105;122;2090693;131;1135298
05.04.2022 15:00;4;4000;4;4045;88;863422;440;1572187;170;1939142;152;1558778;4;4000;4;3990;0;0;0;0;43;49120;28;31850;101;1571319;215;2573368;119;2181232;144;1229232
05.04.2022 16:00;4;3990;4;4000;94;1130843;510;1342171;162;2009015;147;1933670;4;3990;4;3990;0;0;0;0;41;43090;20;20970;103;1769980;205;2609756;146;2402925;147;1927052
05.04.2022 17:00;4;4000;5;5000;128;1182013;442;1522302;165;1986750;149;1702870;4;4000;4;4000;0;0;0;0;55;63640;16;16540;101;1922340;196;2439234;51;3034016;65;2948340
05.04.2022 18:00;4;4000;3;3000;91;926897;446;1413561;156;1611903;125;1595266;4;4000;4;4000;0;0;0;0;48;54930;25;25970;103;1693190;211;2361532;0;3600000;0;3600000
05.04.2022 19:00;4;4000;5;4990;67;558203;351;1130791;102;1227038;86;1192109;4;4000;4;3990;0;0;0;0;41;45660;10;10520;82;890775;167;1801727;15;3408564;17;3348519
05.04.2022 20:00;4;4000;4;4000;41;216763;229;1012199;78;584278;60;593334;4;4000;4;3990;0;0;0;0;26;28970;8;8590;59;748189;129;1394135;121;1025951;91;847401
05.04.2022 21:00;4;4000;4;4056;30;190610;199;794917;59;473343;61;679081;4;3990;4;3990;0;0;0;0;8;8990;7;7570;41;563587;126;1111277;97;535011;63;463676
05.04.2022 22:00;4;4000;4;4000;27;280810;155;569320;58;508140;41;367820;4;4000;4;4000;0;0;0;0;15;16280;4;4010;27;368274;115;925870;82;925900;61;706361
05.04.2022 23:00;2;2000;2;2000;15;155630;100;241020;15;142450;18;267150;2;2000;2;1990;0;0;0;0;10;11190;2;2000;18;237890;84;403114;25;1958287;29;1993253
06.04.2022 00:00;2;2000;3;2990;9;74580;31;74632;4;45648;15;370738;2;1990;3;3000;0;0;0;0;3;5230;1;1060;10;134292;26;121740;0;3600000;0;3600000
06.04.2022 01:00;0;0;1;990;4;37510;18;56840;3;18410;5;92870;0;0;1;1000;0;0;0;0;0;0;0;0;4;122980;14;53590;3;1531971;5;1536711
06.04.2022 02:00;0;0;0;0;1;41540;11;7220;4;9820;4;39130;0;0;0;0;0;0;0;0;0;0;0;0;4;26120;12;41190;5;1282440;4;1280760
06.04.2022 03:00;1;1000;0;0;5;33650;13;7170;3;18000;1;1140;1;1000;0;0;0;0;0;0;0;0;0;0;1;5520;13;49720;2;736284;4;742184
06.04.2022 04:00;3;3000;2;1990;8;25500;27;12260;5;78080;5;106330;3;3000;2;2000;0;0;0;0;0;0;0;0;9;125720;25;110640;22;455289;18;393559
06.04.2022 05:00;4;4000;4;4000;14;36250;143;314017;23;287840;24;406745;4;4000;4;4000;0;0;0;0;0;0;1;1000;14;141090;93;710597;43;407954;32;349730
06.04.2022 06:00;4;4000;5;5000;23;273124;412;977711;61;963899;46;921939;4;4000;5;5000;0;0;0;0;7;7470;2;2010;25;530883;130;2202621;95;862004;60;486020
06.04.2022 07:00;5;5000;5;5000;68;752733;599;1500987;160;1751043;122;1816530;5;5000;5;5000;0;0;0;0;35;54858;22;22160;68;1234077;191;2979036;66;2441585;66;1900260
06.04.2022 08:00;5;4990;3;3000;79;737957;572;1231689;151;1538661;146;1693996;5;4990;4;4000;0;0;0;0;20;20685;11;11260;63;1300414;225;2809456;101;2238520;104;1623634
06.04.2022 09:00;4;4000;5;5000;58;419196;484;1411212;159;1305265;153;1607875;4;4000;4;4000;0;0;0;0;35;41050;10;10254;81;1151778;165;2697361;96;2079360;92;1157783
06.04.2022 10:00;4;4000;3;3000;84;770910;405;1421788;171;1372293;167;1591494;4;4000;4;4000;0;0;0;0;25;28260;17;17070;89;985740;150;2516716;5;3400230;10;3401570
06.04.2022 11:00;4;3990;5;5000;92;573379;423;1418740;159;972847;162;1474405;4;4000;4;4000;0;0;0;0;32;36250;11;11390;90;1085124;182;2222092;93;2841127;74;2843762
06.04.2022 12:00;4;3990;4;3990;86;498710;413;1459501;142;1417521;144;1268635;4;4000;4;4000;0;0;0;0;31;33640;10;10240;112;1495595;163;2490952;101;1955648;131;1240707
06.04.2022 13:00;5;5000;5;4980;116;709479;434;1354457;172;1444500;155;1453700;5;4990;5;5000;0;0;0;0;32;37990;21;21600;108;1491652;158;2533119;113;1870289;121;1284587
06.04.2022 14:00;4;4000;4;4000;78;676640;430;1583265;185;1481753;155;1541993;4;3980;4;4056;0;0;0;0;32;35930;12;13110;127;1500227;160;2601123;122;2298210;128;1612493
06.04.2022 15:00;3;2990;4;4000;83;597212;505;1360550;168;1386739;149;1599252;4;4000;4;4050;0;0;0;0;43;60373;19;20820;93;1425473;217;2322553;112;2537696;123;1546457
06.04.2022 16:00;4;4000;4;4000;106;878245;489;1440903;152;1850470;138;1607749;4;4000;4;3990;0;0;0;0;53;64340;41;45080;91;1530722;224;2578771;58;2933987;55;2790071
06.04.2022 17:00;5;5000;4;4000;115;816495;478;1807217;172;1787831;130;1524814;4;4000;4;4000;0;0;0;0;52;67650;15;15050;111;1725255;209;2606515;0;3600000;0;3600000
06.04.2022 18:00;4;3990;4;3990;109;1037114;463;1581582;137;1612870;123;1753901;4;3980;4;4000;0;0;0;0;58;68410;9;9060;101;1634928;230;2142327;85;2571699;86;2244823
06.04.2022 19:00;4;4000;4;3990;64;682068;353;855206;91;1204041;96;1448119;4;3990;4;3980;0;0;0;0;34;49188;7;7010;78;1164283;225;1262361;77;2356535;75;2205948
06.04.2022 20:00;4;4000;4;4000;56;298079;234;1054293;106;845772;70;585358;4;4000;4;3990;0;0;0;0;37;41610;6;6220;69;774155;143;1626598;104;1221321;86;977196
06.04.2022 21:00;4;4000;4;4000;33;206255;208;887097;56;398864;42;551842;4;4000;4;4000;0;0;0;0;16;20710;4;4340;51;572770;129;1123569;122;883628;76;602248
06.04.2022 22:00;4;4000;4;4000;32;105610;171;707716;63;705009;34;469447;4;4054;4;4000;0;0;0;0;12;13770;5;5020;31;191090;117;786256;100;778759;66;629566
06.04.2022 23:00;2;2000;2;2000;23;146065;110;376745;32;315890;19;319434;2;2000;2;2000;0;0;0;0;3;3010;3;3170;24;254220;93;566298;31;2297310;38;2319640
07.04.2022 00:00;2;2000;3;2980;9;42013;59;120871;7;54570;4;105940;2;1990;3;3000;0;0;0;0;3;3020;1;1010;7;124530;43;199366;0;3600000;0;3600000
07.04.2022 01:00;0;0;1;1000;2;3810;23;92340;4;34834;3;78550;0;0;1;1000;0;0;0;0;0;0;1;1060;5;53250;19;66520;15;403359;9;382289
07.04.2022 02:00;0;0;0;0;2;1130;14;11480;6;72150;3;54170;0;0;0;0;0;0;0;0;1;1080;0;0;4;70290;13;48460;6;309235;8;320745
07.04.2022 03:00;1;1000;0;0;4;4290;20;64660;5;88210;2;1650;1;1000;0;0;0;0;0;0;0;0;0;0;4;23700;15;53251;9;797114;8;795054
07.04.2022 04:00;3;3000;2;2000;9;27137;30;47310;1;34900;4;95615;3;2990;2;2000;0;0;0;0;0;0;0;0;10;123237;23;134510;62;106887;17;65620
07.04.2022 05:00;4;3990;4;4000;14;67020;151;342175;16;211927;20;333510;4;3990;4;3990;0;0;0;0;1;1550;0;0;16;184840;82;695157;35;405878;33;407205
07.04.2022 06:00;4;3990;5;4990;25;235390;444;975881;51;744151;57;1167785;4;4000;5;5000;0;0;0;0;7;7070;7;7020;28;322990;177;1852720;85;1185841;51;696742
07.04.2022 07:00;5;4990;4;4000;74;893409;606;1427941;149;1684849;140;1646274;5;4980;5;4970;0;0;0;0;28;30610;23;26990;75;1182834;197;2902553;93;1971135;100;1295635
07.04.2022 08:00;5;4990;4;3980;83;776250;609;1276290;168;1875753;164;2256677;5;5000;4;3990;0;0;3;1140;28;32330;14;14080;58;1007975;234;2862433;52;2751481;76;2096736
07.04.2022 09:00;3;3000;5;5000;57;507264;444;1434347;150;1354444;138;1838154;3;2990;4;3990;0;0;0;0;31;34720;14;14260;70;1356123;208;2338374;21;3141092;22;3021467
07.04.2022 10:00;6;6000;5;4980;81;537694;399;1604989;158;974064;150;1282413;7;6590;5;5000;0;0;0;0;21;23670;13;13080;94;1196380;158;2524040;0;3600000;0;3600000
07.04.2022 11:00;6;5990;4;3990;82;454114;386;1515373;163;1131254;160;1233524;5;5380;5;4990;0;0;0;0;30;32840;21;21470;84;1001010;119;2532792;0;3600000;0;3600000
07.04.2022 12:00;4;4000;5;5000;77;541270;392;1629278;160;1307658;157;1395042;4;3990;5;5000;0;0;0;0;27;31530;11;11490;88;1262291;155;2457176;0;3600000;0;3600000
07.04.2022 13:00;4;4000;5;5000;83;454171;420;1867577;174;1203736;158;1615132;4;4000;4;3990;0;0;0;0;28;33810;21;23800;78;1208748;172;2563714;59;3009612;67;2523877
07.04.2022 14:00;4;4000;3;3000;76;535123;397;1607965;166;1270228;174;1460673;4;4000;3;3000;0;0;0;0;37;45268;25;27360;92;1274014;182;2416348;60;2990223;76;2555734
07.04.2022 15:00;4;4000;5;4990;104;941724;484;1770562;150;1590429;159;1771458;4;4000;5;5044;0;0;0;0;45;52520;19;20230;113;1833020;178;2622932;0;3600000;0;3600000
07.04.2022 16:00;4;3990;4;3990;116;808877;533;1693166;176;1822391;169;1872152;4;4000;4;4000;0;0;0;0;33;37050;23;23510;105;1924552;207;2786237;0;3600000;0;3600000
07.04.2022 17:00;4;3980;3;3000;114;903862;534;1858981;155;1865409;132;1752064;4;4000;4;4000;0;0;0;0;44;49790;20;20430;121;1867332;220;2654855;0;3600000;0;3600000
07.04.2022 18:00;4;4000;4;4000;117;818746;477;1431714;138;1317281;126;1459971;4;4000;4;3990;0;0;0;0;45;48800;14;15200;118;1616188;263;2165746;0;3600000;0;3600000
07.04.2022 19:00;4;3980;4;3990;87;601517;366;1210167;132;1358130;104;1025595;4;3990;4;4000;0;0;0;0;30;33300;10;10090;71;1581975;217;1656366;98;2129607;100;1447084
07.04.2022 20:00;4;3990;4;4000;48;202542;216;1036867;94;609661;89;909182;4;4000;4;4000;0;0;0;0;25;28570;12;12160;67;879872;160;1293071;116;1384093;88;926815
07.04.2022 21:00;4;3990;4;4000;31;210766;225;721229;57;524402;51;679977;4;4000;4;4000;0;0;0;0;17;18510;7;7170;44;563850;159;1029234;41;2527683;44;2451188
07.04.2022 22:00;4;3990;4;3990;37;196540;160;666240;78;513130;57;440730;4;4000;4;4000;0;0;0;0;10;10260;2;2100;49;508922;111;851619;0;3600000;0;3600000
07.04.2022 23:00;2;2000;2;1990;18;100710;115;560997;39;492095;32;396700;2;2000;2;2000;0;0;0;0;6;6060;5;5060;30;239544;86;536745;0;3600000;0;3600000
08.04.2022 00:00;2;2000;3;3000;12;66880;42;148240;13;176800;9;121840;2;2000;3;2990;0;0;0;0;1;1310;1;1010;12;119980;36;144351;0;3600000;0;3600000
08.04.2022 01:00;0;0;1;990;7;102235;32;109456;9;199398;4;95725;0;0;1;1000;0;0;0;0;0;0;0;0;4;59620;25;107095;0;3600000;0;3600000
08.04.2022 02:00;0;0;0;0;4;41150;14;8520;3;85690;6;59840;0;0;0;0;0;0;0;0;0;0;1;1000;3;54820;9;31320;5;1718990;6;1721570
08.04.2022 03:00;1;1000;0;0;3;3330;19;63500;4;34040;5;100782;1;1000;0;0;0;0;0;0;0;0;2;2010;7;112163;18;70590;9;24440;4;7720
08.04.2022 04:00;3;3000;2;2000;9;63300;40;116050;5;41830;5;64493;3;2990;2;1990;0;0;0;0;0;0;0;0;6;84560;37;131930;13;70320;6;22610
08.04.2022 05:00;4;4000;4;4000;15;31520;145;319080;16;203160;21;304404;4;3980;4;4000;0;0;0;0;1;1300;3;3010;19;225543;98;671973;34;145016;25;74310
08.04.2022 06:00;4;3990;5;5000;23;246517;350;840083;50;648183;47;863891;4;3990;5;5000;0;0;0;0;8;8290;3;3120;24;433440;154;1672958;88;1141419;45;670559
08.04.2022 07:00;5;4990;5;4990;65;641107;582;1231259;149;1691506;127;1576057;5;5000;5;5000;0;0;0;0;33;52850;33;33237;65;918663;207;2765819;82;1988866;99;1310184
08.04.2022 08:00;4;4000;3;3000;63;694079;541;1435494;162;1713787;140;2035175;5;4990;4;4027;0;0;0;0;30;36568;15;15040;63;1125150;217;2623654;84;2233185;84;1475123
08.04.2022 09:00;4;3990;4;3990;74;578730;511;1270523;144;1428966;118;1405780;3;3000;3;2990;0;0;0;0;38;56260;14;14950;72;1475344;227;2365522;94;1664898;149;1572666
08.04.2022 10:00;4;4000;4;4000;68;947243;410;1610164;192;1451265;162;1554815;4;3990;4;4000;0;0;0;0;52;68740;24;25330;84;1393733;175;2520623;126;1459523;160;1656690
08.04.2022 11:00;5;4990;4;4000;98;729085;425;1742514;189;1583221;166;1448261;5;4990;4;4000;0;0;0;0;38;52510;18;18090;99;1532624;141;2743883;0;3600000;0;3600000
08.04.2022 12:00;4;3970;5;4990;77;666203;496;1582511;175;1777551;163;1603005;5;5000;6;6000;0;0;0;0;32;35418;14;14680;93;1510090;199;2609681;0;3600000;0;3600000
08.04.2022 13:00;5;5000;4;3990;95;927870;472;1516725;160;1595891;176;1994481;4;4000;4;4000;0;0;0;0;30;36250;14;14050;104;1785337;203;2520163;47;2962216;55;2808556
08.04.2022 14:00;3;2990;4;3990;72;721111;484;1509790;179;1747717;150;1747143;4;3990;4;3990;0;0;0;0;46;57830;13;13220;89;1549867;224;2312631;94;2554891;105;1962462
08.04.2022 15:00;4;3980;5;4990;77;615733;519;1450521;148;2107520;118;2081643;3;3000;4;4000;0;0;0;0;33;38880;30;33760;83;1773575;234;2316230;108;3151532;80;2346762
08.04.2022 16:00;5;4990;4;4000;84;770437;545;1441921;144;1705843;140;1699491;5;4990;4;4000;0;0;0;0;32;35490;19;19240;88;1737389;202;2341003;97;2526461;108;1987209
08.04.2022 17:00;4;4000;4;4000;84;821267;491;1441919;164;1613205;129;1644005;4;4000;4;3990;0;0;0;0;36;37400;19;19760;92;1820619;201;2334230;118;2089584;133;1538759
08.04.2022 18:00;4;3990;3;2990;95;1016399;472;1519757;144;1680886;114;1526911;4;3990;4;3990;0;0;0;0;30;31620;13;13290;97;1738459;184;2266435;110;2508201;103;1432469
08.04.2022 19:00;4;4000;4;4000;49;382875;417;1296335;113;1487967;97;1465599;4;4000;4;4000;0;0;0;0;35;39500;16;17360;73;1306395;152;2121678;91;1928374;101;1413968
08.04.2022 20:00;4;4000;5;4990;43;289888;240;889052;74;632981;67;734690;4;3990;4;4000;0;0;0;0;28;30420;10;10450;66;989423;123;1650507;195;1200156;120;966277
08.04.2022 21:00;4;4000;4;4000;42;420434;241;872382;57;556188;58;650353;4;3980;4;4000;0;0;0;0;16;18640;4;4020;46;685756;157;1588346;75;1896167;66;1836941
08.04.2022 22:00;5;4990;5;5000;38;355290;201;683890;52;671979;47;626955;4;4000;5;4990;0;0;0;0;13;13870;10;10130;42;733644;112;1290009;80;2008478;65;1977123
08.04.2022 23:00;2;2000;2;1990;26;217590;162;547803;39;487050;31;442828;2;2000;2;1990;0;0;0;0;16;16620;5;5200;32;287308;101;922094;66;874188;64;888104
09.04.2022 00:00;2;2000;2;2000;8;10590;97;695814;20;285312;19;347123;2;2000;2;2000;0;0;0;0;2;2920;1;1000;21;271630;92;529735;36;505097;50;627316
09.04.2022 01:00;2;2000;2;2000;7;48950;49;152210;10;62160;12;147980;2;2000;2;2000;0;0;0;0;1;1180;2;2000;10;200193;39;291535;33;141681;42;242670
09.04.2022 02:00;2;2000;2;2000;8;97750;39;52980;7;103640;6;176660;2;2000;2;2000;0;0;0;0;0;0;0;0;5;53210;32;143213;26;99750;29;157680
09.04.2022 03:00;2;1990;2;2000;3;5510;31;26550;4;77890;6;75960;2;2000;2;1990;0;0;0;0;1;1010;1;1000;4;51170;21;180325;11;29290;20;79075
09.04.2022 04:00;3;3000;2;2000;8;82230;43;72400;8;90844;8;154540;3;3000;2;2000;0;0;0;0;0;0;0;0;9;198520;33;157805;11;35900;12;54170
09.04.2022 05:00;4;4000;4;4000;8;56030;67;207078;9;101067;8;122190;4;3980;4;3990;0;0;0;0;0;0;1;1000;8;93460;51;230924;25;90892;29;152747
09.04.2022 06:00;4;4000;4;4000;7;9850;107;171750;10;154230;9;173703;4;3990;4;3980;0;0;1;550;2;2530;2;2010;14;132390;83;444713;31;699015;31;678393
09.04.2022 07:00;3;3000;4;4000;11;67200;140;500103;34;408318;29;476129;3;3000;4;4000;0;0;0;0;3;3030;3;3010;12;153344;97;496048;55;1156130;32;979202
09.04.2022 08:00;4;4000;4;3990;21;78040;224;738115;75;731043;57;476248;4;4000;4;4000;0;0;0;0;13;14450;5;5110;25;236890;137;1134097;83;762058;41;195780
09.04.2022 09:00;4;4000;4;3980;22;173980;307;1407359;104;1120854;102;1204732;4;3990;4;3990;0;0;0;0;34;37672;11;11140;40;531476;145;1919826;96;1798464;64;764784
09.04.2022 10:00;4;4000;4;4000;62;472290;327;1611678;143;895666;125;1077830;4;4000;4;3990;0;0;0;0;28;29760;7;7110;52;823653;140;2126878;121;1293672;90;616055
09.04.2022 11:00;4;3990;4;4000;69;566712;358;1299304;143;1160781;122;1223696;4;4000;4;4000;0;0;0;0;40;43920;10;10150;69;1142443;186;2252130;116;1513705;111;745166
09.04.2022 12:00;5;4990;4;4000;78;667232;407;1411432;139;928651;126;1124916;5;4980;4;4000;0;0;0;0;35;39300;16;17880;74;1179003;166;2454754;116;1635059;121;1194857
09.04.2022 13:00;4;3990;4;4000;74;652460;418;1355978;146;888104;131;1123230;4;3990;4;4000;0;0;0;0;43;49170;15;16460;71;1049911;166;2425048;130;1827062;134;988388
09.04.2022 14:00;3;2990;4;4000;58;619724;444;1428266;115;1172444;103;1121424;3;3000;4;4000;0;0;0;0;34;37910;8;8030;73;1155711;196;2222996;123;1806495;122;1026716
09.04.2022 15:00;5;4970;4;3990;75;732811;378;1425808;102;982482;99;1157681;5;5000;4;3990;0;0;0;0;32;34770;13;13095;73;1181223;161;2307296;125;1641230;97;985149
09.04.2022 16:00;4;4000;4;3980;70;506148;388;1470867;127;1227506;106;1063170;4;3990;4;4000;0;0;0;0;43;47400;12;12110;70;973418;179;2190473;20;3367080;26;3282909
09.04.2022 17:00;3;2990;4;4000;51;528610;403;1574862;144;1128584;115;1026446;3;3000;4;4000;0;0;0;0;31;33040;10;10150;59;1022505;158;2203224;0;3600000;0;3600000
09.04.2022 18:00;5;4990;4;4000;59;358830;344;1461488;97;1345724;86;845814;5;5000;4;4000;0;0;0;0;36;42620;11;11240;73;959236;140;2079688;0;3600000;0;3600000
09.04.2022 19:00;4;4000;4;3990;40;252611;323;1305599;104;732436;84;870441;4;4000;4;4000;0;0;0;0;32;38569;10;10755;60;814662;156;1802384;87;1636610;82;1262668
09.04.2022 20:00;4;4000;4;4000;40;290701;265;1006285;76;690968;56;580874;4;4000;4;3990;0;0;0;0;33;35250;3;3160;51;677745;144;1329767;108;860899;97;762575
09.04.2022 21:00;4;4000;4;4000;31;261162;199;899604;58;617326;44;455486;4;4000;4;3990;0;0;0;0;21;23200;5;5710;36;255350;111;972708;66;1173916;75;1158386
09.04.2022 22:00;4;4000;4;4000;29;315040;218;910564;66;565910;52;614046;4;4000;4;4000;0;0;0;0;20;23730;8;8020;30;331637;133;1170797;0;3600000;0;3600000
09.04.2022 23:00;3;2980;4;3990;13;76215;186;786269;34;369998;35;445973;3;2990;4;4000;0;0;0;0;10;10370;8;8110;32;422106;135;857006;0;3600000;0;3600000
10.04.2022 00:00;2;2000;2;2000;19;90660;103;284414;24;243010;22;211250;2;2000;2;1990;0;0;0;0;9;9570;2;2000;17;263579;87;452295;35;1302850;30;1284940
10.04.2022 01:00;2;1990;2;2000;8;100630;67;228660;20;166800;18;319636;2;2000;2;2000;0;0;0;0;0;0;2;2010;15;299150;60;218710;10;2347990;12;2365900
10.04.2022 02:00;2;2000;2;2000;8;64690;40;102660;12;149980;13;234020;2;2000;2;1990;0;0;0;0;4;4040;2;2073;9;147560;35;147927;0;3600000;0;3600000
10.04.2022 03:00;2;2000;2;2000;7;47790;36;130790;8;120901;4;114480;2;2000;2;1990;0;0;0;0;2;2110;2;2000;9;92340;30;111880;0;3600000;0;3600000
10.04.2022 04:00;2;2000;2;2000;10;135030;28;250624;2;1560;11;215013;2;2000;2;1990;0;0;0;0;0;0;1;1210;10;126510;27;101090;11;1092851;10;1087591
10.04.2022 05:00;2;2000;2;2000;2;3720;27;37520;8;101969;5;88200;2;2000;2;2000;0;0;0;0;0;0;1;1000;9;93200;23;88950;24;1094327;21;1091987
10.04.2022 06:00;2;2000;2;2000;5;21180;28;68280;2;66780;3;111560;2;2000;2;2000;0;0;0;0;1;1010;0;0;6;154591;25;74280;10;1886326;17;1902606
10.04.2022 07:00;2;1990;2;2000;7;10600;49;120170;11;142715;7;188619;2;2000;2;2000;0;0;0;0;2;2660;3;2990;9;232800;40;144347;0;3600000;0;3600000
10.04.2022 08:00;3;3000;2;2000;10;119246;101;407073;26;299827;24;520413;3;3000;2;2000;0;0;0;0;1;1010;3;3000;12;170080;82;407712;0;3600000;0;3600000
10.04.2022 09:00;4;4000;4;3990;15;66670;175;508223;59;496078;49;494884;4;4000;4;4000;0;0;0;0;13;15650;3;3000;25;293690;118;919413;51;2089934;39;1884391
10.04.2022 10:00;4;3980;4;4000;28;171740;253;863940;61;616871;56;541253;4;4000;4;3990;0;0;0;0;10;10440;7;7020;34;436780;165;996257;90;1061538;100;804703
10.04.2022 11:00;4;3990;4;3990;35;351130;301;1107075;88;867589;77;864196;4;4000;4;4000;0;0;0;0;21;24240;6;6030;44;618760;176;1308565;109;1431076;82;877833
10.04.2022 12:00;4;3990;4;4000;44;321318;324;838592;111;1031050;99;999398;4;3990;4;4000;0;0;0;0;23;25180;5;5030;41;595151;179;1657662;88;2044265;72;1571357
10.04.2022 13:00;3;3000;4;4000;51;509102;331;982287;130;1056030;115;1039529;3;2990;4;3990;0;0;0;0;25;30330;10;10040;41;634410;180;1573660;110;1208412;80;823832
10.04.2022 14:00;5;5000;4;4000;45;357896;349;1192965;99;912003;79;858765;5;5000;4;4000;0;0;0;0;27;33235;14;14320;80;1326633;187;1678337;128;1411308;120;933053
10.04.2022 15:00;4;3990;4;3990;53;243596;359;1175723;111;949362;99;824467;4;4000;4;3990;0;0;0;0;22;25020;6;6040;37;447456;169;1895075;111;1059796;104;730275
10.04.2022 16:00;4;3990;4;3990;41;233768;349;1165756;120;820828;92;886401;4;4046;4;4000;0;0;0;0;22;22850;6;6040;39;642349;182;1710212;119;992124;103;634080
10.04.2022 17:00;4;3990;4;3980;52;355047;359;1178566;104;830938;98;905992;4;4000;4;4000;0;0;0;0;27;29240;11;11020;57;703140;206;1921388;111;1208314;136;671521
10.04.2022 18:00;4;3990;4;4000;44;265561;314;1028852;101;762264;77;702373;4;3990;4;3980;0;0;0;0;17;18670;10;10260;41;592678;158;1650216;118;1152566;100;580290
10.04.2022 19:00;4;3990;4;4000;37;341503;294;957350;77;626280;71;635672;4;4000;4;3990;0;0;0;0;19;21320;12;12320;45;664729;161;1528126;111;1043038;108;717383
10.04.2022 20:00;4;3990;4;3990;38;309070;203;851787;56;413529;62;658549;4;4000;4;4000;0;0;0;0;20;23830;8;8060;48;637081;135;1095996;111;758796;84;358590
10.04.2022 21:00;4;4000;4;4000;26;164293;167;643862;47;413187;46;397046;4;4000;4;4000;0;0;0;0;9;9480;7;7030;36;292790;110;953621;90;489747;50;176182
10.04.2022 22:00;4;4000;4;4000;19;142340;118;485306;33;303771;36;542828;4;4000;4;4000;0;0;0;0;5;5030;3;3020;24;298930;91;504439;54;551905;50;441024
10.04.2022 23:00;3;3000;4;3980;19;137300;77;412122;12;147000;20;309229;3;3000;4;3990;0;0;0;0;1;1065;0;0;8;103300;73;297290;32;103930;29;117090
11.04.2022 00:00;2;2000;3;2990;9;67990;42;117475;11;143790;15;305120;2;1990;3;3040;0;0;0;0;1;1000;0;0;11;70660;38;179950;6;2665840;3;2647520
11.04.2022 01:00;0;0;1;1000;1;1210;15;9900;6;81500;5;95910;0;0;1;990;0;0;0;0;0;0;0;0;5;95380;13;43070;0;3600000;0;3600000
11.04.2022 02:00;0;0;0;0;0;0;17;24020;4;102460;5;107720;0;0;0;0;0;0;0;0;1;1000;0;0;2;39370;19;71750;0;3600000;0;3600000
11.04.2022 03:00;0;0;0;0;1;15590;13;6800;4;87075;2;2080;0;0;0;0;0;0;0;0;2;2130;1;1010;0;0;11;45850;0;3600000;0;3600000
11.04.2022 04:00;1;1000;0;0;6;57760;38;109140;4;83820;9;221016;1;1000;0;0;0;0;0;0;0;0;0;0;9;88220;34;146220;0;3600000;0;3600000
11.04.2022 05:00;3;3000;3;2990;15;135200;159;489078;24;243834;18;166805;3;3000;3;3000;0;0;0;0;1;1010;2;2010;11;137620;98;697104;42;1050028;27;997108
11.04.2022 06:00;4;4000;4;4000;22;250044;381;904777;64;496119;62;801511;4;3990;4;4000;0;0;0;0;4;5020;3;3000;32;458972;180;1706332;89;675727;71;410133
11.04.2022 07:00;5;4990;4;4000;32;314010;490;1249403;106;1342306;92;1427572;5;5000;4;3990;0;0;0;0;29;34640;14;15950;36;567724;264;2356789;132;1228759;96;831260
11.04.2022 08:00;4;3990;4;3990;65;606803;548;1307548;140;1486558;111;1579686;4;3980;4;4000;0;0;0;0;28;30670;16;17160;61;997134;202;2690165;103;1753707;115;1208039
11.04.2022 09:00;4;3990;4;4000;53;593719;468;1087518;126;1432488;127;1637048;4;4000;4;3990;0;0;0;0;29;31720;12;12000;63;811359;197;2323025;108;1726809;103;2008260
11.04.2022 10:00;4;3990;4;4000;64;556202;348;1301588;162;1344170;128;1332837;4;4000;4;3990;0;0;0;0;27;30430;16;16680;65;864975;160;2291039;114;1410007;148;1588632
11.04.2022 11:00;4;4000;4;3990;74;546517;386;1314035;144;1055800;149;1474684;4;3990;4;4000;0;0;0;0;42;48880;13;13040;87;998889;173;2311769;105;1576010;127;1401687
11.04.2022 12:00;4;3990;4;4000;80;638378;423;1566488;123;1302132;116;1269811;4;3990;4;4000;0;0;0;0;44;48790;27;28550;89;1193425;173;2357533;108;1741574;118;1132818
11.04.2022 13:00;4;4000;4;3990;74;480144;406;1488883;128;1048703;119;1031020;4;4000;4;4000;0;0;0;0;28;33220;15;15080;77;940450;158;2402218;129;1812905;148;1235692
11.04.2022 14:00;4;3980;4;3980;56;514324;427;1357326;142;1208118;127;1345786;4;4000;4;3990;0;0;0;0;32;36610;12;12170;83;1039268;166;2373853;127;1774742;141;1243553
11.04.2022 15:00;4;3990;4;4000;83;628785;446;1285108;165;1312018;142;1468331;4;4000;4;3990;0;0;0;0;57;73500;17;17750;84;1326783;229;2095786;135;2222210;142;1344906
11.04.2022 16:00;4;4000;4;3980;91;628709;495;1400209;140;1558872;108;1517860;4;4000;4;4000;0;0;0;0;35;38970;18;18180;91;1531945;234;2478106;124;2113025;121;1566290
11.04.2022 17:00;4;3990;4;4000;91;625370;506;1743068;157;1644583;93;1230594;4;4000;4;4000;0;0;0;0;49;64790;14;15900;93;1636579;259;2231769;151;2221713;150;1554159
11.04.2022 18:00;4;4000;4;3980;73;613574;428;1304513;122;1365116;93;1372740;4;4000;4;4054;0;0;0;0;64;69085;13;14140;88;1414115;242;1826419;154;1513938;131;1187335
11.04.2022 19:00;4;4000;4;4000;62;609324;350;1163946;111;1184649;83;1262622;4;4000;4;4000;0;0;0;0;37;40240;10;10050;60;1246005;215;1479835;121;1207608;129;1004928
11.04.2022 20:00;4;4000;5;5000;36;205348;179;919214;57;475588;67;622110;4;3990;5;5000;0;0;0;0;34;38475;8;8030;46;551496;131;1278230;96;775269;75;605668
11.04.2022 21:00;4;3990;4;3990;34;216109;194;898087;51;362700;46;428140;4;4000;4;4000;0;0;0;0;11;12260;4;4020;46;479028;150;1039860;75;443196;81;451656
11.04.2022 22:00;3;3000;3;3000;26;98230;157;685552;43;312260;31;287830;3;2990;3;2990;0;0;0;0;16;18270;10;10050;27;288290;114;706360;66;684441;64;610059
11.04.2022 23:00;2;2000;2;2000;11;70640;93;390500;28;362881;12;250982;2;2000;2;2000;0;0;0;0;6;6040;4;4060;29;251437;67;354505;24;1123140;32;1133810
12.04.2022 00:00;2;1990;2;2000;9;44270;39;92930;8;51490;13;271744;2;2000;2;2000;0;0;0;0;1;1010;1;1000;5;103970;33;152670;0;3600000;0;3600000
12.04.2022 01:00;0;0;1;1000;5;46770;22;34000;6;84960;8;156165;0;0;1;1000;0;0;0;0;1;1010;0;0;1;17120;17;152490;6;2707931;8;2714141
12.04.2022 02:00;0;0;0;0;2;2920;13;7045;2;40460;0;0;0;0;0;0;0;0;0;0;0;0;0;0;3;37630;5;12390;8;296207;6;233237
12.04.2022 03:00;0;0;0;0;1;320;10;6400;3;79500;3;65180;0;0;0;0;0;0;0;0;3;3030;0;0;1;34210;8;33440;16;899185;12;887885
12.04.2022 04:00;1;1000;0;0;6;71594;31;46510;4;59620;5;75925;1;1000;0;0;0;0;0;0;1;1010;1;1000;9;94390;25;98500;27;305455;13;288055
12.04.2022 05:00;3;2990;3;3000;11;87370;162;416476;25;267546;16;251421;3;3000;3;3000;0;0;0;0;1;1010;2;2000;15;165133;91;604370;33;1125916;28;1094724
12.04.2022 06:00;4;3990;4;3990;22;194610;353;646560;55;534137;54;855158;4;4000;4;4000;0;0;0;0;9;9090;2;2010;15;281300;195;1614899;81;1451873;50;1169313
12.04.2022 07:00;5;4990;4;4000;41;475144;528;1152269;110;1286415;80;1326981;5;4990;4;4000;0;0;0;0;14;17065;9;9060;32;622818;225;2279802;107;1339545;93;888008
12.04.2022 08:00;4;4000;4;4000;54;598510;564;1285286;135;1440227;119;1566695;4;4000;4;3990;0;0;0;0;31;37510;8;8100;57;1120376;231;2668942;103;1464973;96;943452
12.04.2022 09:00;4;4000;4;3990;61;612077;501;1417876;150;1502807;124;1699298;4;3990;4;3990;0;0;0;0;43;52929;13;13200;61;1190988;178;2594818;89;1950293;85;1563848
12.04.2022 10:00;4;4000;4;3990;76;567276;354;1587742;138;1312547;134;1470195;4;4000;4;3990;0;0;0;0;43;54540;8;8530;69;1016883;170;2291915;121;1667267;127;867621
12.04.2022 11:00;5;5000;5;5000;66;466290;370;1516802;148;1058725;158;1188441;5;5000;5;4990;0;0;0;0;70;98430;17;18480;77;1039866;145;2549987;112;1842748;118;1228613
12.04.2022 12:00;4;3990;4;4000;82;653285;393;1290265;157;1416542;98;920563;4;3990;4;3990;0;0;0;0;46;58858;7;7040;91;1187802;196;2095543;112;1922893;132;1520518
12.04.2022 13:00;3;3000;4;4000;65;612105;431;1442032;150;1220581;129;1461902;3;3000;4;3990;0;0;0;0;34;35560;20;21280;73;861830;182;2439405;137;1686855;122;1136457
12.04.2022 14:00;4;3980;4;3980;66;441788;426;1542380;157;1346651;132;1399901;4;4000;4;4000;0;0;0;0;39;47205;14;14630;74;1119989;170;2275861;114;1907381;141;1233533
12.04.2022 15:00;4;4000;4;3990;78;655140;445;1502156;173;1450705;147;1399150;4;4000;4;4000;0;0;0;0;45;58940;13;13110;92;1585486;200;2345361;133;2065407;137;1489808
12.04.2022 16:00;4;3990;4;4000;87;814879;488;1341336;167;1646328;132;1631933;4;4000;4;3990;0;0;0;0;46;52249;15;15290;92;1496206;253;2431311;145;2373695;146;1534125
12.04.2022 17:00;4;4000;4;3990;91;852784;529;1529430;133;1632333;109;1483466;4;3990;4;4000;0;0;0;0;51;61590;22;22380;92;1864851;273;2400056;142;2362990;163;1622218
12.04.2022 18:00;4;4000;4;4000;73;467269;440;1466672;145;1395876;107;1296403;4;4000;4;4000;0;0;0;0;41;45400;22;24080;88;1294696;234;2201834;133;1563177;137;1220461
12.04.2022 19:00;4;3990;4;4000;68;494220;340;1065410;128;1177458;93;1293150;4;3990;4;3990;0;0;0;0;45;52020;20;21430;76;1387619;206;1658074;117;1701582;122;1150735
12.04.2022 20:00;4;3990;5;5000;50;232834;234;875378;71;697504;59;708303;4;3990;5;5000;0;0;0;0;36;42030;4;4210;54;632034;138;1416046;106;745154;90;515835
12.04.2022 21:00;4;4000;4;3990;35;315435;186;679555;53;332333;42;411644;4;3990;4;3990;0;0;0;0;15;16960;2;2020;32;302784;135;981276;101;362700;73;213969
12.04.2022 22:00;3;2980;3;3000;22;69820;172;703410;39;383744;25;365149;3;3000;3;3000;0;0;0;0;15;16100;4;4010;28;242154;119;689102;87;333455;71;310424
12.04.2022 23:00;2;2000;2;2000;13;48090;131;475375;29;344555;23;325848;2;2000;2;2000;0;0;0;0;5;5050;5;5020;16;288235;95;636872;48;546482;52;614398
13.04.2022 00:00;2;2000;2;2000;5;6580;40;69884;13;123095;9;156695;2;2000;2;1990;0;0;0;0;0;0;4;4010;7;58610;33;138288;31;623264;22;567994
13.04.2022 01:00;0;0;1;1000;1;1460;22;25610;5;79510;7;165514;0;0;1;1000;0;0;0;0;1;1000;0;0;6;83785;20;66340;5;193634;11;204184
13.04.2022 02:00;0;0;0;0;0;0;20;32170;2;36450;1;16290;0;0;0;0;0;0;0;0;1;1010;0;0;1;44730;14;39460;6;17670;6;21140
13.04.2022 03:00;0;0;0;0;2;730;16;9770;3;33540;2;18570;0;0;0;0;0;0;0;0;0;0;0;0;0;0;15;50000;9;28980;8;23760
13.04.2022 04:00;1;1000;0;0;5;15203;38;32610;4;50210;6;108250;1;1000;0;0;0;0;0;0;0;0;1;1650;7;77620;28;113451;12;41570;15;43820
13.04.2022 05:00;3;3000;3;3000;23;113100;156;377084;21;286456;17;340746;3;2990;3;3000;0;0;0;0;1;1050;1;1000;18;245624;94;656606;44;159965;32;111536
13.04.2022 06:00;4;3990;4;4000;25;144932;386;914853;50;665018;53;903674;4;3990;4;4000;0;0;0;0;4;4040;5;5020;25;450832;184;1693672;91;766742;60;306837
13.04.2022 07:00;5;5000;4;4000;40;387626;520;1241055;111;1142649;94;1222746;5;5000;4;4000;0;0;0;0;18;18810;11;13180;40;698717;220;2262297;91;1289157;88;835818
13.04.2022 08:00;4;4000;4;4000;74;863567;567;1273001;133;1071456;110;1600721;4;4000;4;4000;0;0;0;0;24;28380;13;13960;66;1230141;241;2391072;90;1437758;96;1201348
13.04.2022 09:00;4;4000;4;3980;48;648420;490;1518361;143;1558849;134;1723730;4;4000;4;3990;0;0;0;0;32;43080;17;17920;59;1006447;190;2546220;111;1566278;116;1114457
13.04.2022 10:00;4;4000;4;4000;58;546114;393;1429577;132;1048452;124;1231671;4;3990;4;3980;0;0;0;0;36;42230;28;30579;71;1216743;168;2492826;119;1731980;120;1098599
13.04.2022 11:00;5;4990;5;4980;73;678789;438;1629518;152;1320131;133;1469977;5;4990;5;4990;0;0;0;0;54;59400;15;15180;79;1078490;171;2564803;111;1541001;115;1204654
13.04.2022 12:00;4;4000;4;3990;63;538637;447;1480443;151;1392682;126;1335291;4;3990;4;3990;0;0;0;0;49;53550;13;13050;84;1161917;179;2529539;122;2022393;112;1194475
13.04.2022 13:00;4;4000;4;4000;81;642019;453;1615380;117;1092116;105;1262498;4;4000;4;4000;0;0;0;0;46;49340;12;12330;83;1239060;178;2582907;2;3565210;2;3565210
13.04.2022 14:00;4;3990;4;4000;58;482982;435;1406838;159;1317618;131;1481144;4;3990;4;3990;0;0;0;0;43;50680;15;15550;68;1212851;170;2404738;123;2216734;144;1621957
13.04.2022 15:00;4;4000;4;4000;85;569889;452;1483584;146;1249439;116;1282310;4;3990;4;3990;0;0;0;0;35;41690;21;22350;84;1205397;201;2411148;132;2108929;115;1400308
13.04.2022 16:00;4;4000;4;3980;90;985585;537;1420346;144;1747636;125;1624494;4;4000;4;4000;0;0;0;0;42;46350;14;14024;85;1639957;270;2255505;150;2336651;138;1593506
13.04.2022 17:00;4;4000;4;3990;80;918040;518;1548286;152;1481115;115;1745177;4;4000;4;4000;0;0;0;0;58;63260;29;31820;91;1567771;286;2237032;121;2436179;140;1601702
13.04.2022 18:00;4;4000;4;3990;77;722325;393;1481694;143;1355645;117;1768141;4;4000;4;4000;0;0;0;0;63;84180;21;22000;82;1338539;222;2160542;119;1876287;155;1310426
13.04.2022 19:00;4;3990;4;3990;74;387885;376;1193080;100;1174726;81;1196881;4;4000;4;4000;0;0;0;0;40;43997;19;19500;75;1435206;229;1672793;130;1411018;116;856338
13.04.2022 20:00;4;3990;5;4990;45;332180;237;860438;96;660649;69;701905;4;4000;5;4990;0;0;0;0;37;43920;8;8150;58;758420;133;1546262;118;829629;110;516378
13.04.2022 21:00;4;4000;4;4000;27;204305;232;915390;66;438565;51;515451;4;3990;4;4000;0;0;0;0;19;19400;7;7460;40;482725;138;1333003;120;488974;75;260509
13.04.2022 22:00;3;2990;3;3000;25;91390;210;743894;41;345230;37;560485;3;2990;3;2990;0;0;0;0;23;25090;3;3010;22;273610;130;1001563;88;371951;80;285460
13.04.2022 23:00;2;2000;2;2000;13;136330;114;588902;28;281273;18;237493;2;2000;2;1990;0;0;0;0;12;14210;1;1000;20;185533;98;558263;44;117576;55;188440
14.04.2022 00:00;2;2000;2;2000;9;13000;44;81810;8;98030;8;160807;2;1990;2;1990;0;0;0;0;1;1010;1;1000;7;131300;33;122390;20;38960;27;84270
14.04.2022 01:00;0;0;1;990;5;26340;27;54220;6;6820;4;73044;0;0;1;1000;0;0;0;0;1;1010;0;0;8;52760;18;63095;9;36050;15;30760
14.04.2022 02:00;0;0;0;0;2;1540;14;29690;4;53790;3;65220;0;0;0;0;0;0;0;0;0;0;0;0;2;50640;7;34430;3;6290;9;17800
14.04.2022 03:00;0;0;0;0;6;45588;17;11650;6;56360;2;1520;0;0;0;0;0;0;0;0;1;1010;0;0;3;20300;16;54640;10;199610;11;195730
14.04.2022 04:00;1;1000;0;0;4;40430;32;43620;5;57810;7;108500;1;1000;0;0;0;0;0;0;0;0;0;0;4;38050;27;170488;16;47410;14;45080
14.04.2022 05:00;3;3000;3;3000;11;23150;164;458593;19;251180;23;371980;3;3000;3;3000;0;0;0;0;0;0;1;1000;16;129190;94;643483;38;115590;25;91550
14.04.2022 06:00;4;3990;4;3990;25;132291;343;804565;43;401926;46;812096;4;4000;4;4000;0;0;0;0;9;9540;6;7010;20;297384;191;1481674;121;652830;60;299601
14.04.2022 07:00;5;5000;4;3990;42;246006;491;863753;100;1405571;85;1394586;5;4990;4;4000;0;0;0;0;18;22010;8;8130;35;847617;258;1913543;95;1177152;88;696256
14.04.2022 08:00;4;4000;4;4000;49;521251;572;1354487;161;1447475;112;1179517;4;4000;4;3990;0;0;0;0;27;29380;11;11690;47;775492;275;2276545;97;1508453;86;941962
14.04.2022 09:00;4;3990;4;4000;59;597248;457;1160949;176;1347976;129;1194623;4;4000;4;4000;0;0;0;0;38;45290;10;10330;52;899940;222;2249164;109;1814155;99;1040862
14.04.2022 10:00;4;3990;4;4000;65;698501;417;1623634;162;1419618;139;1351422;4;4000;4;4000;0;0;0;0;42;50520;7;7290;77;1235884;176;2427614;104;1676801;111;861753
14.04.2022 11:00;4;4000;4;3990;72;519696;440;1581091;164;1394978;142;1328553;4;4000;4;4000;0;0;0;0;53;57000;12;13010;81;1199576;160;2588848;120;1450523;120;1398195
14.04.2022 12:00;4;3990;4;4000;86;806330;403;1344553;161;1196667;112;1202325;4;4000;4;4000;0;0;0;0;44;46510;20;20270;78;1280775;186;2391974;136;1345768;148;1534420
14.04.2022 13:00;4;3980;4;4000;71;563120;446;1585906;156;1277801;129;1314277;4;4000;4;4000;0;0;0;0;44;50210;5;5040;62;912509;166;2609568;147;1832428;139;1134490
14.04.2022 14:00;4;4000;4;4000;88;773866;455;1639479;172;1503678;152;1281850;4;3980;4;4000;0;0;0;0;40;43370;17;17530;98;1327642;183;2626520;135;2062968;158;1336275
14.04.2022 15:00;4;4000;4;4000;95;738087;494;1594009;156;1689616;135;1704198;4;3990;4;4000;0;0;0;0;43;49470;16;16728;89;1429704;205;2631912;137;2166832;146;1568193
14.04.2022 16:00;4;3980;4;3990;81;696204;530;1397987;159;1656700;128;1636500;4;3990;4;4000;0;0;0;0;44;46550;31;32130;84;1245541;233;2574046;134;2232882;142;1886758
14.04.2022 17:00;4;4000;4;4000;88;581148;510;1513305;172;1885903;128;1526001;4;4000;4;3990;0;0;0;0;56;76690;16;16960;86;1749398;255;2481352;152;2041510;140;1389841
14.04.2022 18:00;4;4000;4;4000;95;673979;469;1500461;139;1621751;112;1572214;4;4000;4;3990;0;0;0;0;56;68240;18;18520;99;1338348;186;2410078;128;1774936;135;1366929
14.04.2022 19:00;4;3980;4;4000;62;702720;401;1323691;121;1403073;88;1271315;4;4000;4;4000;0;0;0;0;41;48720;11;11160;70;1220666;216;1781931;116;1469914;116;1205301
14.04.2022 20:00;4;4000;5;5000;49;484199;314;1177680;103;912300;75;840242;4;3990;5;4990;0;0;0;0;31;36630;11;11200;69;889224;163;1957469;114;864939;126;770270
14.04.2022 21:00;4;4000;4;4000;31;237073;287;1130063;74;343480;61;637362;4;3990;4;4000;0;0;0;0;21;25450;6;6270;49;615695;156;1510780;119;477740;94;357340
14.04.2022 22:00;3;3000;3;3000;23;62805;184;845645;57;465403;51;508991;3;2990;3;3000;0;0;0;0;14;15297;5;5030;38;503415;139;982603;87;324328;71;332187
14.04.2022 23:00;2;2000;1;1000;18;132270;158;822432;48;343158;41;482550;2;2000;1;990;0;0;0;0;6;6520;4;4000;30;403128;116;805510;61;248040;71;323569
15.04.2022 00:00;2;2000;2;1990;12;56380;93;427121;21;188897;17;330006;2;2000;2;2000;0;0;0;0;4;6590;6;6090;16;172860;76;354230;57;165899;51;149469
15.04.2022 01:00;2;2000;2;2000;12;35884;57;144880;15;220180;17;258286;2;2000;2;1990;0;0;0;0;4;4280;3;3000;4;29640;43;203420;19;52630;26;67290
15.04.2022 02:00;2;2000;2;2000;9;2030;28;59220;9;100445;12;176833;2;2000;2;1990;0;0;0;0;2;2620;6;6570;5;104610;24;67170;15;27420;9;37730
15.04.2022 03:00;2;1990;2;2000;7;2270;31;48940;4;101420;6;140100;2;2000;2;2000;0;0;0;0;0;0;0;0;7;59500;25;84970;13;27380;10;24610
15.04.2022 04:00;2;2000;2;2000;9;28459;13;39270;2;56974;5;121453;2;2000;2;2000;0;0;0;0;0;0;0;0;3;22210;10;40520;11;30820;10;35090
15.04.2022 05:00;2;2000;2;2000;6;4870;48;107800;9;75550;6;146350;2;1990;2;2000;0;0;0;0;0;0;0;0;4;43050;39;155200;12;34140;14;41160
15.04.2022 06:00;2;2000;2;2000;4;30133;44;115330;8;162870;4;93960;2;2000;2;2000;0;0;0;0;0;0;1;1000;6;86710;40;114974;26;87504;16;36834
15.04.2022 07:00;1;1000;2;2000;8;68840;60;160390;14;144264;13;282503;2;2000;2;2000;0;0;0;0;1;1050;1;1010;8;158073;49;174150;31;354651;17;296706
15.04.2022 08:00;4;4000;2;2000;18;96029;110;380699;34;358260;27;403650;3;2990;2;1980;0;0;0;0;7;9350;2;2010;18;195224;83;547073;45;353523;31;96720
15.04.2022 09:00;4;4000;4;4000;23;87890;168;473147;45;635529;35;509624;4;4000;4;3990;0;0;0;0;5;5420;4;4240;18;197089;130;759416;60;380145;68;258085
15.04.2022 10:00;4;4000;4;4000;25;181954;214;944322;75;766334;64;837476;4;4000;4;4000;0;0;0;0;8;8620;1;1000;36;386414;131;1240913;95;728927;92;549434
15.04.2022 11:00;3;2990;4;4000;33;301934;253;795806;92;857981;70;709911;4;4000;4;3990;0;0;0;0;14;14510;6;6440;37;480998;166;1143284;88;1183835;82;1023593
15.04.2022 12:00;4;3980;4;4000;38;271840;286;949505;93;747150;62;556890;3;3000;4;4000;0;0;0;0;18;22980;20;20290;44;566920;161;1461862;95;1397414;86;1004300
15.04.2022 13:00;5;5000;4;4000;38;130745;293;1035962;78;555285;71;533995;5;5000;4;3980;0;0;0;0;18;21070;4;4930;41;467310;179;1505507;118;1038798;89;615655
15.04.2022 14:00;4;4000;4;4000;37;249485;293;844738;102;638583;77;644693;4;3990;4;3990;0;0;0;0;28;34525;12;12400;42;488699;182;1545697;111;1294448;97;810355
15.04.2022 15:00;4;3990;4;3990;42;244173;309;991222;97;665156;75;632265;4;4000;4;4000;0;0;0;0;16;18690;10;10180;56;645739;194;1297087;113;1074299;101;592814
15.04.2022 16:00;4;3990;4;4000;34;152936;280;987268;95;761725;84;759132;4;4000;4;4000;0;0;0;0;22;23320;9;9340;45;554675;163;1364081;120;972397;90;622057
15.04.2022 17:00;4;4000;4;3990;31;250698;329;1230539;110;954242;77;749890;4;4000;4;3990;0;0;0;0;19;20509;7;8055;42;405788;183;1704765;120;1093870;99;590560
15.04.2022 18:00;4;3980;4;4000;39;251450;297;1201643;84;717570;75;757243;4;4000;4;4000;0;0;0;0;27;30850;9;9112;47;601063;191;1449366;121;1117405;111;633447
15.04.2022 19:00;4;4000;4;4000;41;206209;266;918733;88;656759;84;736670;4;3980;4;3990;0;0;0;0;12;13710;23;24280;48;768439;145;1304172;111;1070362;63;466127
15.04.2022 20:00;4;4000;4;4000;34;232530;208;944834;85;582371;67;630906;4;4000;4;4000;0;0;0;0;16;16750;6;6890;48;486426;138;1147519;97;696428;72;429350
15.04.2022 21:00;4;4000;4;4000;29;206050;211;642644;54;586345;55;774786;4;4000;4;4000;0;0;0;0;11;13550;3;3000;25;346717;118;942074;87;352321;58;181010
15.04.2022 22:00;4;3990;4;4000;31;227920;133;473185;26;255940;30;295930;4;3990;4;4000;0;0;0;0;12;18590;5;5040;31;383329;106;641477;61;263883;62;216607
15.04.2022 23:00;3;2990;4;4000;28;140660;88;357123;28;378395;15;299040;3;2990;4;4000;0;0;0;0;3;3080;4;4020;13;173930;76;393053;40;129842;48;168540
16.04.2022 00:00;2;2000;2;2000;10;103990;69;230002;18;185075;16;330419;2;2000;2;1990;0;0;0;0;6;6230;3;4070;8;75107;64;316238;34;88560;30;93196
16.04.2022 01:00;2;2000;2;2000;8;22030;50;127730;8;144930;7;107210;2;1990;2;2000;0;0;0;0;2;2130;1;1000;8;151529;38;167653;26;71680;34;89438
16.04.2022 02:00;2;1990;2;2000;8;6150;32;77780;10;143250;5;98680;2;2000;2;1990;0;0;0;0;0;0;0;0;4;42650;28;99880;11;353302;9;346143
16.04.2022 03:00;3;3000;3;3000;3;2420;25;86162;6;123170;6;127200;3;3000;3;3000;0;0;0;0;0;0;1;1000;6;38415;21;63910;9;25070;7;15437
16.04.2022 04:00;3;3000;2;2000;10;86030;32;72560;13;137816;9;212731;3;2990;2;2000;0;0;0;0;0;0;1;1000;11;107020;25;90820;16;103990;12;109560
16.04.2022 05:00;4;3990;4;3990;9;25930;49;111070;8;51460;9;180916;4;4000;4;4000;0;0;0;0;0;0;0;0;11;68510;45;172050;21;247834;21;278938
16.04.2022 06:00;4;3990;4;4000;9;9830;83;181224;12;152750;9;185374;4;4000;4;4000;0;0;0;0;2;2010;1;1090;7;132951;60;252894;46;253560;22;82980
16.04.2022 07:00;4;3990;4;4000;18;121000;116;388854;40;293870;26;269672;4;3990;4;4000;0;0;0;0;3;4130;3;3010;13;175074;100;483718;47;280437;24;95321
16.04.2022 08:00;4;3990;4;4000;17;105540;171;669163;71;552769;62;619989;4;3990;4;4000;0;0;0;0;21;22550;4;4000;19;235437;140;892651;66;551342;44;223159
16.04.2022 09:00;4;4000;4;3990;28;212005;250;1146356;110;780080;86;911031;4;3980;4;4000;0;0;0;0;26;30640;11;11530;41;452232;139;1570489;95;1098324;73;684139
16.04.2022 10:00;3;3000;4;4000;45;202570;333;1544453;160;1230051;136;1297683;3;3000;4;4000;0;0;0;0;43;45810;11;11170;50;651873;156;2197599;111;1093391;107;1000883
16.04.2022 11:00;5;4990;4;4000;74;464340;365;1500387;156;1190862;134;1277332;5;5000;4;4000;0;0;0;0;42;59580;19;19530;92;1161346;150;2340460;107;1403692;125;1060326
16.04.2022 12:00;3;3000;4;4000;66;396280;379;1390849;127;1461092;118;1158293;4;4000;4;3990;0;0;0;0;50;53330;24;24930;87;1146659;156;2337960;122;1528216;121;939571
16.04.2022 13:00;4;4000;4;4000;87;827189;371;1527261;153;1106793;133;1178113;3;2990;4;3980;0;0;0;0;48;55530;20;21070;91;1207573;179;2290442;103;2166141;108;1799066
16.04.2022 14:00;5;4980;4;4000;79;586110;380;1423622;172;1311791;151;1306432;5;4990;4;3990;0;0;0;0;43;50990;11;11160;73;1033144;160;2258830;124;1713428;129;1200512
16.04.2022 15:00;3;2990;4;4000;47;473398;346;1320000;136;1113480;115;1283041;4;4000;4;3990;0;0;0;0;33;37750;9;9040;60;806438;174;2105864;110;1363783;126;1015565
16.04.2022 16:00;4;3990;4;4000;53;336574;333;1229367;86;871397;76;1028575;4;4000;4;3990;0;0;0;0;47;54980;16;17070;61;851980;176;1904768;102;1253624;123;1185532
16.04.2022 17:00;5;5000;4;3990;51;517260;366;1351317;95;961459;86;1220326;4;4039;4;4000;0;0;0;0;39;47060;7;7040;71;938211;184;2117163;75;2242285;72;1987700
16.04.2022 18:00;3;3000;4;4000;53;382274;382;1481646;108;927814;95;1156057;3;3000;4;4000;0;0;0;0;41;46190;18;19400;68;1027915;177;2281547;7;3410884;8;3386220
16.04.2022 19:00;5;5000;4;3990;50;431393;283;1370609;78;786372;77;899272;5;4990;4;4000;0;0;0;0;29;33860;10;10640;62;854877;160;1678423;104;938207;120;837988
16.04.2022 20:00;4;3980;4;4000;30;240796;266;902521;62;579976;49;499180;4;4000;4;4000;0;0;0;0;34;37700;3;3000;57;720020;158;1304105;95;963054;87;799759
16.04.2022 21:00;4;4000;4;4000;31;183300;208;930974;68;531380;60;464908;4;3990;4;4000;0;0;0;0;21;21380;10;10490;39;473617;134;1041678;94;602800;86;431839
16.04.2022 22:00;4;3980;4;3990;26;88933;191;869591;47;396770;37;386717;4;3990;4;3990;0;0;0;0;12;12170;5;5260;34;431430;141;910597;84;359653;77;277393
16.04.2022 23:00;3;2990;4;4000;22;219840;148;670910;34;263395;27;347840;3;3000;4;3980;0;0;0;0;10;10080;1;1010;24;232270;111;682501;48;156040;65;270142
17.04.2022 00:00;2;2000;2;1990;10;40850;70;181840;16;195389;13;203360;2;1990;2;2000;0;0;0;0;3;3050;4;4760;14;305260;50;269321;56;235140;46;207681
17.04.2022 01:00;2;2000;2;2000;10;69080;73;150599;15;173053;11;248794;2;1990;2;2000;0;0;0;0;3;3670;0;0;7;124540;59;238580;35;96060;28;85680
17.04.2022 02:00;2;2000;2;2000;5;20950;42;204990;12;118170;11;172870;2;2000;2;2000;0;0;0;0;2;2100;1;1000;7;94867;34;136930;14;63550;22;74880
17.04.2022 03:00;1;1000;2;2000;10;78720;27;53750;8;79637;9;165185;2;2000;2;2000;0;0;0;0;0;0;1;1310;6;62760;24;74450;15;46720;19;66510
17.04.2022 04:00;3;3000;2;2000;10;72920;22;18330;5;36080;4;54395;2;2000;2;1990;0;0;0;0;0;0;2;2000;8;76159;16;45687;11;24100;12;39885
17.04.2022 05:00;2;2000;2;2000;4;18200;31;43730;6;67374;9;176676;2;2000;2;1990;0;0;0;0;0;0;0;0;4;68775;23;87900;19;35820;13;32160
17.04.2022 06:00;2;2000;2;1990;4;21750;28;85880;8;57140;6;119510;2;1990;2;2000;0;0;0;0;0;0;0;0;7;146840;20;52858;14;41464;10;27600
17.04.2022 07:00;2;2000;2;2000;8;41580;44;116390;5;53565;3;55050;2;2000;2;2000;0;0;0;0;1;1010;0;0;7;115750;40;107910;14;63590;15;59660
17.04.2022 08:00;3;2990;2;2000;10;50670;84;238440;21;174679;18;328483;3;3000;2;1990;0;0;0;0;7;7580;0;0;11;145489;70;320230;35;306795;36;625179
17.04.2022 09:00;4;4000;4;4000;16;133570;184;596638;57;388254;53;589712;4;3990;4;3990;0;0;0;0;8;7979;0;0;26;406605;136;805913;68;886654;63;497293
17.04.2022 10:00;3;3000;4;4000;39;262640;257;816325;87;1047189;72;699947;3;3000;4;3990;0;0;0;0;14;14930;5;5130;36;348272;176;1118804;93;1194024;104;885282
17.04.2022 11:00;4;4000;4;4000;39;363170;324;1082490;92;989160;71;699605;5;5000;4;4000;0;0;0;0;20;22390;6;6690;70;970928;182;1538885;74;2459905;71;2164353
17.04.2022 12:00;5;5000;4;4000;55;491435;383;1586797;117;956387;87;866207;4;3980;4;4000;0;0;0;0;22;25390;12;14050;82;1117845;173;1772436;120;1994446;114;1456982
17.04.2022 13:00;4;4000;4;3990;30;255190;295;861086;107;701725;94;711199;4;4000;4;3990;0;0;0;0;12;13140;13;13550;48;486105;173;1418937;107;1342812;89;865749
17.04.2022 14:00;4;3990;4;3980;32;90250;313;915034;98;766183;78;736594;4;4000;4;3990;0;0;0;0;31;38660;8;8116;49;539131;181;1422375;129;1141320;104;837153
17.04.2022 15:00;4;4000;4;3990;34;201450;338;1063065;129;1069886;149;1289143;4;3980;4;3990;0;0;0;0;23;30630;15;15570;40;639492;173;1697868;84;1733075;86;1334206
17.04.2022 16:00;3;2990;4;4000;32;96970;442;1218915;154;1080998;169;1391501;3;3000;4;4000;0;0;0;0;22;23350;10;10180;39;536223;217;2078619;97;1414507;81;1146174
17.04.2022 17:00;5;5000;4;4000;40;268930;420;1298187;86;677834;86;813732;5;5000;4;3990;0;0;0;0;22;25930;10;10230;52;582244;208;2038847;133;1228696;106;609435
17.04.2022 18:00;4;4000;4;4000;32;47380;336;1336320;69;551366;71;686709;4;4000;4;4000;0;0;0;0;12;12150;5;5270;41;582779;175;1740128;31;2963902;34;2886426
17.04.2022 19:00;4;3990;4;4000;39;348120;337;929032;97;810876;75;767947;4;3980;4;4000;0;0;0;0;31;32800;4;4080;44;607131;165;1591959;37;2737104;39;2576799
17.04.2022 20:00;3;3000;4;4000;29;224640;254;905532;66;572400;63;633098;3;3000;4;3980;0;0;0;0;22;23864;7;7050;44;530745;131;1435924;0;3600000;0;3600000
17.04.2022 21:00;5;4980;4;3990;23;150423;196;773423;45;330640;46;499046;5;5000;4;3990;0;0;0;0;13;14200;8;8230;33;525110;125;1045210;75;1158228;50;1083073
17.04.2022 22:00;4;3990;4;4000;31;217010;147;728322;30;279705;28;287160;4;4000;4;3990;0;0;0;0;12;12250;7;7840;25;247746;115;639907;69;335150;58;263137
17.04.2022 23:00;3;2990;4;3970;12;17990;121;519124;20;214910;19;298985;3;3000;4;4000;0;0;0;0;3;3080;2;2010;24;300619;106;501529;62;238452;55;183590
18.04.2022 00:00;2;2000;2;2000;7;104210;67;250710;13;164393;12;208030;2;2000;2;2000;0;0;0;0;3;3920;2;2010;12;108060;62;277840;41;151923;24;80157
18.04.2022 01:00;2;2000;2;1990;7;44330;43;114390;13;75078;13;237985;2;1990;2;2000;0;0;0;0;1;1010;1;1000;7;100480;33;116675;23;651004;14;607654
18.04.2022 02:00;2;1990;2;2000;5;25260;26;40870;7;55340;5;18980;2;2000;2;2000;0;0;0;0;0;0;0;0;5;127190;25;69162;17;149590;14;151190
18.04.2022 03:00;2;2000;2;2000;8;10600;25;49180;7;62770;3;76310;2;1990;2;2000;0;0;0;0;1;1010;0;0;5;90040;20;70810;14;147680;20;170300
18.04.2022 04:00;2;2000;2;2000;3;16920;21;32790;1;20940;2;34030;2;2000;2;2000;0;0;0;0;0;0;0;0;5;61835;15;57310;8;23610;11;38274
18.04.2022 05:00;2;2000;2;2000;5;5910;36;31710;1;760;3;61415;2;2000;2;2000;0;0;0;0;0;0;0;0;4;64560;32;117755;13;36450;18;59480
18.04.2022 06:00;2;2000;2;2000;5;23140;40;46240;7;46160;6;94740;2;2000;2;2000;0;0;0;0;1;1010;0;0;4;57360;40;121970;23;88210;16;29210
18.04.2022 07:00;2;1990;2;1990;4;27130;43;62920;8;153840;6;121830;2;1990;2;2000;0;0;0;0;1;2010;2;2020;5;86390;41;106510;16;67580;19;53207
18.04.2022 08:00;3;3000;2;1990;6;5600;82;239390;30;381565;18;137877;3;3000;2;2000;0;0;0;0;1;1670;2;2000;7;110800;67;269010;27;99300;28;80242
18.04.2022 09:00;4;4000;4;4055;26;179054;134;509660;49;945159;41;432270;4;4000;4;3970;0;0;0;0;3;3010;3;3030;23;186120;102;680713;57;379790;64;380133
18.04.2022 10:00;4;4000;4;4056;34;228410;245;790046;74;604485;66;709810;4;4000;4;4000;0;0;0;0;10;11360;4;4020;26;378910;152;1300179;84;720461;88;854434
18.04.2022 11:00;4;3990;4;3990;44;298487;296;973558;92;746092;86;613764;4;4000;4;3980;0;0;0;0;10;10430;7;7050;56;690429;172;1602033;115;984174;99;773900
18.04.2022 12:00;4;4000;4;4000;36;205526;330;1276010;93;1217168;78;667149;4;4000;4;3990;0;0;0;0;15;16730;6;6393;46;595793;181;1721935;103;1234606;116;1079612
18.04.2022 13:00;3;2990;4;3980;32;219700;360;1058035;99;706183;69;718104;4;3990;4;4000;0;0;0;0;20;21480;7;7360;38;459127;223;1628254;103;1709245;76;1305313
18.04.2022 14:00;5;5000;4;4000;43;352513;353;1210914;105;737727;84;797600;4;4000;4;4000;0;0;0;0;15;16220;15;16060;54;551033;168;1705705;3;3574306;5;3583106
18.04.2022 15:00;4;3990;4;4000;42;246300;352;1322775;121;757030;94;948394;4;4000;4;3990;0;0;0;0;24;29030;20;22160;43;480124;194;1767846;119;1086549;103;543030
18.04.2022 16:00;4;4000;4;4000;38;330090;322;1432468;94;679957;91;987651;4;3990;4;4000;0;0;0;0;24;27160;13;13390;42;471440;187;1851488;110;1037385;85;582213
18.04.2022 17:00;3;3000;4;4000;40;239520;378;1283920;101;918940;97;1027010;3;3000;4;4000;0;0;0;0;22;25680;11;12880;57;786946;200;2076033;125;1251352;111;576699
18.04.2022 18:00;5;5000;4;4000;37;250547;449;1447316;108;960290;94;850090;5;4990;4;4000;0;0;0;0;17;18500;20;20800;47;686818;198;2191221;145;1188068;117;758335
18.04.2022 19:00;4;3990;4;4000;37;292538;354;1189241;97;753919;88;958972;4;4000;4;4000;0;0;0;0;27;29430;18;20820;47;721608;158;1719376;120;1036514;120;730265
18.04.2022 20:00;4;4000;4;4000;38;331598;272;898992;77;567000;71;837025;4;3980;4;4000;0;0;0;0;15;18370;14;14750;47;577743;163;1281286;113;755054;87;536767
18.04.2022 21:00;2;2000;4;4000;20;169045;209;630556;59;570070;52;691804;2;1990;4;3990;0;0;0;0;3;3250;6;6040;24;295604;138;1036683;111;544232;95;295382
18.04.2022 22:00;4;4000;2;1990;18;103860;114;434601;46;489661;27;259324;4;3990;2;2000;0;0;0;0;7;7310;6;6040;36;414691;91;514153;67;404070;46;137750
18.04.2022 23:00;3;3000;4;4000;19;49090;90;446734;18;216930;20;246080;3;3000;4;4000;0;0;0;0;6;7210;2;2020;18;305493;73;397202;32;85951;36;114801
19.04.2022 00:00;2;2000;3;3000;13;86460;46;70850;6;62650;7;126250;2;1990;3;2990;0;0;0;0;1;1010;0;0;6;153170;45;187210;23;114950;32;80845
19.04.2022 01:00;0;0;1;1000;3;650;15;9170;7;115600;6;111120;0;0;1;1000;0;0;0;0;0;0;0;0;3;70740;13;40330;5;7170;15;47390
19.04.2022 02:00;0;0;0;0;1;16300;22;32900;2;33260;2;53050;0;0;0;0;0;0;0;0;1;1010;0;0;2;16460;19;65835;7;16160;7;12930
19.04.2022 03:00;0;0;0;0;0;0;14;10150;6;100360;3;38170;0;0;0;0;0;0;0;0;0;0;0;0;1;44030;15;49070;6;10730;3;8060
19.04.2022 04:00;1;1000;0;0;4;55520;34;69306;5;89630;5;68240;1;1000;0;0;0;0;0;0;0;0;0;0;6;83333;30;87153;12;31710;11;33560
19.04.2022 05:00;3;3000;3;3000;11;11250;146;276274;21;232072;21;338760;3;3000;3;3000;0;0;0;0;2;2230;9;11850;12;133040;94;601659;43;102082;19;57210
19.04.2022 06:00;4;4000;4;3980;20;143690;374;699579;56;482902;44;627122;4;3990;4;4000;0;0;0;0;6;6050;1;1110;21;433202;209;1600294;68;1050712;55;657998
19.04.2022 07:00;5;4980;4;4000;38;526357;539;990272;96;1335251;93;1251605;5;5000;4;3990;0;0;0;0;16;16290;10;10050;34;488086;176;2654650;101;1394687;116;785241
19.04.2022 08:00;4;4000;4;3990;49;458396;540;1237819;130;1359139;115;1743226;4;3990;4;4000;0;0;0;0;35;39900;13;13100;47;799939;244;2500037;95;1755263;98;812648
19.04.2022 09:00;4;4000;4;4000;54;511862;443;1336978;139;1190166;133;1574878;4;4000;4;3990;0;0;0;0;36;37400;13;13230;53;595635;197;2416819;99;1608615;110;1082364
19.04.2022 10:00;5;5000;4;4000;70;619634;455;1588487;149;1281235;135;1285739;5;4990;4;4000;0;0;0;0;42;50830;8;8370;69;892293;154;2636244;108;1507776;131;1055651
19.04.2022 11:00;4;3990;5;4990;61;547750;460;1533606;141;1090389;124;1293597;4;4000;5;5000;0;0;0;0;49;56050;20;21890;79;1086833;153;2685821;122;1576933;132;1236461
19.04.2022 12:00;4;4000;4;4000;67;518630;397;1374683;136;982499;109;1143809;4;4000;4;3980;0;0;0;0;41;47030;27;28170;89;1303866;189;2452979;129;1479764;144;1188141
19.04.2022 13:00;4;4000;4;4000;62;421470;424;1279048;145;1048922;123;1365864;4;4000;4;4000;0;0;0;0;52;62680;25;27580;72;1072184;189;2408642;117;2013680;119;920434
19.04.2022 14:00;4;4000;4;4000;81;555354;451;1394920;136;963077;112;1254841;4;3990;4;4000;0;0;0;0;47;52894;13;13500;85;1349840;185;2627869;122;2185086;127;1205716
19.04.2022 15:00;4;3990;4;4000;78;690853;472;1438786;164;1515765;143;1789215;4;4000;4;3990;0;0;0;0;46;50500;21;21320;86;1411492;223;2581399;133;2312736;123;1306622
19.04.2022 16:00;4;3980;4;4000;101;860643;492;1693217;155;1890862;127;1810603;4;3990;4;4000;0;0;0;0;51;59720;27;27370;94;1945021;286;2361370;123;2245207;137;1263174
19.04.2022 17:00;4;4000;4;4000;91;725730;449;1645137;145;1303733;108;1268628;4;4000;4;3980;0;0;0;0;58;67210;26;26400;75;1247625;253;2148128;154;2084741;155;1300842
19.04.2022 18:00;4;3990;4;3990;90;962351;438;1193487;133;1385608;99;1415138;4;3980;4;4000;0;0;0;0;54;61555;25;25510;78;1339937;229;2058365;123;2002205;115;1211895
19.04.2022 19:00;4;4000;4;3990;43;487180;352;1008307;112;1498688;75;1351792;4;4000;4;4000;0;0;0;0;37;41670;20;20840;69;957127;229;1436317;126;1646702;104;1091648
19.04.2022 20:00;4;3990;5;4990;33;248723;272;1013803;70;602170;55;719565;4;4000;5;4990;0;0;0;0;26;29080;14;15140;56;598310;157;1401004;107;925118;115;776123
19.04.2022 21:00;4;4000;4;3980;32;202284;203;808888;58;366327;50;392041;4;4000;4;3990;0;0;0;0;24;26040;6;6160;45;431867;140;1091325;91;551697;68;229217
19.04.2022 22:00;3;3000;3;3000;25;124150;165;627980;58;445265;33;271980;3;3000;3;2990;0;0;0;0;20;24890;2;2000;26;278297;126;551577;62;214360;64;199100
19.04.2022 23:00;2;2000;2;2000;18;36860;96;325950;33;266260;20;208770;2;2000;2;1990;0;0;0;0;7;7380;2;3500;21;213564;75;372006;41;123503;37;118284
20.04.2022 00:00;2;2000;2;2000;10;39240;44;57890;10;76320;5;53100;2;1990;2;2000;0;0;0;0;2;2060;1;1000;5;172670;38;125820;21;50590;22;58188
20.04.2022 01:00;0;0;1;1000;3;37560;19;19340;7;204210;5;124091;0;0;1;1000;0;0;0;0;0;0;0;0;2;36800;19;65420;11;293040;12;299900
20.04.2022 02:00;0;0;0;0;4;132133;28;42660;6;106910;3;52770;0;0;0;0;0;0;0;0;1;1560;0;0;1;2390;19;57180;7;1369243;11;1382413
20.04.2022 03:00;0;0;0;0;2;2430;13;19790;5;109380;4;20410;0;0;0;0;0;0;0;0;0;0;0;0;2;95790;12;45970;4;3113245;4;3113425
20.04.2022 04:00;1;1000;0;0;7;48580;33;66240;6;83214;4;101160;1;1000;0;0;0;0;0;0;0;0;0;0;7;116296;27;99674;0;3600000;0;3600000
20.04.2022 05:00;3;3000;3;3000;7;75804;146;388890;27;362494;22;282070;3;3000;3;3000;0;0;0;0;5;5220;2;2010;13;125680;107;589123;11;3284873;5;3265803
20.04.2022 06:00;4;4000;4;3990;17;199353;351;712763;44;360915;44;801617;4;4000;4;4000;0;0;0;0;6;6100;3;3030;23;457390;202;1303660;78;642305;81;348499
20.04.2022 07:00;5;4990;4;3990;35;169060;526;1106276;98;1149131;82;1123199;5;4990;4;3980;0;0;0;0;13;14240;6;6580;39;767183;159;2604663;93;1425342;100;811942
20.04.2022 08:00;4;4000;4;4000;59;558864;531;1251197;124;1413818;114;1568206;4;4000;4;3990;0;0;0;0;23;24369;13;13260;57;1066663;250;2444478;88;1874821;118;1436354
20.04.2022 09:00;4;4000;4;3980;43;492915;457;1250142;137;1056800;119;1174878;4;4000;4;4000;0;0;0;0;23;25250;13;13390;65;1034349;206;2391666;95;1819781;122;1275596
20.04.2022 10:00;4;3980;4;4000;52;330941;383;1503133;134;942593;135;1497745;4;4000;4;4000;0;0;0;0;34;39080;23;24140;61;825761;156;2545423;127;1441911;131;932545
20.04.2022 11:00;4;3990;4;4000;59;460921;368;1516173;140;1312003;131;1340259;4;3990;4;3990;0;0;0;0;27;30620;15;15100;75;726156;158;2413999;114;1535433;131;1127075
20.04.2022 12:00;4;4000;4;3990;67;541016;373;1518910;143;1514960;125;1233532;4;4000;4;4000;0;0;0;0;30;31940;12;12520;85;1557612;186;2234482;124;1896199;117;948314
20.04.2022 13:00;4;4000;4;3990;53;486054;408;1430771;128;1372305;106;964173;4;3990;4;3980;0;0;0;0;30;33020;8;8010;62;970236;165;2251466;120;1757187;151;1229071
20.04.2022 14:00;4;4000;4;4000;63;505477;404;1303239;120;1145567;111;1286918;4;4000;4;4000;0;0;0;0;37;44818;14;17100;70;1061544;190;2333754;118;2055486;110;1305719
20.04.2022 15:00;4;4000;4;4000;67;613880;466;1457989;148;1533356;122;1564742;4;4000;4;4000;0;0;0;0;37;41360;16;16090;78;1174216;259;2429416;105;2184849;129;1570516
20.04.2022 16:00;4;3990;4;3990;104;732393;459;1803972;154;1894116;119;1305946;4;4000;4;3990;0;0;0;0;36;41550;21;21360;94;1296011;218;2587082;143;2119514;153;1713688
20.04.2022 17:00;4;3990;4;4000;94;551614;540;1595549;131;1370533;102;1573333;4;4000;4;4000;0;0;0;0;50;61949;18;18070;89;1339368;249;2629818;140;2196115;170;1527934
20.04.2022 18:00;4;4000;4;4000;83;731742;475;1364931;146;1452117;114;1540377;4;4000;4;4000;0;0;0;0;48;53980;11;11231;93;1531319;262;2173851;156;1881641;139;1383419
20.04.2022 19:00;4;4000;4;4000;63;539164;360;984124;98;1400674;92;1365901;4;3990;4;4000;0;0;0;0;40;45090;8;8740;50;856076;223;1462490;122;1336864;120;1110875
20.04.2022 20:00;4;3980;5;5000;44;273875;255;1111061;96;655367;68;559275;4;4000;5;4990;0;0;0;0;18;20570;8;8020;57;738326;145;1494328;124;931192;87;673584
20.04.2022 21:00;4;3990;4;3990;30;167446;214;891063;58;478029;45;448059;4;3990;4;4000;0;0;0;0;20;22970;9;9050;37;612988;127;1079985;84;348352;73;247912
20.04.2022 22:00;3;2990;3;3000;38;207404;159;790154;52;243660;39;317114;3;2990;3;3000;0;0;0;0;15;15650;9;9080;32;793197;98;958913;79;581218;73;498493
20.04.2022 23:00;2;2000;2;2000;32;148159;117;550200;43;323894;24;216363;2;1990;2;2000;0;0;0;0;7;8670;8;8120;17;219812;95;490434;55;235350;48;171650
21.04.2022 00:00;2;1990;2;2000;7;60875;48;149685;10;68200;13;226280;2;2000;2;2000;0;0;0;0;1;1010;0;0;11;115245;38;176580;23;77100;19;66690
21.04.2022 01:00;0;0;1;1000;1;400;19;27160;5;51500;5;112458;0;0;1;1000;0;0;0;0;0;0;1;1100;5;80310;9;42470;9;27830;16;60360
21.04.2022 02:00;0;0;0;0;4;2600;17;69260;2;47940;3;74250;0;0;0;0;0;0;0;0;1;1010;0;0;4;68250;14;42710;7;16840;10;25090
21.04.2022 03:00;0;0;0;0;1;570;23;14210;8;117460;7;79060;0;0;0;0;0;0;0;0;0;0;0;0;0;0;18;61770;8;24840;4;7240
21.04.2022 04:00;1;1000;0;0;3;22350;33;39630;5;55780;9;212846;1;1000;0;0;0;0;0;0;0;0;0;0;5;90410;32;133690;14;43280;8;50300
21.04.2022 05:00;3;2990;3;3000;5;45676;146;404229;23;245600;19;279100;3;2990;3;3000;0;0;0;0;1;1010;3;3750;13;103610;99;599602;41;683839;32;640449
21.04.2022 06:00;4;3990;4;4000;15;240710;356;575399;52;607905;46;701974;4;3990;4;4000;0;0;0;0;2;2230;4;5560;17;265250;199;1278395;67;814847;41;669887
21.04.2022 07:00;5;4990;4;3990;39;465990;519;1008397;105;1379279;83;1436428;5;5000;4;3980;0;0;0;0;12;15430;12;12620;42;605529;228;2031251;96;1420164;81;981649
21.04.2022 08:00;4;3990;4;4000;52;433804;600;1362082;137;1575443;102;1606682;4;4000;4;3990;0;0;0;0;20;22180;9;9120;48;753003;261;2539522;84;1600832;93;1365115
21.04.2022 09:00;4;3990;4;4000;53;472777;453;1317862;136;1314711;109;1447460;4;3990;4;3990;0;0;0;0;18;19910;20;20750;63;847261;203;2387259;112;1701993;115;1182930
21.04.2022 10:00;4;4000;4;3990;58;546735;426;1480245;120;1161524;93;1042400;4;4000;4;3990;0;0;0;0;38;40240;16;16110;65;914242;167;2474732;123;1509478;110;1210315
21.04.2022 11:00;4;4000;4;4000;63;395844;365;1316427;146;1341157;121;1206986;4;4000;4;4000;0;0;0;0;36;43149;9;9060;72;1061502;162;2309203;132;1501137;134;1110954
21.04.2022 12:00;4;4000;4;4000;62;568140;397;1502946;128;1080372;108;957469;4;4000;4;3990;0;0;0;0;29;32300;18;18230;143;1309206;146;2482804;123;1632102;129;1086163
21.04.2022 13:00;4;3990;4;3990;60;465430;416;1372008;121;1256996;114;1198222;4;4000;4;3990;0;0;0;0;43;44650;18;18110;79;1056729;161;2497726;126;1700000;135;1164454
21.04.2022 14:00;4;4000;4;4000;79;688607;427;1283588;135;1297340;104;1178661;4;4000;4;4000;0;0;0;0;34;36290;11;13710;75;1260301;174;2513118;125;2259477;121;1883662
21.04.2022 15:00;4;3980;4;4000;80;434480;464;1576687;168;1387879;123;1403518;4;4000;4;4000;0;0;0;0;41;45440;11;11960;93;1331007;195;2669322;8;3553933;6;3542273
21.04.2022 16:00;4;3990;4;3990;100;934446;508;1459409;138;1858389;120;1666130;4;4000;4;4000;0;0;0;0;40;42840;22;22299;90;1612041;234;2539193;142;2012975;141;1477020
21.04.2022 17:00;4;3990;4;3990;91;953820;518;1490855;166;1651752;119;1493709;4;4000;4;3990;0;0;0;0;62;71160;26;28920;86;1717202;220;2622063;136;2141690;169;1651288
21.04.2022 18:00;4;4000;4;4000;101;814524;489;1583999;135;1308976;97;1262646;4;4000;4;4000;0;0;0;0;51;69476;13;13340;78;1106400;231;2414347;134;1749383;135;1508149
21.04.2022 19:00;4;3990;4;4000;55;493230;380;1115514;102;1310904;73;1436686;4;4000;4;3980;0;0;0;0;52;61520;11;11040;66;1458190;196;1638803;118;1438960;134;905391
21.04.2022 20:00;4;3990;5;4990;42;163703;259;874221;99;655611;71;530302;4;4000;5;4990;0;0;0;0;26;31000;9;9030;62;732021;139;1383268;104;817657;82;537245
21.04.2022 21:00;4;4000;4;4000;29;143400;193;739772;70;478888;43;502016;4;4000;4;4000;0;0;0;0;20;24200;9;9030;30;435851;126;917311;127;570394;70;236280
21.04.2022 22:00;3;2990;3;3000;30;136914;194;798775;49;374406;41;320213;3;3000;3;3000;0;0;0;0;18;20180;6;6250;40;728320;128;962988;90;295825;74;271591
21.04.2022 23:00;2;1990;2;2000;18;181412;114;449646;28;241150;29;243430;2;2000;2;2000;0;0;0;0;6;7260;10;10260;23;326510;83;433914;51;967997;55;961861
22.04.2022 00:00;2;1990;2;2000;8;6720;56;120315;13;87960;10;202920;2;2000;2;2000;0;0;0;0;5;5040;2;2010;11;174361;43;155760;4;3332700;3;3328780
22.04.2022 01:00;0;0;1;990;3;1780;32;83340;7;35360;8;229440;0;0;1;1000;0;0;0;0;1;1000;0;0;8;71440;40;113590;0;3600000;0;3600000
22.04.2022 02:00;0;0;0;0;4;63500;18;11870;4;77670;4;96338;0;0;0;0;0;0;0;0;1;1010;1;1000;2;59547;15;55155;7;305167;9;308717
22.04.2022 03:00;0;0;0;0;1;490;14;8290;3;2920;5;70295;0;0;0;0;0;0;0;0;0;0;0;0;5;32580;10;29590;7;17210;9;27530
22.04.2022 04:00;1;1000;0;0;7;76490;27;60440;8;112193;8;222907;1;1000;0;0;0;0;0;0;2;3110;0;0;8;164124;27;112390;14;438000;6;415530
22.04.2022 05:00;3;3000;3;2990;8;33680;139;428302;18;313100;17;243420;3;3000;3;3000;0;0;0;0;1;1310;0;0;18;240660;82;649441;41;493065;23;390305
22.04.2022 06:00;4;4000;4;4000;12;18670;327;813046;46;665199;38;746636;4;4000;4;3990;0;0;0;0;4;4300;7;7500;24;393617;204;1196976;76;1139292;33;878692
22.04.2022 07:00;5;5000;4;3990;38;505105;472;957489;80;988640;77;1234044;5;4980;4;4000;0;0;0;0;15;19959;5;5030;31;593848;227;1946673;96;1263610;86;746713
22.04.2022 08:00;4;4000;4;4000;41;569196;485;1328133;114;1126481;86;1273229;4;3990;4;3990;0;0;0;0;23;26640;12;13740;50;1067078;248;2254604;98;1337697;111;909170
22.04.2022 09:00;4;3990;4;4000;59;559139;447;1215509;139;1365968;130;1471948;4;3990;4;3990;0;0;0;0;28;30070;18;20100;41;773725;201;2200198;102;1392099;114;1074269
22.04.2022 10:00;4;4000;4;4000;50;433388;394;1422609;158;1063298;133;1397890;4;4000;4;3990;0;0;0;0;46;54870;14;14770;83;980431;189;2369632;114;1838241;126;1307929
22.04.2022 11:00;4;4000;4;4000;64;407350;390;1407616;147;1441225;147;1353274;4;3990;4;3990;0;0;0;0;49;63974;18;18660;87;1283445;156;2425713;81;2109121;102;1718830
22.04.2022 12:00;4;3980;4;4000;89;911949;416;1434329;159;1584533;122;1522191;4;4000;4;3990;0;0;0;0;48;54880;15;16440;77;1264401;188;2257149;130;2169333;129;1540480
22.04.2022 13:00;4;4000;4;3990;71;880021;469;1280105;128;1671211;104;1333024;4;3990;4;4000;0;0;0;0;40;53010;17;17100;97;1329857;223;2398706;134;1913824;151;1325443
22.04.2022 14:00;4;3990;4;4000;93;944621;464;1459060;153;1744823;128;1438825;4;4000;4;4000;0;0;0;0;54;66900;11;11790;64;1487533;219;2401132;136;2008840;124;1482443
22.04.2022 15:00;4;3990;4;3990;89;736467;469;1255210;149;1496703;118;1485017;4;3990;4;3990;0;0;0;0;42;50170;20;20140;157;1492561;264;2282557;126;1987534;149;1495702
22.04.2022 16:00;4;3990;4;4000;102;1049381;493;1577768;158;1715900;120;1653541;4;3990;4;4045;0;0;0;0;45;51550;18;18680;74;1223547;229;2438094;146;2123686;146;1461015
22.04.2022 17:00;4;3990;4;3980;72;549233;530;1607415;158;1381500;120;1269383;4;4000;4;4000;0;0;0;0;57;66780;10;10210;86;1482655;253;2530170;147;1901075;138;1342542
22.04.2022 18:00;4;4000;4;4000;77;771877;470;1295662;155;1405408;96;1509379;4;4000;4;4000;0;0;0;0;39;45460;23;24720;79;1525271;243;2180456;105;2011994;117;1606862
22.04.2022 19:00;4;4000;4;4000;61;427930;384;1244177;118;1606487;91;1245206;4;4000;4;4000;0;0;0;0;36;43610;13;14405;57;906315;216;1664847;114;1584181;116;1423519
22.04.2022 20:00;4;3980;5;5000;50;465330;285;1307690;88;717967;49;408574;4;4000;5;5000;0;0;0;0;27;35960;6;6160;63;756010;149;1866164;79;736960;113;649197
22.04.2022 21:00;4;3980;4;4000;26;117200;227;932487;79;513573;56;505472;4;4000;4;3990;0;0;0;0;18;19390;12;12430;33;402248;121;1373139;96;382430;81;371130
22.04.2022 22:00;3;3000;3;3000;47;295318;212;929660;76;540206;50;380350;3;3000;3;3000;0;0;0;0;21;23060;12;12100;35;372665;148;945112;112;660876;92;304227
22.04.2022 23:00;1;1000;1;1000;18;67740;176;514756;37;306946;30;465749;2;1990;1;990;0;0;0;0;13;17780;6;6120;15;180860;133;733308;72;442350;68;467019
23.04.2022 00:00;2;2000;2;2000;18;106100;80;291750;32;331283;17;329918;1;1000;2;1990;0;0;0;0;4;7490;3;3310;18;153930;66;288880;37;768221;24;741951
23.04.2022 01:00;3;3000;2;2000;9;8190;44;275641;11;180867;11;196930;3;3000;2;2000;0;0;0;0;3;3030;8;8170;11;178670;35;172924;32;117050;21;118610
23.04.2022 02:00;2;2000;2;2000;8;20950;43;159081;15;161480;10;174799;2;2000;2;1990;0;0;0;0;1;1010;2;2210;12;206016;28;112080;16;547378;28;591948
23.04.2022 03:00;2;2000;2;2000;8;12310;34;28740;9;90390;10;183053;2;2000;2;2000;0;0;0;0;2;2080;0;0;5;74686;28;92565;15;1620950;7;1593050
23.04.2022 04:00;3;3000;2;2000;13;81728;33;23700;9;171848;7;191345;3;3000;2;2000;0;0;0;0;0;0;2;2000;12;59518;30;110890;9;2407469;9;2407889
23.04.2022 05:00;4;3990;4;4000;8;59790;65;209574;9;211330;8;198996;4;4000;4;4000;0;0;0;0;2;2360;2;1990;9;91016;52;287250;0;3600000;0;3600000
23.04.2022 06:00;4;4000;4;4000;12;53090;89;445375;11;212463;14;248527;4;3980;4;3980;0;0;0;0;0;0;1;1060;14;305079;78;326353;0;3600000;0;3600000
23.04.2022 07:00;4;3990;4;3990;10;79160;128;321298;29;485195;26;554303;4;3990;4;4000;0;0;0;0;3;3140;1;1010;24;310869;99;500964;56;1472897;31;1296367
23.04.2022 08:00;4;3990;4;4000;24;243240;231;795691;66;630175;56;691385;4;4000;4;4000;0;0;0;0;20;31250;5;5040;32;490151;140;1176463;58;643311;63;504198
23.04.2022 09:00;3;2990;4;4000;30;178222;317;992527;118;863019;111;962064;3;3000;4;3990;0;0;0;0;22;25750;8;8540;44;516257;144;1873745;113;1018686;95;583455
23.04.2022 10:00;5;5000;4;4000;45;274526;371;1334402;138;1085044;106;993517;5;5000;4;4000;0;0;0;0;34;36860;12;12040;58;745262;168;2307723;104;1365283;110;763232
23.04.2022 11:00;4;3990;4;3990;55;289340;380;1215923;114;854111;107;1260384;4;3970;4;4000;0;0;0;0;31;35050;21;21450;81;897534;162;2148669;127;1366322;134;1009772
23.04.2022 12:00;4;4000;4;4000;68;680390;381;1264399;144;1325217;112;1386852;4;4000;4;4000;0;0;0;0;44;49590;14;14470;72;1125690;173;2137579;121;1850879;108;1263341
23.04.2022 13:00;4;3990;4;4000;68;503710;381;1368274;131;1289589;122;1304037;4;4000;4;3990;0;0;0;0;44;55606;9;9020;68;879510;169;2298363;122;1789336;124;1281040
23.04.2022 14:00;4;3990;4;4000;62;530897;401;1495652;144;1159240;112;1162353;4;4000;4;4000;0;0;0;0;34;39170;15;15100;74;1161616;163;2506723;142;1609498;122;1222074
23.04.2022 15:00;3;3000;4;4000;58;525400;377;1486671;125;978585;86;745760;3;3000;4;3990;0;0;0;0;43;50890;22;23218;63;988207;154;2411221;127;1831705;127;1391579
23.04.2022 16:00;4;4000;4;4000;50;399820;393;1404167;127;1224130;102;840885;4;4000;4;3990;0;0;0;0;32;33540;17;17090;63;899123;160;2305924;127;1685872;122;1131324
23.04.2022 17:00;4;4000;4;4000;57;497339;380;1576688;110;1122120;98;1172350;4;3990;4;4000;0;0;0;0;33;36070;18;19040;73;1130610;171;2139204;122;1581024;129;1008699
23.04.2022 18:00;4;4000;4;3990;71;672209;387;1571872;115;1175641;88;929300;4;3990;4;4000;0;0;0;0;40;46940;10;10800;65;1001562;162;2336972;124;1827915;117;1490238
23.04.2022 19:00;5;4990;4;4000;51;560699;356;1416625;109;748925;71;716303;5;5000;4;4000;0;0;0;0;32;36230;19;19130;56;1056470;163;1985150;82;1368784;94;1088961
23.04.2022 20:00;4;4000;4;3990;51;482675;252;1049654;88;614625;68;600698;4;4000;4;4000;0;0;0;0;26;27870;6;6030;64;781008;146;1555247;103;721810;94;547072
23.04.2022 21:00;3;3000;4;4000;42;279351;230;1007402;71;696979;55;520270;3;2980;4;4000;0;0;0;0;23;31659;11;11030;44;515881;154;1096948;109;1276747;103;1036655
23.04.2022 22:00;5;4990;4;4000;36;124010;234;950558;71;557586;53;634787;5;4980;4;4000;0;0;0;0;19;19320;15;15710;55;574366;147;1310874;0;3600000;0;3600000
23.04.2022 23:00;3;3000;4;4000;37;190685;205;886938;49;409900;54;474535;3;3000;4;3980;0;0;0;0;22;24850;7;7010;36;478049;133;1029383;11;3028831;8;3008261
24.04.2022 00:00;1;990;2;1990;17;197650;105;505643;67;620694;51;622647;1;1000;2;2000;0;0;0;0;3;3180;13;13830;14;446145;79;508591;68;684118;39;494185
24.04.2022 01:00;3;3000;2;2000;16;54770;81;195800;31;252630;26;252620;3;3000;2;1990;0;0;0;0;2;2010;7;7170;20;505211;67;384604;37;510410;37;528550
24.04.2022 02:00;2;2000;2;1990;9;22050;33;61090;22;89040;20;362912;2;1990;2;2000;0;0;0;0;0;0;4;4620;7;119860;26;102054;31;260854;33;293274
24.04.2022 03:00;2;2000;2;2000;6;27380;46;87855;14;161810;15;266030;2;2000;2;2000;0;0;0;0;4;4130;1;1150;5;54710;44;141370;19;44810;20;56480
24.04.2022 04:00;2;2000;2;1990;12;21690;34;38690;7;28550;5;86790;2;2000;2;2000;0;0;0;0;1;1010;0;0;6;57620;31;136033;16;255273;16;243733
24.04.2022 05:00;2;2000;2;1990;5;26866;38;87090;9;83740;10;229577;2;1990;2;2000;0;0;0;0;2;2020;0;0;5;31800;35;139880;19;47900;9;31380
24.04.2022 06:00;2;2000;2;2000;6;88010;39;90556;5;82250;4;113470;2;2000;2;2000;0;0;0;0;1;1010;0;0;7;116090;29;90106;14;570789;18;583039
24.04.2022 07:00;2;2000;2;2000;4;3150;45;123480;10;199805;12;365935;2;1990;2;2000;0;0;0;0;1;1010;0;0;11;201300;36;139901;25;567578;17;535848
24.04.2022 08:00;3;3000;2;2000;9;53660;80;381645;28;365279;26;364370;3;3000;2;2000;0;0;0;0;4;4030;1;1000;10;84843;80;364346;40;191580;26;75200
24.04.2022 09:00;4;4000;4;4000;21;81630;196;705786;55;605214;35;313682;4;3980;4;4000;0;0;0;0;9;9090;2;2010;27;352960;131;982014;67;481719;52;305479
24.04.2022 10:00;4;4000;4;3990;34;356526;210;694578;57;418947;61;648081;4;3990;4;4000;0;0;0;0;9;10130;9;9404;32;547562;147;1110187;87;807811;75;522986
24.04.2022 11:00;4;4000;4;4000;31;164670;267;951890;86;882035;66;779484;4;4000;4;3990;0;0;0;0;12;12330;10;10090;41;555093;162;1492922;115;1028225;86;457477
24.04.2022 12:00;4;4000;4;3990;41;234463;292;845743;92;750960;70;613921;4;3990;4;4000;0;0;0;0;16;18450;8;8030;38;518777;169;1472940;105;1137276;110;792056
24.04.2022 13:00;4;4000;4;4000;43;205595;333;1019308;108;991695;84;812809;4;4000;4;3990;0;0;0;0;22;25680;6;6830;39;515511;155;1742128;122;1385974;90;1072875
24.04.2022 14:00;3;3000;4;3990;47;432230;358;1205683;104;677550;92;847508;4;3990;4;4000;0;0;0;0;21;22210;7;7260;50;823264;172;1766905;115;1210878;104;768160
24.04.2022 15:00;5;5000;4;3990;43;216971;353;1189827;120;986173;87;1064515;4;4000;4;3980;0;0;0;0;21;22215;8;8880;30;398314;176;1741023;116;1154433;93;722255
24.04.2022 16:00;4;4000;4;4000;47;181764;334;1018129;105;658854;95;871978;4;4000;4;3990;0;0;0;0;19;23170;15;15720;38;484529;181;1722558;123;1041838;101;764358
24.04.2022 17:00;4;4000;5;4990;42;243390;351;974662;82;777754;74;868076;4;4000;5;4990;0;0;0;0;15;15900;10;10250;53;736494;199;1758568;123;1108196;114;706039
24.04.2022 18:00;4;3990;4;3990;42;394555;335;1099632;98;681782;80;661815;4;4000;4;3990;0;0;0;0;11;14220;13;13330;43;533064;196;1530023;124;1125458;113;705642
24.04.2022 19:00;4;4000;4;4000;38;272444;320;1056960;59;499693;68;575637;4;4000;4;3990;0;0;0;0;17;18820;7;7080;33;481652;171;1658103;117;979760;102;528364
24.04.2022 20:00;4;3990;4;3980;39;252440;229;702358;50;519544;43;500420;4;4000;4;4000;0;0;0;0;8;8160;4;4020;41;566464;153;1249915;106;692708;78;371130
24.04.2022 21:00;4;3990;4;4000;27;271390;158;631036;45;355835;48;447070;4;3990;4;4000;0;0;0;0;7;7060;5;5030;38;520070;120;1031560;17;2969396;17;2957170
24.04.2022 22:00;4;4000;4;3990;19;95176;103;446528;36;409236;35;350046;4;4000;4;4000;0;0;0;0;7;7140;3;3010;29;420323;76;493381;0;3600000;0;3600000
24.04.2022 23:00;3;3000;4;4000;12;83660;70;186690;11;213485;9;219120;3;2990;4;4000;0;0;0;0;1;1010;5;5030;17;210957;56;228038;35;765897;26;772497
25.04.2022 00:00;2;2000;3;3000;9;48750;40;41320;6;21340;7;107350;2;2000;3;2990;0;0;0;0;0;0;1;1300;11;138660;36;110124;13;37446;17;55600
25.04.2022 01:00;0;0;1;1000;1;33380;20;34970;4;82255;4;54790;0;0;1;990;0;0;0;0;0;0;0;0;1;3590;17;50510;14;190100;9;195760
25.04.2022 02:00;0;0;0;0;2;2830;17;12400;2;41390;1;700;0;0;0;0;0;0;0;0;0;0;0;0;1;25390;14;50500;3;5050;4;17360
25.04.2022 03:00;1;1000;0;0;4;61720;13;13430;5;78966;4;66826;1;1000;0;0;0;0;0;0;0;0;0;0;2;22050;10;31800;7;377982;3;362962
25.04.2022 04:00;3;3000;2;2000;9;160220;39;112600;4;67704;4;87454;3;3000;2;2000;0;0;0;0;0;0;1;1000;11;173190;35;143470;17;560928;10;523578
25.04.2022 05:00;6;5990;5;5000;9;48140;181;514438;24;329924;23;304754;6;5990;5;4990;0;0;0;0;1;1010;0;0;16;174636;113;808727;46;404744;35;369524
25.04.2022 06:00;5;4990;6;6000;26;355950;424;862543;54;683580;54;858738;5;5000;6;5990;0;0;0;0;8;9514;2;2360;20;460134;199;1921095;89;1128234;68;451698
25.04.2022 07:00;8;8000;6;6000;64;607470;594;1665649;162;1238535;153;1660245;8;7990;6;5990;0;0;0;0;33;37870;10;10200;68;1003705;189;3053878;92;1955280;104;1116064
25.04.2022 08:00;6;5990;7;7000;58;633713;576;1636171;181;1771888;128;1905623;6;5980;7;7000;0;0;0;0;37;44300;19;19138;61;910334;179;3072994;27;3124195;23;3064605
25.04.2022 09:00;4;4000;6;6000;59;423585;483;1524750;169;1271040;153;1710119;4;4000;6;5980;0;0;0;0;41;46160;24;24400;69;1201085;190;2565450;0;3600000;0;3600000
25.04.2022 10:00;3;3000;2;2000;70;529008;396;1445820;156;1349914;153;1272730;2;2000;2;2000;0;0;0;0;47;51890;25;25480;70;1029752;183;2198294;83;1663799;102;2184707
25.04.2022 11:00;5;4990;5;4990;90;698831;416;1509075;158;1164895;136;1360983;5;5000;5;5000;0;0;0;0;39;46929;20;21110;85;1250469;148;2451817;78;636249;122;1663071
25.04.2022 12:00;5;5000;5;5048;67;592118;407;1462714;116;1174435;118;1165099;5;4990;5;4990;0;0;0;0;32;36230;16;16100;92;1628611;162;2542445;101;1158573;145;1878488
25.04.2022 13:00;5;4990;6;6000;91;592931;440;1714687;158;1146936;137;1170643;5;4990;6;6000;0;0;0;0;69;84018;21;21450;82;1367543;140;2778723;116;1087858;137;1998468
25.04.2022 14:00;7;6990;5;5000;80;844108;453;1521220;138;1275057;132;1291660;7;7000;5;5000;0;0;0;0;42;51400;16;16690;95;1356829;184;2488414;98;1262146;135;2069182
25.04.2022 15:00;6;6000;6;5990;79;812567;481;1861906;175;1613752;137;1466752;6;6000;6;5990;0;0;0;0;37;42470;26;26699;95;1261878;207;2766431;110;2458219;117;1931462
25.04.2022 16:00;6;6000;6;5990;86;670886;486;1741460;177;1859728;134;1804647;6;5990;6;5990;0;0;0;0;35;44320;22;23290;104;1756859;255;2402908;136;2499400;126;1714616
25.04.2022 17:00;6;6000;6;6000;102;913607;520;1608806;153;1670589;135;1972873;6;6000;6;5990;0;0;0;0;47;50420;24;24370;85;1676762;233;2562002;107;2516970;139;2096289
25.04.2022 18:00;6;5990;6;6000;93;834075;453;1463933;165;1735301;119;1769956;6;6000;6;5990;0;0;0;0;48;55070;12;11510;71;1327851;216;2028406;99;2372039;108;1968543
25.04.2022 19:00;5;5000;6;5980;76;467120;356;1123525;97;1227759;78;1308415;5;5000;6;6000;0;0;0;0;39;45526;13;13720;72;1376108;213;1404642;103;2081911;82;1879160
25.04.2022 20:00;7;7000;6;5990;55;402010;238;1022520;103;454893;67;569080;7;7000;6;5980;0;0;0;0;26;30270;10;10920;58;666643;151;1208163;103;1071905;101;788763
25.04.2022 21:00;4;4000;5;5000;27;233680;179;566345;74;683892;55;583241;4;3980;5;4990;0;0;0;0;13;14110;4;4030;43;520748;121;851444;43;1619088;42;1476247
25.04.2022 22:00;4;4000;4;3980;29;176100;170;605613;40;318750;31;377639;4;3990;4;4000;0;0;0;0;11;12180;8;8750;37;400791;113;783114;0;3600000;0;3600000
25.04.2022 23:00;2;2000;2;2000;15;113740;95;311725;18;240395;20;277917;2;2000;2;1990;0;0;0;0;5;5710;2;2010;20;266020;72;327552;3;3075755;7;3092495
26.04.2022 00:00;2;2000;3;3000;4;32665;47;224178;9;52000;8;162590;2;2000;3;2990;0;0;0;0;1;1200;0;0;7;82430;37;134442;24;512055;17;497325
26.04.2022 01:00;0;0;1;1000;3;20960;21;32980;4;66590;2;24680;0;0;1;1000;0;0;0;0;2;2020;0;0;1;3750;18;48790;6;21090;10;37890
26.04.2022 02:00;0;0;0;0;4;73430;13;28740;5;26400;3;52400;0;0;0;0;0;0;0;0;0;0;0;0;4;90670;11;40050;5;12360;11;32270
26.04.2022 03:00;1;1000;0;0;1;2260;15;39490;3;38110;5;124880;1;1000;0;0;0;0;0;0;0;0;0;0;2;48190;11;42030;4;11900;9;27300
26.04.2022 04:00;3;2990;2;2000;5;53950;38;19360;2;2780;2;37254;3;3000;2;1990;0;0;0;0;0;0;1;1010;7;104201;30;108125;17;792558;19;511884
26.04.2022 05:00;6;6000;5;4990;11;44040;181;387338;28;428270;20;393094;6;5990;5;5000;0;0;0;0;0;0;1;1000;15;170710;93;832872;12;2695614;11;2697474
26.04.2022 06:00;6;5980;6;6047;29;373994;456;1204766;63;644514;52;789445;6;6000;6;5990;0;0;0;0;4;4030;3;3360;34;512413;101;2225695;0;3600000;0;3600000
26.04.2022 07:00;6;5980;6;6000;61;498845;549;1645106;186;1598716;156;1952839;6;5990;6;6000;0;0;0;0;24;36180;23;23270;66;872983;93;3281576;0;3600000;0;3600000
26.04.2022 08:00;7;6990;7;7000;78;773882;628;1931222;190;1958444;152;1888712;7;6980;7;6970;0;0;0;0;23;26010;12;12040;70;1480106;88;3476262;21;3247571;24;3108451
26.04.2022 09:00;6;5990;6;6000;68;837635;593;1797280;160;1800105;146;2082472;6;5990;6;5990;0;0;0;0;25;26610;10;10040;67;1466959;148;3093642;66;2554343;60;2154751
26.04.2022 10:00;6;6000;6;5980;57;629519;434;1755974;161;1415378;150;1379965;6;5970;6;5990;0;0;0;0;28;33100;10;10210;84;1315520;200;2699149;112;1802404;146;1297652
26.04.2022 11:00;5;4990;5;4980;66;542435;407;1728470;155;1325131;151;1269222;5;5000;5;5000;0;0;0;0;38;40470;14;14050;80;1201277;152;2572183;119;1826592;122;897652
26.04.2022 12:00;5;5000;6;5990;79;685002;442;1563228;180;1374876;127;1328820;5;4990;6;5970;0;0;0;0;39;47460;21;21190;85;1265511;181;2744857;127;1808249;113;912557
26.04.2022 13:00;5;5000;5;4970;81;665710;420;1748337;163;1475115;129;1396064;6;6000;5;4990;0;0;0;0;48;62380;30;31480;87;1435673;151;2599878;119;2164603;140;1361730
26.04.2022 14:00;6;6000;6;6000;88;562083;420;1366682;153;1248872;134;1469555;5;4990;6;5990;0;0;0;0;56;85500;24;24260;90;1403986;163;2520605;143;1972658;143;1361892
26.04.2022 15:00;6;5990;5;5000;80;1017751;491;1647539;176;1599392;155;1555757;6;6054;5;4990;0;0;0;0;42;49360;21;22200;87;1558021;185;2665817;123;2429030;147;1597645
26.04.2022 16:00;4;3990;5;5000;106;1226411;466;1317689;147;1663152;135;1647917;4;4000;5;5000;0;0;0;0;52;56190;18;19590;97;1800011;224;2503110;153;2195672;162;1643513
26.04.2022 17:00;7;6990;6;5980;115;758700;468;1658020;184;1933944;142;1601524;7;6970;6;5990;0;0;0;0;48;51350;20;20310;98;1832017;202;2652863;173;2149719;146;1384134
26.04.2022 18:00;5;4990;5;5000;99;991885;432;1776948;156;1891463;155;1708074;5;5000;5;4990;0;0;0;0;44;48830;25;25420;93;1503549;173;2510318;121;1993880;149;1560445
26.04.2022 19:00;5;5000;6;5990;50;515220;390;1421602;105;1383464;88;1071252;5;5000;6;5990;0;0;0;0;30;35910;12;12010;65;1325501;169;2115973;112;1565764;118;1059990
26.04.2022 20:00;6;6000;5;4990;39;218503;246;980547;87;830344;68;800691;6;6000;5;5000;0;0;0;0;11;15420;12;12040;58;847903;122;1419946;96;1217742;101;798101
26.04.2022 21:00;3;2990;4;4000;32;145763;217;786224;66;458728;55;578572;3;2990;4;4000;0;0;0;0;18;22749;12;12910;29;553459;151;1280685;83;1700880;59;1519405
26.04.2022 22:00;4;3990;4;3990;23;166790;140;765408;52;497535;36;300725;4;3990;4;4000;0;0;0;0;20;28900;8;8010;26;449136;111;944804;71;676295;61;760015
26.04.2022 23:00;2;2000;2;2000;14;128439;120;472140;33;260972;20;327070;2;2000;2;1990;0;0;0;0;6;6880;5;5020;18;360670;91;949535;56;961774;50;941450
27.04.2022 00:00;2;2000;3;3000;8;38230;40;73130;2;76667;9;265691;2;2000;3;3000;0;0;0;0;5;6470;3;3060;5;54800;45;189313;23;555386;27;582596
27.04.2022 01:00;0;0;1;1000;1;250;17;7000;3;33790;2;52485;0;0;1;1000;0;0;0;0;0;0;3;3000;2;32360;13;51560;7;25720;10;46960
27.04.2022 02:00;0;0;0;0;1;5190;12;38130;3;57640;5;74606;0;0;0;0;0;0;0;0;1;1170;1;1010;3;30210;13;64626;8;20150;8;30280
27.04.2022 03:00;1;1000;0;0;4;41860;14;8300;2;30860;2;42210;1;1000;0;0;0;0;0;0;0;0;0;0;3;35390;12;61820;8;27260;7;19427
27.04.2022 04:00;3;3000;2;2000;10;57890;28;52280;3;21790;4;94580;3;3000;2;2000;0;0;0;0;0;0;0;0;11;151620;29;109670;18;57000;20;82432
27.04.2022 05:00;6;5980;5;5000;13;95730;161;335512;19;218790;19;357283;6;6000;5;4990;0;0;0;0;0;0;1;1000;12;181345;89;698242;34;193920;39;147060
27.04.2022 06:00;6;6000;6;5990;22;142680;417;1008260;59;761643;47;879913;6;5990;6;6000;0;0;0;0;7;7050;2;2040;27;701258;189;1835709;100;1019391;61;395020
27.04.2022 07:00;7;6990;6;5990;63;675939;575;1656629;176;1365496;147;1493828;7;7000;6;6000;0;0;0;0;39;49880;21;22050;62;1056013;213;2933086;93;1871608;100;1193289
27.04.2022 08:00;5;4980;7;6990;79;1007401;602;1619772;184;1604610;153;1436918;6;5990;7;6980;0;0;0;0;30;34110;21;22030;69;1126643;179;3158886;91;2035819;96;1443439
27.04.2022 09:00;7;7000;6;5990;75;593959;466;1332639;182;1435304;142;1596364;6;6000;6;6000;0;0;0;0;31;35580;16;16430;70;973969;180;2579849;88;1925127;122;1424514
27.04.2022 10:00;6;5990;6;6000;79;738305;370;1631857;160;1205141;131;1357071;6;5990;6;6000;0;0;0;0;28;31220;15;15190;62;1008002;141;2414643;109;1769706;124;1379244
27.04.2022 11:00;6;6000;6;6000;71;651963;421;1669415;163;1404344;131;1356608;6;5990;6;6000;0;0;0;0;35;42273;14;14210;82;1098954;171;2625708;124;1588675;127;1311810
27.04.2022 12:00;6;5990;6;5990;99;743125;383;1573539;161;1273380;127;1454870;6;6000;6;5990;0;0;0;0;30;31820;21;21640;79;1226474;175;2484604;137;2165600;142;1350786
27.04.2022 13:00;6;6000;6;6000;96;441826;438;1652958;161;1524993;149;1446556;6;6000;6;6000;0;0;0;0;42;51580;23;24150;77;932476;171;2768233;92;2375420;93;1709215
27.04.2022 14:00;6;6000;6;6000;88;649208;463;1582518;166;1524152;148;1602572;6;6000;6;6000;0;0;0;0;34;36330;18;19190;84;1358268;182;2595018;119;2265209;134;1587201
27.04.2022 15:00;5;5000;6;6000;90;685998;465;1617051;149;1617525;131;1634780;6;5990;6;5990;0;0;0;0;28;30737;18;18510;95;1254191;203;2649948;125;2408813;131;1513858
27.04.2022 16:00;6;5990;6;6000;113;993697;497;1570995;162;1390696;131;1677384;6;5990;6;6000;0;0;0;0;41;48900;20;21810;104;1771363;248;2550298;6;3515280;8;3442320
27.04.2022 17:00;7;6990;6;5990;97;730174;466;1635962;158;1858173;131;1692403;6;6000;6;6000;0;0;0;0;48;56370;22;23530;82;1430340;227;2567904;113;2580000;110;1924281
27.04.2022 18:00;6;6000;6;6000;87;567235;431;1662246;156;1689041;126;1489995;6;5990;6;5990;0;0;0;0;51;52400;14;13370;103;1576685;213;2618286;119;2158073;143;1930344
27.04.2022 19:00;6;6000;6;6000;64;478303;353;1067110;144;1455980;93;1121154;6;5980;6;5980;0;0;0;0;38;44369;9;9940;60;1148024;179;1847040;100;2135392;95;1627346
27.04.2022 20:00;6;6000;6;6000;57;295761;238;1081808;91;706956;62;504820;6;5980;6;6000;0;0;0;0;25;26845;16;16870;52;758900;136;1506123;0;3600000;0;3600000
27.04.2022 21:00;4;3990;5;5000;38;260674;233;764109;66;465974;55;528405;4;3990;5;4990;0;0;0;0;22;23810;2;2000;50;537575;133;1059740;0;3600000;0;3600000
27.04.2022 22:00;4;3970;4;4000;37;62796;179;846382;58;246970;44;466974;4;3990;4;4000;0;0;0;0;15;16030;5;5010;41;450070;118;866347;0;3600000;0;3600000
27.04.2022 23:00;2;1990;2;2000;17;32950;109;415860;31;188830;18;260430;2;2000;2;1990;0;0;0;0;9;9280;4;4160;24;278441;86;544205;6;2796690;8;2800400
28.04.2022 00:00;2;1990;3;3038;9;55680;42;131970;15;102605;13;147380;2;2000;3;2990;0;0;0;0;0;0;1;1010;12;228709;36;170094;29;83460;20;64830
28.04.2022 01:00;0;0;1;1000;4;22290;27;65725;4;89860;5;164800;0;0;1;1000;0;0;0;0;0;0;0;0;4;99940;21;77750;17;333055;9;293455
28.04.2022 02:00;0;0;0;0;4;17070;16;37920;3;69290;7;208410;0;0;0;0;0;0;0;0;2;2020;0;0;4;68170;13;47400;8;23380;7;21660
28.04.2022 03:00;1;1000;0;0;2;1060;15;9510;2;40014;3;79874;1;1000;0;0;0;0;0;0;0;0;0;0;3;31095;11;41130;7;22990;4;14194
28.04.2022 04:00;3;3000;2;2000;11;43500;30;22100;7;60020;3;102880;3;2990;2;2000;0;0;0;0;0;0;0;0;11;126094;27;90100;13;33870;13;43380
28.04.2022 05:00;6;6000;5;5000;9;50700;147;316796;19;304823;23;393786;6;5990;5;5000;0;0;0;0;0;0;3;3000;12;200680;100;608476;35;466222;28;410343
28.04.2022 06:00;6;5990;6;5990;28;302640;446;991185;65;889771;54;750836;6;5990;6;5980;0;0;0;0;5;5330;4;4020;25;515400;213;1871606;93;1045641;56;580943
28.04.2022 07:00;7;6990;6;6000;63;511882;590;1377662;160;1640811;138;1735408;7;7000;6;6000;0;0;0;0;27;30450;6;6010;55;732711;116;3193585;151;2097276;106;1437163
28.04.2022 08:00;6;5990;7;7000;110;860424;622;1698683;172;1431777;137;1732121;6;5970;7;6990;0;0;0;0;29;36300;13;13850;73;1167167;140;3421064;103;2140957;126;1562363
28.04.2022 09:00;6;5980;6;6000;56;308094;597;1385116;182;1486538;146;1436987;6;5980;6;5990;0;0;0;0;22;25260;30;33580;66;970459;193;3095947;108;2133220;141;1378467
28.04.2022 10:00;6;5980;6;6000;70;649130;437;1584495;146;1159800;142;1392541;6;6000;6;5980;0;0;0;0;39;46460;23;23920;69;1347983;174;2759276;113;1914841;134;982018
28.04.2022 11:00;5;4990;6;5990;78;567740;370;1617025;162;1332658;135;1488867;5;5000;6;5990;0;0;0;0;35;41085;16;16110;67;1057301;148;2615500;120;1771774;123;1544478
28.04.2022 12:00;7;6990;6;5990;59;506397;418;1486968;166;1270556;135;1259144;7;7000;6;5980;0;0;0;0;43;47670;13;13485;72;1237241;170;2360700;134;1972238;133;1296995
28.04.2022 13:00;5;5000;6;6000;89;626523;438;1789075;179;1552199;151;1507293;5;4980;6;6000;0;0;0;0;39;45960;24;25010;89;1139380;164;2819161;121;1858336;143;1309348
28.04.2022 14:00;7;6990;6;6000;94;671802;448;1782131;176;1268084;139;1377589;7;7000;6;5990;0;0;0;0;37;40415;25;26310;86;1250080;174;2743746;131;2165629;133;1506943
28.04.2022 15:00;6;5980;6;6000;97;861382;504;1739141;186;1582611;152;1818384;6;6000;6;5990;0;0;0;0;44;52610;33;36120;105;1574388;251;2830170;121;2599967;165;1879067
28.04.2022 16:00;5;5000;6;6000;104;967679;465;1830797;179;2018746;116;1540007;5;5000;6;6000;0;0;0;0;63;67830;22;23100;89;1486903;244;2581260;139;2508495;168;1720653
28.04.2022 17:00;6;6000;6;5990;123;1118138;529;1782013;187;1698744;169;1834719;6;5990;6;6000;0;0;0;0;38;41680;28;28500;100;1758118;257;2917761;135;2471809;139;1924458
28.04.2022 18:00;6;6000;6;6000;92;765363;473;1387171;172;1814542;119;1671274;7;6980;6;6000;0;0;0;0;54;63690;22;23540;103;1607046;242;2096046;122;2225822;142;1472037
28.04.2022 19:00;7;6990;6;5980;94;543040;384;1246259;142;1451089;96;1497874;6;6000;6;6000;0;0;0;0;49;55983;19;19588;89;1309777;219;1774444;114;1656448;138;1201933
28.04.2022 20:00;6;5980;6;5990;48;373792;297;1376754;87;637658;89;1111234;6;5990;6;6000;0;0;0;0;28;35210;11;11280;59;754947;110;2261726;107;1211760;101;745630
28.04.2022 21:00;4;4000;5;5000;41;282213;229;1086089;86;447837;69;554962;4;4000;5;4990;0;0;0;0;24;27330;10;10520;43;382004;157;1275773;106;636038;96;383117
28.04.2022 22:00;4;3990;4;4000;33;133740;193;832525;71;543537;61;533149;4;4000;4;3990;0;0;0;0;14;15570;8;8000;40;485445;139;752429;108;433365;76;239590
28.04.2022 23:00;2;2000;2;1990;22;101790;120;617241;38;456000;35;433805;2;2000;2;2000;0;0;0;0;7;8260;6;6030;25;200050;104;611148;71;259850;51;173650
29.04.2022 00:00;2;1990;3;2990;16;92966;49;214140;17;202014;10;152490;2;2000;3;3000;0;0;0;0;5;5040;1;1000;7;123580;42;153443;32;60770;15;45350
29.04.2022 01:00;0;0;1;1000;3;1300;30;61810;9;69674;9;116770;0;0;1;1000;0;0;0;0;2;2710;1;1010;4;104280;27;96300;16;34540;10;26340
29.04.2022 02:00;0;0;0;0;1;36500;26;28720;9;120075;6;106050;0;0;0;0;0;0;0;0;2;2330;0;0;4;106780;23;77580;6;12960;3;6720
29.04.2022 03:00;1;1000;0;0;5;27240;17;8370;7;73700;7;67997;1;1000;0;0;0;0;0;0;0;0;0;0;2;22390;14;53840;8;17730;7;14460
29.04.2022 04:00;3;3000;2;1990;7;39570;27;51697;7;82390;3;49630;3;2990;2;2000;0;0;0;0;1;1010;0;0;7;90350;28;98280;16;42780;11;36250
29.04.2022 05:00;6;5980;5;4990;9;9820;138;332055;26;205613;21;284901;6;6000;5;4980;0;0;0;0;1;1000;1;1000;17;212570;85;575070;56;140220;19;47405
29.04.2022 06:00;6;5990;6;6000;26;226534;354;696270;61;515532;44;708029;6;6000;6;5990;0;0;0;0;4;4200;0;0;24;420420;188;1505646;88;844230;58;233470
29.04.2022 07:00;7;6990;6;5990;66;816114;594;1490172;157;1455826;142;1661603;7;6990;6;5980;0;0;0;0;30;38720;22;23350;78;1059898;185;2975200;104;1674157;121;1145431
29.04.2022 08:00;6;5990;7;6990;77;574557;516;1384897;202;1589956;143;1693218;6;6000;7;6980;0;0;0;0;23;27350;30;30900;64;1014907;201;2788905;109;1717437;116;1163252
29.04.2022 09:00;5;5000;6;6000;75;846275;460;1442181;168;1488022;142;1502712;5;4990;6;6000;0;0;0;0;26;27624;16;16070;68;908328;187;2584094;102;1619221;119;1168296
29.04.2022 10:00;7;6970;6;6000;77;477882;394;1630564;169;1493060;139;1596198;7;6990;6;5990;0;0;0;0;34;39205;11;11350;75;1054469;148;2545940;112;1609882;114;1287728
29.04.2022 11:00;6;6000;6;5990;75;558941;351;1592856;175;1351790;159;1261990;6;5990;6;6000;0;0;0;0;25;29140;22;22900;91;1114748;151;2465678;107;1871610;108;1219609
29.04.2022 12:00;6;5990;6;6000;100;761528;445;1454146;193;1639913;167;1468815;6;6000;6;5980;0;0;0;0;37;42840;23;24210;87;1450962;200;2555451;117;2258129;105;1897393
29.04.2022 13:00;5;4980;6;5980;99;929266;478;1764765;176;1646713;152;1795518;5;5000;6;6000;0;0;0;0;35;41870;24;24770;89;1530720;215;2711854;116;2115057;129;1858506
29.04.2022 14:00;6;6000;6;6000;86;831451;530;1836913;171;2009806;157;1885396;6;5990;6;6000;0;0;0;0;32;34100;21;23130;90;1493457;229;2579262;103;2440873;119;1893894
29.04.2022 15:00;6;5990;6;5990;85;766025;487;1678340;194;1858236;162;1913850;6;5990;6;6000;0;0;0;0;35;41759;15;16740;89;1505343;210;2644214;128;2284719;157;1559774
29.04.2022 16:00;6;6000;6;6000;96;712437;541;1664198;166;1837128;151;1715030;6;5980;6;6000;0;0;0;0;50;58570;17;17210;94;1508024;253;2528201;120;2282760;119;1815969
29.04.2022 17:00;6;5990;6;5990;82;795801;498;1434810;169;1790314;126;1375991;7;6980;6;6000;0;0;0;0;38;41100;32;33270;80;1314568;246;2376799;123;2144149;117;1590767
29.04.2022 18:00;7;7000;6;6000;82;556470;495;1417583;147;1683525;127;1748137;6;6000;6;6000;0;0;0;0;61;72679;36;36910;92;1404645;253;2365921;130;2180326;136;1674483
29.04.2022 19:00;6;6000;6;5980;71;692185;410;1269077;130;1125737;102;1517161;6;5990;6;6000;0;0;0;0;41;49630;20;20030;72;1275341;202;1854557;121;1870383;131;1383453
29.04.2022 20:00;6;6000;6;5990;37;199093;274;1329690;116;675057;72;626338;6;5990;6;5990;0;0;0;0;29;33770;15;16950;61;850698;146;2014049;104;970028;95;693909
29.04.2022 21:00;4;3980;5;4990;47;243176;235;1000318;85;624965;63;590472;4;3990;5;5000;0;0;0;0;19;20940;15;15160;48;399842;142;1239402;104;798087;100;630866
29.04.2022 22:00;4;3990;4;3990;31;203100;222;925224;79;563439;53;521679;4;3990;4;3990;0;0;0;0;26;27940;11;11310;41;660394;153;1256886;126;669749;78;306330
29.04.2022 23:00;2;2000;2;1990;24;144805;174;799407;54;520116;39;331590;2;2000;2;2000;0;0;0;0;21;24340;11;11420;32;324510;119;779143;86;435000;69;311784
30.04.2022 00:00;2;2000;2;2000;23;153600;92;393337;29;240316;24;314384;2;2000;2;1990;0;0;0;0;10;12200;8;8000;25;293130;86;474741;17;2910950;12;2854330
30.04.2022 01:00;2;1990;2;2000;16;150510;54;224313;20;245455;20;352700;2;2000;2;2000;0;0;0;0;0;0;6;6090;9;128200;51;210723;7;2550583;5;2547273
30.04.2022 02:00;2;2000;2;2000;11;127190;44;117070;14;132290;15;218713;2;2000;2;2000;0;0;0;0;4;4100;2;2010;8;144640;36;173851;26;90714;26;126880
30.04.2022 03:00;2;2000;2;1990;7;93034;35;139480;16;153805;9;133580;2;1990;2;2000;0;0;0;0;1;1010;2;2000;7;124550;21;133780;27;100220;32;142977
30.04.2022 04:00;2;2000;2;2000;8;22330;39;81692;8;94508;9;163430;2;2000;2;2000;0;0;0;0;1;1010;0;0;9;183813;32;160739;15;66760;22;109040
30.04.2022 05:00;4;3990;4;4000;10;15460;56;157241;16;304810;5;49770;4;4000;4;3990;0;0;0;0;0;0;1;1000;10;163510;45;275210;25;107990;32;211180
30.04.2022 06:00;4;4000;4;4000;12;96890;95;297820;11;217300;7;175890;4;4000;4;3990;0;0;0;0;0;0;0;0;9;184250;67;471480;50;318135;29;154530
30.04.2022 07:00;4;4000;4;4000;8;46880;144;311910;33;423339;33;421302;4;4000;4;3990;0;0;0;0;4;4470;0;0;13;197736;102;569550;56;375734;38;171660
30.04.2022 08:00;4;4000;4;3990;23;89530;235;987275;59;486783;63;651383;4;3970;4;4000;0;0;0;0;19;21760;5;5060;28;435220;140;1302030;95;857793;74;433906
30.04.2022 09:00;4;3990;4;3990;28;147046;371;1393587;110;1047517;98;1071024;4;4000;4;3990;0;0;0;0;30;31760;8;8050;40;602233;137;2159847;109;1396330;115;1000579
30.04.2022 10:00;4;3990;4;3990;50;353555;376;1418549;160;1077737;127;1286367;4;4000;4;4000;0;0;0;0;33;34690;15;15340;47;643396;159;2210697;16;3455490;10;3464177
30.04.2022 11:00;4;4000;4;4000;59;470850;476;1552380;138;1231086;139;1242315;4;4000;4;3990;0;0;0;0;35;38680;7;7480;64;851088;158;2651090;0;3600000;0;3600000
30.04.2022 12:00;4;3980;4;4000;61;544220;440;1441358;157;1392158;140;1257286;4;4000;4;3990;0;0;0;0;30;31150;14;14040;76;1479793;168;2552051;66;2830177;65;2592336
30.04.2022 13:00;4;3990;4;3990;70;599591;423;1614806;137;1469531;133;1334062;4;3990;4;4000;0;0;0;0;26;29750;9;11700;80;1047606;159;2485100;124;2119829;146;1784462
30.04.2022 14:00;4;4000;4;4000;81;542909;448;1415983;148;1293735;125;1088440;4;4000;4;4000;0;0;0;0;37;42310;15;15530;103;1316969;173;2574851;108;2066935;132;1305427
30.04.2022 15:00;4;4000;4;3990;65;618507;438;1396884;119;1178962;101;1195301;4;4000;4;4000;0;0;0;0;37;38810;16;16220;69;1055123;168;2505375;125;1971661;138;1184298
30.04.2022 16:00;4;4000;4;3990;68;527220;401;1247725;105;865894;90;1038892;4;4000;4;4000;0;0;0;0;30;31680;14;14510;77;1235134;163;2272860;145;1653347;144;1185391
30.04.2022 17:00;4;3990;4;3990;75;523396;416;1377973;134;1197966;92;1126090;4;4000;4;3980;0;0;0;0;40;55077;12;12580;72;1201856;166;2382413;129;1777688;145;1230650
30.04.2022 18:00;4;4000;4;4000;95;575453;413;1439521;108;1142480;99;1139712;4;4000;4;4000;0;0;0;0;42;47950;9;9280;86;1308545;189;2381596;147;1744411;138;1349774
30.04.2022 19:00;4;3990;4;4000;82;675234;362;1490278;102;992014;85;925338;4;4000;4;4000;0;0;0;0;32;37648;10;10700;85;1471062;147;2275667;123;1821724;132;1360980
30.04.2022 20:00;4;3990;4;4000;41;240860;267;1200039;83;680595;77;679039;4;3990;4;4000;0;0;0;0;34;39730;13;14320;50;681683;157;1618487;95;671272;111;594780
30.04.2022 21:00;4;4000;4;3990;31;225944;232;988597;65;407798;43;474293;4;4000;4;4000;0;0;0;0;18;22740;15;16740;34;272600;134;1316052;105;455343;90;389374
30.04.2022 22:00;4;4000;4;4000;29;143417;318;1018835;136;1083868;132;1086061;4;4000;4;4000;0;0;0;0;22;23220;8;8590;53;517897;161;1641936;3;3526410;5;3533680
30.04.2022 23:00;1;990;2;2000;21;188186;297;908531;107;912905;126;1049769;1;990;2;2000;0;0;0;0;14;18280;7;7050;26;249732;160;1529055;0;3600000;0;3600000
01.05.2022 00:00;3;2990;2;2000;24;145080;156;535488;47;384980;41;469210;3;3000;2;2000;0;0;0;0;12;13080;11;11410;19;187082;126;745857;18;2805919;13;2751607
01.05.2022 01:00;2;2000;2;1990;17;130810;90;323200;27;296082;22;251530;2;1990;2;2000;0;0;0;0;1;1030;6;6810;15;205117;65;343786;46;522197;45;548865
01.05.2022 02:00;2;2000;2;1990;8;91786;49;306662;19;289544;15;296954;2;1990;2;2000;0;0;0;0;0;0;1;1000;13;145912;44;217326;27;1489884;30;1492602
01.05.2022 03:00;2;1990;2;1990;4;38179;38;99013;14;114990;17;306260;2;2000;2;2000;0;0;0;0;3;3020;1;1010;10;183473;28;145178;7;2836782;12;2854562
01.05.2022 04:00;2;2000;2;2000;8;27290;27;73670;13;179540;18;286463;2;2065;2;2000;0;0;0;0;0;0;0;0;4;50810;21;77590;0;3600000;0;3600000
01.05.2022 05:00;2;1990;2;2000;5;5040;38;77305;9;161574;10;221267;2;2000;2;2000;0;0;0;0;1;1010;0;0;5;47435;27;122447;0;3600000;0;3600000
01.05.2022 06:00;2;1990;2;2000;2;38137;47;110550;7;83736;7;111280;2;2000;2;1990;0;0;0;0;0;0;0;0;5;116750;35;148190;0;3600000;0;3600000
01.05.2022 07:00;2;2000;2;2000;15;125960;53;60650;12;221510;9;204808;2;2000;2;2000;0;0;0;0;2;2020;3;3010;17;180260;49;213136;10;2540585;6;2547695
01.05.2022 08:00;2;2000;2;1990;12;73680;96;382082;32;237400;37;488685;2;1990;2;2000;0;0;0;0;3;3640;1;1000;18;166630;57;441615;61;380506;35;149590
01.05.2022 09:00;4;4000;4;4000;26;100967;206;822746;87;674590;56;545000;4;4000;4;4000;0;0;0;0;6;6230;6;6062;23;338204;127;972865;77;818005;58;502688
01.05.2022 10:00;3;3059;4;4000;25;144670;270;882603;94;699333;85;846255;3;3000;4;3980;0;0;0;0;14;14750;5;5420;34;316160;162;1196152;92;1124275;95;645910
01.05.2022 11:00;5;4980;4;4000;48;379504;294;950839;101;722990;62;666101;5;4990;4;4000;0;0;0;0;13;14200;11;11610;41;515470;176;1501723;95;1463724;74;917174
01.05.2022 12:00;4;4000;4;4000;36;256980;325;1102544;117;983856;101;1001050;4;4000;4;4000;0;0;0;0;18;18450;12;12030;40;674710;168;1706420;106;1512249;99;992749
01.05.2022 13:00;4;3990;4;4000;46;391640;333;1181191;125;1091107;101;998657;4;3990;4;4000;0;0;0;0;14;17860;11;11350;40;501055;167;1723996;116;968097;112;808144
01.05.2022 14:00;4;4000;4;4000;58;332010;347;1026176;123;804597;94;752311;4;4000;4;3990;0;0;0;0;15;17080;5;5230;56;720196;182;1764220;115;1511362;96;912710
01.05.2022 15:00;4;4000;4;3990;44;525908;344;1056467;104;781617;77;1002047;4;4000;4;3990;0;0;0;0;22;26447;13;13240;38;632221;185;1488336;105;1758290;92;1414165
01.05.2022 16:00;4;4000;4;3980;43;387619;348;1140256;102;801413;98;1024544;4;4000;4;3990;0;0;0;0;28;31410;14;14930;48;772236;167;1754341;16;3324159;16;3276680
01.05.2022 17:00;4;3990;4;4000;37;182170;448;1239109;92;942139;69;810600;4;3990;4;3990;0;0;0;0;15;17640;17;17230;48;689785;182;2366053;17;3242555;23;3119279
01.05.2022 18:00;4;3990;4;4000;35;339208;381;1196735;92;805076;70;745645;4;4000;4;4000;0;0;0;0;25;26789;7;7920;54;699942;188;1919916;42;2812529;33;2594594
01.05.2022 19:00;4;4000;4;4000;43;353420;278;1025727;87;657175;77;764773;4;3990;4;3990;0;0;0;0;13;14550;5;5010;41;572436;157;1391619;92;1883031;87;1573371
01.05.2022 20:00;4;4000;4;4000;37;220580;252;943500;77;570438;58;535046;4;4000;4;4000;0;0;0;0;12;14390;9;9100;41;521872;149;1405761;96;985146;85;672681
01.05.2022 21:00;4;3990;4;4000;30;198610;179;664636;70;681960;57;555944;4;4000;4;4000;0;0;0;0;13;14160;10;10930;45;782611;126;1166346;77;1638330;52;1451881
01.05.2022 22:00;4;4000;4;3990;38;247810;159;562580;44;480347;25;182920;4;4000;4;3980;0;0;0;0;5;5390;1;1010;26;223800;116;783663;0;3600000;0;3600000
01.05.2022 23:00;2;2000;2;2000;12;44920;66;234580;20;105850;17;163778;2;1990;2;2000;0;0;0;0;7;9250;2;2050;13;487134;64;286500;0;3600000;0;3600000
02.05.2022 00:00;2;2000;3;3000;6;47180;44;80100;11;69080;11;188500;2;2000;3;2990;0;0;0;0;3;3150;0;0;5;84890;40;152580;0;3600000;0;3600000
02.05.2022 01:00;0;0;1;1000;5;45130;30;66980;3;64430;5;65760;0;0;1;990;0;0;0;0;0;0;0;0;1;16800;23;88281;1;2259091;1;2259101
02.05.2022 02:00;0;0;0;0;3;3730;19;47970;3;100523;1;16290;0;0;0;0;0;0;0;0;1;1310;1;1140;2;44750;15;61990;10;842597;14;858947
02.05.2022 03:00;1;1000;0;0;1;1300;11;5940;3;58970;3;42190;1;1000;0;0;0;0;0;0;0;0;0;0;2;6790;8;28010;0;3600000;0;3600000
02.05.2022 04:00;3;3000;2;2000;12;132490;36;70400;4;71850;6;172510;3;3000;2;2000;0;0;0;0;0;0;0;0;9;124300;30;220894;0;3600000;0;3600000
02.05.2022 05:00;6;5990;5;5000;14;92402;168;455644;27;236912;20;243256;6;5990;5;5000;0;0;0;0;0;0;1;1000;19;289820;105;766731;0;3600000;0;3600000
02.05.2022 06:00;6;5990;6;6000;27;168175;429;1084691;69;585767;57;739084;6;5980;6;5990;0;0;0;0;11;13136;7;8070;35;704828;192;1967839;63;1799509;45;1507288
02.05.2022 07:00;6;5980;6;5990;60;863098;597;1486774;173;1508376;140;1722219;6;6000;6;5990;0;0;0;0;28;30480;21;21210;58;884039;148;3226556;89;2176031;130;1360155
02.05.2022 08:00;7;6990;7;7000;62;503221;586;1602834;172;1712541;151;1784466;7;6980;7;6980;0;0;0;0;35;38410;29;29825;65;1073985;195;3030352;101;1920952;127;1169971
02.05.2022 09:00;3;3000;4;4000;70;521042;458;1247349;148;1687010;129;1319116;2;2000;4;4000;0;0;0;0;35;39900;25;25540;70;878192;203;2399474;109;1594947;112;1300875
02.05.2022 10:00;8;7990;7;7000;89;455695;391;1253090;151;1067146;147;1520148;8;7980;7;6990;0;0;0;0;32;33350;9;9490;84;1245397;174;2496884;107;1945026;120;1318360
02.05.2022 11:00;5;5000;6;6000;86;686002;411;1621064;157;1322205;138;1399680;5;4980;6;6000;0;0;0;0;36;41240;28;30290;67;1112398;169;2575629;97;1880714;110;1131369
02.05.2022 12:00;7;6990;6;6000;94;648419;396;1496973;149;1119499;128;1179851;7;7000;6;5990;0;0;0;0;37;42380;20;21200;75;1226020;181;2263926;128;2047161;133;1253465
02.05.2022 13:00;5;5000;5;4990;76;441845;434;1304884;159;1432090;141;1372547;5;4990;5;5000;0;0;0;0;45;60640;26;28210;89;1165225;179;2513669;102;2242199;110;1709392
02.05.2022 14:00;6;5980;6;5990;81;663281;399;1533246;159;1410247;113;929073;6;6000;6;5990;0;0;0;0;45;54029;21;21860;97;1340609;165;2469638;116;2376621;141;1460953
02.05.2022 15:00;6;6000;6;6000;87;686911;430;1622889;189;1882620;140;1285861;6;5990;6;5990;0;0;0;0;38;42696;28;29880;77;1497025;183;2542961;130;2671845;121;1591639
02.05.2022 16:00;5;4980;6;5980;119;1106974;537;1789276;186;2424988;149;2094833;5;5000;6;6000;0;0;0;0;49;65020;20;21910;96;1989060;279;2572985;91;2942872;105;2390796
02.05.2022 17:00;7;6980;6;6000;94;1031572;510;1768008;157;1809993;141;1851532;7;7000;6;6000;0;0;0;0;42;48470;35;38850;100;1887640;274;2575290;121;2497652;132;1786760
02.05.2022 18:00;6;5980;6;6000;93;961059;465;1558920;145;1809071;113;1617568;6;6000;6;6000;0;0;0;0;40;48576;17;17414;81;1565677;239;2225413;104;2336217;118;1743859
02.05.2022 19:00;6;5980;6;5980;65;387020;336;1188760;122;1327994;85;1258599;6;5980;6;5990;0;0;0;0;38;42898;20;21130;73;1442958;196;1530254;115;1615332;106;1162203
02.05.2022 20:00;6;6000;6;5980;56;223140;264;1026596;111;774852;89;765028;6;5990;6;5990;0;0;0;0;27;30045;16;16120;65;809477;137;1646595;105;1059902;104;751725
02.05.2022 21:00;4;3990;5;5000;36;137490;208;1024442;65;507483;54;504861;4;3990;5;4980;0;0;0;0;19;22060;7;7140;53;570446;144;994153;108;704608;78;381480
02.05.2022 22:00;4;3980;4;4000;30;148169;191;588365;47;388368;36;477718;4;4000;4;3990;0;0;0;0;18;19430;3;3010;34;522006;129;793543;92;446194;76;294150
02.05.2022 23:00;2;2000;2;2000;15;62790;101;423899;33;283891;35;468514;2;2000;2;2000;0;0;0;0;11;13140;6;6310;109;451554;95;542635;43;418559;27;323893
03.05.2022 00:00;2;1980;3;2990;8;37670;43;101143;17;193990;15;155360;2;2000;3;3000;0;0;0;0;0;0;1;1010;7;80985;40;160553;18;41770;17;50040
03.05.2022 01:00;0;0;1;1000;0;0;24;13730;5;50480;5;96550;0;0;1;1000;0;0;0;0;0;0;1;1000;4;35453;14;44060;5;15150;10;41860
03.05.2022 02:00;0;0;0;0;5;21712;12;16550;0;0;3;18000;0;0;0;0;0;0;0;0;1;1000;0;0;4;104110;12;37730;11;22030;6;13600
03.05.2022 03:00;1;990;0;0;7;85505;20;24090;5;79570;3;32650;1;1000;0;0;0;0;0;0;0;0;0;0;4;55783;19;62580;9;22090;4;13277
03.05.2022 04:00;3;3000;2;2000;16;80210;30;96470;3;32590;4;62400;3;2980;2;2000;0;0;0;0;1;1010;0;0;8;151013;34;111620;14;277382;12;273362
03.05.2022 05:00;6;6000;5;4990;20;75053;167;512810;26;304660;28;405375;6;6000;5;5000;0;0;0;0;0;0;0;0;16;184040;89;800363;42;269470;19;78920
03.05.2022 06:00;6;6000;6;5990;39;431053;409;951860;66;662389;52;829525;6;5980;6;6000;0;0;0;0;9;9360;3;3000;36;619438;229;1787381;66;1849601;49;1487259
03.05.2022 07:00;7;6980;6;6000;77;891541;644;1424577;154;1383224;127;1471756;7;6990;6;5980;0;0;0;0;27;33330;13;13070;60;984945;211;3111078;53;2645027;36;2429627
03.05.2022 08:00;5;4990;7;7000;90;689230;617;1697056;184;1441186;152;1677835;5;5000;7;7000;0;0;0;0;33;34757;10;11010;70;1170729;209;3289323;0;3600000;0;3600000
03.05.2022 09:00;7;7000;6;5990;86;649390;552;1496403;163;1350715;148;1764260;7;6980;6;6000;0;0;0;0;23;27680;16;17340;81;1402217;179;2975837;77;2543596;81;1642779
03.05.2022 10:00;6;5980;6;5990;71;640395;410;1476264;178;1354511;158;1585629;6;6000;6;5990;0;0;0;0;29;31710;26;28870;79;1343777;175;2517102;107;1740070;108;1381879
03.05.2022 11:00;6;5990;6;6000;83;619660;376;1272937;168;1360799;140;1528305;6;6000;6;5990;0;0;0;0;38;40900;26;27220;87;1257976;188;2313604;98;2088337;97;1584082
03.05.2022 12:00;5;5000;6;6000;75;737409;380;1574365;168;1296323;120;1272412;5;5000;6;5990;0;0;0;0;36;44190;21;21090;97;1454641;180;2648427;104;2036683;112;1207870
03.05.2022 13:00;6;5990;6;6000;111;833925;434;1806913;172;1221922;135;1258252;7;6970;6;6000;0;0;0;0;49;68999;23;24337;83;1260823;158;2714291;5;3515910;8;3499550
03.05.2022 14:00;7;6990;6;6000;82;483591;426;1443293;147;1316249;129;1366651;6;6000;6;5980;0;0;0;0;52;63880;21;22250;97;1547001;169;2619921;30;3291866;32;3182681
03.05.2022 15:00;5;4980;6;6000;101;1035352;492;1605259;178;1659081;151;1791383;5;5000;6;5980;0;0;0;0;52;59900;14;14100;111;1448342;206;2677786;41;3249797;45;2993226
03.05.2022 16:00;6;5980;6;5990;109;1021243;535;1373661;183;2162403;149;1776616;7;6990;6;6000;0;0;0;0;63;70206;36;36820;90;1710249;256;2517165;112;2725453;95;2203584
03.05.2022 17:00;7;7000;6;5990;107;854518;519;1719227;170;1632241;127;1384866;6;6000;6;5980;0;0;0;0;65;75120;16;16140;103;1589056;221;2781729;1;3598613;4;3575093
03.05.2022 18:00;6;5980;6;5980;99;756160;472;1603825;160;1409558;131;1773458;6;5990;6;5990;0;0;0;0;45;51873;25;25110;97;1725008;245;2422699;49;3044028;54;2760798
03.05.2022 19:00;5;5000;6;6000;68;681968;357;1170337;114;1153641;104;1206167;5;5000;6;5990;0;0;0;0;36;39730;15;15060;69;1096070;211;1719099;106;1875062;113;1354656
03.05.2022 20:00;7;7000;6;5990;52;433602;238;1205992;94;561465;74;774995;7;6990;6;6000;0;0;0;0;27;28320;10;10300;61;896750;156;1644179;129;922580;103;732841
03.05.2022 21:00;4;3990;5;4990;40;225656;234;918458;85;419505;61;639236;4;4000;5;5000;0;0;0;0;22;27970;11;11810;37;390524;165;1342347;109;545601;85;267427
03.05.2022 22:00;4;4000;4;4000;30;170170;185;830200;63;448490;39;412854;4;4000;4;4000;0;0;0;0;18;18900;3;3010;41;366590;127;815623;106;505316;71;292420
03.05.2022 23:00;2;2000;2;2000;17;105570;125;486942;50;401050;41;500969;2;2000;2;2000;0;0;0;0;3;3310;4;4360;13;127322;101;495120;67;252152;46;163452
04.05.2022 00:00;2;2000;3;2990;7;33454;42;199218;10;177023;8;139190;2;1990;3;2990;0;0;0;0;3;4450;2;2510;7;38606;38;126750;22;122318;22;50980
04.05.2022 01:00;0;0;1;1000;7;40030;25;26650;3;89990;4;97380;0;0;1;990;0;0;0;0;0;0;0;0;3;20220;21;72310;5;13440;11;26320
04.05.2022 02:00;0;0;0;0;1;240;17;9450;1;32450;2;52180;0;0;0;0;0;0;0;0;1;1010;0;0;2;17080;14;40480;8;1002855;12;1004965
04.05.2022 03:00;1;1000;0;0;5;1550;10;4310;1;1270;1;1010;1;1000;0;0;0;0;0;0;0;0;0;0;1;5840;9;32450;8;284984;11;291684
04.05.2022 04:00;3;3000;2;2000;17;104510;32;44470;1;59010;4;124050;3;3000;2;2000;0;0;0;0;0;0;0;0;7;72160;31;118370;13;270480;10;269620
04.05.2022 05:00;6;6000;5;5000;20;166843;160;346062;23;373374;20;250500;6;5990;5;5038;0;0;0;0;3;3020;1;1000;17;197893;102;732966;53;1398416;25;1221756
04.05.2022 06:00;6;5990;6;5980;29;343254;445;952129;63;760749;65;1085519;6;5990;6;5990;0;0;0;0;4;4040;7;7110;32;614439;204;1946403;13;3455165;6;3393045
04.05.2022 07:00;6;5990;6;5990;85;752280;606;1618222;175;1651036;154;1590092;6;6000;6;6000;0;0;0;0;41;62760;8;8470;52;994357;183;3082930;0;3600000;0;3600000
04.05.2022 08:00;6;5990;7;7000;89;743804;613;1486448;173;1668922;137;1891729;6;5990;7;7000;0;0;0;0;25;27740;15;16320;59;1024481;203;3171992;75;2532823;73;2114303
04.05.2022 09:00;7;6980;6;5990;66;603202;565;1605554;162;1718332;143;1958327;7;6990;6;6000;0;0;0;0;27;30280;11;11160;64;1191254;253;2683207;13;3390460;24;3205157
04.05.2022 10:00;5;5000;6;6000;58;408798;486;1592231;157;1181676;121;1243030;5;4980;6;5990;0;0;0;0;35;39850;17;17320;62;941962;182;2622068;0;3600000;0;3600000
04.05.2022 11:00;6;5990;6;5990;87;799959;457;1615708;176;1189380;137;1386852;6;6294;6;5990;0;0;0;0;36;45370;17;17150;92;1161933;184;2692443;58;2843417;35;2917682
04.05.2022 12:00;6;6000;6;6000;85;611996;436;1690878;177;1620010;143;1352956;6;5990;6;5990;0;0;0;0;34;38280;22;23360;105;1332948;197;2582455;86;2275343;103;1927020
04.05.2022 13:00;7;6990;6;6000;91;822146;455;1753096;139;1098982;130;1293265;7;6990;6;6032;0;0;0;0;64;83660;18;19124;85;1228729;187;2666877;23;3302224;26;3134211
04.05.2022 14:00;6;5990;6;5980;81;735563;430;1636923;139;1079652;134;1263553;6;5980;6;6000;0;0;0;0;42;49118;19;19260;81;1313549;182;2567808;28;3352203;38;3114191
04.05.2022 15:00;6;6000;6;6000;85;819586;509;1701146;177;1647276;143;1535277;6;5980;6;5990;0;0;0;0;50;60010;20;20800;78;1368431;212;2628697;126;2351363;124;1767928
04.05.2022 16:00;6;6000;5;4990;118;1087725;549;1648408;177;2104371;125;1909897;6;5990;6;6000;0;0;0;0;51;59550;20;20120;91;1625239;238;2837097;102;2863518;112;2125996
04.05.2022 17:00;5;5000;6;6000;110;1167507;591;1606315;182;1989579;145;1772214;5;4990;6;5980;0;0;0;0;45;49950;37;38099;95;1535923;243;2997841;94;2692542;113;2293893
04.05.2022 18:00;6;5990;6;6000;105;1139931;494;1863527;157;1736789;125;1683252;7;7000;6;6000;0;0;0;0;45;53150;24;24750;91;1347671;200;2827302;12;3491840;10;3468440
04.05.2022 19:00;2;1990;4;3990;67;785100;367;1285991;142;1589654;98;1242693;1;1000;4;4000;0;0;3;840;52;59100;33;35130;53;1242362;212;1852879;32;3003118;24;2744643
04.05.2022 20:00;5;5000;2;2000;53;245967;258;1292269;101;829962;77;641028;5;5000;2;2000;0;0;0;0;25;27670;21;21537;50;590840;146;1573512;94;722658;91;572932
04.05.2022 21:00;4;3990;5;4990;42;337340;227;782261;70;529484;54;467303;4;3990;5;5000;0;0;0;0;20;22010;8;8440;48;475284;130;1174148;62;2299193;48;2121475
04.05.2022 22:00;4;3990;4;4000;27;69730;196;654858;56;506983;53;573959;4;4000;4;4000;0;0;0;0;20;22580;10;10030;33;558371;125;812670;9;3444140;7;3448980
04.05.2022 23:00;2;2000;2;2000;19;27320;115;366850;41;334126;22;311243;2;2000;2;2000;0;0;0;0;7;7060;4;4760;21;209770;88;504810;0;3600000;0;3600000
05.05.2022 00:00;2;2000;3;3000;12;46710;59;166566;13;210360;14;255600;2;2000;3;3000;0;0;0;0;1;1120;8;8300;7;143144;40;186510;5;2810393;6;2820033
05.05.2022 01:00;0;0;1;1000;1;2360;19;37230;4;58820;3;47740;0;0;1;1000;0;0;0;0;1;1010;0;0;2;30530;14;43410;6;2677641;3;2669881
05.05.2022 02:00;0;0;0;0;5;130300;17;18420;3;39230;2;18230;0;0;0;0;0;0;0;0;0;0;0;0;4;27720;15;55170;3;2573760;3;2571750
05.05.2022 03:00;1;1000;0;0;3;1300;12;7330;3;22610;4;59065;1;1000;0;0;0;0;0;0;0;0;0;0;1;4800;10;36000;0;3600000;0;3600000
05.05.2022 04:00;3;3000;2;1990;16;109020;32;74240;5;19090;8;70311;3;3000;2;2000;0;0;0;0;0;0;1;1000;6;84692;28;106273;3;2912619;3;2912639
05.05.2022 05:00;6;5990;5;5000;27;71060;167;459204;31;353778;22;343727;6;6000;5;5000;0;0;0;0;5;5420;2;2010;17;99810;96;730140;0;3600000;0;3600000
05.05.2022 06:00;6;5990;6;6054;37;282200;452;964104;64;717024;54;874777;6;6000;6;6000;0;0;0;0;9;9560;4;4320;22;398679;177;2076243;8;3481506;7;3360316
05.05.2022 07:00;7;6980;6;6000;81;562141;615;1414946;169;1518779;139;1687138;7;6990;6;5990;0;0;0;0;33;36780;8;8010;64;918814;206;3235669;87;2001364;106;1541207
05.05.2022 08:00;6;6000;7;6990;98;897138;638;1639154;183;1793127;153;1643381;6;6000;7;6990;0;0;0;0;27;41420;21;21270;60;868446;194;3367578;95;2175438;98;1392469
05.05.2022 09:00;5;5000;6;5980;59;437909;506;1442749;155;1524144;139;1530076;5;4990;6;6000;0;0;0;0;20;23110;16;16190;55;1160014;189;2737072;122;2051421;131;1282020
05.05.2022 10:00;7;6980;6;5990;80;670356;377;1612974;154;1205245;130;1266517;7;7000;6;5990;0;0;0;0;30;31740;11;11810;75;1107816;196;2469750;86;2232423;80;1857732
05.05.2022 11:00;6;6000;6;5990;88;978808;399;1523697;158;1421354;158;1610299;6;6000;6;6000;0;0;0;0;27;30200;23;24540;69;1118758;163;2493965;1;3598940;1;3598940
05.05.2022 12:00;6;5980;6;5990;75;762351;414;1634051;142;1156280;122;1447130;6;6000;6;6000;0;0;0;0;37;61060;20;22260;78;1397140;172;2596932;17;3395388;22;3330208
05.05.2022 13:00;6;5990;6;6000;75;591322;396;1711591;160;1124383;150;1645341;6;5990;6;5990;0;0;0;0;29;33800;23;23920;81;1142822;168;2494068;102;2367470;118;1730264
05.05.2022 14:00;5;5000;6;6000;90;731069;415;1481721;153;1334381;131;1473765;5;4990;6;6066;0;0;0;0;38;42463;23;23560;83;1100300;147;2569237;46;3110754;44;2907622
05.05.2022 15:00;7;7000;6;6000;99;837734;506;1825686;188;1781188;174;1620977;7;6990;6;5980;0;0;0;0;46;55000;44;45418;87;1371201;188;3079939;0;3600000;0;3600000
05.05.2022 16:00;5;5000;6;6000;109;1005205;529;1479166;188;1756443;155;1970440;5;5000;6;5990;0;0;0;0;56;66334;21;22710;101;1675170;212;2732114;54;3111440;75;2574134
05.05.2022 17:00;6;6000;6;6000;128;1227910;532;1434904;230;2507215;164;2165180;6;5990;6;5970;0;0;0;0;33;39470;16;17730;98;1936439;232;2568432;39;3196877;37;3047588
05.05.2022 18:00;7;6990;6;5990;122;1066784;480;1589617;145;1403097;123;1611699;7;7000;6;6000;0;0;0;0;36;41610;17;17380;95;1615632;249;2507908;25;3281609;28;3097989
05.05.2022 19:00;6;5990;6;5980;77;766309;402;1202552;134;1281923;88;1069819;6;6000;6;6000;0;0;0;0;37;40920;20;20380;77;1442279;220;1803928;103;1884631;130;1395390
05.05.2022 20:00;6;6000;6;6000;52;420175;255;956127;118;833050;77;711637;6;5990;6;5980;0;0;0;0;19;19390;9;9030;57;879174;144;1569944;96;1524490;85;1272464
05.05.2022 21:00;4;4000;5;4990;42;276688;215;809338;82;527690;74;585906;4;4000;5;5000;0;0;0;0;23;26530;9;9250;38;505826;152;1293470;97;684124;59;455341
05.05.2022 22:00;4;3990;4;4000;26;203110;192;646248;59;548651;48;451137;4;4000;4;4000;0;0;0;0;19;20241;10;10190;34;416860;127;910108;79;1437061;64;1314721
05.05.2022 23:00;2;2000;2;2000;28;126830;109;545729;52;349232;34;355263;2;2000;2;2000;0;0;0;0;11;11220;12;12115;33;356360;99;485540;0;3600000;0;3600000
06.05.2022 00:00;2;2000;3;3000;13;64585;54;199420;12;135020;7;107174;2;2000;3;3000;0;0;0;0;4;4030;2;2120;12;213750;40;245770;20;1842042;9;1802812
06.05.2022 01:00;0;0;1;1000;8;49740;34;75080;4;26910;6;153443;0;0;1;1000;0;0;0;0;0;0;0;0;5;57746;26;96760;32;70310;17;50700
06.05.2022 02:00;0;0;0;0;1;730;20;30590;8;67080;6;117110;0;0;0;0;0;0;0;0;1;1000;3;3020;7;133820;16;56114;10;324517;6;316537
06.05.2022 03:00;1;1000;0;0;7;69850;23;42670;4;60320;3;62370;1;990;0;0;0;0;0;0;0;0;0;0;6;81200;20;71750;6;17030;1;2480
06.05.2022 04:00;3;3000;2;1990;9;88128;26;52190;3;47840;5;83590;3;3000;2;2000;0;0;0;0;0;0;0;0;9;115144;26;148070;15;39320;4;26030
06.05.2022 05:00;6;6000;5;4990;21;99381;157;358090;25;244020;19;340460;6;5990;5;4990;0;0;0;0;1;1010;1;1010;17;345677;123;788679;48;196156;19;69700
06.05.2022 06:00;6;5990;6;5990;31;329045;375;934006;59;697646;52;879900;6;5990;6;5980;0;0;0;0;6;6050;6;6050;32;596490;186;1857845;105;730333;51;283873
06.05.2022 07:00;7;6990;6;5990;75;979018;555;1333978;161;1391892;148;1786328;7;7000;6;6000;0;0;0;0;36;43610;22;23730;58;1066660;174;2868934;65;2287094;76;1805095
06.05.2022 08:00;6;5980;7;7000;85;759034;504;1181038;160;1545522;143;1571711;6;6000;7;7000;0;0;0;0;38;43948;16;16090;51;980798;223;2590312;0;3600000;0;3600000
06.05.2022 09:00;6;5990;6;5980;62;290320;459;1418856;159;1317346;153;1506763;6;5980;6;5980;0;0;0;0;27;31250;22;23108;59;1136353;220;2470949;81;2030065;97;1512857
06.05.2022 10:00;6;5990;6;6055;89;842307;376;1445571;158;1314296;143;1316341;6;6000;6;6000;0;0;0;0;32;34470;14;14180;77;1194906;195;2442262;116;2121227;109;1383619
06.05.2022 11:00;5;4990;6;6000;70;756196;370;1582596;172;1658746;148;1839060;5;4990;6;6000;0;0;0;0;41;46580;14;14320;80;1202099;199;2382503;22;3125852;63;2991852
06.05.2022 12:00;7;6990;6;6000;88;532586;372;1601646;165;1804926;126;1704156;7;7000;6;6000;0;0;0;0;34;37870;21;21680;91;1687997;193;2602557;24;1472354;45;3265825
06.05.2022 13:00;6;5990;6;5980;89;1093121;465;1928538;182;1901707;149;1839077;6;6055;6;6000;0;0;0;0;64;89308;44;47730;96;1897974;243;2826010;9;3364302;5;3532702
06.05.2022 14:00;6;5980;6;6000;75;821479;430;1601864;167;1676812;133;1729477;6;6000;6;6000;0;0;0;0;37;44770;14;15030;80;1565790;243;2384064;16;2741048;25;3441128
06.05.2022 15:00;5;5000;6;5990;105;1129229;475;1802197;177;1678182;123;1708601;6;5980;6;5990;0;0;0;0;58;75260;23;23410;95;1461366;245;2757940;1;3599499;1;3599799
06.05.2022 16:00;6;5990;6;5990;106;996295;468;1457681;143;2043442;119;1786179;6;6000;6;5990;0;0;0;0;46;49320;19;19460;90;1791512;294;2294875;14;2691307;30;3459936
06.05.2022 17:00;7;6990;6;5990;97;908340;433;1599856;193;1598455;137;1702399;6;6055;6;6000;0;0;0;0;53;63038;29;31560;83;1665287;237;2719916;0;3600000;0;3600000
06.05.2022 18:00;6;6000;6;5990;87;385675;430;1624214;163;1392320;124;1658105;6;6000;6;5990;0;0;0;0;39;44470;15;15110;87;1376148;228;2360077;32;2307946;34;3432873
06.05.2022 19:00;6;5990;6;5990;79;749019;378;1258745;140;1752361;105;1518340;6;5990;6;5990;0;0;0;0;34;38180;22;24280;65;1285455;226;1972037;9;2892359;18;3306198
06.05.2022 20:00;6;5990;6;5980;60;565049;267;1118387;101;675218;80;649789;6;5990;6;5990;0;0;0;0;46;50490;22;24904;64;778124;150;1901797;5;2773008;29;3039808
06.05.2022 21:00;4;3990;5;4980;36;172100;223;766180;83;599294;64;746029;4;4000;5;5000;0;0;0;0;30;35820;11;11970;52;708949;138;1386834;11;46080;148;1270774
06.05.2022 22:00;4;3990;4;4000;34;324158;207;886550;70;565502;49;519267;4;4000;4;3990;0;0;0;0;22;26380;8;8660;37;529862;126;1391481;6;2130746;61;2750357
06.05.2022 23:00;2;2000;2;2000;22;65525;171;743673;52;205656;44;521211;2;2000;2;1990;0;0;0;0;15;17370;15;15350;32;325356;145;1008264;0;3600000;0;3600000
07.05.2022 00:00;1;1000;2;1990;15;45934;110;431939;35;298520;20;246570;1;1000;2;2000;0;0;0;0;16;19020;7;7040;9;148360;93;491294;0;3600000;0;3600000
07.05.2022 01:00;3;2990;2;2000;21;157084;65;304830;11;60920;13;177700;3;3000;2;2000;0;0;0;0;3;3930;3;3360;15;164733;52;280106;3;3404153;5;3413903
07.05.2022 02:00;2;2000;2;2000;18;62690;34;135230;8;130330;12;210730;2;2000;2;2000;0;0;0;0;1;2010;4;4030;5;63690;34;127450;0;3600000;0;3600000
07.05.2022 03:00;2;2000;2;2000;12;19380;24;23650;8;54680;9;130410;2;1990;2;2000;0;0;0;0;1;1010;4;4170;3;28670;18;58494;1;3464657;2;3469137
07.05.2022 04:00;2;1990;2;2000;12;128400;36;41760;16;170185;11;172060;2;2000;2;2000;0;0;0;0;2;2000;3;3000;6;104000;28;110911;1;1140;17;58300
07.05.2022 05:00;4;4000;4;4000;14;41290;49;143257;20;223010;11;246950;4;3990;4;4000;0;0;0;0;1;1010;1;1000;14;197730;41;188210;9;644683;40;812723
07.05.2022 06:00;4;4000;4;4000;12;53520;103;266230;11;174759;12;149558;4;4000;4;3990;0;0;0;0;0;0;1;1000;9;144053;84;343630;4;495529;55;835012
07.05.2022 07:00;4;4000;4;3980;16;167520;133;638214;33;359746;25;402850;4;3990;4;3990;0;0;0;0;7;8100;2;2020;14;154255;105;690380;1;1449890;41;1652080
07.05.2022 08:00;4;3990;4;3990;35;247027;222;883714;72;605360;59;588837;4;4000;4;4000;0;0;0;0;17;18850;7;7300;35;446194;151;1320459;0;3600000;0;3600000
07.05.2022 09:00;3;3000;4;4000;41;405667;345;1242767;131;1094921;117;1236141;3;3000;4;3990;0;0;0;0;37;42820;7;7660;41;598367;175;2165986;7;2688180;50;3020909
07.05.2022 10:00;4;3990;4;4000;51;318608;390;1169633;167;1573786;131;1198014;4;4000;4;3990;0;0;0;0;31;32710;20;21480;46;682790;175;2311279;10;2525800;47;3188671
07.05.2022 11:00;5;5000;4;4000;69;580837;379;1310480;153;1528878;119;1349991;5;4990;4;4000;0;0;0;0;48;64140;26;26830;61;810531;160;2410321;7;3209191;10;3518348
07.05.2022 12:00;4;4000;4;3990;66;611052;423;1783676;183;1297433;137;1511072;4;3990;4;3990;0;0;0;0;40;47410;12;12070;70;1289391;153;2763065;0;3600000;0;3600000
07.05.2022 13:00;4;4000;4;4000;67;626894;406;1357152;149;1468530;111;1056128;4;3990;4;3990;0;0;0;0;39;48800;10;10180;62;903489;164;2681668;3;3530851;2;3589691
07.05.2022 14:00;3;3000;4;4000;85;640848;403;1367057;159;1342926;129;1176364;3;3000;4;4000;0;0;0;0;44;50540;25;25980;73;1346782;163;2542879;0;3600000;0;3600000
07.05.2022 15:00;5;4990;4;4000;85;560679;407;1516016;129;1055593;107;1332806;5;4990;4;4000;0;0;0;0;34;40870;10;10130;63;835661;191;2535622;0;3600000;0;3600000
07.05.2022 16:00;4;3990;4;4000;69;572019;350;1299078;136;1110247;114;1258965;4;4000;4;3990;0;0;0;0;41;46860;9;9590;72;1077993;168;2293977;0;3600000;0;3600000
07.05.2022 17:00;4;3990;4;4000;60;741940;401;1461085;132;1344979;102;1060373;4;3990;4;4000;0;0;0;0;46;52770;13;13470;77;977079;207;2276907;17;1966518;58;3141429
07.05.2022 18:00;4;3990;4;4000;72;662736;388;1593766;129;1010344;115;1277037;4;4000;4;4053;0;0;0;0;57;64650;15;15780;71;1060671;182;2415577;2;3589197;2;3589177
07.05.2022 19:00;4;3990;4;4000;58;415576;312;1267554;130;1030335;94;826469;4;4000;4;4000;0;0;0;0;41;47360;17;18107;62;1098370;163;2009358;7;3328357;5;3569867
07.05.2022 20:00;4;3990;4;4000;41;336209;270;1166004;104;683614;80;752496;4;4000;4;3990;0;0;0;0;36;45330;15;15100;56;704678;166;1632685;0;3600000;0;3600000
07.05.2022 21:00;4;3990;4;3990;26;132990;281;1088985;87;590294;65;445864;4;4000;4;4000;0;0;0;0;32;37549;15;15420;32;471713;145;1590301;7;2268680;51;2872960
07.05.2022 22:00;4;3990;4;4000;47;145390;237;925066;92;432380;60;449986;4;3990;4;4000;0;0;0;0;24;26740;18;18680;49;635260;149;1499550;0;3600000;0;3600000
07.05.2022 23:00;2;2000;2;2000;32;210149;205;943811;57;517129;45;520120;2;2000;2;2000;0;0;0;0;23;28350;7;7260;23;218460;150;1258780;17;1004866;82;1538873
08.05.2022 00:00;2;2000;2;1990;18;130015;110;648947;32;354715;19;363945;2;2000;2;2000;0;0;0;0;6;6040;6;5880;13;65750;90;396500;1;2902698;13;2967028
08.05.2022 01:00;2;2000;2;1990;12;119339;81;305840;25;282370;20;242595;2;2000;2;2000;0;0;0;0;3;3030;3;3570;6;95858;72;346150;1;640;51;222386
08.05.2022 02:00;2;2000;2;2000;9;43770;50;71531;13;105120;7;141100;2;2000;2;1990;0;0;0;0;3;3770;1;1010;9;120920;40;155390;0;0;39;137590
08.05.2022 03:00;2;2000;2;2000;9;9760;26;37750;10;43390;10;162844;2;2000;2;1990;0;0;0;0;2;2010;0;0;9;78370;20;71870;2;3271340;6;3285490
08.05.2022 04:00;2;1990;2;2000;16;17600;25;137840;6;54220;4;88910;2;2000;2;2000;0;0;0;0;1;1010;0;0;6;264575;16;60120;0;3600000;0;3600000
08.05.2022 05:00;2;2045;2;1990;6;1390;37;48760;9;94920;7;127380;2;2000;2;2000;0;0;0;0;1;1010;1;1100;5;36715;28;127355;3;2914188;5;2921298
08.05.2022 06:00;2;2000;2;1990;6;24050;38;71290;8;136510;5;31620;2;2000;2;2000;0;0;0;0;2;2010;0;0;8;195100;32;106374;2;3123070;4;3128100
08.05.2022 07:00;2;2000;2;2000;9;66650;52;244600;20;249874;17;276000;2;2000;2;1990;0;0;0;0;2;2090;2;2010;10;187430;45;201260;0;3600000;0;3600000
08.05.2022 08:00;2;2000;2;2000;16;102852;126;547915;43;472442;26;299361;2;2000;2;2000;0;0;0;0;25;29330;4;4020;21;220704;101;639999;17;2479700;42;2687702
08.05.2022 09:00;4;4000;4;3980;30;100209;227;908029;87;849913;84;691939;4;4000;4;4000;0;0;0;0;25;27497;3;3010;45;560008;164;1185331;7;2960470;21;3095990
08.05.2022 10:00;4;4000;4;4000;23;79780;261;1139280;104;1021380;91;868978;4;4000;4;3990;0;0;0;0;20;24390;7;8300;32;392900;154;1697816;0;3600000;0;3600000
08.05.2022 11:00;4;3990;4;4000;35;362090;333;1472809;147;1171492;105;940645;4;4000;4;4000;0;0;0;0;27;33360;13;13725;49;562862;194;2270321;0;3600000;0;3600000
08.05.2022 12:00;4;4000;4;4000;44;296244;379;1305104;129;1205829;114;1003833;4;3990;4;4000;0;0;0;0;28;31100;13;13100;60;952119;208;2164625;21;1726662;93;2744290
08.05.2022 13:00;4;4000;4;4000;41;314280;359;1094203;142;1261974;118;1158105;4;4000;4;4000;0;0;0;0;22;25530;17;19100;55;718445;226;1842940;22;1128637;101;2636008
08.05.2022 14:00;4;4000;4;4000;47;337727;397;1095406;144;1024938;124;1089684;4;4000;4;4000;0;0;0;0;28;34700;19;19900;74;1014326;169;2279611;0;3600000;0;3600000
08.05.2022 15:00;4;4000;4;3990;57;420415;356;1253300;151;1111775;145;1244157;4;4000;4;4000;0;0;0;0;25;30600;13;13060;54;561246;164;2273893;23;1181901;114;2692179
08.05.2022 16:00;4;4000;4;4000;41;397480;394;1113990;138;1229378;125;991910;4;4000;4;4000;0;0;0;0;27;30500;13;14360;54;768486;205;1977592;3;3372280;12;3481850
08.05.2022 17:00;4;4000;4;4000;41;275093;385;1255654;112;1156822;102;896833;4;4000;4;3990;0;0;0;0;20;22200;12;12010;53;653800;193;2218656;13;2253813;47;3138738
08.05.2022 18:00;4;3990;4;3990;47;528870;418;1455819;115;988380;85;1027684;4;4000;4;3990;0;0;0;0;14;17850;12;12500;63;957491;211;2282507;25;334555;138;2191967
08.05.2022 19:00;4;4000;4;3990;48;512700;298;1196000;121;961328;100;857129;4;3980;4;4000;0;0;0;0;12;14100;10;10170;60;826696;181;1663039;21;82080;131;1962154
08.05.2022 20:00;4;4000;4;3990;36;251655;283;909312;73;622413;70;709235;4;4000;4;4000;0;0;0;0;20;24658;7;7350;49;706638;177;1502038;18;347835;122;1783705
08.05.2022 21:00;4;3990;4;3990;24;164420;207;875643;85;720502;76;652251;4;4000;4;4000;0;0;0;0;9;11300;7;7380;40;358532;127;1279493;11;607920;120;1701358
08.05.2022 22:00;4;3980;4;4000;13;77384;133;482243;42;395974;42;497173;4;4000;4;4000;0;0;0;0;5;5080;5;5300;35;479136;98;621113;9;1347273;69;1733507
08.05.2022 23:00;2;1990;2;2000;14;136700;74;189400;26;261689;21;243696;2;2000;2;2000;0;0;0;0;1;1000;3;3450;18;226540;53;295209;7;407692;56;714885
09.05.2022 00:00;2;2000;3;3000;10;53140;50;112409;9;93100;13;158890;2;2000;3;3000;0;0;0;0;0;0;0;0;9;216526;43;185790;9;923697;24;1019177
09.05.2022 01:00;0;0;1;1000;4;21420;18;73520;2;22020;7;150570;0;0;1;990;0;0;0;0;0;0;0;0;5;62360;19;62440;6;1598396;14;1621056
09.05.2022 02:00;0;0;0;0;2;1620;20;37900;5;115996;2;17590;0;0;0;0;0;0;0;0;0;0;0;0;0;0;15;51080;3;2921427;8;2938637
09.05.2022 03:00;1;1000;0;0;5;49690;17;15110;6;96167;5;64950;1;1000;0;0;0;0;0;0;0;0;0;0;2;36970;12;50250;0;3600000;0;3600000
09.05.2022 04:00;3;3000;2;2000;14;39140;42;81350;4;26810;5;69410;3;2990;2;1990;0;0;0;0;0;0;0;0;5;122695;34;161895;3;1914152;8;1939902
09.05.2022 05:00;6;6000;5;5000;23;61200;161;603339;22;283180;21;391796;6;6000;5;5000;0;0;0;0;0;0;1;1100;21;558389;123;730372;0;3600000;0;3600000
09.05.2022 06:00;5;5000;6;5990;29;314034;396;1060227;65;591820;46;708918;5;5000;6;6000;0;0;0;0;6;7740;4;4030;30;518410;186;1919435;0;3600000;0;3600000
09.05.2022 07:00;7;6980;5;5000;64;513525;579;1528748;161;1429352;147;1798430;7;6990;5;4990;0;0;0;0;40;48160;23;24270;55;916365;117;3210101;0;3600000;0;3600000
09.05.2022 08:00;5;4990;6;5990;70;787590;542;1811104;175;1731508;144;1769683;5;4990;6;6000;0;0;0;0;36;40930;23;23660;58;1227157;164;3205976;0;3600000;0;3600000
09.05.2022 09:00;6;5990;6;6000;57;447300;426;1465238;171;1299919;135;1230398;6;6000;6;5990;0;0;0;0;28;31450;15;15490;82;1228260;200;2675285;0;3600000;0;3600000
09.05.2022 10:00;7;6980;7;7000;79;662353;353;1403805;174;1316209;142;1348497;7;7000;7;7000;0;0;0;0;39;50304;10;10080;65;1109012;167;2358683;8;2713460;42;3167280
09.05.2022 11:00;6;6000;6;5990;68;495841;361;1362807;149;1112930;130;1130368;6;6000;6;5980;0;0;0;0;54;64119;22;23940;93;888738;149;2539843;8;3139458;18;3425470
09.05.2022 12:00;6;5990;6;5980;83;717634;335;1452137;145;1370612;130;1236282;6;5990;6;6000;0;0;0;0;42;50042;10;10710;91;1325276;196;2331338;16;2588849;33;3257333
09.05.2022 13:00;6;6000;7;6990;86;423275;396;1621782;182;1406661;164;1594304;6;5990;6;5990;0;0;2;1060;41;45910;20;21290;80;981488;147;2619586;13;2686888;23;3425696
09.05.2022 14:00;6;5990;6;6000;82;525965;385;1492378;164;1462423;115;1342674;6;6000;6;6000;0;0;0;0;44;52730;24;26624;96;1344143;224;2381517;27;1782400;63;2992199
09.05.2022 15:00;6;5990;6;5990;69;585044;408;1700018;195;1665648;142;1524466;6;6000;5;4990;0;0;1;610;52;58619;38;43100;88;1124858;198;2597646;0;3600000;0;3600000
09.05.2022 16:00;5;4990;5;4990;98;1250537;432;1554111;190;2281766;146;1994648;5;4990;5;4990;0;0;0;0;46;53360;18;19070;88;1656846;280;2382323;52;1050527;70;3286911
09.05.2022 17:00;6;5980;6;6000;115;1148746;498;1913393;160;1986330;131;1753515;6;6000;6;5990;0;0;0;0;60;86635;26;27670;95;1893343;246;2840744;27;1983410;29;3478236
09.05.2022 18:00;4;4000;5;5000;91;799688;390;1511428;158;1421839;92;1436461;4;3990;5;4990;0;0;0;0;58;79576;16;16090;82;1300330;242;2221037;0;3600000;0;3600000
09.05.2022 19:00;7;6990;6;6000;74;699236;324;1267272;118;1167095;82;1317493;7;7000;6;6045;0;0;0;0;51;55160;24;24204;72;1155993;200;1750293;7;2483422;44;3028141
09.05.2022 20:00;6;5990;6;5990;44;234095;219;907951;93;772362;68;650811;6;5970;6;5990;0;0;0;0;34;39380;14;14160;55;757973;162;1283291;25;459585;119;1740923
09.05.2022 21:00;4;4000;5;5000;32;209020;208;684613;68;478262;44;458100;4;3990;5;5000;0;0;0;0;22;23210;11;11150;43;413615;133;1106399;26;267805;122;1086579
09.05.2022 22:00;4;4000;4;3990;28;232490;162;607725;58;560010;41;482795;4;4000;4;3990;0;0;0;0;13;14220;17;17890;44;534464;118;871538;16;1547877;71;1949102
09.05.2022 23:00;2;1990;2;2056;14;89471;86;394735;33;323220;31;503220;2;2000;2;2000;0;0;0;0;4;4150;6;6040;17;347591;79;425530;2;3559380;2;3559380
10.05.2022 00:00;2;2000;3;2990;3;4060;51;173785;16;203730;8;141446;2;1990;3;2990;0;0;0;0;4;6540;1;1150;7;144940;43;173680;0;3600000;0;3600000
10.05.2022 01:00;0;0;1;1000;4;57700;16;45530;3;47790;7;121890;0;0;1;1000;0;0;0;0;1;1010;0;0;3;56250;11;39960;0;3600000;0;3600000
10.05.2022 02:00;0;0;0;0;4;17700;17;31580;2;17350;3;63360;0;0;0;0;0;0;0;0;0;0;1;1053;5;120806;13;49866;0;3600000;0;3600000
10.05.2022 03:00;1;1000;0;0;2;4710;17;50180;6;6090;4;18860;1;1000;0;0;0;0;0;0;0;0;0;0;2;7020;15;52740;0;3600000;0;3600000
10.05.2022 04:00;3;2990;2;2000;11;60780;31;67900;4;27540;4;65360;3;3000;2;2000;0;0;0;0;0;0;1;1010;5;50440;27;113770;10;1613518;25;1683821
10.05.2022 05:00;6;5970;5;5000;19;57660;165;288558;22;318250;24;539980;6;6000;5;5000;0;0;0;0;0;0;1;1010;12;171765;120;675259;11;1575440;26;1669820
10.05.2022 06:00;6;5990;6;5980;49;357480;419;1040269;64;639321;53;784804;6;6000;6;6000;0;0;0;0;8;8280;2;2010;31;398860;201;1914946;0;3600000;0;3600000
10.05.2022 07:00;7;6970;6;5970;72;776086;493;1744840;181;1218908;145;1714244;7;6990;6;6000;0;0;0;0;29;38270;17;17400;60;1032100;151;3297958;0;3600000;0;3600000
10.05.2022 08:00;5;5000;7;7000;63;591827;609;1493831;175;1619363;140;1912208;5;5000;7;6990;0;0;0;0;41;47377;20;21740;62;1058701;172;3290649;5;3300137;6;3563039
10.05.2022 09:00;7;6990;6;6000;64;505816;465;1578205;165;1594629;150;1564942;7;7000;6;6000;0;0;0;0;41;58050;18;18120;68;1081735;165;2934628;1;3599161;1;3599151
10.05.2022 10:00;6;6000;6;6000;72;689044;379;1335132;162;1529275;133;1527210;6;5990;6;5990;0;0;0;0;27;33056;17;18720;88;1330312;191;2466481;19;970765;79;2855427
10.05.2022 11:00;6;5990;6;5990;79;590633;351;1149900;183;1344483;142;1397378;6;5980;6;5990;0;0;0;0;36;39880;15;16600;71;1041831;173;2251777;40;1469091;83;2778031
10.05.2022 12:00;6;6000;6;5970;82;685991;376;1483921;153;1290446;127;1362756;6;6047;6;5980;0;0;0;0;41;48690;22;22140;89;1260417;162;2589072;20;2582574;43;3093570
10.05.2022 13:00;5;4990;6;6000;66;743291;401;1580806;183;1211703;156;1373286;5;5000;6;6000;0;0;0;0;35;38080;31;32530;93;1239990;174;2723967;13;2666875;25;3381096
10.05.2022 14:00;7;6990;6;6000;96;963098;431;1342219;158;1523590;145;1578146;7;6990;6;5990;0;0;0;0;44;50870;21;21716;77;1273989;191;2515522;31;1599029;57;3141046
10.05.2022 15:00;5;5000;6;6043;84;626490;383;1666122;197;1856169;155;1577216;5;5000;6;5990;0;0;0;0;42;53790;47;49630;75;1537721;197;2557387;1;3591630;0;3600000
10.05.2022 16:00;7;6990;6;5980;103;966574;401;1669989;202;2105144;160;1781313;7;7000;6;5990;0;0;0;0;60;83109;40;42760;105;1836660;236;2539832;26;2472328;11;3508926
10.05.2022 17:00;6;6000;6;6000;110;1241288;479;1799428;238;2332403;184;1963987;6;6000;6;5990;0;0;0;0;56;61479;16;16760;97;1840123;217;2858341;0;3600000;0;3600000
10.05.2022 18:00;5;4970;6;5990;98;997715;397;1618246;240;2157661;173;1729121;5;5000;6;6000;0;0;0;0;51;63825;14;15900;83;1525802;205;2506092;21;2106715;44;3319142
10.05.2022 19:00;7;6990;6;5990;84;707208;340;1089985;101;1226155;90;1274413;7;7000;6;5990;0;0;0;0;35;38840;12;12070;67;1110655;218;1661206;50;628535;120;2485973
10.05.2022 20:00;6;5990;6;5990;51;301549;225;1051078;129;652351;78;682364;6;6060;6;5980;0;0;0;0;27;33257;14;14830;69;727180;153;1363160;18;43380;143;1548822
10.05.2022 21:00;4;4000;5;5000;37;252490;221;900649;74;408276;61;583057;4;4000;5;5000;0;0;0;0;22;28080;11;11400;55;642236;139;1406507;6;9400;148;1155643
10.05.2022 22:00;4;4000;4;3990;33;292090;177;761997;73;478495;49;560434;4;4000;4;4000;0;0;0;0;13;14490;6;6070;40;548782;134;939128;6;7210;112;824969
10.05.2022 23:00;2;2000;2;1990;23;118480;108;371428;30;227170;26;232120;2;2000;2;2000;0;0;0;0;12;15190;3;3020;21;236700;87;436332;5;335840;75;668100
11.05.2022 00:00;2;2000;3;3000;4;19930;38;128779;11;261160;10;170935;2;2000;3;3056;0;0;0;0;2;2020;1;1160;12;289853;34;134370;6;19540;30;136380
11.05.2022 01:00;0;0;1;1000;9;87720;21;11730;2;33600;4;80450;0;0;1;1000;0;0;0;0;1;1010;2;2310;7;157078;16;51577;10;805813;18;830103
11.05.2022 02:00;0;0;0;0;5;30870;15;11300;8;69320;8;135970;0;0;0;0;0;0;0;0;0;0;1;1000;1;45295;9;28400;11;1867169;18;1899949
11.05.2022 03:00;1;1000;0;0;3;2930;15;28979;3;2970;3;33370;1;1000;0;0;0;0;0;0;0;0;0;0;1;5910;14;50200;0;3600000;0;3600000
11.05.2022 04:00;3;3000;2;2000;9;160602;27;37373;5;78576;4;81460;3;3000;2;1980;0;0;0;0;0;0;0;0;8;99770;22;94750;0;3600000;0;3600000
11.05.2022 05:00;6;5990;5;5000;10;47275;153;421113;21;288654;17;349644;6;6000;5;4990;0;0;0;0;1;1010;1;1010;12;162020;102;719089;3;3186176;12;3219976
11.05.2022 06:00;6;5990;6;6000;24;180230;400;909483;66;741268;50;845425;6;6000;6;6000;0;0;0;0;4;4030;3;3030;25;323090;189;2045496;0;3600000;0;3600000
11.05.2022 07:00;7;6990;6;6000;45;388659;501;1449561;178;1838547;135;1622448;7;6990;6;5990;0;0;0;0;28;34460;32;32470;60;800778;128;3198614;34;1887099;83;3005596
11.05.2022 08:00;6;5990;7;6990;83;703950;597;1582375;192;1784445;173;1842810;6;6000;7;6990;0;0;0;0;37;40900;20;21810;62;1064903;216;3260306;5;3284400;10;3495680
11.05.2022 09:00;6;6000;6;6000;68;592260;474;1597699;172;1589512;149;1742036;6;6000;6;5990;0;0;0;0;42;52750;22;22920;52;1019414;219;2768620;7;2935353;19;3406038
11.05.2022 10:00;7;6990;7;6990;63;271336;380;1382559;166;1467742;142;1203332;7;7000;7;7000;0;0;0;0;55;66710;9;9050;73;985263;177;2474393;15;2702902;48;3230785
11.05.2022 11:00;5;5000;6;6000;77;594581;385;1406350;180;1214702;137;1140137;5;5000;6;5990;0;0;0;0;39;42147;20;20940;80;1171119;183;2425939;23;2660798;45;3210005
11.05.2022 12:00;6;6000;6;6000;73;583935;350;1579069;197;1343344;145;1231007;6;6000;6;6000;0;0;0;0;50;56450;20;20560;78;1320360;151;2373022;2;3555700;6;3573750
11.05.2022 13:00;7;6990;6;6000;89;508300;386;1609966;171;1349678;145;1437826;7;7049;6;5990;0;0;0;0;55;60730;29;32260;90;1378001;179;2692792;26;2414983;45;3149994
11.05.2022 14:00;5;4980;6;6000;83;570481;369;1442964;173;1203393;122;1067423;5;5000;6;5990;0;0;0;0;37;44360;16;16090;80;1378452;177;2633045;0;3600000;0;3600000
11.05.2022 15:00;5;5000;5;4990;76;634145;404;1600569;200;1817510;155;1452045;5;5000;5;5000;0;0;0;0;39;43810;35;36040;86;1494185;219;2663781;9;1434480;44;3365413
11.05.2022 16:00;7;6990;6;6000;110;969155;448;1602023;175;1822338;145;1874760;7;6990;6;6000;0;0;0;0;49;55780;28;28870;90;1640585;262;2651191;5;3040500;18;3495499
11.05.2022 17:00;5;5000;6;6000;112;1041486;475;1648746;196;1920161;165;1884756;5;5000;6;5980;0;0;0;0;50;70724;22;22620;91;1458832;243;2778715;0;3600000;0;3600000
11.05.2022 18:00;7;6980;6;5990;100;1104297;401;1604220;188;1756702;152;1645483;7;7000;6;5980;0;0;0;0;62;90079;32;32940;70;1289783;213;2479957;0;3600000;0;3600000
11.05.2022 19:00;6;6000;6;6000;89;706499;364;1061446;141;1402140;99;1416537;6;5990;6;5990;0;0;0;0;46;56400;14;14280;70;1150389;234;1512122;4;3078477;15;3426802
11.05.2022 20:00;6;5990;6;5990;55;355149;244;1229202;121;665681;79;610208;6;5980;6;5990;0;0;0;0;22;25730;12;12510;49;717717;160;1606373;0;3600000;0;3600000
11.05.2022 21:00;4;4000;5;5000;36;211017;231;765104;107;788544;79;802142;4;4000;5;4980;0;0;0;0;31;42100;11;11494;43;389920;139;1248811;0;3600000;0;3600000
11.05.2022 22:00;4;4000;4;4000;33;131070;203;875425;55;521450;42;670465;4;4000;4;4000;0;0;0;0;14;15590;15;15680;43;573642;150;933365;8;2958397;26;3168292
11.05.2022 23:00;2;2000;2;2000;29;104081;118;505180;40;380077;29;237887;2;2000;2;2000;0;0;0;0;13;16582;7;7130;20;180401;94;491533;0;3600000;0;3600000
12.05.2022 00:00;2;2000;3;2990;7;74768;54;186120;10;199580;11;182848;2;2000;3;3000;0;0;0;0;5;5220;2;2110;5;28540;51;177626;0;3600000;0;3600000
12.05.2022 01:00;0;0;1;1000;6;57990;23;40850;6;68000;9;236772;0;0;1;990;0;0;0;0;2;3200;1;1000;1;28690;20;66980;8;2910688;12;2928428
12.05.2022 02:00;0;0;0;0;6;72980;18;28490;4;20650;5;88760;0;0;0;0;0;0;0;0;1;1010;0;0;5;58570;13;40884;2;3489580;2;3489580
12.05.2022 03:00;1;1000;0;0;5;19590;20;49450;2;22860;4;81880;1;1000;0;0;0;0;0;0;1;1010;1;1110;5;162090;18;185930;0;3600000;0;3600000
12.05.2022 04:00;3;2990;2;2000;9;131790;19;410000;12;217538;11;183689;3;3000;2;1990;0;0;0;0;0;0;0;0;7;113750;19;65634;0;3600000;0;3600000
12.05.2022 05:00;6;5990;5;4990;14;83221;160;323620;17;211482;20;384057;6;6000;5;4990;0;0;0;0;0;0;1;1000;16;121725;109;628897;3;2314755;30;2531653
12.05.2022 06:00;6;6000;6;5990;19;283416;406;969388;54;710330;48;1030083;6;5980;6;5990;0;0;0;0;16;16410;6;6140;24;565283;214;1808957;0;3600000;0;3600000
12.05.2022 07:00;6;5990;6;6000;51;460031;552;1747867;180;1322586;141;1422201;7;7000;6;5990;0;0;0;0;31;43019;21;22500;55;812420;201;3046556;0;3600000;0;3600000
12.05.2022 08:00;6;6000;7;7000;86;1047922;535;1880284;194;1855201;159;1717169;5;5000;7;7000;0;0;0;0;38;44960;21;21790;63;893165;185;3312353;0;3600000;0;3600000
12.05.2022 09:00;7;7000;6;6000;59;627065;449;1538183;163;1457565;135;1395519;7;6980;6;6000;0;0;0;0;33;35624;18;18990;71;1046831;176;2723236;0;3600000;0;3600000
12.05.2022 10:00;6;5990;6;6000;70;503129;417;1600541;150;1558651;128;1396057;6;6000;6;5990;0;0;0;0;37;38590;18;18194;76;1180327;193;2593155;21;2599923;52;3163535
12.05.2022 11:00;6;5990;6;6000;73;563200;366;1459678;168;1357914;146;1356369;6;5980;6;6000;0;0;0;0;35;39934;9;9490;90;1086414;160;2511772;7;3418722;7;3545512
12.05.2022 12:00;5;4990;6;6000;75;488400;361;1347758;144;1085457;121;1256374;5;4990;6;6000;0;0;0;0;40;45600;18;19260;91;1345538;144;2593931;0;3600000;0;3600000
12.05.2022 13:00;6;5980;6;6000;79;536768;359;1511629;164;1457469;146;1293179;6;5990;6;5980;0;0;0;0;54;68064;28;29900;91;995504;172;2572324;8;2911777;24;3468343
12.05.2022 14:00;6;5990;6;5970;76;778163;414;1628334;183;1167534;121;1037701;6;6000;6;6000;0;0;0;0;30;32410;24;25220;80;1381229;174;2612599;0;3600000;0;3600000
12.05.2022 15:00;7;6990;6;6000;92;880905;449;1708780;203;1917333;161;1462623;7;6990;6;6000;0;0;0;0;37;42110;30;31130;85;1443567;217;2779532;17;447954;77;3163464
12.05.2022 16:00;5;5000;6;6000;92;849951;479;1404846;188;1949524;133;1831554;6;6000;6;5990;0;0;0;0;42;46930;28;29343;94;1605470;280;2457951;50;458272;78;3297519
12.05.2022 17:00;6;5990;6;5990;101;837130;419;1793496;183;1965669;157;1784080;6;6000;6;6000;0;0;0;0;50;62450;23;24880;87;1555637;260;2584463;44;432603;84;3365779
12.05.2022 18:00;6;5990;6;6000;94;918856;416;1600862;176;1748337;137;1702460;5;4990;6;5990;0;0;0;0;57;68840;19;19850;72;1370170;254;2227965;49;877710;74;3099742
12.05.2022 19:00;6;6000;6;5990;84;929233;327;1110222;145;1457177;97;1473142;7;6990;6;6000;0;0;0;0;50;57910;16;16930;64;1158755;212;1475934;37;1049558;101;2623996
12.05.2022 20:00;7;6990;6;6000;55;498051;232;1021838;117;732504;91;877143;6;5990;6;5990;0;0;0;0;36;43969;13;13060;62;629300;157;1345543;31;246318;125;1659010
12.05.2022 21:00;4;3990;5;5000;39;247530;220;910546;74;607614;59;533255;4;4000;5;4990;0;0;0;0;22;23880;8;8150;35;267150;134;1206125;12;252655;138;1258944
12.05.2022 22:00;4;4000;4;4000;34;166740;188;668097;75;449212;59;521565;4;4000;4;3990;0;0;0;0;8;8450;6;6040;49;557253;124;964932;2;3466300;8;3512670
12.05.2022 23:00;2;2000;2;1990;17;86730;121;500544;41;259846;31;384656;2;2000;2;1990;0;0;0;0;10;11260;6;6020;20;284066;95;545773;1;2432078;17;2517918
13.05.2022 00:00;2;1990;3;3000;8;52500;44;168077;17;138396;9;170050;2;1990;3;2990;0;0;0;0;3;3140;3;3010;16;274828;42;153940;3;6220;34;180080
13.05.2022 01:00;0;0;1;1000;9;68570;24;71970;6;68340;6;142994;0;0;1;1000;0;0;0;0;2;2080;0;0;8;53351;16;60620;5;553589;19;612669
13.05.2022 02:00;0;0;0;0;8;70680;13;36130;5;118374;4;205078;0;0;0;0;0;0;0;0;0;0;1;1950;1;16150;10;33510;12;721614;25;775144
13.05.2022 03:00;1;1000;0;0;8;37036;18;57860;3;24990;2;45950;1;1000;0;0;0;0;0;0;0;0;0;0;4;245579;15;93820;3;2320;9;36980
13.05.2022 04:00;3;2980;2;2000;14;157400;35;41860;6;37510;7;89350;3;3000;2;2000;0;0;0;0;1;2020;1;1000;12;145365;37;145920;2;2265000;9;2289710
13.05.2022 05:00;6;5990;5;4980;15;103685;166;199440;23;218415;21;203270;6;6000;5;5000;0;0;0;0;0;0;1;1160;15;220130;131;683501;0;3600000;0;3600000
13.05.2022 06:00;6;6000;6;5990;24;245324;352;813944;43;569000;46;919841;6;5990;6;6000;0;0;0;0;8;9460;6;6330;23;341395;238;1499122;21;959774;89;1789996
13.05.2022 07:00;7;7051;6;6000;66;688506;512;1476975;161;1415874;140;1820069;7;6990;6;6000;0;0;0;0;40;44370;39;39749;64;991703;183;2925240;32;1052268;66;2801080
13.05.2022 08:00;6;6050;7;7000;75;753147;465;1368837;163;1610253;139;1752326;6;5990;7;6990;0;0;0;0;33;44520;17;17990;58;1031116;221;2740277;0;3600000;0;3600000
13.05.2022 09:00;5;4990;6;5990;54;576576;451;1455626;174;1546532;149;1483192;5;4990;6;5990;0;0;0;0;23;28280;14;14780;67;939052;223;2452033;69;2776746;78;2371047
13.05.2022 10:00;8;7990;6;6000;73;576211;375;1640498;169;1254377;149;1251825;8;7990;6;6000;0;0;0;0;25;27960;31;32480;78;1020826;151;2620426;90;2183545;102;1778096
13.05.2022 11:00;5;4990;7;7000;79;509791;378;1573858;181;1443361;156;1426968;5;4990;7;6990;0;0;0;0;37;40830;17;17480;89;1329842;157;2632518;134;1747569;127;1206583
13.05.2022 12:00;7;6980;6;6000;98;813936;471;1698122;175;1565316;153;1768705;7;7000;6;6000;0;0;0;0;42;51954;20;21670;100;1587191;207;2679864;122;2428825;139;1307265
13.05.2022 13:00;6;5980;6;6000;101;702779;501;1696459;184;1837910;141;1671798;6;6000;6;5990;0;0;0;0;62;71542;39;42980;85;1384446;231;2669919;138;2095722;141;1376071
13.05.2022 14:00;6;5990;6;6000;113;994496;489;1135877;181;1857226;153;1766062;6;5990;6;6000;0;0;0;0;26;30600;26;27570;85;1514434;253;2549778;137;2304267;134;1518312
13.05.2022 15:00;5;4990;6;5990;71;473485;515;1104315;178;1595647;138;1722194;5;4806;6;5990;0;0;0;0;50;58630;16;16090;65;1235077;290;2389496;107;2438525;109;1889119
13.05.2022 16:00;7;6980;6;6000;92;967267;551;1545721;176;1544395;134;1221012;7;6970;6;5990;0;0;0;0;55;82486;14;14300;81;1300294;249;2879222;0;3600000;0;3600000
13.05.2022 17:00;6;6000;6;6000;96;1100335;468;1808862;184;1748754;135;1727307;6;6000;6;6000;0;0;0;0;48;61960;32;34000;96;1517593;225;2668763;0;3600000;0;3600000
13.05.2022 18:00;6;6000;6;6000;81;865610;473;1364599;178;1191939;119;1627988;6;6000;6;5990;0;0;0;0;49;54440;22;22990;85;1376235;268;2227347;57;2923201;63;2547853
13.05.2022 19:00;6;6000;6;5990;81;832580;380;1195024;127;1276165;101;1448794;6;6000;6;6000;0;0;0;0;43;46700;29;33290;52;1124953;184;2138545;124;1751056;115;1183513
13.05.2022 20:00;6;5990;6;5990;47;268320;280;1148886;105;574235;76;804262;6;5980;6;6000;0;0;0;0;32;38540;17;18300;48;570045;162;1751027;116;1129060;109;784964
13.05.2022 21:00;4;3990;5;4990;40;211250;249;895274;94;610617;67;625210;4;3990;5;5000;0;0;0;0;28;31800;7;7770;38;533394;155;1594811;94;1079136;82;781287
13.05.2022 22:00;4;4000;4;3990;36;271860;236;920538;83;487336;54;355100;4;4000;4;4000;0;0;0;0;24;25950;9;9510;56;544435;147;1356317;117;731879;93;569566
13.05.2022 23:00;2;2000;2;2000;25;208860;172;720389;51;415288;44;420455;2;2000;2;2000;0;0;0;0;19;20670;9;9010;15;134450;131;842964;80;939245;66;793770
14.05.2022 00:00;2;2000;2;2000;22;33820;86;316010;32;287480;28;402080;2;1990;2;2000;0;0;0;0;12;13240;10;10630;14;157533;69;346759;53;483588;42;402884
14.05.2022 01:00;2;1990;2;2000;13;58970;58;102920;21;217368;19;262638;2;2000;2;2000;0;0;0;0;1;1010;0;0;9;68320;48;178709;31;814313;26;755353
14.05.2022 02:00;2;1990;2;1980;8;46850;40;121350;11;200855;12;166410;2;2000;2;1990;0;0;0;0;8;9060;7;7590;5;68950;38;174300;0;3600000;0;3600000
14.05.2022 03:00;2;1990;2;2000;14;167345;25;77573;15;148776;10;147450;2;2000;2;2000;0;0;0;0;3;3380;1;1010;8;99605;19;79020;0;3600000;0;3600000
14.05.2022 04:00;2;2000;2;1990;12;79220;36;80430;13;138220;11;166390;2;2000;2;2000;0;0;0;0;2;2010;1;1100;8;54480;29;116400;13;1417238;10;1403363
14.05.2022 05:00;4;3990;4;4000;18;8346;59;214070;14;139570;10;152067;4;4064;4;3990;0;0;0;0;1;1010;0;0;13;97942;54;243152;0;3600000;0;3600000
14.05.2022 06:00;4;4000;4;4000;17;35730;113;242980;16;283244;8;113648;4;4000;4;4000;0;0;0;0;2;2470;0;0;6;54430;97;431421;0;3600000;0;3600000
14.05.2022 07:00;5;4990;5;4980;26;41150;155;412605;37;224000;33;373156;5;5000;5;5000;0;0;0;0;7;7588;2;2010;15;197862;94;859254;37;1874172;32;1775115
14.05.2022 08:00;4;4000;4;3990;38;275402;238;581440;66;773811;71;832280;4;4000;4;4000;0;0;0;0;19;21850;7;7170;34;534131;139;1498251;34;2565402;34;2499230
14.05.2022 09:00;4;4000;4;3990;35;379267;366;1326887;128;1283474;101;1110612;4;3990;4;4000;0;0;0;0;40;43800;15;15100;36;731945;166;2124537;61;2542275;68;2385304
14.05.2022 10:00;5;5000;5;5000;50;352096;379;1471622;171;1341224;150;1482460;5;4990;5;5000;0;0;0;0;36;38730;29;30000;50;545556;163;2473551;0;3600000;0;3600000
14.05.2022 11:00;4;4000;4;4000;64;647307;375;1410025;167;1243752;147;1584142;4;4000;4;3980;0;0;0;0;36;37450;17;18130;67;680969;190;2328072;98;2045805;104;1639506
14.05.2022 12:00;4;3990;4;3990;75;609217;420;1362292;158;1243212;127;1418508;4;3980;4;4000;0;0;0;0;47;50558;18;18410;60;1038075;160;2441300;126;2027941;133;1462723
14.05.2022 13:00;4;3980;4;3990;79;592701;399;1455488;183;1256960;126;1263446;4;4000;4;4000;0;0;0;0;46;62479;21;21690;81;1038540;194;2411490;131;1998546;131;1609427
14.05.2022 14:00;4;3990;4;4000;77;703426;452;1503616;158;1140474;120;1379641;4;3990;4;4000;0;0;0;0;36;38890;13;13079;65;1079107;205;2458594;129;2077041;125;1857718
14.05.2022 15:00;4;3990;4;3980;56;509519;411;1331499;142;1084811;104;1115962;4;4000;4;4000;0;0;0;0;44;48683;25;26920;65;924914;193;2315865;130;1712605;115;1278004
14.05.2022 16:00;4;3990;4;3990;67;546561;374;1458136;136;1033461;102;940626;4;4000;4;4000;0;0;0;0;37;43810;11;11060;62;838152;190;2258671;123;1759464;128;1311451
14.05.2022 17:00;4;4000;4;4000;62;517490;423;1374388;132;925034;93;1012899;4;4000;4;4000;0;0;0;0;40;44700;19;20770;60;703300;215;2345642;122;1527900;113;1346140
14.05.2022 18:00;4;3990;4;4000;65;444835;377;1383581;136;1185012;101;1148380;4;3990;4;3990;0;0;0;0;42;49074;17;17220;75;841340;171;2380101;28;3295500;23;3302450
14.05.2022 19:00;4;4000;4;4000;50;603746;331;1086927;114;869903;69;906469;4;3990;4;3990;0;0;0;0;31;34350;14;15220;54;881003;161;2022934;103;2132827;93;1639906
14.05.2022 20:00;4;4000;4;3990;52;194290;277;1195233;95;645804;61;604638;4;4000;4;4000;0;0;0;0;38;42635;15;15160;56;894048;168;1550806;106;1049834;95;752580
14.05.2022 21:00;4;3990;4;3990;43;288880;265;990597;89;548703;56;474516;4;3990;4;4000;0;0;0;0;33;37890;12;13240;40;363595;148;1628024;97;1141985;79;1021063
14.05.2022 22:00;4;4000;4;3990;28;204959;272;980912;96;508449;48;385481;4;4000;4;4000;0;0;0;0;26;34600;9;9000;53;672186;163;1385655;86;1318019;86;1259677
14.05.2022 23:00;2;2000;2;2000;22;99020;251;890863;55;479239;34;351853;2;2000;2;2000;0;0;0;0;17;20280;11;11520;31;365592;139;1338294;95;720014;72;616359
15.05.2022 00:00;2;2000;2;2000;16;124140;107;398630;39;362750;33;465080;2;2000;2;2000;0;0;0;0;5;5350;8;8720;15;214280;89;468220;50;1162435;54;1182135
15.05.2022 01:00;2;2000;2;2000;19;97230;86;358390;42;478216;29;413860;2;2000;2;1990;0;0;0;0;8;8180;2;2010;15;172503;58;420620;29;2353953;22;2323813
15.05.2022 02:00;2;2000;2;2000;11;32720;56;160430;18;137940;11;156728;2;1990;2;2000;0;0;0;0;3;3020;1;1100;12;152884;46;214699;0;3600000;0;3600000
15.05.2022 03:00;2;2000;2;2000;10;25150;37;578824;7;34730;6;88110;2;2000;2;2000;0;0;0;0;2;2180;1;1010;8;111300;38;153334;0;3600000;0;3600000
15.05.2022 04:00;2;2000;2;2000;12;42010;30;67772;9;112610;7;99850;2;2000;2;2055;0;0;0;0;2;9410;0;0;5;30900;25;132391;13;1415510;11;1406110
15.05.2022 05:00;2;2000;2;2000;10;23010;35;136290;7;58960;7;138600;2;1990;2;1990;0;0;0;0;0;0;0;0;5;58750;35;143400;4;3171140;6;3176890
15.05.2022 06:00;2;2000;2;2000;9;36520;45;158980;13;142844;9;174270;2;2000;2;2000;0;0;0;0;0;0;1;1010;5;109290;37;90660;0;3600000;0;3600000
15.05.2022 07:00;2;2000;2;2000;10;30220;58;26950;9;186250;9;207351;2;2000;2;1990;0;0;0;0;2;2020;1;1000;10;103258;51;142030;11;2535899;17;2556534
15.05.2022 08:00;2;1990;2;1990;20;113660;114;611397;44;296991;37;436470;2;2000;2;2000;0;0;0;0;10;12940;1;1000;14;194400;93;626327;45;1197516;51;1105009
15.05.2022 09:00;4;3990;4;3990;25;102028;205;701390;78;625466;68;695350;4;4000;4;4000;0;0;0;0;16;17050;4;4020;24;241220;142;1018684;64;1413983;71;1210756
15.05.2022 10:00;5;5000;4;4000;19;41390;300;796853;89;832045;77;836993;5;5000;4;3980;0;0;0;0;19;21580;12;12200;32;326431;185;1637488;90;1198738;90;1020553
15.05.2022 11:00;4;4000;5;4990;37;283010;305;970738;120;1052268;88;991750;4;3990;5;5000;0;0;0;0;17;17780;19;20750;39;647610;171;1509180;84;1909208;95;1200862
15.05.2022 12:00;4;3980;4;4000;46;419614;358;1096070;142;989239;108;801980;4;4000;4;4000;0;0;0;0;24;27850;11;12640;59;687653;166;1966818;118;1249247;108;1366503
15.05.2022 13:00;4;4000;4;3990;76;425440;337;1030026;211;1273992;169;1091607;4;4000;4;3990;0;0;0;0;23;25990;20;20389;84;864102;170;1761811;129;1714782;137;1288968
15.05.2022 14:00;4;4000;4;3990;79;488148;355;1252437;169;1197910;122;1141257;4;4000;4;4000;0;0;0;0;26;29920;26;27410;82;849566;151;1839372;118;1690274;130;1524503
15.05.2022 15:00;4;3990;4;4000;50;292340;323;864797;131;973370;89;1114673;4;4000;4;4000;0;0;0;0;11;12050;13;14080;41;394531;196;1506787;102;1494877;123;1416345
15.05.2022 16:00;4;3990;4;4000;54;457110;329;1256754;169;864942;113;688790;4;4000;4;4000;0;0;0;0;15;17760;19;19790;42;599130;198;1897292;1;3598648;1;3598458
15.05.2022 17:00;4;4000;4;4000;46;300336;401;1225325;177;1248844;150;1109963;4;3990;4;4000;0;0;0;0;21;28960;14;14270;58;759699;169;2216261;116;1515008;93;800212
15.05.2022 18:00;4;3980;4;3990;55;573590;393;1592835;233;1581079;229;1742859;4;4000;4;3990;0;0;0;0;27;29748;16;16720;38;492587;225;2240188;138;1409746;119;937946
15.05.2022 19:00;4;4000;4;4000;57;272370;332;1163595;124;806947;116;990270;4;4000;4;4000;0;0;0;0;27;28800;15;16210;49;551769;167;1913878;106;1201974;100;895729
15.05.2022 20:00;4;3990;4;3990;43;298421;276;1017350;70;746275;65;673364;4;3990;4;4000;0;0;0;0;23;28030;13;14980;42;469302;167;1392783;101;1084241;97;903345
15.05.2022 21:00;4;4000;4;4000;30;240966;226;808501;67;545005;58;438428;4;3990;4;4000;0;0;0;0;15;16809;14;14230;36;485642;141;1258798;117;944599;118;554536
15.05.2022 22:00;4;4000;4;3990;29;198440;155;621758;44;420338;36;505308;4;4000;4;4000;0;0;0;0;8;9760;8;8093;29;237967;119;653733;79;227020;55;156720
15.05.2022 23:00;2;2000;2;2000;10;24700;80;365252;25;190520;20;243330;2;2000;2;2000;0;0;0;0;2;2250;3;3460;15;182400;58;242377;38;133080;51;138180
16.05.2022 00:00;2;2000;3;3000;7;9110;38;126430;15;221620;11;226872;2;1990;3;3000;0;0;0;0;3;3840;1;1000;13;283110;38;179930;22;50060;21;65090
16.05.2022 01:00;0;0;1;1000;3;40450;15;53350;6;93390;7;119750;0;0;1;1000;0;0;0;0;0;0;0;0;2;49140;15;60870;9;48500;3;6950
16.05.2022 02:00;0;0;0;0;2;17110;18;37730;6;104380;1;17020;0;0;0;0;0;0;0;0;0;0;0;0;7;167811;15;65400;1;1040;7;15170
16.05.2022 03:00;1;1000;0;0;1;3500;12;9350;9;141210;4;66690;1;1000;0;0;0;0;0;0;0;0;0;0;4;67330;7;26630;10;486358;8;481108
16.05.2022 04:00;3;2990;2;2000;13;109223;33;52525;10;407468;11;264200;3;3000;2;2000;0;0;0;0;0;0;0;0;9;95155;27;117042;14;338292;19;279320
16.05.2022 05:00;6;5990;5;5000;14;167896;153;313050;38;431767;31;547135;6;5990;5;4990;0;0;0;0;0;0;3;3010;20;122306;109;606710;48;397560;31;281430
16.05.2022 06:00;6;6000;6;6000;27;323570;426;976381;71;747085;53;821067;6;6000;6;6000;0;0;0;0;7;8040;4;4660;27;570070;198;1912445;75;1532082;62;1071280
16.05.2022 07:00;7;7000;6;6000;58;580928;608;1477516;183;1728663;155;1848071;7;6990;6;5980;0;0;0;0;33;36270;27;28831;48;886223;134;3217657;22;3206939;26;3101339
16.05.2022 08:00;6;5990;7;6990;74;513217;574;1475656;220;1858482;209;2004312;6;6000;7;7000;0;0;0;0;18;20300;13;13715;55;979512;218;3085613;20;3360869;18;3246759
16.05.2022 09:00;6;5990;6;6000;64;621273;450;1271859;272;2004128;240;1687610;6;5990;6;6000;0;0;0;0;34;38390;14;14480;64;780025;200;2750821;119;2002738;122;1528095
16.05.2022 10:00;6;6059;6;5990;74;738696;376;1584646;235;1521788;218;1648285;6;5990;6;5990;0;0;0;0;31;35680;14;14582;73;1197190;177;2552599;104;2120987;106;1358474
16.05.2022 11:00;6;6000;6;5990;75;815664;400;1724396;246;1486762;226;1665629;6;6000;6;6000;0;0;0;0;40;44440;15;15130;75;1244331;128;2666951;115;1958746;119;1143005
16.05.2022 12:00;6;6000;6;6000;70;362848;383;1297088;230;1553430;220;1725751;6;5990;6;5990;0;0;0;0;47;51560;18;18640;82;938969;176;2375439;107;2064161;131;1489263
16.05.2022 13:00;6;6000;6;5980;104;736208;357;1532881;250;1645655;236;1667259;6;6054;6;5990;0;0;0;0;46;54160;53;54510;80;1023200;166;2575802;102;2078999;114;1859714
16.05.2022 14:00;6;6000;6;6000;92;545670;378;1541831;230;1711369;226;1718984;6;5990;6;5990;0;0;0;0;39;45573;17;17140;88;1276521;154;2367421;124;2378249;137;1329391
16.05.2022 15:00;5;4980;6;6000;92;647596;432;1583332;231;2119142;221;1888126;6;5990;6;6000;0;0;0;0;52;71489;23;24710;82;1694707;183;2556431;23;3372729;23;3399416
16.05.2022 16:00;5;4990;4;4000;101;1008202;473;1842337;256;2308036;250;2241796;4;4000;4;3980;0;0;0;0;46;55128;22;22680;99;1766216;181;2668871;79;2834875;104;2453047
16.05.2022 17:00;6;5980;6;5990;84;754762;485;1777961;249;2145451;208;2021778;6;5980;6;6000;0;0;0;0;64;72190;14;14550;89;1611997;207;2592624;133;2112056;125;1527306
16.05.2022 18:00;6;6000;6;6000;109;743981;415;1433779;210;1977661;182;1957533;6;5980;6;6000;0;0;0;0;45;50300;19;19290;84;1391539;225;2020455;122;1926126;119;1733205
16.05.2022 19:00;2;2000;2;2000;31;350730;153;402712;76;646947;67;803192;2;1809;3;2990;0;0;0;0;7;7820;4;4180;23;360468;81;2853254;40;895406;36;602474
16.05.2022 20:00;0;0;0;0;0;0;0;0;0;0;0;0;0;0;0;0;0;0;0;0;0;0;0;0;0;0;0;3600000;0;0;0;0
16.05.2022 21:00;0;0;0;0;0;0;0;0;0;0;0;0;0;0;0;0;0;0;0;0;0;0;0;0;0;0;0;3600000;0;0;0;0
16.05.2022 22:00;0;0;0;0;0;0;0;0;0;0;0;0;0;0;0;0;0;0;0;0;0;0;0;0;0;0;0;3600000;0;0;0;0
16.05.2022 23:00;0;0;0;0;0;0;0;0;0;0;0;0;0;0;0;0;0;0;0;0;0;0;0;0;0;0;0;3600000;0;0;0;0
17.05.2022 00:00;0;0;0;0;0;0;0;0;0;0;0;0;0;0;0;0;0;0;0;0;0;0;0;0;0;0;0;3600000;0;0;0;0
17.05.2022 01:00;0;0;0;0;0;0;0;0;0;0;0;0;0;0;0;0;0;0;0;0;0;0;0;0;0;0;0;3600000;0;0;0;0
17.05.2022 02:00;0;0;0;0;0;0;0;0;0;0;0;0;0;0;0;0;0;0;0;0;0;0;0;0;0;0;0;3600000;0;0;0;0
17.05.2022 03:00;0;0;0;0;0;0;0;0;0;0;0;0;0;0;0;0;0;0;0;0;0;0;0;0;0;0;0;3600000;0;0;0;0
17.05.2022 04:00;0;0;0;0;0;0;0;0;0;0;0;0;0;0;0;0;0;0;0;0;0;0;0;0;0;0;0;3600000;0;0;0;0
17.05.2022 05:00;0;0;0;0;0;0;0;0;0;0;0;0;0;0;0;0;0;0;0;0;0;0;0;0;0;0;0;3600000;0;0;0;0
17.05.2022 06:00;0;0;0;0;0;0;0;0;0;0;0;0;0;0;0;0;0;0;0;0;0;0;0;0;0;0;0;3600000;0;0;0;0
17.05.2022 07:00;0;0;0;0;0;0;0;0;0;0;0;0;0;0;0;0;0;0;0;0;0;0;0;0;0;0;0;3600000;0;0;0;0
17.05.2022 08:00;0;0;0;0;0;0;0;0;0;0;0;0;0;0;0;0;0;0;0;0;0;0;0;0;0;0;0;3600000;0;0;0;0
17.05.2022 09:00;0;0;0;0;0;0;0;0;0;0;0;0;0;0;0;0;0;0;0;0;0;0;0;0;0;0;0;3600000;0;0;0;0
17.05.2022 10:00;0;0;0;0;0;0;0;0;0;0;0;0;0;0;0;0;0;0;0;0;0;0;0;0;0;0;0;3600000;0;0;0;0
17.05.2022 11:00;0;0;0;0;0;0;0;0;0;0;0;0;0;0;0;0;0;0;0;0;0;0;0;0;0;0;0;3600000;0;0;0;0
17.05.2022 12:00;0;0;0;0;0;0;0;0;0;0;0;0;0;0;0;0;0;0;0;0;0;0;0;0;0;0;0;3600000;0;0;0;0
17.05.2022 13:00;0;0;0;0;0;0;0;0;0;0;0;0;0;0;0;0;0;0;0;0;0;0;0;0;0;0;0;3600000;0;0;0;0
17.05.2022 14:00;0;0;0;0;0;0;0;0;0;0;0;0;0;0;0;0;0;0;0;0;0;0;0;0;0;0;0;3600000;0;0;0;0
17.05.2022 15:00;0;0;0;0;0;0;0;0;0;0;0;0;0;0;0;0;0;0;0;0;0;0;0;0;0;0;0;3600000;0;0;0;0
17.05.2022 16:00;0;0;0;0;0;0;0;0;0;0;0;0;0;0;0;0;0;0;0;0;0;0;0;0;0;0;0;3600000;0;0;0;0
17.05.2022 17:00;0;0;0;0;0;0;0;0;0;0;0;0;0;0;0;0;0;0;0;0;0;0;0;0;0;0;0;3600000;0;0;0;0
17.05.2022 18:00;0;0;0;0;0;0;0;0;0;0;0;0;0;0;0;0;0;0;0;0;0;0;0;0;0;0;0;3600000;0;0;0;0
17.05.2022 19:00;0;0;0;0;0;0;0;0;0;0;0;0;0;0;0;0;0;0;0;0;0;0;0;0;0;0;0;3600000;0;0;0;0
17.05.2022 20:00;0;0;0;0;0;0;0;0;0;0;0;0;0;0;0;0;0;0;0;0;0;0;0;0;0;0;0;3600000;0;0;0;0
17.05.2022 21:00;0;0;0;0;0;0;0;0;0;0;0;0;0;0;0;0;0;0;0;0;0;0;0;0;0;0;0;3600000;0;0;0;0
17.05.2022 22:00;0;0;0;0;0;0;0;0;0;0;0;0;0;0;0;0;0;0;0;0;0;0;0;0;0;0;0;3600000;0;0;0;0
17.05.2022 23:00;0;0;0;0;0;0;0;0;0;0;0;0;0;0;0;0;0;0;0;0;0;0;0;0;0;0;0;3600000;0;0;0;0
18.05.2022 00:00;0;0;0;0;0;0;0;0;0;0;0;0;0;0;0;0;0;0;0;0;0;0;0;0;0;0;0;3600000;0;0;0;0
18.05.2022 01:00;0;0;0;0;0;0;0;0;0;0;0;0;0;0;0;0;0;0;0;0;0;0;0;0;0;0;0;3600000;0;0;0;0
18.05.2022 02:00;0;0;0;0;0;0;0;0;0;0;0;0;0;0;0;0;0;0;0;0;0;0;0;0;0;0;0;3600000;0;0;0;0
18.05.2022 03:00;0;0;0;0;0;0;0;0;0;0;0;0;0;0;0;0;0;0;0;0;0;0;0;0;0;0;0;3600000;0;0;0;0
18.05.2022 04:00;0;0;0;0;0;0;0;0;0;0;0;0;0;0;0;0;0;0;0;0;0;0;0;0;0;0;0;3600000;0;0;0;0
18.05.2022 05:00;0;0;0;0;0;0;0;0;0;0;0;0;0;0;0;0;0;0;0;0;0;0;0;0;0;0;0;3600000;0;0;0;0
18.05.2022 06:00;0;0;0;0;0;0;0;0;0;0;0;0;0;0;0;0;0;0;0;0;0;0;0;0;0;0;0;3600000;0;0;0;0
18.05.2022 07:00;0;0;0;0;0;0;0;0;0;0;0;0;0;0;0;0;0;0;0;0;0;0;0;0;0;0;0;3600000;0;0;0;0
18.05.2022 08:00;0;0;0;0;0;0;0;0;0;0;0;0;0;0;0;0;0;0;0;0;0;0;0;0;0;0;0;3600000;0;0;0;0
18.05.2022 09:00;0;0;0;0;0;0;0;0;0;0;0;0;0;0;0;0;0;0;0;0;0;0;0;0;0;0;0;3600000;0;0;0;0
18.05.2022 10:00;0;0;0;0;0;0;0;0;0;0;0;0;0;0;0;0;0;0;0;0;0;0;0;0;0;0;0;3600000;0;0;0;0
18.05.2022 11:00;0;0;0;0;0;0;0;0;0;0;0;0;0;0;0;0;0;0;0;0;0;0;0;0;0;0;0;3600000;0;0;0;0
18.05.2022 12:00;0;0;0;0;0;0;0;0;0;0;0;0;0;0;0;0;0;0;0;0;0;0;0;0;0;0;0;3600000;0;0;0;0
18.05.2022 13:00;0;0;0;0;0;0;0;0;0;0;0;0;0;0;0;0;0;0;0;0;0;0;0;0;0;0;0;3600000;0;0;0;0
18.05.2022 14:00;0;0;0;0;0;0;0;0;0;0;0;0;0;0;0;0;0;0;0;0;0;0;0;0;0;0;0;3600000;0;0;0;0
18.05.2022 15:00;0;0;0;0;0;0;0;0;0;0;0;0;0;0;0;0;0;0;0;0;0;0;0;0;0;0;0;3600000;0;0;0;0
18.05.2022 16:00;0;0;0;0;0;0;0;0;0;0;0;0;0;0;0;0;0;0;0;0;0;0;0;0;0;0;0;3600000;0;0;0;0
18.05.2022 17:00;0;0;0;0;0;0;0;0;0;0;0;0;0;0;0;0;0;0;0;0;0;0;0;0;0;0;0;3600000;0;0;0;0
18.05.2022 18:00;0;0;0;0;0;0;0;0;0;0;0;0;0;0;0;0;0;0;0;0;0;0;0;0;0;0;0;3600000;0;0;0;0
18.05.2022 19:00;0;0;0;0;0;0;0;0;0;0;0;0;0;0;0;0;0;0;0;0;0;0;0;0;0;0;0;3600000;0;0;0;0
18.05.2022 20:00;0;0;0;0;0;0;0;0;0;0;0;0;0;0;0;0;0;0;0;0;0;0;0;0;0;0;0;3600000;0;0;0;0
18.05.2022 21:00;0;0;0;0;0;0;0;0;0;0;0;0;0;0;0;0;0;0;0;0;0;0;0;0;0;0;0;3600000;0;0;0;0
18.05.2022 22:00;0;0;0;0;0;0;0;0;0;0;0;0;0;0;0;0;0;0;0;0;0;0;0;0;0;0;0;3600000;0;0;0;0
18.05.2022 23:00;0;0;0;0;0;0;0;0;0;0;0;0;0;0;0;0;0;0;0;0;0;0;0;0;0;0;0;3600000;0;0;0;0
19.05.2022 00:00;0;0;0;0;0;0;0;0;0;0;0;0;0;0;0;0;0;0;0;0;0;0;0;0;0;0;0;3600000;0;0;0;0
19.05.2022 01:00;0;0;0;0;0;0;0;0;0;0;0;0;0;0;0;0;0;0;0;0;0;0;0;0;0;0;0;3600000;0;0;0;0
19.05.2022 02:00;0;0;0;0;0;0;0;0;0;0;0;0;0;0;0;0;0;0;0;0;0;0;0;0;0;0;0;3600000;0;0;0;0
19.05.2022 03:00;0;0;0;0;0;0;0;0;0;0;0;0;0;0;0;0;0;0;0;0;0;0;0;0;0;0;0;3600000;0;0;0;0
19.05.2022 04:00;0;0;0;0;0;0;0;0;0;0;0;0;0;0;0;0;0;0;0;0;0;0;0;0;0;0;0;3600000;0;0;0;0
19.05.2022 05:00;0;0;0;0;0;0;0;0;0;0;0;0;0;0;0;0;0;0;0;0;0;0;0;0;0;0;0;3600000;0;0;0;0
19.05.2022 06:00;0;0;0;0;0;0;0;0;0;0;0;0;0;0;0;0;0;0;0;0;0;0;0;0;0;0;0;3600000;0;0;0;0
19.05.2022 07:00;0;0;0;0;0;0;0;0;0;0;0;0;0;0;0;0;0;0;0;0;0;0;0;0;0;0;0;3600000;0;0;0;0
19.05.2022 08:00;0;0;0;0;0;0;0;0;0;0;0;0;0;0;0;0;0;0;0;0;0;0;0;0;0;0;0;3600000;0;0;0;0
19.05.2022 09:00;0;0;0;0;0;0;0;0;0;0;0;0;0;0;0;0;0;0;0;0;0;0;0;0;0;0;0;3600000;0;0;0;0
19.05.2022 10:00;0;0;0;0;0;0;0;0;0;0;0;0;0;0;0;0;0;0;0;0;0;0;0;0;0;0;0;3600000;0;0;0;0
19.05.2022 11:00;0;0;0;0;0;0;0;0;0;0;0;0;0;0;0;0;0;0;0;0;0;0;0;0;0;0;0;3600000;0;0;0;0
19.05.2022 12:00;0;0;0;0;0;0;0;0;0;0;0;0;0;0;0;0;0;0;0;0;0;0;0;0;0;0;0;3600000;0;0;0;0
19.05.2022 13:00;0;0;0;0;0;0;0;0;0;0;0;0;0;0;0;0;0;0;0;0;0;0;0;0;0;0;0;3600000;0;0;0;0
19.05.2022 14:00;0;0;0;0;0;0;0;0;0;0;0;0;0;0;0;0;0;0;0;0;0;0;0;0;0;0;0;3600000;0;0;0;0
19.05.2022 15:00;0;0;0;0;0;0;0;0;0;0;0;0;0;0;0;0;0;0;0;0;0;0;0;0;0;0;0;3600000;0;0;0;0
19.05.2022 16:00;0;0;0;0;0;0;0;0;0;0;0;0;0;0;0;0;0;0;0;0;0;0;0;0;0;0;0;3600000;0;0;0;0
19.05.2022 17:00;0;0;0;0;0;0;0;0;0;0;0;0;0;0;0;0;0;0;0;0;0;0;0;0;0;0;0;3600000;0;0;0;0
19.05.2022 18:00;0;0;0;0;0;0;0;0;0;0;0;0;0;0;0;0;0;0;0;0;0;0;0;0;0;0;0;3600000;0;0;0;0
19.05.2022 19:00;0;0;0;0;0;0;0;0;0;0;0;0;0;0;0;0;0;0;0;0;0;0;0;0;0;0;0;3600000;0;0;0;0
19.05.2022 20:00;0;0;0;0;0;0;0;0;0;0;0;0;0;0;0;0;0;0;0;0;0;0;0;0;0;0;0;3600000;0;0;0;0
19.05.2022 21:00;0;0;0;0;0;0;0;0;0;0;0;0;0;0;0;0;0;0;0;0;0;0;0;0;0;0;0;3600000;0;0;0;0
19.05.2022 22:00;0;0;0;0;0;0;0;0;0;0;0;0;0;0;0;0;0;0;0;0;0;0;0;0;0;0;0;3600000;0;0;0;0
19.05.2022 23:00;0;0;0;0;0;0;0;0;0;0;0;0;0;0;0;0;0;0;0;0;0;0;0;0;0;0;0;3600000;0;0;0;0
20.05.2022 00:00;0;0;0;0;0;0;0;0;0;0;0;0;0;0;0;0;0;0;0;0;0;0;0;0;0;0;0;3600000;0;0;0;0
20.05.2022 01:00;0;0;0;0;0;0;0;0;0;0;0;0;0;0;0;0;0;0;0;0;0;0;0;0;0;0;0;3600000;0;0;0;0
20.05.2022 02:00;0;0;0;0;0;0;0;0;0;0;0;0;0;0;0;0;0;0;0;0;0;0;0;0;0;0;0;3600000;0;0;0;0
20.05.2022 03:00;0;0;0;0;0;0;0;0;0;0;0;0;0;0;0;0;0;0;0;0;0;0;0;0;0;0;0;3600000;0;0;0;0
20.05.2022 04:00;0;0;0;0;0;0;0;0;0;0;0;0;0;0;0;0;0;0;0;0;0;0;0;0;0;0;0;3600000;0;0;0;0
20.05.2022 05:00;0;0;0;0;0;0;0;0;0;0;0;0;0;0;0;0;0;0;0;0;0;0;0;0;0;0;0;3600000;0;0;0;0
20.05.2022 06:00;0;0;0;0;0;0;0;0;0;0;0;0;0;0;0;0;0;0;0;0;0;0;0;0;0;0;0;3600000;0;0;0;0
20.05.2022 07:00;0;0;0;0;0;0;0;0;0;0;0;0;0;0;0;0;0;0;0;0;0;0;0;0;0;0;0;3600000;0;0;0;0
20.05.2022 08:00;0;0;0;0;0;0;0;0;0;0;0;0;0;0;0;0;0;0;0;0;0;0;0;0;0;0;0;3600000;0;0;0;0
20.05.2022 09:00;0;0;0;0;0;0;0;0;0;0;0;0;0;0;0;0;0;0;0;0;0;0;0;0;0;0;0;3600000;0;0;0;0
20.05.2022 10:00;0;0;0;0;0;0;0;0;0;0;0;0;0;0;0;0;0;0;0;0;0;0;0;0;0;0;0;3600000;0;0;0;0
20.05.2022 11:00;0;0;0;0;0;0;0;0;0;0;0;0;0;0;0;0;0;0;0;0;0;0;0;0;0;0;0;3600000;0;0;0;0
20.05.2022 12:00;0;0;0;0;0;0;0;0;0;0;0;0;0;0;0;0;0;0;0;0;0;0;0;0;0;0;0;3600000;0;0;0;0
20.05.2022 13:00;0;0;0;0;0;0;0;0;0;0;0;0;0;0;0;0;0;0;0;0;0;0;0;0;0;0;0;3600000;0;0;0;0
20.05.2022 14:00;0;0;0;0;0;0;0;0;0;0;0;0;0;0;0;0;0;0;0;0;0;0;0;0;0;0;0;3600000;0;0;0;0
20.05.2022 15:00;0;0;0;0;0;0;0;0;0;0;0;0;0;0;0;0;0;0;0;0;0;0;0;0;0;0;0;3600000;0;0;0;0
20.05.2022 16:00;0;0;0;0;0;0;0;0;0;0;0;0;0;0;0;0;0;0;0;0;0;0;0;0;0;0;0;3600000;0;0;0;0
20.05.2022 17:00;0;0;0;0;0;0;0;0;0;0;0;0;0;0;0;0;0;0;0;0;0;0;0;0;0;0;0;3600000;0;0;0;0
20.05.2022 18:00;0;0;0;0;0;0;0;0;0;0;0;0;0;0;0;0;0;0;0;0;0;0;0;0;0;0;0;3600000;0;0;0;0
20.05.2022 19:00;0;0;0;0;0;0;0;0;0;0;0;0;0;0;0;0;0;0;0;0;0;0;0;0;0;0;0;3600000;0;0;0;0
20.05.2022 20:00;0;0;0;0;0;0;0;0;0;0;0;0;0;0;0;0;0;0;0;0;0;0;0;0;0;0;0;3600000;0;0;0;0
20.05.2022 21:00;0;0;0;0;0;0;0;0;0;0;0;0;0;0;0;0;0;0;0;0;0;0;0;0;0;0;0;3600000;0;0;0;0
20.05.2022 22:00;0;0;0;0;0;0;0;0;0;0;0;0;0;0;0;0;0;0;0;0;0;0;0;0;0;0;0;3600000;0;0;0;0
20.05.2022 23:00;0;0;0;0;0;0;0;0;0;0;0;0;0;0;0;0;0;0;0;0;0;0;0;0;0;0;0;3600000;0;0;0;0
21.05.2022 00:00;0;0;0;0;0;0;0;0;0;0;0;0;0;0;0;0;0;0;0;0;0;0;0;0;0;0;0;3600000;0;0;0;0
21.05.2022 01:00;0;0;0;0;0;0;0;0;0;0;0;0;0;0;0;0;0;0;0;0;0;0;0;0;0;0;0;3600000;0;0;0;0
21.05.2022 02:00;0;0;0;0;0;0;0;0;0;0;0;0;0;0;0;0;0;0;0;0;0;0;0;0;0;0;0;3600000;0;0;0;0
21.05.2022 03:00;0;0;0;0;0;0;0;0;0;0;0;0;0;0;0;0;0;0;0;0;0;0;0;0;0;0;0;3600000;0;0;0;0
21.05.2022 04:00;0;0;0;0;0;0;0;0;0;0;0;0;0;0;0;0;0;0;0;0;0;0;0;0;0;0;0;3600000;0;0;0;0
21.05.2022 05:00;0;0;0;0;0;0;0;0;0;0;0;0;0;0;0;0;0;0;0;0;0;0;0;0;0;0;0;3600000;0;0;0;0
21.05.2022 06:00;0;0;0;0;0;0;0;0;0;0;0;0;0;0;0;0;0;0;0;0;0;0;0;0;0;0;0;3600000;0;0;0;0
21.05.2022 07:00;0;0;0;0;0;0;0;0;0;0;0;0;0;0;0;0;0;0;0;0;0;0;0;0;0;0;0;3600000;0;0;0;0
21.05.2022 08:00;0;0;0;0;0;0;0;0;0;0;0;0;0;0;0;0;0;0;0;0;0;0;0;0;0;0;0;3600000;0;0;0;0
21.05.2022 09:00;0;0;0;0;0;0;0;0;0;0;0;0;0;0;0;0;0;0;0;0;0;0;0;0;0;0;0;3600000;0;0;0;0
21.05.2022 10:00;0;0;0;0;0;0;0;0;0;0;0;0;0;0;0;0;0;0;0;0;0;0;0;0;0;0;0;3600000;0;0;0;0
21.05.2022 11:00;0;0;0;0;0;0;0;0;0;0;0;0;0;0;0;0;0;0;0;0;0;0;0;0;0;0;0;3600000;0;0;0;0
21.05.2022 12:00;0;0;0;0;0;0;0;0;0;0;0;0;0;0;0;0;0;0;0;0;0;0;0;0;0;0;0;3600000;0;0;0;0
21.05.2022 13:00;0;0;0;0;0;0;0;0;0;0;0;0;0;0;0;0;0;0;0;0;0;0;0;0;0;0;0;3600000;0;0;0;0
21.05.2022 14:00;0;0;0;0;0;0;0;0;0;0;0;0;0;0;0;0;0;0;0;0;0;0;0;0;0;0;0;3600000;0;0;0;0
21.05.2022 15:00;0;0;0;0;0;0;0;0;0;0;0;0;0;0;0;0;0;0;0;0;0;0;0;0;0;0;0;3600000;0;0;0;0
21.05.2022 16:00;0;0;0;0;0;0;0;0;0;0;0;0;0;0;0;0;0;0;0;0;0;0;0;0;0;0;0;3600000;0;0;0;0
21.05.2022 17:00;0;0;0;0;0;0;0;0;0;0;0;0;0;0;0;0;0;0;0;0;0;0;0;0;0;0;0;3600000;0;0;0;0
21.05.2022 18:00;0;0;0;0;0;0;0;0;0;0;0;0;0;0;0;0;0;0;0;0;0;0;0;0;0;0;0;3600000;0;0;0;0
21.05.2022 19:00;0;0;0;0;0;0;0;0;0;0;0;0;0;0;0;0;0;0;0;0;0;0;0;0;0;0;0;3600000;0;0;0;0
21.05.2022 20:00;0;0;0;0;0;0;0;0;0;0;0;0;0;0;0;0;0;0;0;0;0;0;0;0;0;0;0;3600000;0;0;0;0
21.05.2022 21:00;0;0;0;0;0;0;0;0;0;0;0;0;0;0;0;0;0;0;0;0;0;0;0;0;0;0;0;3600000;0;0;0;0
21.05.2022 22:00;0;0;0;0;0;0;0;0;0;0;0;0;0;0;0;0;0;0;0;0;0;0;0;0;0;0;0;3600000;0;0;0;0
21.05.2022 23:00;0;0;0;0;0;0;0;0;0;0;0;0;0;0;0;0;0;0;0;0;0;0;0;0;0;0;0;3600000;0;0;0;0
22.05.2022 00:00;0;0;0;0;0;0;0;0;0;0;0;0;0;0;0;0;0;0;0;0;0;0;0;0;0;0;0;3600000;0;0;0;0
22.05.2022 01:00;0;0;0;0;0;0;0;0;0;0;0;0;0;0;0;0;0;0;0;0;0;0;0;0;0;0;0;3600000;0;0;0;0
22.05.2022 02:00;0;0;0;0;0;0;0;0;0;0;0;0;0;0;0;0;0;0;0;0;0;0;0;0;0;0;0;3600000;0;0;0;0
22.05.2022 03:00;0;0;0;0;0;0;0;0;0;0;0;0;0;0;0;0;0;0;0;0;0;0;0;0;0;0;0;3600000;0;0;0;0
22.05.2022 04:00;0;0;0;0;0;0;0;0;0;0;0;0;0;0;0;0;0;0;0;0;0;0;0;0;0;0;0;3600000;0;0;0;0
22.05.2022 05:00;0;0;0;0;0;0;0;0;0;0;0;0;0;0;0;0;0;0;0;0;0;0;0;0;0;0;0;3600000;0;0;0;0
22.05.2022 06:00;0;0;0;0;0;0;0;0;0;0;0;0;0;0;0;0;0;0;0;0;0;0;0;0;0;0;0;3600000;0;0;0;0
22.05.2022 07:00;0;0;0;0;0;0;0;0;0;0;0;0;0;0;0;0;0;0;0;0;0;0;0;0;0;0;0;3600000;0;0;0;0
22.05.2022 08:00;0;0;0;0;0;0;0;0;0;0;0;0;0;0;0;0;0;0;0;0;0;0;0;0;0;0;0;3600000;0;0;0;0
22.05.2022 09:00;0;0;0;0;0;0;0;0;0;0;0;0;0;0;0;0;0;0;0;0;0;0;0;0;0;0;0;3600000;0;0;0;0
22.05.2022 10:00;0;0;0;0;0;0;0;0;0;0;0;0;0;0;0;0;0;0;0;0;0;0;0;0;0;0;0;3600000;0;0;0;0
22.05.2022 11:00;0;0;0;0;0;0;0;0;0;0;0;0;0;0;0;0;0;0;0;0;0;0;0;0;0;0;0;3600000;0;0;0;0
22.05.2022 12:00;0;0;0;0;0;0;0;0;0;0;0;0;0;0;0;0;0;0;0;0;0;0;0;0;0;0;0;3600000;0;0;0;0
22.05.2022 13:00;0;0;0;0;0;0;0;0;0;0;0;0;0;0;0;0;0;0;0;0;0;0;0;0;0;0;0;3600000;0;0;0;0
22.05.2022 14:00;0;0;0;0;0;0;0;0;0;0;0;0;0;0;0;0;0;0;0;0;0;0;0;0;0;0;0;3600000;0;0;0;0
22.05.2022 15:00;0;0;0;0;0;0;0;0;0;0;0;0;0;0;0;0;0;0;0;0;0;0;0;0;0;0;0;3600000;0;0;0;0
22.05.2022 16:00;0;0;0;0;0;0;0;0;0;0;0;0;0;0;0;0;0;0;0;0;0;0;0;0;0;0;0;3600000;0;0;0;0
22.05.2022 17:00;0;0;0;0;0;0;0;0;0;0;0;0;0;0;0;0;0;0;0;0;0;0;0;0;0;0;0;3600000;0;0;0;0
22.05.2022 18:00;0;0;0;0;0;0;0;0;0;0;0;0;0;0;0;0;0;0;0;0;0;0;0;0;0;0;0;3600000;0;0;0;0
22.05.2022 19:00;0;0;0;0;0;0;0;0;0;0;0;0;0;0;0;0;0;0;0;0;0;0;0;0;0;0;0;3600000;0;0;0;0
22.05.2022 20:00;0;0;0;0;0;0;0;0;0;0;0;0;0;0;0;0;0;0;0;0;0;0;0;0;0;0;0;3600000;0;0;0;0
22.05.2022 21:00;0;0;0;0;0;0;0;0;0;0;0;0;0;0;0;0;0;0;0;0;0;0;0;0;0;0;0;3600000;0;0;0;0
22.05.2022 22:00;0;0;0;0;0;0;0;0;0;0;0;0;0;0;0;0;0;0;0;0;0;0;0;0;0;0;0;3600000;0;0;0;0
22.05.2022 23:00;0;0;0;0;0;0;0;0;0;0;0;0;0;0;0;0;0;0;0;0;0;0;0;0;0;0;0;3600000;0;0;0;0
23.05.2022 00:00;0;0;0;0;0;0;0;0;0;0;0;0;0;0;0;0;0;0;0;0;0;0;0;0;0;0;0;3600000;0;0;0;0
23.05.2022 01:00;0;0;0;0;0;0;0;0;0;0;0;0;0;0;0;0;0;0;0;0;0;0;0;0;0;0;0;3600000;0;0;0;0
23.05.2022 02:00;0;0;0;0;0;0;0;0;0;0;0;0;0;0;0;0;0;0;0;0;0;0;0;0;0;0;0;3600000;0;0;0;0
23.05.2022 03:00;0;0;0;0;0;0;0;0;0;0;0;0;0;0;0;0;0;0;0;0;0;0;0;0;0;0;0;3600000;0;0;0;0
23.05.2022 04:00;0;0;0;0;0;0;0;0;0;0;0;0;0;0;0;0;0;0;0;0;0;0;0;0;0;0;0;3600000;0;0;0;0
23.05.2022 05:00;0;0;0;0;0;0;0;0;0;0;0;0;0;0;0;0;0;0;0;0;0;0;0;0;0;0;0;3600000;0;0;0;0
23.05.2022 06:00;0;0;0;0;0;0;0;0;0;0;0;0;0;0;0;0;0;0;0;0;0;0;0;0;0;0;0;3600000;0;0;0;0
23.05.2022 07:00;0;0;0;0;0;0;0;0;0;0;0;0;0;0;0;0;0;0;0;0;0;0;0;0;0;0;0;3600000;0;0;0;0
23.05.2022 08:00;0;0;0;0;0;0;0;0;0;0;0;0;0;0;0;0;0;0;0;0;0;0;0;0;0;0;0;3600000;0;0;0;0
23.05.2022 09:00;0;0;0;0;0;0;0;0;0;0;0;0;0;0;0;0;0;0;0;0;0;0;0;0;0;0;0;3600000;0;0;0;0
23.05.2022 10:00;0;0;0;0;0;0;0;0;0;0;0;0;0;0;0;0;0;0;0;0;0;0;0;0;0;0;0;3600000;0;0;0;0
23.05.2022 11:00;0;0;0;0;0;0;0;0;0;0;0;0;0;0;0;0;0;0;0;0;0;0;0;0;0;0;0;3600000;0;0;0;0
23.05.2022 12:00;0;0;0;0;0;0;0;0;0;0;0;0;0;0;0;0;0;0;0;0;0;0;0;0;0;0;0;3600000;0;0;0;0
23.05.2022 13:00;0;0;0;0;0;0;0;0;0;0;0;0;0;0;0;0;0;0;0;0;0;0;0;0;0;0;0;3600000;0;0;0;0
23.05.2022 14:00;0;0;0;0;0;0;0;0;0;0;0;0;0;0;0;0;0;0;0;0;0;0;0;0;0;0;0;3600000;0;0;0;0
23.05.2022 15:00;0;0;0;0;0;0;0;0;0;0;0;0;0;0;0;0;0;0;0;0;0;0;0;0;0;0;0;3600000;0;0;0;0
23.05.2022 16:00;0;0;0;0;0;0;0;0;0;0;0;0;0;0;0;0;0;0;0;0;0;0;0;0;0;0;0;3600000;0;0;0;0
23.05.2022 17:00;0;0;0;0;0;0;0;0;0;0;0;0;0;0;0;0;0;0;0;0;0;0;0;0;0;0;0;3600000;0;0;0;0
23.05.2022 18:00;0;0;0;0;0;0;0;0;0;0;0;0;0;0;0;0;0;0;0;0;0;0;0;0;0;0;0;3600000;0;0;0;0
23.05.2022 19:00;0;0;0;0;0;0;0;0;0;0;0;0;0;0;0;0;0;0;0;0;0;0;0;0;0;0;0;3600000;0;0;0;0
23.05.2022 20:00;0;0;0;0;0;0;0;0;0;0;0;0;0;0;0;0;0;0;0;0;0;0;0;0;0;0;0;3600000;0;0;0;0
23.05.2022 21:00;0;0;0;0;0;0;0;0;0;0;0;0;0;0;0;0;0;0;0;0;0;0;0;0;0;0;0;3600000;0;0;0;0
23.05.2022 22:00;0;0;0;0;0;0;0;0;0;0;0;0;0;0;0;0;0;0;0;0;0;0;0;0;0;0;0;3600000;0;0;0;0
23.05.2022 23:00;0;0;0;0;0;0;0;0;0;0;0;0;0;0;0;0;0;0;0;0;0;0;0;0;0;0;0;3600000;0;0;0;0
24.05.2022 00:00;0;0;0;0;0;0;0;0;0;0;0;0;0;0;0;0;0;0;0;0;0;0;0;0;0;0;0;3600000;0;0;0;0
24.05.2022 01:00;0;0;0;0;0;0;0;0;0;0;0;0;0;0;0;0;0;0;0;0;0;0;0;0;0;0;0;3600000;0;0;0;0
24.05.2022 02:00;0;0;0;0;0;0;0;0;0;0;0;0;0;0;0;0;0;0;0;0;0;0;0;0;0;0;0;3600000;0;0;0;0
24.05.2022 03:00;0;0;0;0;0;0;0;0;0;0;0;0;0;0;0;0;0;0;0;0;0;0;0;0;0;0;0;3600000;0;0;0;0
24.05.2022 04:00;0;0;0;0;0;0;0;0;0;0;0;0;0;0;0;0;0;0;0;0;0;0;0;0;0;0;0;3600000;0;0;0;0
24.05.2022 05:00;0;0;0;0;0;0;0;0;0;0;0;0;0;0;0;0;0;0;0;0;0;0;0;0;0;0;0;3600000;0;0;0;0
24.05.2022 06:00;0;0;0;0;0;0;0;0;0;0;0;0;0;0;0;0;0;0;0;0;0;0;0;0;0;0;0;3600000;0;0;0;0
24.05.2022 07:00;0;0;0;0;0;0;0;0;0;0;0;0;0;0;0;0;0;0;0;0;0;0;0;0;0;0;0;3600000;0;0;0;0
24.05.2022 08:00;0;0;0;0;0;0;0;0;0;0;0;0;0;0;0;0;0;0;0;0;0;0;0;0;0;0;0;3600000;0;0;0;0
24.05.2022 09:00;0;0;0;0;0;0;0;0;0;0;0;0;0;0;0;0;0;0;0;0;0;0;0;0;0;0;0;3600000;0;0;0;0
24.05.2022 10:00;0;0;0;0;0;0;0;0;0;0;0;0;0;0;0;0;0;0;0;0;0;0;0;0;0;0;0;3600000;0;0;0;0
24.05.2022 11:00;0;0;0;0;0;0;0;0;0;0;0;0;0;0;0;0;0;0;0;0;0;0;0;0;0;0;0;3600000;0;0;0;0
24.05.2022 12:00;0;0;0;0;0;0;0;0;0;0;0;0;0;0;0;0;0;0;0;0;0;0;0;0;0;0;0;3600000;0;0;0;0
24.05.2022 13:00;0;0;0;0;0;0;0;0;0;0;0;0;0;0;0;0;0;0;0;0;0;0;0;0;0;0;0;3600000;0;0;0;0
24.05.2022 14:00;0;0;0;0;0;0;0;0;0;0;0;0;0;0;0;0;0;0;0;0;0;0;0;0;0;0;0;3600000;0;0;0;0
24.05.2022 15:00;0;0;0;0;0;0;0;0;0;0;0;0;0;0;0;0;0;0;0;0;0;0;0;0;0;0;0;3600000;0;0;0;0
24.05.2022 16:00;0;0;0;0;0;0;0;0;0;0;0;0;0;0;0;0;0;0;0;0;0;0;0;0;0;0;0;3600000;0;0;0;0
24.05.2022 17:00;0;0;0;0;0;0;0;0;0;0;0;0;0;0;0;0;0;0;0;0;0;0;0;0;0;0;0;3600000;0;0;0;0
24.05.2022 18:00;0;0;0;0;0;0;0;0;0;0;0;0;0;0;0;0;0;0;0;0;0;0;0;0;0;0;0;3600000;0;0;0;0
24.05.2022 19:00;0;0;0;0;0;0;0;0;0;0;0;0;0;0;0;0;0;0;0;0;0;0;0;0;0;0;0;3600000;0;0;0;0
24.05.2022 20:00;0;0;0;0;0;0;0;0;0;0;0;0;0;0;0;0;0;0;0;0;0;0;0;0;0;0;0;3600000;0;0;0;0
24.05.2022 21:00;0;0;0;0;0;0;0;0;0;0;0;0;0;0;0;0;0;0;0;0;0;0;0;0;0;0;0;3600000;0;0;0;0
24.05.2022 22:00;0;0;0;0;0;0;0;0;0;0;0;0;0;0;0;0;0;0;0;0;0;0;0;0;0;0;0;3600000;0;0;0;0
24.05.2022 23:00;0;0;0;0;0;0;0;0;0;0;0;0;0;0;0;0;0;0;0;0;0;0;0;0;0;0;0;3600000;0;0;0;0
25.05.2022 00:00;0;0;0;0;0;0;0;0;0;0;0;0;0;0;0;0;0;0;0;0;0;0;0;0;0;0;0;3600000;0;0;0;0
25.05.2022 01:00;0;0;0;0;0;0;0;0;0;0;0;0;0;0;0;0;0;0;0;0;0;0;0;0;0;0;0;3600000;0;0;0;0
25.05.2022 02:00;0;0;0;0;0;0;0;0;0;0;0;0;0;0;0;0;0;0;0;0;0;0;0;0;0;0;0;3600000;0;0;0;0
25.05.2022 03:00;0;0;0;0;0;0;0;0;0;0;0;0;0;0;0;0;0;0;0;0;0;0;0;0;0;0;0;3600000;0;0;0;0
25.05.2022 04:00;0;0;0;0;0;0;0;0;0;0;0;0;0;0;0;0;0;0;0;0;0;0;0;0;0;0;0;3600000;0;0;0;0
25.05.2022 05:00;0;0;0;0;0;0;0;0;0;0;0;0;0;0;0;0;0;0;0;0;0;0;0;0;0;0;0;3600000;0;0;0;0
25.05.2022 06:00;0;0;0;0;0;0;0;0;0;0;0;0;0;0;0;0;0;0;0;0;0;0;0;0;0;0;0;3600000;0;0;0;0
25.05.2022 07:00;0;0;0;0;0;0;0;0;0;0;0;0;0;0;0;0;0;0;0;0;0;0;0;0;0;0;0;3600000;0;0;0;0
25.05.2022 08:00;0;0;0;0;0;0;0;0;0;0;0;0;0;0;0;0;0;0;0;0;0;0;0;0;0;0;0;3600000;0;0;0;0
25.05.2022 09:00;0;0;0;0;0;0;0;0;0;0;0;0;0;0;0;0;0;0;0;0;0;0;0;0;0;0;0;3600000;0;0;0;0
25.05.2022 10:00;0;0;0;0;0;0;0;0;0;0;0;0;0;0;0;0;0;0;0;0;0;0;0;0;0;0;0;3600000;0;0;0;0
25.05.2022 11:00;0;0;0;0;0;0;0;0;0;0;0;0;0;0;0;0;0;0;0;0;0;0;0;0;0;0;0;3600000;0;0;0;0
25.05.2022 12:00;0;0;0;0;0;0;0;0;0;0;0;0;0;0;0;0;0;0;0;0;0;0;0;0;0;0;0;3600000;0;0;0;0
25.05.2022 13:00;0;0;0;0;0;0;0;0;0;0;0;0;0;0;0;0;0;0;0;0;0;0;0;0;0;0;0;3600000;0;0;0;0
25.05.2022 14:00;0;0;0;0;0;0;0;0;0;0;0;0;0;0;0;0;0;0;0;0;0;0;0;0;0;0;0;3600000;0;0;0;0
25.05.2022 15:00;0;0;0;0;0;0;0;0;0;0;0;0;0;0;0;0;0;0;0;0;0;0;0;0;0;0;0;3600000;0;0;0;0
25.05.2022 16:00;0;0;0;0;0;0;0;0;0;0;0;0;0;0;0;0;0;0;0;0;0;0;0;0;0;0;0;3600000;0;0;0;0
25.05.2022 17:00;0;0;0;0;0;0;0;0;0;0;0;0;0;0;0;0;0;0;0;0;0;0;0;0;0;0;0;3600000;0;0;0;0
25.05.2022 18:00;0;0;0;0;0;0;0;0;0;0;0;0;0;0;0;0;0;0;0;0;0;0;0;0;0;0;0;3600000;0;0;0;0
25.05.2022 19:00;0;0;0;0;0;0;0;0;0;0;0;0;0;0;0;0;0;0;0;0;0;0;0;0;0;0;0;3600000;0;0;0;0
25.05.2022 20:00;0;0;0;0;0;0;0;0;0;0;0;0;0;0;0;0;0;0;0;0;0;0;0;0;0;0;0;3600000;0;0;0;0
25.05.2022 21:00;0;0;0;0;0;0;0;0;0;0;0;0;0;0;0;0;0;0;0;0;0;0;0;0;0;0;0;3600000;0;0;0;0
25.05.2022 22:00;0;0;0;0;0;0;0;0;0;0;0;0;0;0;0;0;0;0;0;0;0;0;0;0;0;0;0;3600000;0;0;0;0
25.05.2022 23:00;0;0;0;0;0;0;0;0;0;0;0;0;0;0;0;0;0;0;0;0;0;0;0;0;0;0;0;3600000;0;0;0;0
26.05.2022 00:00;0;0;0;0;0;0;0;0;0;0;0;0;0;0;0;0;0;0;0;0;0;0;0;0;0;0;0;3600000;0;0;0;0
26.05.2022 01:00;0;0;0;0;0;0;0;0;0;0;0;0;0;0;0;0;0;0;0;0;0;0;0;0;0;0;0;3600000;0;0;0;0
26.05.2022 02:00;0;0;0;0;0;0;0;0;0;0;0;0;0;0;0;0;0;0;0;0;0;0;0;0;0;0;0;3600000;0;0;0;0
26.05.2022 03:00;0;0;0;0;0;0;0;0;0;0;0;0;0;0;0;0;0;0;0;0;0;0;0;0;0;0;0;3600000;0;0;0;0
26.05.2022 04:00;0;0;0;0;0;0;0;0;0;0;0;0;0;0;0;0;0;0;0;0;0;0;0;0;0;0;0;3600000;0;0;0;0
26.05.2022 05:00;0;0;0;0;0;0;0;0;0;0;0;0;0;0;0;0;0;0;0;0;0;0;0;0;0;0;0;3600000;0;0;0;0
26.05.2022 06:00;0;0;0;0;0;0;0;0;0;0;0;0;0;0;0;0;0;0;0;0;0;0;0;0;0;0;0;3600000;0;0;0;0
26.05.2022 07:00;0;0;0;0;0;0;0;0;0;0;0;0;0;0;0;0;0;0;0;0;0;0;0;0;0;0;0;3600000;0;0;0;0
26.05.2022 08:00;0;0;0;0;0;0;0;0;0;0;0;0;0;0;0;0;0;0;0;0;0;0;0;0;0;0;0;3600000;0;0;0;0
26.05.2022 09:00;0;0;0;0;0;0;0;0;0;0;0;0;0;0;0;0;0;0;0;0;0;0;0;0;0;0;0;3600000;0;0;0;0
26.05.2022 10:00;0;0;0;0;0;0;0;0;0;0;0;0;0;0;0;0;0;0;0;0;0;0;0;0;0;0;0;3600000;0;0;0;0
26.05.2022 11:00;0;0;0;0;0;0;0;0;0;0;0;0;0;0;0;0;0;0;0;0;0;0;0;0;0;0;0;3600000;0;0;0;0
26.05.2022 12:00;0;0;0;0;0;0;0;0;0;0;0;0;0;0;0;0;0;0;0;0;0;0;0;0;0;0;0;3600000;0;0;0;0
26.05.2022 13:00;0;0;0;0;0;0;0;0;0;0;0;0;0;0;0;0;0;0;0;0;0;0;0;0;0;0;0;3600000;0;0;0;0
26.05.2022 14:00;0;0;0;0;0;0;0;0;0;0;0;0;0;0;0;0;0;0;0;0;0;0;0;0;0;0;0;3600000;0;0;0;0
26.05.2022 15:00;0;0;0;0;0;0;0;0;0;0;0;0;0;0;0;0;0;0;0;0;0;0;0;0;0;0;0;3600000;0;0;0;0
26.05.2022 16:00;0;0;0;0;0;0;0;0;0;0;0;0;0;0;0;0;0;0;0;0;0;0;0;0;0;0;0;3600000;0;0;0;0
26.05.2022 17:00;0;0;0;0;0;0;0;0;0;0;0;0;0;0;0;0;0;0;0;0;0;0;0;0;0;0;0;3600000;0;0;0;0
26.05.2022 18:00;0;0;0;0;0;0;0;0;0;0;0;0;0;0;0;0;0;0;0;0;0;0;0;0;0;0;0;3600000;0;0;0;0
26.05.2022 19:00;0;0;0;0;0;0;0;0;0;0;0;0;0;0;0;0;0;0;0;0;0;0;0;0;0;0;0;3600000;0;0;0;0
26.05.2022 20:00;0;0;0;0;0;0;0;0;0;0;0;0;0;0;0;0;0;0;0;0;0;0;0;0;0;0;0;3600000;0;0;0;0
26.05.2022 21:00;0;0;0;0;0;0;0;0;0;0;0;0;0;0;0;0;0;0;0;0;0;0;0;0;0;0;0;3600000;0;0;0;0
26.05.2022 22:00;0;0;0;0;0;0;0;0;0;0;0;0;0;0;0;0;0;0;0;0;0;0;0;0;0;0;0;3600000;0;0;0;0
26.05.2022 23:00;0;0;0;0;0;0;0;0;0;0;0;0;0;0;0;0;0;0;0;0;0;0;0;0;0;0;0;3600000;0;0;0;0
27.05.2022 00:00;0;0;0;0;0;0;0;0;0;0;0;0;0;0;0;0;0;0;0;0;0;0;0;0;0;0;0;3600000;0;0;0;0
27.05.2022 01:00;0;0;0;0;0;0;0;0;0;0;0;0;0;0;0;0;0;0;0;0;0;0;0;0;0;0;0;3600000;0;0;0;0
27.05.2022 02:00;0;0;0;0;0;0;0;0;0;0;0;0;0;0;0;0;0;0;0;0;0;0;0;0;0;0;0;3600000;0;0;0;0
27.05.2022 03:00;0;0;0;0;0;0;0;0;0;0;0;0;0;0;0;0;0;0;0;0;0;0;0;0;0;0;0;3600000;0;0;0;0
27.05.2022 04:00;0;0;0;0;0;0;0;0;0;0;0;0;0;0;0;0;0;0;0;0;0;0;0;0;0;0;0;3600000;0;0;0;0
27.05.2022 05:00;0;0;0;0;0;0;0;0;0;0;0;0;0;0;0;0;0;0;0;0;0;0;0;0;0;0;0;3600000;0;0;0;0
27.05.2022 06:00;0;0;0;0;0;0;0;0;0;0;0;0;0;0;0;0;0;0;0;0;0;0;0;0;0;0;0;3600000;0;0;0;0
27.05.2022 07:00;0;0;0;0;0;0;0;0;0;0;0;0;0;0;0;0;0;0;0;0;0;0;0;0;0;0;0;3600000;0;0;0;0
27.05.2022 08:00;0;0;0;0;0;0;0;0;0;0;0;0;0;0;0;0;0;0;0;0;0;0;0;0;0;0;0;3600000;0;0;0;0
27.05.2022 09:00;0;0;0;0;0;0;0;0;0;0;0;0;0;0;0;0;0;0;0;0;0;0;0;0;0;0;0;3600000;0;0;0;0
27.05.2022 10:00;0;0;0;0;0;0;0;0;0;0;0;0;0;0;0;0;0;0;0;0;0;0;0;0;0;0;0;3600000;0;0;0;0
27.05.2022 11:00;0;0;0;0;0;0;0;0;0;0;0;0;0;0;0;0;0;0;0;0;0;0;0;0;0;0;0;3600000;0;0;0;0
27.05.2022 12:00;0;0;0;0;0;0;0;0;0;0;0;0;0;0;0;0;0;0;0;0;0;0;0;0;0;0;0;3600000;0;0;0;0
27.05.2022 13:00;0;0;0;0;0;0;0;0;0;0;0;0;0;0;0;0;0;0;0;0;0;0;0;0;0;0;0;3600000;0;0;0;0
27.05.2022 14:00;0;0;0;0;0;0;0;0;0;0;0;0;0;0;0;0;0;0;0;0;0;0;0;0;0;0;0;3600000;0;0;0;0
27.05.2022 15:00;0;0;0;0;0;0;0;0;0;0;0;0;0;0;0;0;0;0;0;0;0;0;0;0;0;0;0;3600000;0;0;0;0
27.05.2022 16:00;0;0;0;0;0;0;0;0;0;0;0;0;0;0;0;0;0;0;0;0;0;0;0;0;0;0;0;3600000;0;0;0;0
27.05.2022 17:00;0;0;0;0;0;0;0;0;0;0;0;0;0;0;0;0;0;0;0;0;0;0;0;0;0;0;0;3600000;0;0;0;0
27.05.2022 18:00;0;0;0;0;0;0;0;0;0;0;0;0;0;0;0;0;0;0;0;0;0;0;0;0;0;0;0;3600000;0;0;0;0
27.05.2022 19:00;0;0;0;0;0;0;0;0;0;0;0;0;0;0;0;0;0;0;0;0;0;0;0;0;0;0;0;3600000;0;0;0;0
27.05.2022 20:00;0;0;0;0;0;0;0;0;0;0;0;0;0;0;0;0;0;0;0;0;0;0;0;0;0;0;0;3600000;0;0;0;0
27.05.2022 21:00;0;0;0;0;0;0;0;0;0;0;0;0;0;0;0;0;0;0;0;0;0;0;0;0;0;0;0;3600000;0;0;0;0
27.05.2022 22:00;0;0;0;0;0;0;0;0;0;0;0;0;0;0;0;0;0;0;0;0;0;0;0;0;0;0;0;3600000;0;0;0;0
27.05.2022 23:00;0;0;0;0;0;0;0;0;0;0;0;0;0;0;0;0;0;0;0;0;0;0;0;0;0;0;0;3600000;0;0;0;0
28.05.2022 00:00;0;0;0;0;0;0;0;0;0;0;0;0;0;0;0;0;0;0;0;0;0;0;0;0;0;0;0;3600000;0;0;0;0
28.05.2022 01:00;0;0;0;0;0;0;0;0;0;0;0;0;0;0;0;0;0;0;0;0;0;0;0;0;0;0;0;3600000;0;0;0;0
28.05.2022 02:00;0;0;0;0;0;0;0;0;0;0;0;0;0;0;0;0;0;0;0;0;0;0;0;0;0;0;0;3600000;0;0;0;0
28.05.2022 03:00;0;0;0;0;0;0;0;0;0;0;0;0;0;0;0;0;0;0;0;0;0;0;0;0;0;0;0;3600000;0;0;0;0
28.05.2022 04:00;0;0;0;0;0;0;0;0;0;0;0;0;0;0;0;0;0;0;0;0;0;0;0;0;0;0;0;3600000;0;0;0;0
28.05.2022 05:00;0;0;0;0;0;0;0;0;0;0;0;0;0;0;0;0;0;0;0;0;0;0;0;0;0;0;0;3600000;0;0;0;0
28.05.2022 06:00;0;0;0;0;0;0;0;0;0;0;0;0;0;0;0;0;0;0;0;0;0;0;0;0;0;0;0;3600000;0;0;0;0
28.05.2022 07:00;0;0;0;0;0;0;0;0;0;0;0;0;0;0;0;0;0;0;0;0;0;0;0;0;0;0;0;3600000;0;0;0;0
28.05.2022 08:00;0;0;0;0;0;0;0;0;0;0;0;0;0;0;0;0;0;0;0;0;0;0;0;0;0;0;0;3600000;0;0;0;0
28.05.2022 09:00;0;0;0;0;0;0;0;0;0;0;0;0;0;0;0;0;0;0;0;0;0;0;0;0;0;0;0;3600000;0;0;0;0
28.05.2022 10:00;0;0;0;0;0;0;0;0;0;0;0;0;0;0;0;0;0;0;0;0;0;0;0;0;0;0;0;3600000;0;0;0;0
28.05.2022 11:00;0;0;0;0;0;0;0;0;0;0;0;0;0;0;0;0;0;0;0;0;0;0;0;0;0;0;0;3600000;0;0;0;0
28.05.2022 12:00;0;0;0;0;0;0;0;0;0;0;0;0;0;0;0;0;0;0;0;0;0;0;0;0;0;0;0;3600000;0;0;0;0
28.05.2022 13:00;0;0;0;0;0;0;0;0;0;0;0;0;0;0;0;0;0;0;0;0;0;0;0;0;0;0;0;3600000;0;0;0;0
28.05.2022 14:00;0;0;0;0;0;0;0;0;0;0;0;0;0;0;0;0;0;0;0;0;0;0;0;0;0;0;0;3600000;0;0;0;0
28.05.2022 15:00;0;0;0;0;0;0;0;0;0;0;0;0;0;0;0;0;0;0;0;0;0;0;0;0;0;0;0;3600000;0;0;0;0
28.05.2022 16:00;0;0;0;0;0;0;0;0;0;0;0;0;0;0;0;0;0;0;0;0;0;0;0;0;0;0;0;3600000;0;0;0;0
28.05.2022 17:00;0;0;0;0;0;0;0;0;0;0;0;0;0;0;0;0;0;0;0;0;0;0;0;0;0;0;0;3600000;0;0;0;0
28.05.2022 18:00;0;0;0;0;0;0;0;0;0;0;0;0;0;0;0;0;0;0;0;0;0;0;0;0;0;0;0;3600000;0;0;0;0
28.05.2022 19:00;0;0;0;0;0;0;0;0;0;0;0;0;0;0;0;0;0;0;0;0;0;0;0;0;0;0;0;3600000;0;0;0;0
28.05.2022 20:00;0;0;0;0;0;0;0;0;0;0;0;0;0;0;0;0;0;0;0;0;0;0;0;0;0;0;0;3600000;0;0;0;0
28.05.2022 21:00;0;0;0;0;0;0;0;0;0;0;0;0;0;0;0;0;0;0;0;0;0;0;0;0;0;0;0;3600000;0;0;0;0
28.05.2022 22:00;0;0;0;0;0;0;0;0;0;0;0;0;0;0;0;0;0;0;0;0;0;0;0;0;0;0;0;3600000;0;0;0;0
28.05.2022 23:00;0;0;0;0;0;0;0;0;0;0;0;0;0;0;0;0;0;0;0;0;0;0;0;0;0;0;0;3600000;0;0;0;0
29.05.2022 00:00;0;0;0;0;0;0;0;0;0;0;0;0;0;0;0;0;0;0;0;0;0;0;0;0;0;0;0;3600000;0;0;0;0
29.05.2022 01:00;0;0;0;0;0;0;0;0;0;0;0;0;0;0;0;0;0;0;0;0;0;0;0;0;0;0;0;3600000;0;0;0;0
29.05.2022 02:00;0;0;0;0;0;0;0;0;0;0;0;0;0;0;0;0;0;0;0;0;0;0;0;0;0;0;0;3600000;0;0;0;0
29.05.2022 03:00;0;0;0;0;0;0;0;0;0;0;0;0;0;0;0;0;0;0;0;0;0;0;0;0;0;0;0;3600000;0;0;0;0
29.05.2022 04:00;0;0;0;0;0;0;0;0;0;0;0;0;0;0;0;0;0;0;0;0;0;0;0;0;0;0;0;3600000;0;0;0;0
29.05.2022 05:00;0;0;0;0;0;0;0;0;0;0;0;0;0;0;0;0;0;0;0;0;0;0;0;0;0;0;0;3600000;0;0;0;0
29.05.2022 06:00;0;0;0;0;0;0;0;0;0;0;0;0;0;0;0;0;0;0;0;0;0;0;0;0;0;0;0;3600000;0;0;0;0
29.05.2022 07:00;0;0;0;0;0;0;0;0;0;0;0;0;0;0;0;0;0;0;0;0;0;0;0;0;0;0;0;3600000;0;0;0;0
29.05.2022 08:00;0;0;0;0;0;0;0;0;0;0;0;0;0;0;0;0;0;0;0;0;0;0;0;0;0;0;0;3600000;0;0;0;0
29.05.2022 09:00;0;0;0;0;0;0;0;0;0;0;0;0;0;0;0;0;0;0;0;0;0;0;0;0;0;0;0;3600000;0;0;0;0
29.05.2022 10:00;0;0;0;0;0;0;0;0;0;0;0;0;0;0;0;0;0;0;0;0;0;0;0;0;0;0;0;3600000;0;0;0;0
29.05.2022 11:00;0;0;0;0;0;0;0;0;0;0;0;0;0;0;0;0;0;0;0;0;0;0;0;0;0;0;0;3600000;0;0;0;0
29.05.2022 12:00;0;0;0;0;0;0;0;0;0;0;0;0;0;0;0;0;0;0;0;0;0;0;0;0;0;0;0;3600000;0;0;0;0
29.05.2022 13:00;0;0;0;0;0;0;0;0;0;0;0;0;0;0;0;0;0;0;0;0;0;0;0;0;0;0;0;3600000;0;0;0;0
29.05.2022 14:00;0;0;0;0;0;0;0;0;0;0;0;0;0;0;0;0;0;0;0;0;0;0;0;0;0;0;0;3600000;0;0;0;0
29.05.2022 15:00;0;0;0;0;0;0;0;0;0;0;0;0;0;0;0;0;0;0;0;0;0;0;0;0;0;0;0;3600000;0;0;0;0
29.05.2022 16:00;0;0;0;0;0;0;0;0;0;0;0;0;0;0;0;0;0;0;0;0;0;0;0;0;0;0;0;3600000;0;0;0;0
29.05.2022 17:00;0;0;0;0;0;0;0;0;0;0;0;0;0;0;0;0;0;0;0;0;0;0;0;0;0;0;0;3600000;0;0;0;0
29.05.2022 18:00;0;0;0;0;0;0;0;0;0;0;0;0;0;0;0;0;0;0;0;0;0;0;0;0;0;0;0;3600000;0;0;0;0
29.05.2022 19:00;0;0;0;0;0;0;0;0;0;0;0;0;0;0;0;0;0;0;0;0;0;0;0;0;0;0;0;3600000;0;0;0;0
29.05.2022 20:00;0;0;0;0;0;0;0;0;0;0;0;0;0;0;0;0;0;0;0;0;0;0;0;0;0;0;0;3600000;0;0;0;0
29.05.2022 21:00;0;0;0;0;0;0;0;0;0;0;0;0;0;0;0;0;0;0;0;0;0;0;0;0;0;0;0;3600000;0;0;0;0
29.05.2022 22:00;0;0;0;0;0;0;0;0;0;0;0;0;0;0;0;0;0;0;0;0;0;0;0;0;0;0;0;3600000;0;0;0;0
29.05.2022 23:00;0;0;0;0;0;0;0;0;0;0;0;0;0;0;0;0;0;0;0;0;0;0;0;0;0;0;0;3600000;0;0;0;0
30.05.2022 00:00;0;0;0;0;0;0;0;0;0;0;0;0;0;0;0;0;0;0;0;0;0;0;0;0;0;0;0;3600000;0;0;0;0
30.05.2022 01:00;0;0;0;0;0;0;0;0;0;0;0;0;0;0;0;0;0;0;0;0;0;0;0;0;0;0;0;3600000;0;0;0;0
30.05.2022 02:00;0;0;0;0;0;0;0;0;0;0;0;0;0;0;0;0;0;0;0;0;0;0;0;0;0;0;0;3600000;0;0;0;0
30.05.2022 03:00;0;0;0;0;0;0;0;0;0;0;0;0;0;0;0;0;0;0;0;0;0;0;0;0;0;0;0;3600000;0;0;0;0
30.05.2022 04:00;0;0;0;0;0;0;0;0;0;0;0;0;0;0;0;0;0;0;0;0;0;0;0;0;0;0;0;3600000;0;0;0;0
30.05.2022 05:00;0;0;0;0;0;0;0;0;0;0;0;0;0;0;0;0;0;0;0;0;0;0;0;0;0;0;0;3600000;0;0;0;0
30.05.2022 06:00;0;0;0;0;0;0;0;0;0;0;0;0;0;0;0;0;0;0;0;0;0;0;0;0;0;0;0;3600000;0;0;0;0
30.05.2022 07:00;0;0;0;0;0;0;0;0;0;0;0;0;0;0;0;0;0;0;0;0;0;0;0;0;0;0;0;3600000;0;0;0;0
30.05.2022 08:00;0;0;0;0;0;0;0;0;0;0;0;0;0;0;0;0;0;0;0;0;0;0;0;0;0;0;0;3600000;0;0;0;0
30.05.2022 09:00;0;0;0;0;0;0;0;0;0;0;0;0;0;0;0;0;0;0;0;0;0;0;0;0;0;0;0;3600000;0;0;0;0
30.05.2022 10:00;0;0;0;0;0;0;0;0;0;0;0;0;0;0;0;0;0;0;0;0;0;0;0;0;0;0;0;3600000;0;0;0;0
30.05.2022 11:00;0;0;0;0;0;0;0;0;0;0;0;0;0;0;0;0;0;0;0;0;0;0;0;0;0;0;0;3600000;0;0;0;0
30.05.2022 12:00;0;0;0;0;0;0;0;0;0;0;0;0;0;0;0;0;0;0;0;0;0;0;0;0;0;0;0;3600000;0;0;0;0
30.05.2022 13:00;0;0;0;0;0;0;0;0;0;0;0;0;0;0;0;0;0;0;0;0;0;0;0;0;0;0;0;3600000;0;0;0;0
30.05.2022 14:00;0;0;0;0;0;0;0;0;0;0;0;0;0;0;0;0;0;0;0;0;0;0;0;0;0;0;0;3600000;0;0;0;0
30.05.2022 15:00;0;0;0;0;0;0;0;0;0;0;0;0;0;0;0;0;0;0;0;0;0;0;0;0;0;0;0;3600000;0;0;0;0
30.05.2022 16:00;0;0;0;0;0;0;0;0;0;0;0;0;0;0;0;0;0;0;0;0;0;0;0;0;0;0;0;3600000;0;0;0;0
30.05.2022 17:00;0;0;0;0;0;0;0;0;0;0;0;0;0;0;0;0;0;0;0;0;0;0;0;0;0;0;0;3600000;0;0;0;0
30.05.2022 18:00;0;0;0;0;0;0;0;0;0;0;0;0;0;0;0;0;0;0;0;0;0;0;0;0;0;0;0;3600000;0;0;0;0
30.05.2022 19:00;0;0;0;0;0;0;0;0;0;0;0;0;0;0;0;0;0;0;0;0;0;0;0;0;0;0;0;3600000;0;0;0;0
30.05.2022 20:00;0;0;0;0;0;0;0;0;0;0;0;0;0;0;0;0;0;0;0;0;0;0;0;0;0;0;0;3600000;0;0;0;0
30.05.2022 21:00;0;0;0;0;0;0;0;0;0;0;0;0;0;0;0;0;0;0;0;0;0;0;0;0;0;0;0;3600000;0;0;0;0
30.05.2022 22:00;0;0;0;0;0;0;0;0;0;0;0;0;0;0;0;0;0;0;0;0;0;0;0;0;0;0;0;3600000;0;0;0;0
30.05.2022 23:00;0;0;0;0;0;0;0;0;0;0;0;0;0;0;0;0;0;0;0;0;0;0;0;0;0;0;0;3600000;0;0;0;0
31.05.2022 00:00;0;0;0;0;0;0;0;0;0;0;0;0;0;0;0;0;0;0;0;0;0;0;0;0;0;0;0;3600000;0;0;0;0
31.05.2022 01:00;0;0;0;0;0;0;0;0;0;0;0;0;0;0;0;0;0;0;0;0;0;0;0;0;0;0;0;3600000;0;0;0;0
31.05.2022 02:00;0;0;0;0;0;0;0;0;0;0;0;0;0;0;0;0;0;0;0;0;0;0;0;0;0;0;0;3600000;0;0;0;0
31.05.2022 03:00;0;0;0;0;0;0;0;0;0;0;0;0;0;0;0;0;0;0;0;0;0;0;0;0;0;0;0;3600000;0;0;0;0
31.05.2022 04:00;0;0;0;0;0;0;0;0;0;0;0;0;0;0;0;0;0;0;0;0;0;0;0;0;0;0;0;3600000;0;0;0;0
31.05.2022 05:00;0;0;0;0;0;0;0;0;0;0;0;0;0;0;0;0;0;0;0;0;0;0;0;0;0;0;0;3600000;0;0;0;0
31.05.2022 06:00;0;0;0;0;0;0;0;0;0;0;0;0;0;0;0;0;0;0;0;0;0;0;0;0;0;0;0;3600000;0;0;0;0
31.05.2022 07:00;0;0;0;0;0;0;0;0;0;0;0;0;0;0;0;0;0;0;0;0;0;0;0;0;0;0;0;3600000;0;0;0;0
31.05.2022 08:00;0;0;0;0;0;0;0;0;0;0;0;0;0;0;0;0;0;0;0;0;0;0;0;0;0;0;0;3600000;0;0;0;0
31.05.2022 09:00;0;0;0;0;0;0;0;0;0;0;0;0;0;0;0;0;0;0;0;0;0;0;0;0;0;0;0;3600000;0;0;0;0
31.05.2022 10:00;0;0;0;0;0;0;0;0;0;0;0;0;0;0;0;0;0;0;0;0;0;0;0;0;0;0;0;3600000;0;0;0;0
31.05.2022 11:00;0;0;0;0;0;0;0;0;0;0;0;0;0;0;0;0;0;0;0;0;0;0;0;0;0;0;0;3600000;0;0;0;0
31.05.2022 12:00;0;0;0;0;0;0;0;0;0;0;0;0;0;0;0;0;0;0;0;0;0;0;0;0;0;0;0;3600000;0;0;0;0
31.05.2022 13:00;0;0;0;0;0;0;0;0;0;0;0;0;0;0;0;0;0;0;0;0;0;0;0;0;0;0;0;3600000;0;0;0;0
31.05.2022 14:00;0;0;0;0;0;0;0;0;0;0;0;0;0;0;0;0;0;0;0;0;0;0;0;0;0;0;0;3600000;0;0;0;0
31.05.2022 15:00;0;0;0;0;0;0;0;0;0;0;0;0;0;0;0;0;0;0;0;0;0;0;0;0;0;0;0;3600000;0;0;0;0
31.05.2022 16:00;0;0;0;0;0;0;0;0;0;0;0;0;0;0;0;0;0;0;0;0;0;0;0;0;0;0;0;3600000;0;0;0;0
31.05.2022 17:00;0;0;0;0;0;0;0;0;0;0;0;0;0;0;0;0;0;0;0;0;0;0;0;0;0;0;0;3600000;0;0;0;0
31.05.2022 18:00;0;0;0;0;0;0;0;0;0;0;0;0;0;0;0;0;0;0;0;0;0;0;0;0;0;0;0;3600000;0;0;0;0
31.05.2022 19:00;0;0;0;0;0;0;0;0;0;0;0;0;0;0;0;0;0;0;0;0;0;0;0;0;0;0;0;3600000;0;0;0;0
31.05.2022 20:00;0;0;0;0;0;0;0;0;0;0;0;0;0;0;0;0;0;0;0;0;0;0;0;0;0;0;0;3600000;0;0;0;0
31.05.2022 21:00;0;0;0;0;0;0;0;0;0;0;0;0;0;0;0;0;0;0;0;0;0;0;0;0;0;0;0;3600000;0;0;0;0
31.05.2022 22:00;0;0;0;0;0;0;0;0;0;0;0;0;0;0;0;0;0;0;0;0;0;0;0;0;0;0;0;3600000;0;0;0;0
31.05.2022 23:00;0;0;0;0;0;0;0;0;0;0;0;0;0;0;0;0;0;0;0;0;0;0;0;0;0;0;0;3600000;0;0;0;0
01.06.2022 00:00;0;0;0;0;0;0;0;0;0;0;0;0;0;0;0;0;0;0;0;0;0;0;0;0;0;0;0;3600000;0;0;0;0
01.06.2022 01:00;0;0;0;0;0;0;0;0;0;0;0;0;0;0;0;0;0;0;0;0;0;0;0;0;0;0;0;3600000;0;0;0;0
01.06.2022 02:00;0;0;0;0;0;0;0;0;0;0;0;0;0;0;0;0;0;0;0;0;0;0;0;0;0;0;0;3600000;0;0;0;0
01.06.2022 03:00;0;0;0;0;0;0;0;0;0;0;0;0;0;0;0;0;0;0;0;0;0;0;0;0;0;0;0;3600000;0;0;0;0
01.06.2022 04:00;0;0;0;0;0;0;0;0;0;0;0;0;0;0;0;0;0;0;0;0;0;0;0;0;0;0;0;3600000;0;0;0;0
01.06.2022 05:00;0;0;0;0;0;0;0;0;0;0;0;0;0;0;0;0;0;0;0;0;0;0;0;0;0;0;0;3600000;0;0;0;0
01.06.2022 06:00;0;0;0;0;0;0;0;0;0;0;0;0;0;0;0;0;0;0;0;0;0;0;0;0;0;0;0;3600000;0;0;0;0
01.06.2022 07:00;0;0;0;0;0;0;0;0;0;0;0;0;0;0;0;0;0;0;0;0;0;0;0;0;0;0;0;3600000;0;0;0;0
01.06.2022 08:00;0;0;0;0;0;0;0;0;0;0;0;0;0;0;0;0;0;0;0;0;0;0;0;0;0;0;0;3600000;0;0;0;0
01.06.2022 09:00;0;0;0;0;0;0;0;0;0;0;0;0;0;0;0;0;0;0;0;0;0;0;0;0;0;0;0;3600000;0;0;0;0
01.06.2022 10:00;0;0;0;0;0;0;0;0;0;0;0;0;0;0;0;0;0;0;0;0;0;0;0;0;0;0;0;3600000;0;0;0;0
01.06.2022 11:00;0;0;0;0;0;0;0;0;0;0;0;0;0;0;0;0;0;0;0;0;0;0;0;0;0;0;0;3600000;0;0;0;0
01.06.2022 12:00;0;0;0;0;0;0;0;0;0;0;0;0;0;0;0;0;0;0;0;0;0;0;0;0;0;0;0;3600000;0;0;0;0
01.06.2022 13:00;0;0;0;0;0;0;0;0;0;0;0;0;0;0;0;0;0;0;0;0;0;0;0;0;0;0;0;3600000;0;0;0;0
01.06.2022 14:00;0;0;0;0;0;0;0;0;0;0;0;0;0;0;0;0;0;0;0;0;0;0;0;0;0;0;0;3600000;0;0;0;0
01.06.2022 15:00;0;0;0;0;0;0;0;0;0;0;0;0;0;0;0;0;0;0;0;0;0;0;0;0;0;0;0;3600000;0;0;0;0
01.06.2022 16:00;0;0;0;0;0;0;0;0;0;0;0;0;0;0;0;0;0;0;0;0;0;0;0;0;0;0;0;3600000;0;0;0;0
01.06.2022 17:00;0;0;0;0;0;0;0;0;0;0;0;0;0;0;0;0;0;0;0;0;0;0;0;0;0;0;0;3600000;0;0;0;0
01.06.2022 18:00;0;0;0;0;0;0;0;0;0;0;0;0;0;0;0;0;0;0;0;0;0;0;0;0;0;0;0;3600000;0;0;0;0
01.06.2022 19:00;0;0;0;0;0;0;0;0;0;0;0;0;0;0;0;0;0;0;0;0;0;0;0;0;0;0;0;3600000;0;0;0;0
01.06.2022 20:00;0;0;0;0;0;0;0;0;0;0;0;0;0;0;0;0;0;0;0;0;0;0;0;0;0;0;0;3600000;0;0;0;0
01.06.2022 21:00;0;0;0;0;0;0;0;0;0;0;0;0;0;0;0;0;0;0;0;0;0;0;0;0;0;0;0;3600000;0;0;0;0
01.06.2022 22:00;0;0;0;0;0;0;0;0;0;0;0;0;0;0;0;0;0;0;0;0;0;0;0;0;0;0;0;3600000;0;0;0;0
01.06.2022 23:00;0;0;0;0;0;0;0;0;0;0;0;0;0;0;0;0;0;0;0;0;0;0;0;0;0;0;0;3600000;0;0;0;0
02.06.2022 00:00;0;0;0;0;0;0;0;0;0;0;0;0;0;0;0;0;0;0;0;0;0;0;0;0;0;0;0;3600000;0;0;0;0
